"G7800018","ST JAMES PRACTICE","","","GAINS LANE","","","DEVIZES","","SN10 1QU","20061001","20240221","","RO59","J83053","20061001","20240221","","","","","1","","92G","","",""
"G7800032","TOWER HOUSE SURGERY","","","169 WEST WYCOMBE ROAD","","","HIGH WYCOMBE","","HP12 3AF","20061001","20240221","","RO59","K82010","20061001","20240221","","","","","1","","14Y","","",""
"G7800049","WELLINGTON HOUSE PRACTICE","","","WADES FIELD","STRATTON ROAD","","PRINCES RISBOROUGH","","HP27 9AX","20061001","20181130","","RO59","K82034","20061001","20181130","","","","","1","","14Y","","",""
"G7800056","DR DM GILLAM","","","ABINGTON PARK SURGERY","CHRISTCHURCH MEDICAL CENTRE","ARDINGTON ROAD","NORTHAMPTON","","NN1 5LT","20061001","20240221","","RO59","K83029","20061001","20240221","","","","","1","","78H","","",""
"G7800063","THE MARLBOROUGH SURGERY","","","GEORGE LANE","","","MARLBOROUGH","","SN8 4BY","20061001","20240221","","RO59","J83037","20061001","20240221","","","","","1","","92G","","",""
"G7800070","DR PUSHPA KUMARI CHOPRA","","","75 SUNNYSIDE GARDENS","","","UPMINSTER","","RM14 3DP","20061001","20171030","","RO59","F82643","20061001","20171030","","","","","1","","A3A8R","","",""
"G7800087","JAMES & PARTNERS","","","2 HAILWOOD COURT","HAILWOOD AVENUE","","DOUGLAS","","IM2 7EA","20061001","","","RO59","Y00008","20061001","","","","","","1","","","","",""
"G7800111","RECTORY MEADOW","","","RECTORY MEADOW SURGERY","SCHOOL LANE","","AMERSHAM","","HP7 0HG","20061001","20240221","","RO59","K82001","20061001","20240221","","","","","1","","14Y","","",""
"G7800135","DATTA ABEYANCE","","","GOLD STREET MEDICAL CENTRE","106 GOLD STREET","","WELLINGBOROUGH","","NN8 4ES","20061001","20220430","","RO59","Y01139","20061001","20220430","01933 230699","","","","1","","78H","","",""
"G7800142","DR F MOUJAES","","","7-9 MANCHESTER ROAD","HASLINGDEN","","ROSSENDALE","","BB4 5SL","20061001","20240221","","RO59","P81212","20061001","20240221","01706 215208","","","","1","","01A","","",""
"G7800159","DR M W GRADWELL","","","PRIORSLEGH MEDICAL CENTRE","CIVIC CENTRE","PARK LANE, POYNTON","STOCKPORT","","SK12 1GP","20061001","20200630","","RO59","N81073","20061001","20200630","","","","","1","","27D","","",""
"G7800207","DR F J CLARKE","","","NORTH BADDESLEY SURGERY","FLEMING AVENUE","NORTH BADDESLEY","SOUTHAMPTON","","SO52 9EP","20061001","20240221","","RO59","J82121","20061001","20240221","","","","","1","","D9Y0V","","",""
"G7800214","DR S J SKEATES","","","NORTH BADDESLEY SURGERY","FLEMING AVENUE","NORTH BADDESLEY","SOUTHAMPTON","","SO52 9EP","20061001","20240221","","RO59","J82121","20061001","20240221","","","","","1","","D9Y0V","","",""
"G7800221","DR G R CAIRD","","","2 SALISBURY ROAD","","","FARNBOROUGH","","GU14 7AW","20061001","20240221","","RO59","J82120","20061001","20240221","","","","","1","","D9Y0V","","",""
"G7800238","ELIZABETH P F WOLFF","","","BRIDGE LANE HEALTH CENTRE","20 BRIDGE LANE","","LONDON","","SW11 3AD","20061001","20240221","","RO59","H85045","20061001","20240221","","","","","1","","36L","","",""
"G7800245","DR M F SEELY","","","GLOUCESTER HOUSE MEDICAL CENTRE","17 STATION ROAD","URMSTON","MANCHESTER","","M41 9JS","20061001","20220731","","RO59","P91625","20061001","20220731","","","","","1","","02A","","",""
"G7800252","DR N R FERGUSON","","","ALEXANDER HOUSE","2 SALISBURY ROAD","","FARNBOROUGH","","GU14 7AW","20061001","20240221","","RO59","J82120","20061001","20240221","","","","","1","","D9Y0V","","",""
"G7800269","DR C PATEL","","","LINDEN LODGE MEDICAL PRACTICE","519 LONDON ROAD","","THORNTON HEATH","","CR7 6AR","20061001","20240221","","RO59","H83021","20061001","20240221","","","","","1","","36L","","",""
"G7800276","DR H E ANDERSON","","","THE MOTE MEDICAL PRACTICE","ST. SAVIOURS SURGERY","ST. SAVIOURS ROAD","MAIDSTONE","","ME15 9FL","20061001","20240221","","RO59","G82076","20061001","20240221","","","","","1","","91Q","","",""
"G7800300","DR FREEMAN","","","1 HOUGHTON CLOSE","AMPTHILL","","BEDFORD","","MK45 2TG","20061001","20240221","","RO59","E81074","20061001","20240221","","","","","1","","M1J4Y","","",""
"G7800317","DR AT THE CREST FAMILY PRAC","","","WILLIAM BUDD HEALTH CENTRE","KNOWLE WEST HEALTH PARK","DOWNTON ROAD, KNOWLE","BRISTOL","","BS4 1WH","20061001","20240221","","RO59","L81095","20061001","20240221","","","","","1","","15C","","",""
"G7800324","DR DEX","","","STAPLEFORD CARE CENTRE","CHURCH STREET","STAPLEFORD","NOTTINGHAM","","NG9 8DB","20061001","20240221","","RO59","C84107","20061001","20240221","","","","","1","","52R","","",""
"G7800348","DR PAULA IRVING","","","BALL TREE SURGERY","WESTERN ROAD NORTH","SOMPTING","LANCING","","BN15 9UX","20061001","20240221","","RO59","H82065","20061001","20240221","","","","","1","","70F","","",""
"G7800355","R S PATEL (DRS PATEL AND JOSHI)","","","DRS PATEL AND JOSHI","16-20 HOLMLANDS DRIVE","","PRENTON","","CH43 0TX","20061001","20240221","","RO59","N85022","20061001","20240221","","","","","1","","12F","","",""
"G7800362","CLEAL & PARTNERS","","","PARK AVENUE MEDICAL CENTRE","168 PARK AVENUE NORTH","","NORTHAMPTON","","NN3 2HZ","20061001","20240221","","RO59","K83042","20061001","20240221","","","","","1","","78H","","",""
"G7800379","DR I C BROOMAN","","","THE OAKS","NIGHTINGALE WAY","","SWANLEY","","BR8 7UP","20061001","20240221","","RO59","G82225","20061001","20240221","","","","","1","","91Q","","",""
"G7800386","DR PA STANDING","","","MINDEN MEDICAL CENTRE","2 BARLOW STREET","","BURY","","BL9 0QP","20061001","20191130","","RO59","P83019","20070220","20191130","01617642652","","","","1","","00V","","",""
"G7800393","HARTWOOD HEALTHCARE","","","HARTCLIFFE HEALTH CENTRE","HARECLIVE ROAD","","BRISTOL","","BS13 0JP","20061001","20240221","","RO59","L81083","20061001","20240221","01173015226","","","","1","","15C","","",""
"G7800403","DR MANJEET SINGH DUGGAL","","","HEALY MEDICAL CENTRE","200 UPPER CLAPTON ROAD","","LONDON","","E5 9DH","20061001","20240221","","RO59","F84720","20061001","20240221","","","","","1","","A3A8R","","",""
"G7800410","DR RAMNIKGIRI BACHUGIRI GONSAI","","","179 CUMBERLAND ROAD","","","LONDON","","E13 8LS","20061001","20231231","","RO59","F84657","20061001","20231231","","","","","1","","A3A8R","","",""
"G7800427","DR CHATUR JHAMUMAL SHIVANI","","","SOUTHGATE ROAD MEDICAL CENTRE","101-103 SOUTHGATE ROAD","","LONDON","","N1 3JS","20061001","20231231","","RO59","F84041","20061001","20231231","","","","","1","","93C","","",""
"G7800458","DR P R BONDS","","","THE SURGERY","YEOMAN LANE","BEARSTED","MAIDSTONE","","ME14 4DS","20070227","20240221","","RO59","G82074","20070227","20240221","01622 737326","","","","1","","91Q","","",""
"G7800465","DR A R EDWARDS","","","ST. JAMES MEDICAL CENTRE","11 CARLTON ROAD","","TUNBRIDGE WELLS","","TN1 2HW","20070227","20180930","","RO59","G82075","20070227","20180930","01892 541634","","","","1","","91Q","","",""
"G7800472","DR DAVID NICHOLLS","","","WITTERINGS HEALTH CENTRE","CAKEHAM ROAD","EAST WITTERING","CHICHESTER","","PO20 8BH","20061001","20240221","","RO59","H82095","20061001","20240221","","","","","1","","70F","","",""
"G7800489","DRS COULTER AND GANA","","","RICHMOND SURGERY","147 LIVERPOOL ROAD","","SOUTHPORT","","PR8 4NT","20061001","20240221","","RO59","N84037","20061001","20240221","01704 566277","","","","1","","01V","","",""
"G7800496","CHURCH GRANGE SURGERY","","","BRAMBLYS DRIVE","","","BASINGSTOKE","","RG21 8QN","20061001","20240221","","RO59","J82144","20061001","20240221","01256 329021","","","","1","","D9Y0V","","",""
"G7800506","DR P HAVERTY","","","STOCKETT LANE SURGERY","3 STOCKETT LANE","COXHEATH","MAIDSTONE","","ME17 4PS","20061001","20240221","","RO59","G82024","20061001","20240221","01622 745585","","","","1","","91Q","","",""
"G7800537","DR AT WESTERN COLLEGE","","","COTHAM ROAD","","","BRISTOL","","BS6 6DF","20070307","20240221","","RO59","L81090","20070307","20240221","0117 9466455","","","","1","","15C","","",""
"G7800544","DR AT ST AUGUSTINE'S","","","4 STATION ROAD","KEYNSHAM","","BRISTOL","","BS31 2BN","20070309","20240221","","RO59","L81045","20070309","20240221","","","","","1","","92G","","",""
"G7800551","MARLOWE PARTNERSHIP","","","SHAKESPEARE HOUSE HEALTH CENTRE","SHAKESPEARE ROAD","","BASINGSTOKE","","RG24 9DS","20061001","20170430","","RO59","J82096","20061001","20170430","01256 328860","","","","1","","D9Y0V","","",""
"G7800563","FLEET MEDICAL CENTRE","","","CHURCH ROAD","","","FLEET","","GU51 4PE","20070313","20240221","","RO59","J82110","20070313","20240221","","","","","1","","D9Y0V","","",""
"G7800568","DR B MILLS","","","ELMS MEDICAL CENTRE","31 HOOLE ROAD","","CHESTER","","CH2 3NH","20140812","20240221","","RO59","N81079","20140812","20240221","","","","","1","","27D","","",""
"G7800575","VICTORIA PRACTICE","","","ALDERSHOT HEALTH CENTRE","WELLINGTON AVENUE","","ALDERSHOT","","GU11 1PA","20061001","20190331","","RO59","J82030","20061001","20190331","01252 324577","","","","1","","D9Y0V","","",""
"G7800582","DR QM JEHANGIR","","","YARNSPINNERS PRIMARY HTH CARE CTR","YARNSPINNERS WHARF","CARR ROAD","NELSON","","BB9 7SR","20070314","20240221","","RO59","P81731","20070314","20240221","01282 657680","","","","1","","01A","","",""
"G7800599","DR S B P SINGH","","","FAIRFIELD MEDICAL CENTRE","10 HAMPSTEAD ROAD","","LIVERPOOL","","L6 8NG","20061001","20240221","","RO59","N82113","20061001","20240221","01512631323","","","","1","","99A","","",""
"G7800609","VICTOR STREET SURGERY","","","VICTOR STREET","","","SOUTHAMPTON","","SO15 5SY","20061001","20240221","","RO59","J82022","20061001","20240221","0844 4778669","","","","1","","D9Y0V","","",""
"G7800616","WISTARIA SURGERY","","","WISTERIA SURGERY","18 AVENUE ROAD","","LYMINGTON","","SO41 9GJ","20061001","20240221","","RO59","J82139","20061001","20240221","01590 672212","","","","1","","D9Y0V","","",""
"G7800623","FORESTSIDE MEDICAL PRACTICE","","","BEAULIEU ROAD","DIBDEN PURLIEU","","SOUTHAMPTON","","SO45 4JA","20061001","20240221","","RO59","J82072","20061001","20240221","023 80877900","","","","1","","D9Y0V","","",""
"G7800630","GILLIES HEALTH CENTRE","","","SULLIVAN ROAD","BRIGHTON HILL","","BASINGSTOKE","","RG22 4EH","20061001","20240221","","RO59","J82069","20061001","20240221","01256 479747","","","","1","","D9Y0V","","",""
"G7800647","WICKHAM GROUP PRACTICE","","","STATION ROAD","WICKHAM","","FAREHAM","","PO17 5JL","20061001","20240221","","RO59","J82034","20061001","20240221","01329 833121","","","","1","","D9Y0V","","",""
"G7800654","STOKEWOOD SURGERY","","","FAIR OAK ROAD","FAIR OAK","","EASTLEIGH","","SO50 8AU","20061001","20240221","","RO59","J82018","20061001","20240221","023 806 9200","","","","1","","D9Y0V","","",""
"G7800678","TOTTON HEALTH CENTRE","","","TESTWOOD LANE","TOTTON","","SOUTHAMPTON","","SO40 3ZN","20061001","20200731","","RO59","J82097","20061001","20200731","01590 672212","","","","1","","D9Y0V","","",""
"G7800685","SOUTHLEA GROUP PRACTICE","","","276 LOWER FARNHAM ROAD","","","ALDERSHOT","","GU11 3RB","20061001","20240221","","RO59","J82066","20061001","20240221","01252 344868","","","","1","","D9Y0V","","",""
"G7800692","ST CLEMENTS SURGERY","","","ST. CLEMENTS PARTNERSHIP","TANNER STREET","","WINCHESTER","","SO23 8AD","20061001","20240221","","RO59","J82035","20061001","20240221","01962 852211","","","","1","","D9Y0V","","",""
"G7800702","DR M MACLEOD","","","ALDERSHOT HEALTH CENTRE","WELLINGTON AVENUE","","ALDERSHOT","","GU11 1PA","20061001","20190331","","RO59","J82030","20061001","20190331","01252 324577","","","","1","","D9Y0V","","",""
"G7800719","VANESSA C JEANS","","","THE ORCHARD","DARTFORD WEST HEALTH CENTRE","TOWER ROAD","DARTFORD","","DA1 2HA","20070319","20240221","","RO59","G82056","20070319","20240221","01322 223960","","","","1","","91Q","","",""
"G7800726","DR JULIAN MCLOUGHLIN","","","THE HEALTH CENTRE","109 FLANSHAM PARK","","BOGNOR REGIS","","PO22 6DH","20061001","20240221","","RO59","H82038","20061001","20240221","08444 773182","","","","1","","70F","","",""
"G7800733","DR PHILIP MARRIOTT","","","SAXONBURY HOUSE","CROFT ROAD","","CROWBOROUGH","","TN6 1DL","20061001","20240221","","RO59","G81055","20061001","20240221","","","","","1","","97R","","",""
"G7800740","DR GLENIS BENNETT","","","10 CORNWALLIS GARDENS","","","HASTINGS","","TN34 1LP","20070326","20190331","","RO59","G81013","20070326","20190331","01424 722666","","","","1","","97R","","",""
"G7800757","WILSON & PARTNERS (POOLED LIST)","","","RAMSEY GROUP PRACTICE CENTRE","GROVE MOUNT SOUTH","","RAMSEY","","IM8 3EY","20070326","","","RO59","Y00003","20070326","","01624 813881","","","","1","","","","",""
"G7800764","PANDEY (PCT PRACTICE)","","","DITTON MEDICAL CENTRE","56 BLUNDELL ROAD","","WIDNES","","WA8 8SS","20070326","20240221","","RO59","N81619","20070326","20240221","01514955140","","","","1","","01F","","",""
"G7800771","DR M KIRBY","","","THE SURGERY","NEVELLS ROAD","","LETCHWORTH","","SG6 4TS","20061001","20240221","","RO59","E82008","20061001","20240221","0844 4771796","","","","1","","06K","","",""
"G7800788","DR A NAQVI","","","CROMWELL MEDICAL CENTRE","11 CROMWELL AVENUE","CHESHUNT","WALTHAM CROSS","","EN7 5DL","20061001","20240221","","RO59","E82079","20061001","20240221","","","","","1","","06K","","",""
"G7800795","DR O P SHARMA","","","WANDSWORTH MEDICAL CENTRE","90-92 GARRATT LANE","","LONDON","","SW18 4DD","20061001","20240221","","RO59","H85001","20061001","20240221","","","","","1","","36L","","",""
"G7800805","HOOKER AND PARTNERS","","","TOWCESTER MEDICAL CENTRE","LINK WAY","","TOWCESTER","","NN12 6HH","20061001","20240221","","RO59","K83022","20061001","20240221","","","","","1","","78H","","",""
"G7800812","DR R OULTON","","","BEDFORD HILL FAMILY PRACTICE","120-124 BEDFORD HILL","","LONDON","","SW12 9HS","20070401","20240221","","RO59","H85009","20070401","20240221","","","","","1","","36L","","",""
"G7800829","DR ROSEMARY TOY","","","GADE HOUSE","99B UXBRIDGE ROAD","","RICKMANSWORTH","","WD3 7DJ","20070401","20240221","","RO59","E82068","20070401","20240221","","","","","1","","06N","","",""
"G7800836","DR A BAUCHOP","","","BURSLEDON SURGERY","7 MANOR CRESCENT","BURSLEDON","SOUTHAMPTON","","SO31 8DQ","20070401","20221130","","RO59","J82188","20070401","20221130","","","","","1","","D9Y0V","","",""
"G7800850","DR AT PRIORY SURGERY","","","THE PRIORY SURGERY","326 WELLS ROAD","","BRISTOL","","BS4 2QJ","20070401","20240221","","RO59","L81084","20070401","20240221","","","","","1","","15C","","",""
"G7800867","DR J S N ANDERSON","","","WOODLANDS HEALTH CENTRE","ALLINGTON ROAD","PADDOCK WOOD","TONBRIDGE","","TN12 6AP","20070401","20240221","","RO59","G82118","20070401","20240221","","","","","1","","91Q","","",""
"G7800874","DR A L CHAMBERLAIN","","","BADGERSWOOD SURGERY","MILL LANE","HEADLEY","BORDON","","GU35 8LH","20070401","20240221","","RO59","J82042","20070401","20240221","","","","","1","","D9Y0V","","",""
"G7800881","DR D G MACARTHUR","","","PARKSIDE SURGERY","ALFRETON PRIMARY CARE CENTRE","CHURCH STREET","ALFRETON","","DE55 7BD","20070401","20240221","","RO59","C81053","20070401","20240221","","","","","1","","15M","","",""
"G7800908","DR M ROYCHOUDHURY","","","BLOOMSBURY HEALTH CENTRE","63 RUPERT STREET","","BIRMINGHAM","","B7 5DT","20070401","20210630","","RO59","M85663","20070401","20210630","","","","","1","","15E","","",""
"G7800915","DR OA ABDO","","","BLACKWOOD HEALTH CENTRE","BLACKWOOD ROAD","","SUTTON COLDFIELD","","B74 3PL","20070401","20240221","","RO59","M91637","20070401","20240221","","","","","1","","D2P2L","","",""
"G7800939","DR CD RAMESH","","","BELLE VUE SURGERY","WEST VIEW HEALTH VILLAGE","BROADWAY","FLEETWOOD","","FY7 8GU","20070401","20191130","","RO59","P81690","20070401","20191130","","","","","1","","02M","","",""
"G7800946","DR MICHAEL BUTTERISS","","","DOCTORS SURGERY","1 LEIGHTON ROAD","","LEIGHTON BUZZARD","","LU7 1LB","20070401","20240221","","RO59","E81044","20070401","20240221","01525 372571","","","","1","","M1J4Y","","",""
"G7800953","DR ROGER G CHAPMAN","","","DOCTORS SURGERY","29 BASSETT ROAD","","LEIGHTON BUZZARD","","LU7 1AR","20070401","20240221","","RO59","E81003","20070401","20240221","01525 373111","","","","1","","M1J4Y","","",""
"G7800960","DR SHARDA PRASAD","","","CONWAY MEDICAL CENTRE","49 WESTBOURNE ROAD","","LUTON","","LU4 8JD","20070401","20240221","","RO59","E81063","20070401","20240221","01582 429953","","","","1","","M1J4Y","","",""
"G7800977","DR GHANSHAYAM SUKHANI","","","THE SURGERY","30 THE GREEN","HOCKWELL RING","LUTON","","LU4 9NN","20070401","20240221","","RO59","E81612","20070401","20240221","","","","","1","","M1J4Y","","",""
"G7800984","DR GEORGE AND A-E OF DR NORRIS","","","LISTER MEDICAL CENTRE","LISTER HOUSE","","HARLOW","","CM18 7LU","20070401","20240221","","RO59","F81027","20070401","20240221","","","","","1","","07H","","",""
"G7800991","NASIR - ABEYANCE","","","LINGHOLME HEALTH CENTRE","ATHERTON STREET","","ST. HELENS","","WA10 2DT","20070401","20240221","","RO59","N83637","20070401","20240221","","","","","1","","01X","","",""
"G7801002","DR COCKCROFT","","","DOCTORS SURGERY","17B WARMDENE ROAD","","BRIGHTON","","BN1 8NL","20070401","20240221","","RO59","G81036","20070401","20240221","","","","","1","","09D","","",""
"G7801019","IQBAL - ABEYANCE","","","HALEWOOD HEALTH CENTRE","60 ROSEHEATH DRIVE","","LIVERPOOL","","L26 9UH","20070401","20240221","","RO59","N83031","20070401","20240221","","","","","1","","01J","","",""
"G7801026","PRESTON ROAD SECOND POOLED LIST","","","DOCTORS SURGERY","102 PRESTON ROAD","","WEYMOUTH","","DT3 6BB","20070401","20240221","","RO59","J81027","20070401","20240221","","","","","1","","11J","","",""
"G7801033","DR M P TRENT","","","THE COBHAM HEALTH CENTRE","168 PORTSMOUTH ROAD","","COBHAM","","KT11 1HT","20070401","20240221","","RO59","H81067","20070401","20240221","","","","","1","","92A","","",""
"G7801040","DR VEVERS","","","MOATFIELD SURGERY","ST. MICHAELS ROAD","","EAST GRINSTEAD","","RH19 3GW","20070401","20240221","","RO59","H82063","20070401","20240221","","","","","1","","70F","","",""
"G7801057","DR L D STONE","","","CHESSEL SURGERY","4 CHESSEL AVENUE","","SOUTHAMPTON","","SO19 4AA","20070401","20240221","","RO59","J82101","20070401","20240221","","","","","1","","D9Y0V","","",""
"G7801064","DR VKF PATEL","","","STONELEIGH SURGERY","20 GLENWOOD ROAD","","EPSOM","","KT17 2LZ","20070401","20240221","","RO59","H81613","20070401","20240221","","","","","1","","92A","","",""
"G7801071","DR AT SEYMOUR MEDICAL PRACTICE","","","CHARLOTTE KEEL HEALTH CLINIC","SEYMOUR ROAD","EASTON","BRISTOL","","BS5 0UA","20070401","20240221","","RO59","L81015","20070401","20240221","","","","","1","","15C","","",""
"G7801095","DR T R M BILLINGTON","","","LORDSHILL HEALTH CENTRE","LORDSHILL DISTRICT CENTRE","","SOUTHAMPTON","","SO16 8HY","20070401","20240221","","RO59","J82002","20070401","20240221","","","","","1","","D9Y0V","","",""
"G7801105","DR R A PENNELLS","","","WATERSIDE MEDICAL CENTRE","MUMBY ROAD","","GOSPORT","","PO12 1BA","20070401","20180930","","RO59","J82113","20070401","20180930","","","","","1","","D9Y0V","","",""
"G7801112","DR AT MONKS PARK SURGERY","","","MONKS PARK SURGERY","24 MONKS PARK AVENUE","","BRISTOL","","BS7 0UE","20070401","20240221","","RO59","L81669","20070401","20240221","","","","","1","","15C","","",""
"G7801129","DR AT WEST WALK SURGERY","","","WEST WALK SURGERY","21 WEST WALK, YATE","","BRISTOL","","BS37 4AX","20070401","20240221","","RO59","L81047","20070401","20240221","","","","","1","","15C","","",""
"G7801136","DR J J MORRISSEY","","","GREEN LANE SURGERY","2 GREEN LANE","","BELPER","","DE56 1BZ","20070401","20240221","","RO59","C81038","20070401","20240221","","","","","1","","15M","","",""
"G7801143","DR P J M MILROY","","","THE KNOLL SURGERY","46 HIGH STREET","","FRODSHAM","","WA6 7HF","20070401","20240221","","RO59","N81030","20070401","20240221","","","","","1","","27D","","",""
"G7801167","COCKBURN ES","","","SEAFORD HEALTH CENTRE","DANE ROAD","","SEAFORD","","BN25 1DH","20070401","20240221","","RO59","G81029","20070401","20240221","","","","","1","","97R","","",""
"G7801174","DR A K BANERJEE","","","THE SURGERY","74 NORTON ROAD","","STOCKTON-ON-TEES","","TS18 2DE","20070401","20171030","","RO59","A81609","20070401","20171030","","","","","1","","16C","","",""
"G7801181","DR CHRISTOPHER JOHN LOGAN","","","ASPLANDS MEDICAL CENTRE","ASPLANDS CLOSE","WOBURN SANDS","MILTON KEYNES","","MK17 8QP","20070401","20240221","","RO59","E81050","20070401","20240221","","","","","1","","M1J4Y","","",""
"G7801198","DR CALVERLEY & PARTNERS","","","BRANT ROAD SURGERY","291 BRANT ROAD","","LINCOLN","","LN5 9AB","20070401","20240221","","RO59","C83078","20070401","20240221","","","","","1","","71E","","",""
"G7801208","DR J RUSH","","","LOWFIELD MEDICAL CENTRE","65-67 LOWFIELD STREET","","DARTFORD","","DA1 1HP","20070401","20240221","","RO59","G82143","20070401","20240221","","","","","1","","91Q","","",""
"G7801215","DR J BROWN & PTNS","","","8 THE DERBY SQUARE","","","EPSOM","","KT19 8AG","20070401","20240221","","RO59","H81081","20070401","20240221","","","","","1","","92A","","",""
"G7801222","MISHRA K M","","","HIGHFIELD SURGERY","THE HEIGHTS","JUPITER DRIVE","HEMEL HEMPSTEAD","","HP2 5NT","20070401","20240221","","RO59","E82640","20070401","20240221","","","","","1","","06N","","",""
"G7801239","DR P A COLLINS","","","THE ANDOVER HEALTH CENTRE","CHARLTON ROAD","","ANDOVER","","SP10 3LD","20070401","20240221","","RO59","J82017","20070401","20240221","","","","","1","","D9Y0V","","",""
"G7801253","DR S A KUMAR","","","STORRSDALE MEDICAL CENTRE","1 STORRSDALE ROAD","ALLERTON","LIVERPOOL","","L18 7JY","20070601","20240221","","RO59","N82039","20070601","20240221","01517242396","","","","1","","99A","","",""
"G7801260","DR ELZBEITA MACIEJEWSKA - M123","","","MERCHISTON SURGERY","HIGHWORTH ROAD","STRATTON ST MARGARET","SWINDON","","SN3 4BF","20070601","20240221","","RO59","J83001","20070601","20240221","01793 823307","","","","1","","92G","","",""
"G7801277","DR P J LEE","","","GRATTON SURGERY","SUTTON SCOTNEY","","WINCHESTER","","SO21 3LE","20070601","20240221","","RO59","J82106","20070601","20240221","01962 760394","","","","1","","D9Y0V","","",""
"G7801284","DR I R WARD","","","WHITE HOUSE","WESTON LANE","","SOUTHAMPTON","","SO19 9HJ","20070601","20181130","","RO59","J82187","20070601","20181130","023 80449913","","","","1","","D9Y0V","","",""
"G7801291","DR J BALDERAMOS-PRICE","","","LIVERPOOL ROAD HEALTH CENTRE","9 MERSEY PLACE","LIVERPOOL ROAD","LUTON","","LU1 1HH","20070601","20240221","","RO59","E81032","20070601","20240221","01582 722525","","","","1","","M1J4Y","","",""
"G7801301","DR V JOSHI","","","HOLMLANDS MEDICAL CENTRE","16-20 HOLMLANDS DRIVE","","PRENTON","","CH43 0TX","20070401","20240221","","RO59","N85022","20070401","20240221","","","","","1","","12F","","",""
"G7801325","DR JENNIFER C T VERITY - V10","","","THE CASTLE PRACTICE","CENTRAL STREET","LUDGERSHALL","ANDOVER","","SP11 9RA","20070401","20240221","","RO59","J83014","20070401","20240221","","","","","1","","92G","","",""
"G7801349","DR SM ALI","","","WEST VIEW HEALTH VILLAGE","BROADWAY","","FLEETWOOD","","FY7 8GU","20070401","20240221","","RO59","P81668","20070401","20240221","","","","","1","","02M","","",""
"G7801356","DR R J JOURNEAUX","","","WHITCHURCH SURGERY","BELL STREET","","WHITCHURCH","","RG28 7AE","20070401","20240221","","RO59","J82214","20070401","20240221","","","","","1","","D9Y0V","","",""
"G7801363","DR C H WEST","","","DARTFORD EAST HEALTH CENTRE","PILGRIMS WAY","","DARTFORD","","DA1 1QY","20070401","20240221","","RO59","G82212","20070401","20240221","","","","","1","","91Q","","",""
"G7801370","DR R SAGOO","","","TENNANT STREET MEDICAL PRACTIC","TENNANT STREET","","STOCKTON-ON-TEES","","TS18 2AT","20070401","20240221","","RO59","A81006","20070401","20240221","","","","","1","","16C","","",""
"G7801394","DR TDS BELL","","","THE HEALTH CENTRE","MIDDLETON WAY","HEYSHAM","MORECAMBE","","LA3 2LL","20070401","20240221","","RO59","Y01008","20070401","20240221","","","","","1","","01K","","",""
"G7801411","DT AT WHITELADIES MED GRP","","","WHITELADIES HEALTH CENTRE","WHATLEY ROAD","","BRISTOL","","BS8 2PU","20070401","20240221","","RO59","L81091","20070401","20240221","","","","","1","","15C","","",""
"G7801428","DR MILES F WIGFIELD - W78","","","OLD TOWN SURGERY","10 BATH ROAD","","SWINDON","","SN1 4BA","20070401","20240221","","RO59","J83022","20070401","20240221","","","","","1","","92G","","",""
"G7801435","DR G R CAIRD","","","ALEXANDER HOUSE","2 SALISBURY ROAD","","FARNBOROUGH","","GU14 7AW","20070401","20240221","","RO59","J82120","20070401","20240221","","","","","1","","D9Y0V","","",""
"G7801442","DR F J CLARKE","","","NORTH BADDESLEY SURGERY","FLEMING AVENUE","NORTH BADDESLEY","SOUTHAMPTON","","SO52 9EP","20070401","20240221","","RO59","J82121","20070401","20240221","","","","","1","","D9Y0V","","",""
"G7801459","DR T K RASTOGI","","","GILLMOSS MEDICAL CENTRE","48 PETHERICK ROAD","","LIVERPOOL","","L11 0AG","20070401","20240221","","RO59","N82087","20070401","20240221","","","","","1","","99A","","",""
"G7801466","DR ROSS ELLICE","","","LONDON LANE CLINIC","KINNAIRD HOUSE","37 LONDON LANE","BROMLEY","","BR1 4HB","20070401","20240221","","RO59","G84016","20070401","20240221","","","","","1","","72Q","","",""
"G7801473","DR GREENFIELD","","","THE SURGERY","MANOR FARM ROAD","BERE REGIS","WAREHAM","","BH20 7HB","20070401","20240221","","RO59","J81020","20070401","20240221","","","","","1","","11J","","",""
"G7801480","DR KENNETH MCGHEE","","","SEAFORD HEALTH CENTRE","DANE ROAD","","SEAFORD","","BN25 1DH","20070401","20240221","","RO59","G81029","20070401","20240221","","","","","1","","97R","","",""
"G7801497","DR VALERIE J HOWES","","","SHARNBROOK SURGERY","TEMPLARS WAY","SHARNBROOK","BEDFORD","","MK44 1PZ","20070401","20240221","","RO59","E81024","20070401","20240221","","","","","1","","M1J4Y","","",""
"G7801507","DR ROBERT NICHOLAS SPENCE","","","THE STRAND SURGERY","2 THE STRAND","GORING-BY-SEA","WORTHING","","BN12 6DN","20070401","20240221","","RO59","H82011","20070401","20240221","","","","","1","","70F","","",""
"G7801514","WINDSOR SURGERY","","","GARSTANG MEDICAL CENTRE","KEPPLE LANE","GARSTANG","PRESTON","","PR3 1PB","20070401","20240221","","RO59","P81006","20070401","20240221","","","","","1","","02M","","",""
"G7801521","DR B PATEL","","","STAR LANE MEDICAL CENTRE","121 STAR LANE","","LONDON","","E16 4QH","20070401","20240221","","RO59","F84017","20070401","20240221","","","","","1","","A3A8R","","",""
"G7801538","DR HASLER","","","GRANGE STREET DOCTORS SURGERY","2 GRANGE STREET","","ST. ALBANS","","AL3 5NF","20070401","20240221","","RO59","E82059","20070401","20240221","","","","","1","","06N","","",""
"G7801545","DR CRAIG","","","LANCE LANE MEDICAL CENTRE","19 LANCE LANE","","LIVERPOOL","","L15 6TS","20070401","20240221","","RO59","N82014","20070401","20240221","","","","","1","","99A","","",""
"G7801552","DR N PERRY","","","THE SURGERY","GORSE HILL","FARNINGHAM","DARTFORD","","DA4 0JU","20070401","20240221","","RO59","G82218","20070401","20240221","","","","","1","","91Q","","",""
"G7801569","DR AT THE MALAGO SURGERY","","","40 ST. JOHNS ROAD","BEDMINSTER","","BRISTOL","","BS3 4JE","20070401","20190331","","RO59","L81035","20070401","20190331","","","","","1","","15C","","",""
"G7801576","DR AT BIRCHWOOD MEDICAL PRACTICE","","","BROOKLEA HEALTH CENTRE","WICK ROAD","","BRISTOL","","BS4 4HU","20070401","20240221","","RO59","L81120","20070401","20240221","","","","","1","","15C","","",""
"G7801583","DR B BEST","","","THE SURGERY","VICARAGE LANE","","WALTON ON THE NAZE","","CO14 8PA","20070401","20240221","","RO59","F81017","20070401","20240221","","","","","1","","06T","","",""
"G7801590","DR TL GARG","","","17 MANCHESTER ROAD","WORSLEY","","MANCHESTER","","M28 3NS","20070401","20240221","","RO59","P87618","20070401","20240221","","","","","1","","01G","","",""
"G7801600","DR AT BATHEASTON MEDICAL CENTRE","","","COALPIT ROAD","BATHEASTON","","BATH","","BA1 7NP","20070401","20240221","","RO59","L81027","20070401","20240221","","","","","1","","92G","","",""
"G7801617","DR KIRBY","","","THE SURGERY","NEVELLS ROAD","","LETCHWORTH GARDEN CITY","","SG6 4TS","20070401","20240221","","RO59","E82008","20070401","20240221","","","","","1","","06K","","",""
"G7801631","DR AT LOCALITY CENTRE","","","68 LONSDALE AVENUE","","","WESTON-SUPER-MARE","","BS23 3SJ","20070401","20240221","","RO59","L81670","20070401","20240221","","","","","1","","15C","","",""
"G7801655","DR P S BENNETT","","","MYTTON OAK MEDICAL PRACTICE","MYTTON OAK SURGERY","RACECOURSE LANE","SHREWSBURY","","SY3 5LZ","20070401","20240221","","RO59","M82002","20070401","20240221","","","","","1","","M2L0M","","",""
"G7801662","DR C S THAKER","","","BURGESS ROAD SURGERY","357A BURGESS ROAD","","SOUTHAMPTON","","SO16 3BD","20070401","20240221","","RO59","J82001","20070401","20240221","","","","","1","","D9Y0V","","",""
"G7801679","DR K T PARRY","","","FOREST GATE SURGERY","HAZEL FARM ROAD","TOTTON","SOUTHAMPTON","","SO40 8WU","20070401","20240221","","RO59","J82112","20070401","20240221","","","","","1","","D9Y0V","","",""
"G7801686","DR THOMAS VLADIMIR NOVAK","","","141A LEAVESDEN ROAD","","","WATFORD","","WD24 5DG","20070401","20200630","","RO59","E82054","20070401","20200630","","","","","1","","06N","","",""
"G7801693","DR GREW","","","FERN HOUSE SURGERY","FERN HOUSE","125-129 NEWLAND STREET","WITHAM","","CM8 1BH","20070401","20240221","","RO59","F81030","20070401","20240221","","","","","1","","06Q","","",""
"G7801710","THE ELMS PRACTICE","","","HAYLING ISLAND HEALTH CENTRE","ELM GROVE","","HAYLING ISLAND","","PO11 9AP","20070401","20240221","","RO59","J82210","20070401","20240221","","","","","1","","D9Y0V","","",""
"G7801727","DR J R SEDGWICK","","","HILLBROW SURGERY","HILL BROW ROAD","","LISS","","GU33 7LE","20070401","20231231","","RO59","J82164","20070401","20231231","","","","","1","","D9Y0V","","",""
"G7801734","DR D WILSON","","","BLACKTHORN HEALTH CENTRE","SATCHELL LANE","HAMBLE","SOUTHAMPTON","","SO31 4NQ","20070401","20240221","","RO59","J82051","20070401","20240221","","","","","1","","D9Y0V","","",""
"G7801741","DR KEN EVANS","","","THE HILDENBOROUGH MEDICAL GROUP","WESTWOOD","TONBRIDGE ROAD, HILDENBOROUGH","TONBRIDGE","","TN11 9HL","20070401","20240221","","RO59","G82037","20070401","20240221","","","","","1","","91Q","","",""
"G7801758","DR A M ROBINS","","","QUEENS ROAD SURGERY","8 QUEENS ROAD","","PORTSMOUTH","","PO2 7NX","20070401","20180930","","RO59","J82004","20070401","20180930","","","","","1","","10R","","",""
"G7801765","DR I A LONE","","","502 NORMANBY ROAD","","","MIDDLESBROUGH","","TS6 9BZ","20070401","20240221","","RO59","A81021","20070401","20240221","","","","","1","","16C","","",""
"G7801772","DR J HEDGES","","","ROYSTON HEALTH CENTRE","MELBOURN STREET","","ROYSTON","","SG8 7BS","20070401","20240221","","RO59","E82072","20070401","20240221","","","","","1","","06H","","",""
"G7801789","DR A P STRANDERS","","","DAVENPORT HOUSE","BOWERS WAY","","HARPENDEN","","AL5 4HX","20070401","20240221","","RO59","E82077","20070401","20240221","","","","","1","","06N","","",""
"G7801796","DR I DOW","","","GRANGE STREET DOCTORS SURGERY","2 GRANGE STREET","","ST. ALBANS","","AL3 5NF","20070401","20240221","","RO59","E82059","20070401","20240221","","","","","1","","06N","","",""
"G7801820","DR TUN LWIN","","","343 PRINCE REGENT LANE","","","LONDON","","E16 3JL","20070401","20200630","","RO59","F84708","20070401","20200630","","","","","1","","A3A8R","","",""
"G7801837","DR B G KACHHIA (2548)","","","DOCTORS SURGERY","RIVERSLEY ROAD","","NUNEATON","","CV11 5QT","20070401","20240221","","RO59","M84041","20070401","20240221","","","","","1","","B2M3M","","",""
"G7801844","DR K L THANKEY (2623)","","","DOCTORS SURGERY","RIVERSLEY ROAD","","NUNEATON","","CV11 5QT","20070401","20240221","","RO59","M84041","20070401","20240221","","","","","1","","B2M3M","","",""
"G7801868","DR J W BLAKE-JAMES","","","DOCTORS SURGERY","154 SHEEN ROAD","","RICHMOND","","TW9 1UU","20070401","20240221","","RO59","H84017","20070401","20240221","","","","","1","","36L","","",""
"G7801875","DR R G MENON","","","YNYSYBWL SURGERY","THE SQUARE","ROBERT STREET, YNYSYBWL","PONTYPRIDD","","CF37 3DU","20070401","20240221","","RO59","W95619","20070401","20240221","","","","","1","","7A5","","",""
"G7801882","DR P A HEMMING","","","THE SURGERY","LOWER LANE","BISHOPS WALTHAM","SOUTHAMPTON","","SO32 1GR","20070401","20240221","","RO59","J82064","20070401","20240221","","","","","1","","D9Y0V","","",""
"G7801899","DR C S BALACHANDER","","","BORSTAL VILLAGE SURGERY","25 WOULDHAM ROAD","","ROCHESTER","","ME1 3JY","20070401","20240221","","RO59","G82711","20070401","20240221","","","","","1","","91Q","","",""
"G7801909","DR CAROLINE ROBERTS","","","ST. PETERS MEDICAL CENTRE","30-36 OXFORD STREET","","BRIGHTON","","BN1 4LA","20070401","20240221","","RO59","G81011","20070401","20240221","","","","","1","","09D","","",""
"G7801916","ROWNER HEALTH CENTRE","","","143 ROWNER LANE","ROWNER","","GOSPORT","","PO13 9SP","20070401","20240221","","RO59","J82669","20070401","20240221","02392513143","","","","1","","D9Y0V","","",""
"G7801923","DR ANJANA KUMAR","","","143-145 BALHAM HILL","BALHAM","","LONDON","","SW12 9DL","20070401","20180930","","RO59","H85056","20070401","20180930","02086731776","","","","1","","36L","","",""
"G7801930","DR J R COUCH","","","STUDHOLME MEDICAL CENTRE","50 CHURCH ROAD","","ASHFORD","","TW15 2TU","20070401","20240221","","RO59","H81009","20070401","20240221","","","","","1","","92A","","",""
"G7801947","VERMA - ABEYANCE","","","CORNERWAYS MEDICAL CENTRE","WOOLFALL HEATH AVENUE","","LIVERPOOL","","L36 3TH","20070401","20240221","","RO59","N83025","20070401","20240221","","","","","1","","01J","","",""
"G7801954","DR R W JONES","","","CHORLEYWOOD HEALTH CENTRE","15 LOWER ROAD","CHORLEYWOOD","RICKMANSWORTH","","WD3 5EA","20070401","20240221","","RO59","E82064","20070401","20240221","","","","","1","","06N","","",""
"G7801961","DR A J GAINER","","","MUCH WENLOCK MEDICAL PRACTICE","KINGSWAY LODGE","KING STREET","MUCH WENLOCK","","TF13 6BL","20070401","20240221","","RO59","M82019","20070401","20240221","","","","","1","","M2L0M","","",""
"G7801978","DR M ROBERTS","","","DOCTORS SURGERY","30 WOODLAND AVENUE","","LUTON","","LU3 1RW","20070401","20240221","","RO59","E81018","20070401","20240221","","","","","1","","M1J4Y","","",""
"G7801992","DR BOWEN","","","DOCTORS SURGERY","ADMIRAL MOORE DRIVE","ROYAL BRITISH LEGION VILLAGE","AYLESFORD","","ME20 7SE","20070401","20240221","","RO59","G82058","20070401","20240221","","","","","1","","91Q","","",""
"G7802003","GAMAGE","","","DROYLSDEN ROAD FAMILY PRACTICE","125 DROYLSDEN ROAD","","MANCHESTER","","M40 1NT","20070401","20240221","","RO59","P84047","20070401","20240221","","","","","1","","14L","","",""
"G7802010","NICHOLAS - ABEYANCE","","","HESWALL MEDICAL CENTRE","270 TELEGRAPH ROAD","HESWALL","WIRRAL","","CH60 7SG","20070401","20240221","","RO59","N85007","20070401","20240221","","","","","1","","12F","","",""
"G7802027","DR R MAYSON","","","HEALTH CENTRE","HADHAM CROSS","","MUCH HADHAM","","SG10 6DE","20070401","20240221","","RO59","E82021","20070401","20240221","","","","","1","","06K","","",""
"G7802041","DR GOPI PATEL","","","EUROPA HOUSE","WEST STREET","","LEIGHTON BUZZARD","","LU7 1DD","20070401","20171030","","RO59","E81072","20070401","20171030","","","","","1","","M1J4Y","","",""
"G7802058","DR MICHAEL ANTHONY SHEPHERD","","","WARRIOR SQUARE SURGERY","MARLBOROUGH HOUSE","19-21 WARRIOR SQUARE","ST. LEONARDS-ON-SEA","","TN37 6BG","20070401","20220331","","RO59","G81026","20070401","20220331","","","","","1","","97R","","",""
"G7802065","DR REES","","","PENNYS HILL PRACTICE","FERNDOWN MEDICAL CENTRE","ST. MARYS ROAD","FERNDOWN","","BH22 9HB","20070401","20240221","","RO59","J81061","20070401","20240221","","","","","1","","11J","","",""
"G7802089","DR M J HALL","","","BOUNDARIES SURGERY","17 WINCHESTER ROAD","FOUR MARKS","ALTON","","GU34 5HG","20070401","20240221","","RO59","J82625","20070401","20240221","","","","","1","","D9Y0V","","",""
"G7802096","DR R A SANDERSON","","","DOCTORS SURGERY","280 HAVANT ROAD","DRAYTON","PORTSMOUTH","","PO6 1PA","20070401","20240221","","RO59","J82102","20070401","20240221","","","","","1","","10R","","",""
"G7802106","DR M A PRETTY","","","DIPPLE MEDICAL CENTRE","WICKFORD AVENUE","","BASILDON","","SS13 3HQ","20071001","20240221","","RO59","F81158","20071001","20240221","","","","","1","","99E","","",""
"G7802137","DR DP FLETCHER","","","MINDEN MEDICAL CENTRE","2 BARLOW STREET","","BURY","","BL9 0QP","20071001","20221130","","RO59","P83020","20071001","20221130","","","","","1","","00V","","",""
"G7802144","DR FLOWERS","","","DERBY MEDICAL CENTRE","8 THE DERBY SQUARE","","EPSOM","","KT19 8AG","20071001","20240221","","RO59","H81051","20071001","20240221","","","","","1","","92A","","",""
"G7802151","DR MUSTILL","","","THE MOAT HOUSE SURGERY","WORSTED GREEN","MERSTHAM","REDHILL","","RH1 3PN","20071001","20240221","","RO59","H81083","20071001","20240221","","","","","1","","92A","","",""
"G7802168","D G PARRY","","","CROSS STREET HEALTH CENTRE","CROSS STREET","","DUDLEY","","DY1 1RN","20071001","20240221","","RO59","M87025","20071001","20240221","","","","","1","","D2P2L","","",""
"G7802175","DR R L RANGEL","","","CAERLEON SURGERY","DOVER STREET","","BILSTON","","WV14 6AL","20071001","20190125","","RO59","M92027","20071001","20190125","","","","","1","","D2P2L","","",""
"G7802182","DR A C KNAPMAN","","","FORTON MEDICAL CENTRE","WHITES PLACE","","GOSPORT","","PO12 3JP","20071001","20180930","","RO59","J82100","20071001","20180930","","","","","1","","D9Y0V","","",""
"G7802199","DR H V SINGH","","","LLWYNYPIA SURGERY","150 TYNTYLA ROAD","","TONYPANDY","","CF40 2SX","20071001","20231231","","RO59","W95076","20071001","20231231","","","","","1","","7A5","","",""
"G7802209","DR JOHN E HOOD","","","ROTHESAY SURGERY","14 ROTHSAY PLACE","","BEDFORD","","MK40 3PX","20071001","20220731","","RO59","E81611","20071001","20220731","","","","","1","","M1J4Y","","",""
"G7802216","DR J E OSBORNE","","","THE ARTHUR MEDICAL CENTRE","FOUR LANE ENDS","HORSLEY WOODHOUSE","ILKESTON","","DE7 6AX","20071001","20240221","","RO59","C81017","20071001","20240221","","","","","1","","15M","","",""
"G7802230","JOHN OGEAH","","","THORNTON ROAD SURGERY","299 THORNTON ROAD","","CROYDON","","CR0 3EW","20071001","20240221","","RO59","H83051","20071001","20240221","","","","","1","","36L","","",""
"G7802247","DR S Z ALAM","","","45 STATION STREET","","","ATHERSTONE","","CV9 1DB","20071001","20240221","","RO59","M84612","20071001","20240221","","","","","1","","B2M3M","","",""
"G7802254","DR H AKHTER","","","YEW TREE CENTRE","BERRYFORD ROAD","","LIVERPOOL","","L14 4ED","20071001","20240221","","RO59","N82002","20071001","20240221","","","","","1","","99A","","",""
"G7802261","DR CHRISTOPHER ALMACK PEARSON","","","ALDERSHOT HEALTH CENTRE","WELLINGTON AVENUE","","ALDERSHOT","","GU11 1PA","20071001","20190331","","RO59","J82030","20071001","20190331","","","","","1","","D9Y0V","","",""
"G7802278","DR C O MCKEOWN","","","DR MCKEOWN & PARTNERS","BRAIDWOOD ROAD","","MIDDLESBROUGH","","TS6 0HA","20071001","20240221","","RO59","A81043","20071001","20240221","","","","","1","","16C","","",""
"G7802285","DR N K GUPTA","","","MAWNEY ROAD HEALTH CENTRE","206 MAWNEY ROAD","","ROMFORD","","RM7 8BU","20071001","20240221","","RO59","F82610","20071001","20240221","","","","","1","","A3A8R","","",""
"G7802292","DR R CHRISTIE","","","DR TIDY & PARTNERS","114 QUEEN STREET","","HITCHIN","","SG4 9TH","20071001","20240221","","RO59","E82044","20071001","20240221","","","","","1","","06K","","",""
"G7802302","DR SALMON","","","THE GROVE MIDICAL CENTRE","THE GROVE","","EGHAM","","TW20 9QJ","20071001","20240221","","RO59","H81066","20071001","20240221","","","","","1","","92A","","",""
"G7802326","DR M E SAPPER","","","SOUTH SAXON HOWE SURGERY","150A BEXHILL ROAD","","ST. LEONARDS-ON-SEA","","TN38 8BL","20071001","20240221","","RO59","G81089","20071001","20240221","","","","","1","","97R","","",""
"G7802333","DR Y AL-ANSARY","","","PEBSHAM HEALTH CENTRE","119 SEABOURNE ROAD","","BEXHILL-ON-SEA","","TN40 2SD","20071001","20220731","","RO59","G81025","20071001","20220731","","","","","1","","97R","","",""
"G7802340","DR P K TANDON","","","DOCTORS SURGERY","71 GROVE ROAD","","WALLASEY","","CH45 3HF","20071001","20240221","","RO59","N85052","20071001","20240221","","","","","1","","12F","","",""
"G7802371","DR G K MISRA","","","DOCTORS SURGERY","41 MOSS LANE","","BOOTLE","","L20 0EA","20071001","20240221","","RO59","N84007","20071001","20240221","","","","","1","","01T","","",""
"G7802388","DR CHRISTOPHER ROY JAGGER","","","BINSCOMBE MEDICAL CENTRE","106 BINSCOMBE LANE","","GODALMING","","GU7 3PR","20071001","20240221","","RO59","H81026","20071001","20240221","","","","","1","","92A","","",""
"G7802395","IQBAL - ABEYANCE","","","THE HEALTH CENTRE SURGERY","60 ROSEHEATH DRIVE","","LIVERPOOL","","L26 9UH","20071001","20240221","","RO59","N83031","20071001","20240221","","","","","1","","01J","","",""
"G7802405","DR BRIAN GOSS","","","LOXWOOD SURGERY","FARM CLOSE","LOXWOOD","BILLINGSHURST","","RH14 0SU","20071001","20240221","","RO59","H82031","20071001","20240221","","","","","1","","70F","","",""
"G7802412","DR A THOMAS","","","THE SURGERY","10 THE SINGLETON CENTRE","","ASHFORD","","TN23 5GR","20071001","20181130","","RO59","G82712","20071001","20181130","","","","","1","","91Q","","",""
"G7802429","DR RAJAKULENDRAN","","","WOODFARM HEALTH CENTRE","PEPPERCORN AVENUE","HEADINGTON","OXFORD","","OX3 8RZ","20071001","20170630","","RO59","K84620","20071001","20170630","","","","","1","","10Q","","",""
"G7802436","LARKSFIELD SURGERY","","","ARLESEY ROAD","STOTFOLD","","HITCHIN","","SG5 4HB","20071001","20240221","","RO59","E81022","20071001","20240221","","","","","1","","M1J4Y","","",""
"G7802443","DR R S LAWRENCE","","","WEST BYFLEET HEALTH CENTRE","MADEIRA ROAD","","WEST BYFLEET","","KT14 6DH","20071001","20240221","","RO59","H81050","20071001","20240221","","","","","1","","92A","","",""
"G7802467","DR MCINTOSH","","","BROOKFIELD ROAD SURGERY","5A BROOKFIELD ROAD","HUCCLECOTE","GLOUCESTER","","GL3 3HB","20140812","20240221","","RO59","L84014","20140812","20240221","","","","","1","","11M","","",""
"G7802474","GREENISH","","","COURTENAY HOUSE SURGERY","BANCROFT COURT","30-35 BANCROFT","HITCHIN","","SG5 1LH","20071001","20240221","","RO59","E82053","20071001","20240221","","","","","1","","06K","","",""
"G7802481","DR R K NAIK","","","BEECH DRIVE SURGERY","17-19 BEECH DRIVE","FULWOOD","PRESTON","","PR2 3NB","20071001","20171030","","RO59","P81691","20071001","20171030","","","","","1","","01E","","",""
"G7802508","PRIDE","","","BOXWELL ROAD SURGERY","BOXWELL ROAD","","BERKHAMSTED","","HP4 3EU","20071001","20191130","","RO59","E82076","20071001","20191130","","","","","1","","06N","","",""
"G7802515","DR KELLY & PARTNERS","","","ST. MARYS MEDICAL CENTRE","WHARF ROAD","","STAMFORD","","PE9 2DH","20071001","20180930","","RO59","C83017","20071001","20180930","","","","","1","","71E","","",""
"G7802522","DR S M HAPPEL","","","MANSFIELD PARK SURGERY","LYMINGTON BOTTOM ROAD","MEDSTEAD","ALTON","","GU34 5EW","20071001","20240221","","RO59","J82059","20071001","20240221","","","","","1","","D9Y0V","","",""
"G7802539","DR COLIN THOMAS FLEETCROFT","","","THE SQUARE MEDICAL PRACTICE","THE SQUARE","HIGH STREET","GODALMING","","GU7 1AZ","20071001","20240221","","RO59","H81021","20071001","20240221","","","","","1","","92A","","",""
"G7802546","DR KEITH GRAHAM HANCOCK","","","GRAYSHOTT SURGERY","BOUNDARY ROAD","GRAYSHOTT","HINDHEAD","","GU26 6TY","20071001","20240221","","RO59","H81076","20071001","20240221","","","","","1","","92A","","",""
"G7802560","DR M A W AL-SALEEM","","","SOUTH SAXON HOWE SURGERY","150A BEXHILL ROAD","","ST. LEONARDS-ON-SEA","","TN38 8BL","20071001","20240221","","RO59","G81089","20071001","20240221","","","","","1","","97R","","",""
"G7802577","DR B JOSHI","","","DOCTORS SURGERY","36 THE AVENUE","","WATFORD","","WD17 4NT","20071001","20240221","","RO59","E82069","20071001","20240221","","","","","1","","06N","","",""
"G7802584","DR CUTLER","","","SOUTH NORWOOD HILL MEDICAL CEN","103 SOUTH NORWOOD HILL","","LONDON","","SE25 6BY","20071001","20240221","","RO59","H83010","20071001","20240221","","","","","1","","36L","","",""
"G7802591","PETER EDWIN PEARS","","","27 PARKFIELD ROAD","COLESHILL","","BIRMINGHAM","","B46 3LD","20071001","20240221","","RO59","M84042","20071001","20240221","","","","","1","","B2M3M","","",""
"G7802601","MARTIN PAUL","","","WESTONGROVE HEALTH CENTRE","BRENTWOOD WAY","","AYLESBURY","","HP21 7TL","20071001","20240221","","RO59","K82073","20071001","20240221","","","","","1","","14Y","","",""
"G7802618","JOHN KERR","","","RECTORY ROAD SURGERY","14A RECTORY ROAD","","WOKINGHAM","","RG40 1DH","20071001","20240221","","RO59","K81022","20071001","20240221","","","","","1","","15A","","",""
"G7802625","STEPHEN MARTIN","","","JAMES PRESTON HEALTH CENTRE","61 HOLLAND ROAD","","SUTTON COLDFIELD","","B72 1RL","20071001","20240221","","RO59","M85033","20071001","20240221","","","","","1","","15E","","",""
"G7802649","DAVID EVANS","","","117 HIGH STREET","CLAY CROSS","","CHESTERFIELD","","S45 9DZ","20071001","20240221","","RO59","C81056","20071001","20240221","","","","","1","","15M","","",""
"G7802656","DR S PIPER","","","AUSTEN ROAD SURGERY","1 AUSTEN ROAD","","GUILDFORD","","GU1 3NW","20080117","20240221","","RO59","H81006","20080117","20240221","","","","","1","","92A","","",""
"G7802663","DR EDE","","","EAST CROYDON MEDICAL CENTRE","59 ADDISCOMBE ROAD","","CROYDON","","CR0 6SD","20071001","20240221","","RO59","H83044","20071001","20240221","","","","","1","","36L","","",""
"G7802687","DR LIM","","","BENNETTS END SURGERY","GATECROFT","","HEMEL HEMPSTEAD","","HP3 9LY","20071001","20240221","","RO59","E82032","20071001","20240221","","","","","1","","06N","","",""
"G7802694","DR HILL","","","LIVERPOOL ROAD HEALTH CENTRE","9 MERSEY PLACE","LIVERPOOL ROAD","LUTON","","LU1 1HH","20071001","20240221","","RO59","E81032","20071001","20240221","","","","","1","","M1J4Y","","",""
"G7802704","DR QAMAR","","","LIVERPOOL ROAD HEALTH CENTRE","9 MERSEY PLACE","LIVERPOOL ROAD","LUTON","","LU1 1HH","20071001","20240221","","RO59","E81032","20071001","20240221","","","","","1","","M1J4Y","","",""
"G7802711","DR G BAPNA","","","KATHERINE ROAD MEDICAL CENTRE","511 KATHERINE ROAD","","LONDON","","E7 8DR","20071001","20180429","","RO59","F84671","20071001","20180429","","","","","1","","A3A8R","","",""
"G7802728","DR B BEHESHTI","","","RUSH GREEN SURGERY","261 DAGENHAM ROAD","","ROMFORD","","RM7 0XR","20071001","20240221","","RO59","F82031","20071001","20240221","","","","","1","","A3A8R","","",""
"G7802735","S. SINGH","","","ROBY MEDICAL CENTRE","72 PILCH LANE EAST","","LIVERPOOL","","L36 4NP","20071001","20240221","","RO59","N83619","20071001","20240221","","","","","1","","01J","","",""
"G7802742","DR GRAY","","","BATH LODGE PRACTICE","BITTERNE HEALTH CENTRE","COMMERCIAL STREET","SOUTHAMPTON","","SO18 6BT","20071001","20201130","","RO59","J82141","20071001","20201130","","","","","1","","D9Y0V","","",""
"G7802759","DR B CHARLTON","","","COSHAM HEALTH CENTRE","VECTIS WAY","","PORTSMOUTH","","PO6 3AW","20071001","20240221","","RO59","J82114","20071001","20240221","","","","","1","","10R","","",""
"G7802766","DR B G ELLIS","","","SWAN STREET SURGERY","SWAN STREET","","PETERSFIELD","","GU32 3AB","20071001","20240221","","RO59","J82098","20071001","20240221","","","","","1","","D9Y0V","","",""
"G7802773","DR D N YARDLEY","","","ALMA ROAD SURGERY","68 ALMA ROAD","","SOUTHAMPTON","","SO14 6UX","20071001","20240221","","RO59","J82122","20071001","20240221","","","","","1","","D9Y0V","","",""
"G7802780","DR M P THACKER","","","THE ARNEWOOD PRACTICE","MILTON MEDICAL CENTRE","AVENUE ROAD","NEW MILTON","","BH25 5JP","20071001","20240221","","RO59","J82007","20071001","20240221","","","","","1","","D9Y0V","","",""
"G7802797","DR M RIGGS","","","ALEXANDRA SURGERY","2 WELLINGTON AVENUE","","ALDERSHOT","","GU11 1SD","20071001","20240221","","RO59","J82178","20071001","20240221","","","","","1","","D9Y0V","","",""
"G7802807","DR N LUCKRAJ","","","BRANKSOMEWOOD HEALTHCARE CENTRE","BRANKSOMEWOOD ROAD","","FLEET","","GU51 4JX","20071001","20240221","","RO59","J82135","20071001","20240221","","","","","1","","D9Y0V","","",""
"G7802814","DR D TOLLAN","","","THE SURGERY","TOWER HOUSE","RINK ROAD","RYDE","","PO33 1LP","20071001","20240221","","RO59","J84012","20071001","20240221","","","","","1","","D9Y0V","","",""
"G7802821","DR COLLIER","","","ST. ANN STREET SURGERY","82 ST. ANN STREET","","SALISBURY","","SP1 2PT","20071001","20180930","","RO59","J83020","20071001","20180930","","","","","1","","92G","","",""
"G7802838","GALLOW","","","DOCTORS SURGERY","PARKWOOD DRIVE","","HEMEL HEMPSTEAD","","HP1 2LD","20071001","20240221","","RO59","E82091","20071001","20240221","","","","","1","","06N","","",""
"G7802852","DR A KHANNA","","","TUNLEY HOLME","BAMBER BRIDGE","","PRESTON","","PR5 8ES","20071001","20240221","","RO59","P81180","20071001","20240221","","","","","1","","00X","","",""
"G7802869","DR R N SINHA","","","THE DOVECOT SURGERY","THE HEALTH CENTRE","LAWSON STREET","STOCKTON-ON-TEES","","TS18 1HU","20080201","20240221","","RO59","A81025","20080201","20240221","","","","","1","","16C","","",""
"G7802876","DR M J O'DRISCOLL","","","OAK HILL HEALTH CENTRE","OAK HILL ROAD","","SURBITON","","KT6 6EN","20080131","20240221","","RO59","H84015","20080131","20240221","","","","","1","","36L","","",""
"G7802883","DR PRIOR","","","WHITECLIFF SURGERY","WHITE CLIFF MILL STREET","","BLANDFORD FORUM","","DT11 7BH","20080116","20240221","","RO59","J81019","20080116","20240221","","","","","1","","11J","","",""
"G7802917","DR R E LORGE","","","THE SURGERY","STATION ROAD","OVERTON","BASINGSTOKE","","RG25 3DU","20080402","20191130","","RO59","J82046","20080402","20191130","","","","","1","","D9Y0V","","",""
"G7802924","DR H J FREEMAN","","","ESSEX HOUSE","WORTING ROAD","","BASINGSTOKE","","RG21 8SU","20080129","20191130","","RO59","J82123","20080129","20191130","","","","","1","","D9Y0V","","",""
"G7802931","D J A THOMPSON","","","SUNNYSIDE MEDICAL CENTRE","UNIT 8F, THE POMPEY CENTRE","FRATTON WAY","SOUTHSEA","","PO4 8TA","20080129","20231231","","RO59","J82090","20080129","20231231","","","","","1","","10R","","",""
"G7802948","DR M OEZALP","","","GROVE HOUSE SURGERY","102 ALBERT STREET","","VENTNOR","","PO38 1EU","20080129","20210630","","RO59","J84018","20080129","20210630","","","","","1","","D9Y0V","","",""
"G7802955","DR UBEROY","","","30 DORIAN ROAD","","","HORNCHURCH","","RM12 4AN","20080130","20180429","","RO59","F82646","20080130","20180429","","","","","1","","A3A8R","","",""
"G7802962","DR ANDREW YOUNG","","","SILVER SPRINGS MEDICAL PRACTIC","BEAUFORT ROAD","","ST. LEONARDS-ON-SEA","","TN37 6PP","20080201","20190331","","RO59","G81033","20080201","20190331","","","","","1","","97R","","",""
"G7802979","DR LING","","","THE SURGERY","THE HIGHLANDS","FLITWICK","BEDFORD","","MK45 1DZ","20080204","20240221","","RO59","E81015","20080204","20240221","","","","","1","","M1J4Y","","",""
"G7802986","DR A J FIREBRACE","","","GRATTON SURGERY","SUTTON SCOTNEY","","WINCHESTER","","SO21 3LE","20080206","20240221","","RO59","J82106","20080206","20240221","","","","","1","","D9Y0V","","",""
"G7803004","IRSHARD HAQUE","","","MONARCH MEDICAL CENTRE","65 CROSS LANE","RADCLIFFE","MANCHESTER","","M26 2QZ","20080207","20240221","","RO59","P83010","20080207","20240221","","","","","1","","00V","","",""
"G7803011","DR T L CROOK","","","HEDGE END MEDICAL CENTRE","24 - 26 LOWER NORTHAM ROAD","HEDGE END","SOUTHAMPTON","","SO30 4FQ","20080211","20240221","","RO59","J82089","20080211","20240221","","","","","1","","D9Y0V","","",""
"G7803028","DR JL HOLLAND","","","CITY WALLS MEDICAL CENTRE","ST. MARTINS WAY","","CHESTER","","CH1 2NR","20080211","20240221","","RO59","N81082","20080211","20240221","","","","","1","","27D","","",""
"G7803042","DR D JENKINS","","","BARTON SURGERY","1 EDMUNDS CLOSE","BARTON ON SEA","NEW MILTON","","BH25 7EN","20071001","20210630","","RO59","J82166","20071001","20210630","","","","","1","","D9Y0V","","",""
"G7803059","DR H M SHAH","","","BUTE HOUSE MEDICAL CENTRE","GROVE ROAD","","LUTON","","LU1 1QJ","20080219","20240221","","RO59","E81048","20080219","20240221","","","","","1","","M1J4Y","","",""
"G7803066","CHANDRA SHEKAR","","","MINDEN MEDICAL CENTRE","2 BARLOW STREET","","BURY","","BL9 0QP","20080220","20191130","","RO59","P83008","20080220","20191130","","","","","1","","00V","","",""
"G7803073","DR E J GRIFFITHS","","","EAST COWES HEALTH CENTRE","DOWN HOUSE","YORK AVENUE","EAST COWES","","PO32 6RR","20071001","20240221","","RO59","J84004","20071001","20240221","","","","","1","","D9Y0V","","",""
"G7803080","HEATHCOTE MEDICAL CENTRE","","","HEATHCOTE","","","TADWORTH","","KT20 5TH","20071001","20240221","","RO59","H81070","20071001","20240221","","","","","1","","92A","","",""
"G7803097","DR GREEN","","","WEYBRIDGE HEALTH CENTRE","22 CHURCH STREET","","WEYBRIDGE","","KT13 8DW","20071001","20240221","","RO59","H81073","20071001","20240221","","","","","1","","92A","","",""
"G7803107","DR J E BATEMAN","","","WESTLANDS MEDICAL CENTRE","20B WESTLANDS GROVE","","FAREHAM","","PO16 9AD","20071001","20240221","","RO59","J82161","20071001","20240221","","","","","1","","D9Y0V","","",""
"G7803114","DR S T MCKENNING","","","194 ALLAWAY AVENUE","","","PORTSMOUTH","","PO6 4HJ","20071001","20240221","","RO59","J82155","20071001","20240221","","","","","1","","10R","","",""
"G7803121","DR W M GARMAN","","","THORNHILL PARK SURGERY","96 THORNHILL PARK ROAD","","SOUTHAMPTON","","SO18 5TS","20071001","20240221","","RO59","J82622","20071001","20240221","","","","","1","","D9Y0V","","",""
"G7803152","KHANBHAI","","","DOCTORS SURGERY","273 BEDFORD ROAD","KEMPSTON","BEDFORD","","MK42 8QD","20071001","20240221","","RO59","E81038","20071001","20240221","","","","","1","","M1J4Y","","",""
"G7803169","DR V E CHERIDIJAN","","","SOMERVILLE MEDICAL CENTRE","69 GORSEY LANE","","WALLASEY","","CH44 4AA","20071001","20240221","","RO59","N85024","20071001","20240221","","","","","1","","12F","","",""
"G7803176","V K TEWARI","","","TRENTHAM ROAD MEDICAL CENTRE","37 TRENTHAM ROAD","","LIVERPOOL","","L32 4UB","20071001","20240221","","RO59","N83055","20071001","20240221","","","","","1","","01J","","",""
"G7803200","DR CZAYKOWSKI","","","THE ORCHARD SURGERY","HORSESHOES LANE","LANGLEY","MAIDSTONE","","ME17 3JY","20071001","20240221","","RO59","G82691","20071001","20240221","","","","","1","","91Q","","",""
"G7803217","DR T MOHAN","","","SUNRAY SURGERY","97 WARREN DRIVE SOUTH","","SURBITON","","KT5 9QD","20071001","20240221","","RO59","H84618","20071001","20240221","","","","","1","","36L","","",""
"G7803224","DR KINGHORN","","","MOSS VALLEY MEDICAL PRACTICE","GOSBER ROAD","ECKINGTON","SHEFFIELD","","S21 4BZ","20071001","20240221","","RO59","C81002","20071001","20240221","","","","","1","","15M","","",""
"G7803231","HARISH KUMAR WADHWA","","","DOCTORS SURGERY","533 HOB MOOR ROAD","YARDLEY","BIRMINGHAM","","B25 8TH","20071001","20240221","","RO59","M85706","20071001","20240221","","","","","1","","15E","","",""
"G7803248","DR TALEB","","","BURTON ROAD SURGERY","BURTON ROAD","WOODVILLE","SWADLINCOTE","","DE11 7JG","20071001","20240221","","RO59","C81060","20071001","20240221","","","","","1","","15M","","",""
"G7803279","DR WOODS","","","WOODS RAMSELL DERRICK & SETTY","ANNANDALE SURGERY","239 MUTTON LANE","POTTERS BAR","","EN6 2AS","20080311","20240221","","RO59","E82098","20080311","20240221","","","","","1","","06N","","",""
"G7803286","DR CLARIDGE","","","THE ASHLEA MEDICAL PRACTICE","GILBERT HOUSE","39 WOODFIELD LANE","ASHTEAD","","KT21 2BQ","20080312","20240221","","RO59","H81017","20080312","20240221","","","","","1","","92A","","",""
"G7803293","DR E B GONCALVES-ARCHER","","","THE SURGERY","READING ROAD","","HOOK","","RG27 9ED","20080313","20240221","","RO59","J82138","20080313","20240221","","","","","1","","D9Y0V","","",""
"G7803310","DR PIPER","","","DOCTORS SURGERY","1 AUSTEN ROAD","","GUILDFORD","","GU1 3NW","20071001","20240221","","RO59","H81006","20071001","20240221","","","","","1","","92A","","",""
"G7803327","DR PF BRODRIBB","","","THE HEALTH CENTRE","STEPGATES","","CHERTSEY","","KT16 8HZ","20071001","20240221","","RO59","H81033","20071001","20240221","","","","","1","","92A","","",""
"G7803358","DR J CAIRA","","","WOOD LANE SURGERY","39 WOOD LANE","","HORNCHURCH","","RM12 5HX","20080318","20240221","","RO59","F82028","20080318","20240221","","","","","1","","A3A8R","","",""
"G7803365","DR JABBAR","","","THE ROBINS SURGERY","HEALTH CENTRE","GOOSHAYS DRIVE","ROMFORD","","RM3 9SU","20080318","20240221","","RO59","F82670","20080318","20240221","","","","","1","","A3A8R","","",""
"G7803372","DR MF DUFFY","","","OAK VALE MEDICAL PRACTICE","158-160 EDGE LANE DRIVE","","LIVERPOOL","","L13 4AQ","20080319","20240221","","RO59","N82041","20080319","20240221","","","","","1","","99A","","",""
"G7803413","DR R G B WOOD","","","MARKET DRAYTON PRIMARY CARE CENTRE","MAER LANE","","MARKET DRAYTON","","TF9 3AL","20080326","20240221","","RO59","M82010","20080326","20240221","","","","","1","","M2L0M","","",""
"G7803420","DR DN LAKHANI","","","ABERCROMBY HEALTH CENTRE","GROVE STREET","EDGE HILL","LIVERPOOL","","L7 7HG","20080326","20240221","","RO59","N82054","20080326","20240221","","","","","1","","99A","","",""
"G7803437","DR NORMAN JAMES FERGUSON","","","RYE MEDICAL CENTRE","KILN DRIVE","RYE FOREIGN","RYE","","TN31 7SQ","20080326","20240221","","RO59","G81051","20080326","20240221","","","","","1","","97R","","",""
"G7803444","DR HASMUKH SHIVABHAI PATEL","","","DOCTORS SURGERY","292A BARKING ROAD","","LONDON","","E6 3BA","20071001","20240221","","RO59","F84010","20071001","20240221","","","","","1","","A3A8R","","",""
"G7803451","DR T J GOULD","","","SOUTH HERMITAGE SURGERY","MEDICAL CENTRE","16 SOUTH HERMITAGE","SHREWSBURY","","SY3 7JS","20080326","20240221","","RO59","M82060","20080326","20240221","","","","","1","","M2L0M","","",""
"G7803468","DR T VAMADEVAN","","","CLEMENT ROAD MEDICAL CENTRE","4A CLEMENT ROAD","","HALESOWEN","","B62 9LR","20071001","20240221","","RO59","M87034","20071001","20240221","","","","","1","","D2P2L","","",""
"G7803475","DR ASHOK KUMAR RANA","","","DOCTORS SURGERY","5 MERCHANT STREET","","LONDON","","E3 4LJ","20071001","20240221","","RO59","F84118","20071001","20240221","","","","","1","","A3A8R","","",""
"G7803482","DR BEACH","","","CHURCH STRETTON MEDICAL CENTRE","EASTHOPE ROAD","","CHURCH STRETTON","","SY6 6BL","20080327","20240221","","RO59","M82008","20080327","20240221","","","","","1","","M2L0M","","",""
"G7803499","DEREK J BARFORD","","","NORTHFIELD HEALTH CENTRE","15 ST. HELIERS ROAD","","BIRMINGHAM","","B31 1QT","20071001","20240221","","RO59","M85030","20071001","20240221","","","","","1","","15E","","",""
"G7803509","DR A ANSARI","","","DOCTORS SURGERY","343 RIPPLE ROAD","","BARKING","","IG11 7RJ","20080327","20240221","","RO59","F82650","20080327","20240221","","","","","1","","A3A8R","","",""
"G7803516","DR HUTCHINGS","","","THE SURGERY","1 DURDELLS AVENUE","","BOURNEMOUTH","","BH11 9EH","20080328","20181130","","RO59","J81063","20080328","20181130","","","","","1","","11J","","",""
"G7803523","DR PETER GRIMWADE","","","WINDRUSH HEALTH CENTRE","WELCH WAY","","WITNEY","","OX28 6JS","20080328","20240221","","RO59","K84017","20080328","20240221","","","","","1","","10Q","","",""
"G7803530","DR KRZYSZTOF FURLEPA","","","BERSTED GREEN SURGERY","32 DURLSTON DRIVE","","BOGNOR REGIS","","PO22 9TD","20080328","20240221","","RO59","H82016","20080328","20240221","","","","","1","","70F","","",""
"G7803554","CATHERINE WADE","","","HADDENHAM MEDICAL CENTRE","STANBRIDGE ROAD","HADDENHAM","AYLESBURY","","HP17 8JX","20071001","20240221","","RO59","K82028","20071001","20240221","","","","","1","","14Y","","",""
"G7803561","MUNUSWAMY G SHANKERNARAYAN","","","SALTLEY CENTRE FOR HEALTH CARE","CRADOCK ROAD","SALTLEY","BIRMINGHAM","","B8 1RZ","20071001","20180930","","RO59","M85704","20071001","20180930","","","","","1","","15E","","",""
"G7803578","DR BURLTON","","","EAGLE HOUSE SURGERY","WHITECLIFF MILL STREET","","BLANDFORD","","DT11 7BT","20080401","20201130","","RO59","J81031","20080401","20201130","","","","","1","","11J","","",""
"G7803585","DR PETER WAKEFIELD","","","BARTON HILLS MEDICAL GROUP","THE SURGERY","WHITEHORSE VALE","LUTON","","LU3 4AD","20080401","20240221","","RO59","E81632","20080401","20240221","","","","","1","","M1J4Y","","",""
"G7803592","DR S I HAIDER","","","HAIDERIAN MEDICAL CENTRE","181 CORBETS TEY ROAD","","UPMINSTER","","RM14 2YN","20080401","20240221","","RO59","F82002","20080401","20240221","","","","","1","","A3A8R","","",""
"G7803602","DR HANNA AND GAYED","","","MICKLEOVER SURGERY","10 CAVENDISH WAY","MICKLEOVER","DERBY","","DE3 9BJ","20080401","20240221","","RO59","C81113","20080401","20240221","","","","","1","","15M","","",""
"G7803619","DR S ALLAN","","","6 QUEENS WALK","","","EALING","","W5 1TP","20080402","20240221","","RO60","E85057","20080402","20240221","","","","","1","","W2U3Z","","",""
"G7803626","DR B BASU","","","DOCTORS SURGERY","172 WANDSWORTH BRIDGE ROAD","","LONDON","","SW6 2UQ","20080402","20190331","","RO60","E85110","20080402","20190331","","","","","1","","W2U3Z","","",""
"G7803633","DR V B JOSHI","","","DOCTORS SURGERY","337 RUISLIP ROAD","","NORTHOLT","","UB5 6AS","20080402","20240221","","RO60","E85712","20080402","20240221","","","","","1","","W2U3Z","","",""
"G7803640","DR R MUTHIAH","","","SALISBURY SURGERY","178 DAWES ROAD","","LONDON","","SW6 7HS","20080402","20220331","","RO60","E85672","20080402","20220331","","","","","1","","W2U3Z","","",""
"G7803657","DR JD ROYLE","","","THE HEALTH CENTRE","WATER STREET, GREAT HARWOOD","","BLACKBURN","","BB6 7QR","20080402","20200630","","RO59","P81659","20080402","20200630","","","","","1","","01A","","",""
"G7803664","DR AMAR NATH VERMA","","","VICARAGE ROAD SURGERY","302 VICARAGE ROAD","KINGS HEATH","BIRMINGHAM","","B14 7NH","20080404","20221130","","RO59","M85753","20080404","20221130","","","","","1","","15E","","",""
"G7803695","JOHN SICHEL","","","DOCTORS SURGERY","28 BEAUMONT STREET","","OXFORD","","OX1 2NP","20080401","20240221","","RO59","K84080","20080401","20240221","","","","","1","","10Q","","",""
"G7803705","DR DONALD CLEGG","","","VALENTINE MEDICAL CENTRE","2 SMETHURST STREET","","MANCHESTER","","M9 8PP","20080401","20240221","","RO59","P84019","20080401","20240221","","","","","1","","14L","","",""
"G7803712","RODERICK SMITH","","","DOCTORS SURGERY","59A HEMDEAN ROAD","CAVERSHAM","READING","","RG4 7SS","20080401","20240221","","RO59","K81014","20080401","20240221","","","","","1","","15A","","",""
"G7803729","DR RAJ GOEL","","","11 CRICHTON ROAD","","","CARSHALTON","","SM5 3LS","20080401","20240221","","RO59","H85032","20080401","20240221","","","","","1","","36L","","",""
"G7803736","DR S S KATTI","","","LONGFORD PRIMARY CARE CENTRE","LONGFORD ROAD","LONGFORD","COVENTRY","","CV6 6DR","20080401","20240221","","RO59","M86048","20080401","20240221","","","","","1","","B2M3M","","",""
"G7803743","DR GREEN","","","CHURCH STREET PRACTICE","22 CHURCH STREET","","WEYBRIDGE","","KT13 8DW","20080407","20240221","","RO59","H81073","20080407","20240221","","","","","1","","92A","","",""
"G7803750","DR LONGLEY","","","THE G P CENTRE","322 MALDEN ROAD","","SUTTON","","SM3 8EP","20080401","20200630","","RO59","H85019","20080401","20200630","","","","","1","","36L","","",""
"G7803767","DR I K SUDHA","","","CRANHAM HEALTH CENTRE","108 AVON ROAD","","UPMINSTER","","RM14 1RG","20080408","20240221","","RO59","F82674","20080408","20240221","","","","","1","","A3A8R","","",""
"G7803774","DR KEEMTI ARORA","","","GREAT HOLLANDS HEALTH CENTRE","GREAT HOLLANDS SQUARE","","BRACKNELL","","RG12 8WY","20080408","20240221","","RO59","K81094","20080408","20240221","","","","","1","","U2G6B","","",""
"G7803781","DR GORDON ROBERTSON","","","RED CROSS SURGERY","RED CROSS ROAD","GORING","READING","","RG8 9HG","20080408","20240221","","RO59","K84071","20080408","20240221","","","","","1","","10Q","","",""
"G7803798","DR C D MILFORD","","","HAYLING ISLAND HEALTH CENTRE","ELM GROVE","","HAYLING ISLAND","","PO11 9AP","20080409","20240221","","RO59","J82210","20080409","20240221","","","","","1","","D9Y0V","","",""
"G7803808","DR G O PERCIVAL","","","ST. MARY'S SURGERY","1 JOHNSON STREET","","SOUTHAMPTON","","SO14 1LT","20080409","20240221","","RO59","J82081","20080409","20240221","","","","","1","","D9Y0V","","",""
"G7803822","DR XAVIER","","","208C NEWTON ROAD","LOWTON","","WARRINGTON","","WA3 2AD","20080414","20240221","","RO59","P92651","20080414","20240221","","","","","1","","02H","","",""
"G7803839","DR Y SINGH","","","WESTMINSTER MEDICAL CENTRE","ALDAMS GROVE","","LIVERPOOL","","L4 3TT","20080414","20240221","","RO59","N82049","20080414","20240221","","","","","1","","99A","","",""
"G7803846","I. ROBERTS","","","HAYDOCK MEDICAL CENTRE","STATION ROAD","HAYDOCK","ST. HELENS","","WA11 0JN","20080401","20210831","","RO59","N83022","20080401","20210831","","","","","1","","01X","","",""
"G7803853","PHOEBE ABE","","","LANGLEY HEALTH CENTRE","COMMON ROAD","","SLOUGH","","SL3 8LE","20080401","20240221","","RO59","K81024","20080401","20240221","","","","","1","","U2G6B","","",""
"G7803860","SARAH BRADLEY","","","THE SURGERY","WATERY LANE","CLIFTON HAMPDEN","ABINGDON","","OX14 3EL","20080415","20240221","","RO59","K84034","20080415","20240221","","","","","1","","10Q","","",""
"G7803877","DR A ALAM","","","UMAR MEDICAL CENTRE","3 LIME STREET","","BLACKBURN","","BB1 7EP","20080415","20231231","","RO59","P81683","20080415","20231231","","","","","1","","00Q","","",""
"G7803884","DR BROOKBANKS","","","THE HEALTH CENTRE","ASH MEADOW","","MUCH HADHAM","","SG10 6DE","20080401","20240221","","RO59","E82021","20080401","20240221","","","","","1","","06K","","",""
"G7803891","DR MICHAEL POWELL","","","THE BOAT HOUSE SURGERY","WHITCHURCH ROAD","PANGBOURNE","READING","","RG8 7DP","20080401","20240221","","RO59","K81012","20080401","20240221","","","","","1","","15A","","",""
"G7803901","DR STEPHEN ANDREWS","","","THE LINGFIELD SURGERY","EAST GRINSTEAD ROAD","","LINGFIELD","","RH7 6ER","20080401","20240221","","RO59","H81023","20080401","20240221","","","","","1","","92A","","",""
"G7803918","DR V A AFSER","","","620 LONGBRIDGE ROAD","","","DAGENHAM","","RM8 2AJ","20080401","20240221","","RO59","F86040","20080401","20240221","","","","","1","","A3A8R","","",""
"G7803949","HUGH STRADLING","","","HADDENHAM MEDICAL CENTRE","STANBRIDGE ROAD","HADDENHAM","AYLESBURY","","HP17 8JX","20080401","20240221","","RO59","K82028","20080401","20240221","","","","","1","","14Y","","",""
"G7803956","DR M DRYDEN","","","THE TILE HOUSE","33 SHENFIELD ROAD","","BRENTWOOD","","CM15 8AQ","20080401","20240221","","RO59","F81038","20080401","20240221","","","","","1","","99E","","",""
"G7803963","DR NJ DAWES","","","THE DAWES FAMILY PRACTICE","83 SPOTLAND ROAD","","ROCHDALE","","OL12 6RX","20080401","20240221","","RO59","P86026","20080401","20240221","","","","","1","","01D","","",""
"G7803987","DR D THIMMIAH","","","BENIM MEDICAL CENTRE","2 PENVALLEY CRESCENT","","LIVERPOOL","","L6 3BY","20080401","20240221","","RO59","N82067","20080401","20240221","","","","","1","","99A","","",""
"G7803994","DR MARY B WELLS","","","STREETLY ROAD SURGERY","160-164 STREETLY ROAD","","BIRMINGHAM","","B23 7BD","20080501","20240221","","RO59","M85081","20080501","20240221","","","","","1","","15E","","",""
"G7804005","DR JANUSZ T WOZNIAK","","","KINGSFIELD MEDICAL CENTRE","146 ALCESTER ROAD SOUTH","","BIRMINGHAM","","B14 6AA","20080501","20240221","","RO59","M85037","20080501","20240221","","","","","1","","15E","","",""
"G7804012","DR A S BENNING","","","DOCTORS SURGERY","62 WEST END ROAD","","SOUTHAMPTON","","SO18 6TG","20080401","20240221","","RO59","J82040","20080401","20240221","","","","","1","","D9Y0V","","",""
"G7804036","DR J V ELLIOT","","","THE GROVE MEDICAL PRACTICE","CHURCH ROAD","","EGHAM","","TW20 9QJ","20080501","20240221","","RO59","H81066","20080501","20240221","","","","","1","","92A","","",""
"G7804043","DR V MAHAJAN","","","100 SPINDRIFT AVENUE","","","LONDON","","E14 9WU","20080501","20240221","","RO59","F84656","20080501","20240221","","","","","1","","A3A8R","","",""
"G7804050","DR TINKLER","","","THE SURGERY","34 TEME STREET","","TENBURY WELLS","","WR15 8AA","20080501","20240221","","RO59","M81042","20080501","20240221","","","","","1","","18C","","",""
"G7804067","DR R J A LEAR","","","34 TEME STREET","","","TENBURY WELLS","","WR15 8AA","20080501","20240221","","RO59","M81042","20080501","20240221","","","","","1","","18C","","",""
"G7804074","DR Y R BHIMPURIA","","","ROSEHILL MEDICAL CENTRE","ROSEHILL ROAD","RAWMARSH","ROTHERHAM","","S62 7BT","20080501","20170430","","RO59","C87609","20080501","20170430","","","","","1","","03L","","",""
"G7804081","DR C M RAYNER","","","SPRINGFIELD SURGERY","SPRINGFIELD","ELSTEAD","GODALMING","","GU8 6EG","20080501","20240221","","RO59","H81044","20080501","20240221","","","","","1","","92A","","",""
"G7804098","DR REBOLLO","","","CANBURY MEDICAL CENTRE","1 ELM ROAD","","KINGSTON UPON THAMES","","KT2 6HR","20080515","20240221","","RO59","H84010","20080515","20240221","","","","","1","","36L","","",""
"G7804115","DR TAYLOR-ROBERTS","","","WIMBLEDON VILLAGE SURGERY","35A HIGH STREET WIMBLEDON","","LONDON","","SW19 5BY","20080401","20240221","","RO59","H85027","20080401","20240221","","","","","1","","36L","","",""
"G7804122","DR PE WILSON","","","THE ALBION ROAD SURGERY","30 ALBION ROAD","","BROADSTAIRS","","CT10 2UP","20080520","20240221","","RO59","G82796","20080520","20240221","","","","","1","","91Q","","",""
"G7804139","DR HANNA","","","HILLTOP MEDICAL CENTRE","15 HILL TOP ROAD","","OLDBURY","","B68 9DU","20080401","20240221","","RO59","M88645","20080401","20240221","","","","","1","","D2P2L","","",""
"G7804146","DR V DUNNE","","","STAPLEHURST HEALTH CENTRE","OFFENS DRIVE","STAPLEHURST","TONBRIDGE","","TN12 0LB","20080521","20240221","","RO59","G82681","20080521","20240221","","","","","1","","91Q","","",""
"G7804153","DR JH SLEGGS","","","VICTORIA CROSS SURGERY","168-169 VICTORIA ROAD","","SWINDON","","SN1 3BU","20080401","20240221","","RO59","J83633","20080401","20240221","","","","","1","","92G","","",""
"G7804160","DR SW WHITING","","","SHIFNAL & PRIORSLEE MEDICAL PR","SHREWSBURY ROAD","","SHIFNAL","","TF11 8AJ","20080401","20240221","","RO59","M82038","20080401","20240221","","","","","1","","M2L0M","","",""
"G7804177","DR J A WILLIAMS","","","WESTBURY MEDICAL CENTRE","WESTBURY","","SHREWSBURY","","SY5 9QX","20080528","20240221","","RO59","M82013","20080528","20240221","","","","","1","","M2L0M","","",""
"G7804184","DR S Z HAIDER","","","VALANCE MEDICAL CENTRE","561-563 VALENCE AVENUE","","DAGENHAM","","RM8 3RH","20080528","20240221","","RO59","F82038","20080528","20240221","","","","","1","","A3A8R","","",""
"G7804191","DR PRATAP RAI DUBAL","","","27 BURGES ROAD","","","LONDON","","E6 2BJ","20080528","20240221","","RO59","F84070","20080528","20240221","","","","","1","","A3A8R","","",""
"G7804201","HONOR MERRIMAN","","","OAK VALE MEDICAL CENTRE","158-160 EDGE LANE DRIVE","","LIVERPOOL","","L13 4AQ","20080528","20240221","","RO59","N82041","20080528","20240221","","","","","1","","99A","","",""
"G7804218","GILES REED","","","WOODLANDS SURGERY","4 BURCHESTER PLACE","","BANBURY","","OX16 3WT","20080401","20240221","","RO59","K84062","20080401","20240221","","","","","1","","10Q","","",""
"G7804225","DR J SINGH","","","DOCTORS SURGERY","115 ROCHESTER ROAD","","GRAVESEND","","DA12 2HU","20080529","20240221","","RO59","G82648","20080529","20240221","","","","","1","","91Q","","",""
"G7804232","SHARADA MAN JOSHI","","","NEWTOWN HEALTH CENTRE","171 MELBOURNE AVENUE","","BIRMINGHAM","","B19 2JA","20080606","20240221","","RO59","M85020","20080606","20240221","","","","","1","","15E","","",""
"G7804249","DR P L TAYLOR","","","27-29 DERBY ROAD","","","PORTSMOUTH","","PO2 8HW","20080609","20240221","","RO59","J82149","20080609","20240221","","","","","1","","10R","","",""
"G7804256","DR C M CARBERRY","","","GROVE MEDICAL PRACTICE","SHIRLEY HEALTH CENTRE","GROVE ROAD","SOUTHAMPTON","","SO15 3UA","20080609","20240221","","RO59","J82088","20080609","20240221","","","","","1","","D9Y0V","","",""
"G7804263","DR B CHILLAL","","","THE SURGERY","BRIDGE STREET","ABERFAN","MERTHYR TYDFIL","","CF48 4RB","20080606","20240221","","RO59","W95634","20080606","20240221","","","","","1","","7A5","","",""
"G7804270","DR PETER PETRIE","","","CALCOT MEDICAL CENTRE","HAMPDEN ROAD","CHALFONT ST. PETER","GERRARDS CROSS","","SL9 9SA","20080610","20240221","","RO59","K82008","20080610","20240221","","","","","1","","14Y","","",""
"G7804287","DR M A BAIG","","","ANFIELD MEDICAL CENTRE","117 PRIORY ROAD","","LIVERPOOL","","L4 2SG","20080610","20240221","","RO59","N82103","20080610","20240221","","","","","1","","99A","","",""
"G7804311","DR GRW BROWNE","","","GLENLYN MEDICAL CENTRE","115 MOLESEY PARK ROAD","","EAST MOLESEY","","KT8 0JX","20080610","20240221","","RO59","H81078","20080610","20240221","","","","","1","","92A","","",""
"G7804328","DR S E KING","","","12 SANDBACH ROAD SOUTH","ALSAGER","","STOKE-ON-TRENT","","ST7 2LU","20140812","20240221","","RO59","N81008","20140812","20240221","","","","","1","","27D","","",""
"G7804335","DR BENNETT","","","NORTH HOUSE SURGERY","NORTH STREET","","RIPON","","HG4 1HL","20080610","20240221","","RO59","B82008","20080610","20240221","","","","","1","","42D","","",""
"G7804342","DR J WILLIAMS","","","ST. LUKES SURGERY","WARREN ROAD","","GUILDFORD","","GU1 3JH","20080610","20240221","","RO59","H81085","20080610","20240221","","","","","1","","92A","","",""
"G7804359","DR G T C OH","","","ST. DAVIDS HEALTH CENTRE","HADRIAN WAY","","STAINES","","TW19 7HT","20080610","20240221","","RO59","H81087","20080610","20240221","","","","","1","","92A","","",""
"G7804366","DR MOHAMMED ABDUL JABBAR","","","BUTE HOUSE MEDICAL CENTRE","16 LEAGRAVE ROAD","","LUTON","","LU4 8HZ","20080613","20240221","","RO59","E81048","20080613","20240221","","","","","1","","M1J4Y","","",""
"G7804373","DR NAMASIVAYAM","","","PARCHMORE MEDICAL CENTRE","97 PARCHMORE ROAD","","THORNTON HEATH","","CR7 8LY","20080616","20240221","","RO59","H83053","20080616","20240221","","","","","1","","36L","","",""
"G7804380","DR M BOLTON","","","THE NEW FOLLY","BELL MEAD","HIGH STREET","INGATESTONE","","CM4 0FA","20080401","20240221","","RO59","F81163","20080401","20240221","","","","","1","","99E","","",""
"G7804397","DR PF WILSON","","","DOCTORS SURGERY","29 DODINGTON","","WHITCHURCH","","SY13 1EL","20080401","20220430","","RO59","M82044","20080401","20220430","","","","","1","","M2L0M","","",""
"G7804407","DR V PRASAD","","","DOCTORS SURGERY","DENE DRIVE","","WINSFORD","","CW7 1AT","20080401","20240221","","RO59","N81024","20080401","20240221","","","","","1","","27D","","",""
"G7804414","DR PJ DENNITTS","","","BOUGHTON MEDICAL GROUP","BOUGHTON HEALTH CENTRE","HOOLE LANE","CHESTER","","CH2 3DP","20080401","20240221","","RO59","N81034","20080401","20240221","","","","","1","","27D","","",""
"G7804452","DR J B RICHARDS","","","CUMBERLAND HOUSE MEDICAL PRACTICE","WATERS GREEN MEDICAL CENTRE","SUNDERLAND STREET","MACCLESFIELD","","SK11 6JL","20080624","20240221","","RO59","N81079","20080624","20240221","","","","","1","","27D","","",""
"G7804469","DR J E RAMSDALE","","","ELMS MEDICAL CENTRE","31 HOOLE ROAD","","CHESTER","","CH2 3NH","20080624","20240221","","RO59","N81079","20080624","20240221","","","","","1","","27D","","",""
"G7804476","DR J E A WILLIAMS","","","EARNSWOOD MEDICAL CENTRE","EAGLE BRIDGE HEALTH & W'BEING CENTR","DUNWOODY WAY","CREWE","","CW1 3AW","20080624","20240221","","RO59","N81053","20080624","20240221","","","","","1","","27D","","",""
"G7804483","DR M L PRICE","","","LAUREL BANK SURGERY","OLD HALL STREET","","MALPAS","","SY14 8PS","20080624","20240221","","RO59","N81038","20080624","20240221","","","","","1","","27D","","",""
"G7804490","DR R J MURPHY","","","WITTON STREET SURGERY","162 WITTON STREET","","NORTHWICH","","CW9 5QU","20080401","20240221","","RO59","N81061","20080401","20240221","","","","","1","","27D","","",""
"G7804500","ROBERT WATSON","","","ST. MARYS SURGERY","ST. MARYS ROAD","","NEWBURY","","RG14 1EQ","20080401","20240221","","RO59","K81063","20080401","20240221","","","","","1","","15A","","",""
"G7804517","MURRAY ROBINSON","","","DOCTORS SURGERY","11 WESTFIELD ROAD","BLETCHLEY","MILTON KEYNES","","MK2 2DJ","20080401","20240221","","RO59","K82059","20080401","20240221","","","","","1","","M1J4Y","","",""
"G7804524","DR MOHAMED TARIQ NAZKI","","","STOCKLAND GREEN HEALTH CENTRE","192 RESERVOIR ROAD","ERDINGTON","BIRMINGHAM","","B23 6DJ","20080630","20240221","","RO59","M85716","20080630","20240221","","","","","1","","15E","","",""
"G7804531","DR BLEASE","","","THE BRIDGES MEDICAL CENTRE","26 COMMERCIAL ROAD","","WEYMOUTH","","DT4 7DW","20080701","20240221","","RO59","J81073","20080701","20240221","","","","","1","","11J","","",""
"G7804548","DR D CAMPBELL","","","TOWNHILL SURGERY","TOWNHILL FARM DISTRICT CENTRE","WESSEX ROAD, WEST END","SOUTHAMPTON","","SO18 3RA","20080701","20240221","","RO59","J82180","20080701","20240221","","","","","1","","D9Y0V","","",""
"G7804555","DR C D GOOD","","","DRYBROOK SURGERY","DRYBROOK ROAD","","DRYBROOK","","GL17 9JE","20140813","20240221","","RO59","L84024","20140813","20240221","","","","","1","","11M","","",""
"G7804562","RAJENDRA PRAKESH KULSHRESTHA","","","SUMMERFIELD PRIMARY CARE CENTR","WINSON GREEN ROAD","","BIRMINGHAM","","B18 7AG","20080702","20240221","","RO59","M85686","20080702","20240221","","","","","1","","15E","","",""
"G7804579","DR E WHITE","","","CROUCH OAK FAMILY PRACTICE","45 STATION ROAD","","ADDLESTONE","","KT15 2BH","20080704","20240221","","RO59","H81042","20080704","20240221","","","","","1","","92A","","",""
"G7804586","DR SK MEROTRA","","","QUINCEY RISE SURGERY","30 SANDRINGHAM WAY","","BRIERLEY HILL","","DY5 3JR","20080707","20240221","","RO59","M87618","20080707","20240221","","","","","1","","D2P2L","","",""
"G7804593","M. AHAMED","","","PRESCOT PRIMARY CARE RESOURCE CENTR","SEWELL STREET","","PRESCOT","","L34 1ND","20080708","20240221","","RO59","N83024","20080708","20240221","","","","","1","","01J","","",""
"G7804603","DR R TALUKDER","","","HIGH STREET PRACTICE","DENE DRIVE","","WINSFORD","","CW7 1AT","20080708","20240221","","RO59","N81040","20080708","20240221","","","","","1","","27D","","",""
"G7804610","DR T A KHAN","","","HIGH STREET SURGERY","100-106 HIGH STREET","","DOVER","","CT16 1EQ","20080708","20240221","","RO59","G82117","20080708","20240221","","","","","1","","91Q","","",""
"G7804627","DR SL GHOSE","","","POULTER ROAD MEDICAL CENTRE","34-36 POULTER ROAD","","LIVERPOOL","","L9 0HJ","20080710","20240221","","RO59","N82648","20080710","20240221","","","","","1","","99A","","",""
"G7804634","DR MILTON BALLON","","","LEVENSHULME HEALTH CENTRE","DUNSTABLE STREET","","MANCHESTER","","M19 3BX","20080714","20240221","","RO59","P84016","20080714","20240221","","","","","1","","14L","","",""
"G7804641","DR R K AGRAWAL","","","DOCTORS SURGERY","1A RED LION ROAD","","SURBITON","","KT6 7QG","20080401","20240221","","RO59","H84054","20080401","20240221","","","","","1","","36L","","",""
"G7804658","DR J SKARIA","","","HILLCREST MEDICAL CENTRE","PRYCE STREET","","MOUNTAIN ASH","","CF45 3NT","20080401","20191130","","RO59","W95055","20080401","20191130","","","","","1","","7A5","","",""
"G7804665","DR JAYARATNE","","","395A ADDISCOMBE ROAD","","","CROYDON","","CR0 7LJ","20080401","20240221","","RO59","H83008","20080401","20240221","","","","","1","","36L","","",""
"G7804672","DR S E GLASS","","","PRIORSLEGH MEDICAL CENTRE","CIVIC CENTRE","PARK LANE, POYNTON","STOCKPORT","","SK12 1GP","20080722","20200630","","RO59","N81073","20080722","20200630","","","","","1","","27D","","",""
"G7804689","DR WALL","","","WALL & PARTNERS","ST. JOHNS HEALTH CENTRE","HERMITAGE ROAD","WOKING","","GU21 8TD","20080722","20240221","","RO59","H81025","20080722","20240221","","","","","1","","92A","","",""
"G7804696","DR SI AHMED","","","BUCHANAN MEDICAL CENTRE","GORTON STREET","","BLACKPOOL","","FY1 3HP","20080722","20181130","","RO60","P81760","20080722","20181130","","","","","1","","00R","","",""
"G7804706","DR COONAN","","","MEDICAL CENTRE","66-68 STOKE ROAD","","GOSPORT","","PO12 1PA","20080401","20240221","","RO59","J82083","20080401","20240221","","","","","1","","D9Y0V","","",""
"G7804713","DR S P LINTON","","","S P LINTON & PARTNERS","MILESTONE SURGERY","208 FARNBOROUGH ROAD","FARNBOROUGH","","GU14 7JN","20080724","20240221","","RO59","J82067","20080724","20240221","","","","","1","","D9Y0V","","",""
"G7804720","DR SD HOBERG","","","OSBORNE PRACTICE SURGERY","25 OSBORNE ROAD","","SOUTHSEA","","PO5 3ND","20080724","20240221","","RO59","J82028","20080724","20240221","","","","","1","","10R","","",""
"G7804729","TYRRELL","","","REDLANDS LANE","CRONDALL","","FARNHAM","","GU10 5RF","20210813","20240221","","RO59","J82628","20210813","20240221","","","","","1","","D9Y0V","","",""
"G7804737","DR GUNSON","","","BEAUFORT ROAD SURGERY","21 BEAUFORT ROAD","","BOURNEMOUTH","","BH6 5AJ","20080401","20240221","","RO59","J81018","20080401","20240221","","","","","1","","11J","","",""
"G7804744","DR KELLY","","","CHRISTCHURCH MEDICAL CENTRE","1 PUREWELL CROSS ROAD","","CHRISTCHURCH","","BH23 3AF","20080401","20240221","","RO59","J81057","20080401","20240221","","","","","1","","11J","","",""
"G7804751","DR HELENA GAWLINSKA","","","DOCTORS SURGERY","154 SHEEN ROAD","","RICHMOND","","TW9 1UU","20080401","20240221","","RO59","H84017","20080401","20240221","","","","","1","","36L","","",""
"G7804775","DR T.R.J CORNER","","","KENNETH MACRAE MEDICAL CENTRE","32 CHURCH ROAD","RAINFORD","ST. HELENS","","WA11 8HJ","20080730","20240221","","RO59","N83049","20080730","20240221","","","","","1","","01X","","",""
"G7804782","DR F R A KINGSTON","","","ASH VALE HEALTH CENTRE","WHARF ROAD","ASH VALE","ALDERSHOT","","GU12 5BA","20080730","20240221","","RO59","H81013","20080730","20240221","","","","","1","","92A","","",""
"G7804799","DR BW O'BRIEN","","","THE SURGERY","RECREATION DRIVE","BILLINGE","WIGAN","","WN5 7LY","20080731","20240221","","RO59","N83019","20080731","20240221","","","","","1","","01X","","",""
"G7804823","DR S SINGH","","","TOWNSEND MEDICAL CENTRE","263 TOWNSEND LANE","CLUBMOOR","LIVERPOOL","","L13 9DG","20080806","20240221","","RO59","N82052","20080806","20240221","","","","","1","","99A","","",""
"G7804830","DR H CONI","","","THE GRANGE SURGERY","THE CAUSEWAY","","PETERSFIELD","","GU31 4JR","20080811","20240221","","RO59","J82201","20080811","20240221","","","","","1","","D9Y0V","","",""
"G7804847","DR GJ DAVENPORT","","","WRENBURY SURGERY","NANTWICH ROAD","WRENBURY","NANTWICH","","CW5 8EW","20080818","20240221","","RO59","N81614","20080818","20240221","","","","","1","","27D","","",""
"G7804854","DR LISK","","","LINDEN HALL SURGERY","STATION ROAD","","NEWPORT","","TF10 7EN","20080819","20240221","","RO59","M82056","20080819","20240221","","","","","1","","M2L0M","","",""
"G7804861","DR A OKONMAH","","","FALCON ROAD MEDICAL CENTRE","47 FALCON ROAD","","LONDON","","SW11 2PH","20080821","20240221","","RO59","H85002","20080821","20240221","","","","","1","","36L","","",""
"G7804885","DR ROBERT STANOWSKI","","","TOLLGATE MEDICAL CENTRE","220 TOLLGATE ROAD","","LONDON","","E6 5JS","20080401","20240221","","RO59","F84093","20080401","20240221","","","","","1","","A3A8R","","",""
"G7804892","DR S PETHEN","","","FOREST END SURGERY","FOREST END","","WATERLOOVILLE","","PO7 7AH","20080825","20240221","","RO59","J82134","20080825","20240221","","","","","1","","D9Y0V","","",""
"G7804919","DR S DAS GUPTA","","","THE SURGERY","5 BEAN ROAD","","DUDLEY","","DY2 8TH","20080827","20240221","","RO59","M87036","20080827","20240221","","","","","1","","D2P2L","","",""
"G7804933","DR A H E D'ARCY","","","EASTLEIGH HEALTH CENTRE","NEWTOWN ROAD","","EASTLEIGH","","SO50 9AG","20080401","20240221","","RO59","J82020","20080401","20240221","","","","","1","","D9Y0V","","",""
"G7804940","DR M R MUSTAFA","","","FAREHAM HEALTH CENTRE","CIVIC WAY","","FAREHAM","","PO16 7ER","20080401","20240221","","RO59","J82154","20080401","20240221","","","","","1","","D9Y0V","","",""
"G7804957","ALAN JOHN MCDONALD","","","LEY HILL SURGERY","228 LICHFIELD ROAD","","SUTTON COLDFIELD","","B74 2UE","20080401","20191130","","RO59","M85083","20080401","20191130","","","","","1","","15E","","",""
"G7804964","MF DUFFY","","","OAK VALE MEDICAL PRACTICE","158-160 EDGE LANE DRIVE","","LIVERPOOL","","L13 4AQ","20080401","20240221","","RO59","N82041","20080401","20240221","","","","","1","","99A","","",""
"G7804971","CHRISTOPHER TROWER","","","POPLAR GROVE PRACTICE","MEADOW WAY","","AYLESBURY","","HP20 1XB","20080401","20240221","","RO59","K82038","20080401","20240221","","","","","1","","14Y","","",""
"G7804988","ADAM ROSEN","","","IVER HEATH HEALTH CENTRE","91 TREWARDEN AVENUE","","IVER","","SL0 0SB","20080401","20240221","","RO59","K82006","20080401","20240221","","","","","1","","14Y","","",""
"G7804995","H D EVANS","","","DOCTORS SURGERY","16 WEST STREET","","NEWPORT","","PO30 1PR","20080401","20240221","","RO59","J84017","20080401","20240221","","","","","1","","D9Y0V","","",""
"G7805006","P N LATHIA","","","DOCTORS SURGERY","46-48 CLAPHAM ROAD","","BEDFORD","","MK41 7PW","20080401","20190331","","RO59","E81062","20080401","20190331","","","","","1","","M1J4Y","","",""
"G7805020","DR T THOMAS","","","LANSDOWNE ROAD SURGERY","6 LANSDOWNE ROAD","","BEDFORD","","MK40 2BU","20080401","20180131","","RO59","E81020","20080401","20180131","","","","","1","","M1J4Y","","",""
"G7805037","IMM WOODS","","","LONG LANE MEDICAL CENTRE","LONG LANE","WALTON","LIVERPOOL","","L9 6DQ","20080401","20240221","","RO59","N82110","20080401","20240221","","","","","1","","99A","","",""
"G7805044","OAKWOOD SURGERY","","","CHURCH STREET","MANSFIELD WOODHOUSE","","MANSFIELD","","NG19 8BL","20080401","20240221","","RO59","C84016","20080401","20240221","","","","","1","","52R","","",""
"G7805051","S SINGH","","","TARBOCK MEDICAL CENTRE","104 TARBOCK ROAD","HUYTON","LIVERPOOL","","L36 5TH","20080401","20240221","","RO59","N83047","20080401","20240221","","","","","1","","01J","","",""
"G7805068","DR S A PHOTIOU","","","1 WARREN ROAD","","","LIVERPOOL","","L23 6TZ","20080401","20240221","","RO59","N84020","20080401","20240221","","","","","1","","01T","","",""
"G7805075","KNOWLE GREEN SURGERY","","","STAINES HEALTH CENTRE","KNOWLE GREEN","","STAINES","","TW18 1XD","20080401","20240221","","RO59","H81002","20080401","20240221","","","","","1","","92A","","",""
"G7805082","EDWARD MICHAEL LEE","","","WHITSTABLE HEALTH CENTRE","HARBOUR STREET","","WHITSTABLE","","CT5 1BZ","20080401","20240221","","RO59","G82071","20080401","20240221","","","","","1","","91Q","","",""
"G7805099","DR MICHAEL BUTTERISS","","","DOCTORS SURGERY","1 LEIGHTON ROAD","","LEIGHTON BUZZARD","","LU7 1LB","20080401","20240221","","RO59","E81044","20080401","20240221","","","","","1","","M1J4Y","","",""
"G7805109","TOWNHILL MEDICAL PRACTICE","","","GUARDS AVENUE","","","CATERHAM","","CR3 5XL","20080401","20240221","","RO59","H81060","20080401","20240221","","","","","1","","92A","","",""
"G7805116","GOLDSWORTH PARK HEALTH CENTRE","","","HEALTH CENTRE","THE GOLDSWORTH PARK CENTRE","","WOKING","","GU21 3LQ","20080401","20240221","","RO59","H81024","20080401","20240221","","","","","1","","92A","","",""
"G7805123","KNOWLE GREEN SURGERY","","","STAINES HEALTH CENTRE","KNOWLE GREEN","","STAINES","","TW18 1XD","20080401","20240221","","RO59","H81002","20080401","20240221","","","","","1","","92A","","",""
"G7805130","DR M A FAAL","","","PADDINGTON GREEN HEALTH CENTRE","4 PRINCESS LOUISE CLOSE","","LONDON","","W2 1LQ","20080401","20240221","","RO59","E87008","20080401","20240221","","","","","1","","W2U3Z","","",""
"G7805154","DR K NATH","","","THE PARK MEDICAL PRACTICE","PEDDERS LANE","ASHTON-ON-RIBBLE","PRESTON","","PR2 1HR","20080924","20180429","","RO59","P81700","20080924","20180429","","","","","1","","01E","","",""
"G7805178","DR C SANDER-HESS","","","THE SURGERY","19 ESPLANADE","","RYDE","","PO33 2EH","20080926","20240221","","RO59","J84005","20080926","20240221","","","","","1","","D9Y0V","","",""
"G7805185","DR TINGAY","","","THE SURGERY","MANOR FARM ROAD","BERE REGIS","WAREHAM","","BH20 7HB","20080401","20240221","","RO59","J81020","20080401","20240221","","","","","1","","11J","","",""
"G7805192","DR BAJAJ","","","THE SURGERY","216 SLAG LANE","LOWTON","WARRINGTON","","WA3 2EZ","20080401","20240221","","RO59","P92648","20080401","20240221","","","","","1","","02H","","",""
"G7805202","DR H J W PELLY & PARTNERS","","","THE SURGERY","DEAN LANE","SIXPENNY HANDLEY","SALISBURY","","SP5 5PA","20081001","20240221","","RO59","J81083","20081001","20240221","","","","","1","","11J","","",""
"G7805233","DR YVONNE VEITCH","","","BROMLEY BY BOW HEALTH CENTRE","ST. LEONARDS STREET","","LONDON","","E3 3BT","20081001","20240221","","RO59","F84122","20081001","20240221","","","","","1","","A3A8R","","",""
"G7805240","DR CAPES","","","PICKERING MEDICAL PRACTICE","SOUTHGATE","","PICKERING","","YO18 8BL","20081006","20240221","","RO59","B82033","20081006","20240221","","","","","1","","03Q","","",""
"G7805257","PATRICK BROOKE","","","FALKLAND SURGERY","MONKS LANE","","NEWBURY","","RG14 7DF","20081007","20240221","","RO59","K81017","20081007","20240221","","","","","1","","15A","","",""
"G7805264","DR SHAH","","","SUNBURY HEALTH CENTRE","GREEN STREET","","SUNBURY-ON-THAMES","","TW16 6RH","20081008","20240221","","RO59","H81003","20081008","20240221","","","","","1","","92A","","",""
"G7805271","DR MICHAEL R BARRIE","","","95 RICHMOND ROAD","","","KINGSTON UPON THAMES","","KT2 5BT","20081010","20240221","","RO59","H84061","20081010","20240221","","","","","1","","36L","","",""
"G7805288","DR D J H MACDONALD","","","GEORGE STREET SURGERY","16 GEORGE STREET","","ALDERLEY EDGE","","SK9 7EP","20081015","20240221","","RO59","N81033","20081015","20240221","","","","","1","","27D","","",""
"G7805305","DR VIMAL AGGARWAL","","","DOCTORS SURGERY","439 MILL STREET","","MANCHESTER","","M11 2BL","20081001","20240221","","RO59","P84041","20081001","20240221","","","","","1","","14L","","",""
"G7805312","MARTYN JONES","","","EDLESBOROUGH SURGERY","11 COW LANE","EDLESBOROUGH","DUNSTABLE","","LU6 2HT","20081001","20240221","","RO59","K82079","20081001","20240221","","","","","1","","14Y","","",""
"G7805329","SH ASKARI","","","YEWTREE MEDICAL CENTRE","21 BERRYFORD ROAD","","LIVERPOOL","","L14 4ED","20081001","20240221","","RO59","N82002","20081001","20240221","","","","","1","","99A","","",""
"G7805343","DR M K LODH","","","132 LISCARD ROAD","","","WALLASEY","","CH44 0AB","20081001","20240221","","RO59","N85027","20081001","20240221","","","","","1","","12F","","",""
"G7805367","DR VIVIAN PHILLIPS","","","THE SURGERY","18 NEW WOKINGHAM ROAD","","CROWTHORNE","","RG45 6JL","20081001","20240221","","RO59","K81080","20081001","20240221","","","","","1","","U2G6B","","",""
"G7805374","DR IAN KEMP","","","EMMER GREEN SURGERY","4 ST. BARNABAS ROAD","EMMER GREEN","READING","","RG4 8RA","20081001","20240221","","RO59","K81041","20081001","20240221","","","","","1","","15A","","",""
"G7805381","DR BOSWORTH (POOLED LIST)","","","WHITECLIFF SURGERY","WHITE CLIFF MILL STREET","","BLANDFORD FORUM","","DT11 7BH","20081001","20240221","","RO59","J81019","20081001","20240221","","","","","1","","11J","","",""
"G7805398","DR NIGEL REID","","","HORSE FAIR SURGERY","12 HORSE FAIR","","BANBURY","","OX16 0AJ","20081001","20210630","","RO59","K84040","20081001","20210630","","","","","1","","10Q","","",""
"G7805408","DR V GILLANDERS","","","THE SURGERY","THOMPSON AVENUE","CULCHETH","WARRINGTON","","WA3 4EB","20081001","20240221","","RO59","N81059","20081001","20240221","","","","","1","","02E","","",""
"G7805415","DR A N HARMAN","","","THE STONEHAM LANE SURGERY","6 STONEHAM LANE","","SOUTHAMPTON","","SO16 2AB","20081001","20240221","","RO59","J82087","20081001","20240221","","","","","1","","D9Y0V","","",""
"G7805422","DR J L O'SULLIVAN","","","DOCTORS SURGERY","HAZELEY ROAD","TWYFORD","WINCHESTER","","SO21 1QY","20081001","20240221","","RO59","J82116","20081001","20240221","","","","","1","","D9Y0V","","",""
"G7805439","DR MARC BARTON","","","CROSS DEEP SURGERY","4 CROSS DEEP","","TWICKENHAM","","TW1 4QP","20081029","20240221","","RO59","H84039","20081029","20240221","","","","","1","","36L","","",""
"G7805446","DR BAGHAT SINGH","","","DOCTORS SURGERY","11 WESTFIELD ROAD","BLETCHLEY","MILTON KEYNES","","MK2 2DJ","20081001","20240221","","RO59","K82059","20081001","20240221","","","","","1","","M1J4Y","","",""
"G7805453","DR DENISE KINCH","","","NORTHFIELD HEALTH CENTRE","15 ST. HELIERS ROAD","","BIRMINGHAM","","B31 1QT","20081001","20240221","","RO59","M85030","20081001","20240221","","","","","1","","15E","","",""
"G7805460","DR HOWE POOLED LIST","","","CANFORD HEATH GROUP PRACTICE","9 MITCHELL ROAD","","POOLE","","BH17 8UE","20081001","20240221","","RO59","J81013","20081001","20240221","","","","","1","","11J","","",""
"G7805477","DR D C HEATON AND PARTNERS","","","CURIE AVENUE","","","SWINDON","","SN1 4GB","20081001","20240221","","RO59","J83022","20081001","20240221","","","","","1","","92G","","",""
"G7805484","DR SOPHIE DEXTER","","","THE WRYTHE GREEN SURGERY","WRYTHE LANE","","CARSHALTON","","SM5 2RE","20081001","20240221","","RO59","H85025","20081001","20240221","","","","","1","","36L","","",""
"G7805491","DR P C TOONE","","","ST. CLEMENTS PARTNERSHIP","TANNER STREET","","WINCHESTER","","SO23 8AD","20081001","20240221","","RO59","J82035","20081001","20240221","","","","","1","","D9Y0V","","",""
"G7805501","DR SHEEHAN","","","HARWORTH CLINIC","SCROOBY ROAD","HARWORTH","DONCASTER","","DN11 8JT","20081001","20240221","","RO59","C86013","20081001","20240221","","","","","1","","02Q","","",""
"G7805532","DR A MUKHERJEE","","","CENTRAL PARK MEDICAL CENTRE","132-134 LISCARD ROAD","","WALLASEY","","CH44 0AB","20081001","20240221","","RO59","N85027","20081001","20240221","","","","","1","","12F","","",""
"G7805549","DR T A SHIREHAMPTON","","","PEWSEY SURGERY","HIGH STREET","","PEWSEY","","SN9 5AQ","20081120","20180930","","RO59","J83017","20081120","20180930","","","","","1","","92G","","",""
"G7805563","DR GANGULI","","","DOCTORS SURGERY","245-247 CANKLOW ROAD","","ROTHERHAM","","S60 2JH","20081001","20170430","","RO59","C87610","20081001","20170430","","","","","1","","03L","","",""
"G7805587","DR R O CHAPMAN","","","OAKWOOD MEDICAL CENTRE","BROADWAY","BARNTON","NORTHWICH","","CW8 4LF","20081001","20240221","","RO59","N81067","20081001","20240221","","","","","1","","27D","","",""
"G7805594","DR J GOONERATNE","","","MEDICAL SURGERY","33 MORLAND ROAD","","CROYDON","","CR0 6HA","20081001","20240221","","RO59","H83023","20081001","20240221","","","","","1","","36L","","",""
"G7805604","DR ROBERT E M WAUGH","","","MARKET STREET HEALTH GROUP","52 MARKET STREET","","LONDON","","E6 2RA","20081001","20240221","","RO59","F84004","20081001","20240221","","","","","1","","A3A8R","","",""
"G7805611","DR H K CHAN","","","NEWTOWN HEALTH CARE CENTRE","OAKS PLACE","CALDWELL ROAD","WIDNES","","WA8 7GD","20081001","20240221","","RO59","N81064","20081001","20240221","","","","","1","","01F","","",""
"G7805628","DR A SAGAR","","","66 TEEHEY LANE","","","WIRRAL","","CH63 2JN","20081001","20240221","","RO59","N85057","20081001","20240221","","","","","1","","12F","","",""
"G7805635","DR KRISHNA-RAO","","","RILLWOOD MEDICAL CENTRE","TONMEAD ROAD","","NORTHAMPTON","","NN3 8HZ","20081001","20240221","","RO59","K83020","20081001","20240221","","","","","1","","78H","","",""
"G7805659","DR GROVES","","","BROWN CLEE MEDICAL CENTRE","STATION ROAD","DITTON PRIORS","BRIDGNORTH","","WV16 6SS","20081128","20240221","","RO59","M82024","20081128","20240221","","","","","1","","M2L0M","","",""
"G7805666","DR WILLIAM CRONAN","","","ST. CLEMENTS SURGERY","39 TEMPLE STREET","","OXFORD","","OX4 1JS","20081001","20240221","","RO59","K84060","20081001","20240221","","","","","1","","10Q","","",""
"G7805673","DR BOND","","","232-240 NEVELLS ROAD","","","LETCHWORTH GARDEN CITY","","SG6 4UB","20081001","20240221","","RO59","E82082","20081001","20240221","","","","","1","","06K","","",""
"G7805680","DR A J GREEN","","","ARGYLL HOUSE","78 WEST STREET","","RYDE","","PO33 2QG","20081001","20240221","","RO59","J84008","20081001","20240221","","","","","1","","D9Y0V","","",""
"G7805697","DR K MAJUMDAR","","","DOCTORS SURGERY","18 GARFIELD ROAD","","RYDE","","PO33 2PT","20081001","20170430","","RO59","J84602","20081001","20170430","","","","","1","","D9Y0V","","",""
"G7805707","DR NICHOLAS YATES","","","NEWBURY STREET SURGERY","NEWBURY STREET","KINTBURY","HUNGERFORD","","RG17 9UX","20081001","20240221","","RO59","J82054","20081001","20240221","","","","","1","","15A","","",""
"G7805714","DR DERMOT KELLEHER","","","100 BEACONSFIELD VILLAS","","","BRIGHTON","","BN1 6HE","20081001","20240221","","RO59","G81646","20081001","20240221","01273 555999","","","","1","","09D","","",""
"G7805721","DR A M KILCOYNE","","","DOCTORS SURGERY","38 HIGHFIELD ROAD","","SOUTHAMPTON","","SO17 1PJ","20081001","20240221","","RO59","J82183","20081001","20240221","","","","","1","","D9Y0V","","",""
"G7805738","DR SEONAID SIMPSON","","","FAIRFIELD MEDICAL CENTRE","GROVE STREET","","PETWORTH","","GU28 0LP","20081001","20240221","","RO59","H82006","20081001","20240221","","","","","1","","70F","","",""
"G7805745","DR ASP KUSHWAHA","","","THE BROADWAY MEDICAL CENTRE","213 BROADWAY","","WALSALL","","WS1 3HD","20081209","20240221","","RO59","M91619","20081209","20240221","","","","","1","","D2P2L","","",""
"G7805752","DR CC HULBERT","","","LAUREL BANK SURGERY","OLD HALL STREET","","MALPAS","","SY14 8PS","20081209","20240221","","RO59","N81038","20081209","20240221","","","","","1","","27D","","",""
"G7805769","DR SPENCER","","","BURTON LATIMER MEDICAL CENTRE","HIGHAM ROAD","BURTON LATIMER","KETTERING","","NN15 5PU","20081209","20240221","","RO59","K83037","20081209","20240221","","","","","1","","78H","","",""
"G7805776","DR A D PESTRIDGE","","","RINGWOOD HEALTH CENTRE","THE CLOSE","","RINGWOOD","","BH24 1JY","20081001","20240221","","RO59","J82039","20081001","20240221","","","","","1","","D9Y0V","","",""
"G7805790","DR J T MACBRAYNE","","","THE OAKLEY SURGERY","ADDINGTON WAY","","LUTON","","LU4 9FJ","20081001","20240221","","RO59","E81025","20081001","20240221","","","","","1","","M1J4Y","","",""
"G7805800","DR S K MUKHERJEE","","","CENTRAL PARK MEDICAL CENTRE","132-134 LISCARD ROAD","","WALLASEY","","CH44 0AB","20081001","20240221","","RO59","N85027","20081001","20240221","","","","","1","","12F","","",""
"G7805817","DR ROGER HARRINGTON","","","NORTH END SURGERY","HIGH STREET","","BUCKINGHAM","","MK18 1NU","20081001","20240221","","RO59","K82007","20081001","20240221","","","","","1","","14Y","","",""
"G7805824","DR R P H HOLMES","","","STROUD HEALTH CENTRE","BEECHES GREEN","","STROUD","","GL5 4BH","20140813","20240221","","RO59","L84039","20140813","20240221","","","","","1","","11M","","",""
"G7805831","DR VALARIE SMITH","","","THE MANDEVILLE SURGERY","HANNON ROAD","","AYLESBURY","","HP21 8TR","20081001","20240221","","RO59","K82019","20081001","20240221","","","","","1","","14Y","","",""
"G7805848","DR S O OLATIGBE","","","THE CHAFFORD HUNDRED MEDICAL C","DRAKE ROAD","CHAFFORD HUNDRED","GRAYS","","RM16 6RS","20081001","20240221","","RO59","F81113","20081001","20240221","","","","","1","","07G","","",""
"G7805862","DR A T CASTLE - CASTLE PARTNERSHIP","","","CASTLE PARTNERSHIP MEDICAL PRA","MILE END ROAD SURGERY","29 MILE END ROAD","NORWICH","","NR4 7QX","20081001","20240221","","RO59","D82011","20081001","20240221","","","","","1","","26A","","",""
"G7805879","DR JOHN HAYDEN","","","THE ABINGDON SURGERY","65 STERT STREET","","ABINGDON","","OX14 3LB","20080101","20240221","","RO59","K84054","20080101","20240221","","","","","1","","10Q","","",""
"G7805886","DR GUPTA","","","BRIDGEWATER MEDICAL CENTRE","HENRY STREET","","LEIGH","","WN7 2PE","20081223","20240221","","RO59","Y00050","20081223","20240221","","","","","1","","02H","","",""
"G7805893","B LANNIGAN","","","THE ORCHARD SURGERY","BROMBOROUGH VILLAGE ROAD","","WIRRAL","","CH62 7EU","20081230","20240221","","RO59","N85047","20081230","20240221","","","","","1","","12F","","",""
"G7805903","S H LOWE","","","PATTERDALE LODGE MEDICAL CENTRE","LEGH STREET","","NEWTON-LE-WILLOWS","","WA12 9NE","20081230","20240221","","RO59","N83002","20081230","20240221","","","","","1","","01X","","",""
"G7805910","DR P D'ARCY","","","ST. GEORGE'S MEDICAL CENTRE","55 ST. GEORGES AVENUE","","SHEERNESS","","ME12 1QU","20090102","20240221","","RO59","G82057","20090102","20240221","","","","","1","","91Q","","",""
"G7805927","DR ELIZABETH HORNUNG","","","LANGLEY CORNER SURGERY","IFIELD GREEN","IFIELD","CRAWLEY","","RH11 0NF","20090102","20240221","","RO59","Y00351","20090102","20240221","","","","","1","","70F","","",""
"G7805941","DR J G H NOTT","","","ASPLANDS MEDICAL CENTRE","ASPLANDS CLOSE","WOBURN SANDS","MILTON KEYNES","","MK17 8QP","20081001","20240221","","RO59","E81050","20081001","20240221","","","","","1","","M1J4Y","","",""
"G7805965","DR J CHESWORTH","","","CINDERHILL LANE SURGERY","95 CINDERHILL LANE","SCHOLAR GREEN","STOKE-ON-TRENT","","ST7 3HR","20081001","20240221","","RO59","N81071","20081001","20240221","","","","","1","","27D","","",""
"G7805972","DR M J MACLEAN","","","BOSMERE MEDICAL CENTRE","SOLENT ROAD","","HAVANT","","PO9 1DQ","20081001","20240221","","RO59","J82010","20081001","20240221","","","","","1","","D9Y0V","","",""
"G7805989","DR AL YAQUBI","","","VILLAGE SURGERY","157-159 HIGH STREET","","NEW MALDEN","","KT3 4BH","20090114","20231231","","RO59","H84629","20090114","20231231","","","","","1","","36L","","",""
"G7805996","DR MALHOTRA","","","RADSHAW MEDICAL CENTRE","33-35 BUTT HILL","KIPPAX","LEEDS","","LS25 7JU","20090115","20190730","","RO59","B86037","20090115","20190730","","","","","1","","15F","","",""
"G7806014","DR S JANIKIEWICZ","","","MORETON HEALTH CLINIC","8-14 CHADWICK STREET","","WIRRAL","","CH46 7XA","20090115","20231231","","RO59","N85040","20090115","20231231","","","","","1","","12F","","",""
"G7806038","DR A R CRAIGHILL","","","BROMLEY COMMON PRACTICE","1A POPE ROAD","","BROMLEY","","BR2 9SS","20081001","20240221","","RO59","G84024","20081001","20240221","","","","","1","","72Q","","",""
"G7806045","DR R MILLS","","","CHEVIOT ROAD SURGERY","1 CHEVIOT ROAD","","SOUTHAMPTON","","SO16 4AH","20090119","20240221","","RO59","J82062","20090119","20240221","","","","","1","","D9Y0V","","",""
"G7806052","DR P W G EVANS","","","JUBILEE SURGERY","BARRYS MEADOW","HIGH STREET, TITCHFIELD","FAREHAM","","PO14 4EH","20090120","20221130","","RO59","J82044","20090120","20221130","","","","","1","","D9Y0V","","",""
"G7806069","DR A GARGAV & PARTNERS","","","96 WHITLEY WOOD LANE","","","READING","","RG2 8PP","20081001","20240221","","RO59","K81056","20081001","20240221","","","","","1","","15A","","",""
"G7806076","DR M ALI","","","PENGAM HEALTH CLINIC","FORDS ROAD","FLEUR DE LIS","BLACKWOOD","","NP12 3XS","20081001","20240221","","RO59","W93614","20081001","20240221","","","","","1","","7A6","","",""
"G7806083","DR B U JAYADEV","","","HOLLIES HEALTH CENTRE","SWAN STREET","","MERTHYR TYDFIL","","CF47 8ET","20081001","20240221","","RO59","W95005","20081001","20240221","","","","","1","","7A5","","",""
"G7806090","DR IAN COX","","","WHITCHURCH ROAD","PANGBOURNE","","READING","","RG8 7DP","20081001","20240221","","RO59","K81012","20081001","20240221","","","","","1","","15A","","",""
"G7806100","RP AGARWAL","","","OLD SWAN HEALTH CENTRE","CRYSTAL CLOSE","","LIVERPOOL","","L13 2GA","20090127","20240221","","RO59","N82074","20090127","20240221","","","","","1","","99A","","",""
"G7806117","DR RIYAZ AHMED","","","FINCH ROAD PRIMARY CARE CENTRE","2 FINCH ROAD","","BIRMINGHAM","","B19 1HS","20081001","20240221","","RO59","M85154","20081001","20240221","","","","","1","","15E","","",""
"G7806131","DR R BROOK","","","HELSBY HEALTH CENTRE","LOWER ROBIN HOOD LANE, HELSBY","","FRODSHAM","","WA6 0BW","20081001","20240221","","RO59","N81005","20081001","20240221","","","","","1","","27D","","",""
"G7806148","DR K PRAMANIK","","","HORNSPIT MEDICAL CENTRE","32 HORNSPIT LANE","","LIVERPOOL","","L12 5LT","20081001","20240221","","RO59","N82663","20081001","20240221","","","","","1","","99A","","",""
"G7806155","DR A T PLOWRIGHT","","","PLOWRIGHT MEDICAL CENTRE","1 JACK BODDY WAY","","SWAFFHAM","","PE37 7HJ","20081001","20240221","","RO59","D82621","20081001","20240221","","","","","1","","26A","","",""
"G7806162","DR S RASTOGI","","","GILLMOSS MEDICAL CENTRE","48 PETHERICK ROAD","","LIVERPOOL","","L11 0AG","20090204","20240221","","RO59","N82087","20090204","20240221","","","","","1","","99A","","",""
"G7806179","DR GOKARAJU ARUNA PRASAD","","","PATIENCE LANE SURGERY","PATIENCE LANE","","NORMANTON","","WF6 2JZ","20090204","20240221","","RO59","B87602","20090204","20240221","","","","","1","","03R","","",""
"G7806186","DR S ARULRAJAH","","","WANDLE ROAD SURGERY","161 WANDLE ROAD","","MORDEN","","SM4 6AA","20090205","20240221","","RO59","H85110","20090205","20240221","","","","","1","","36L","","",""
"G7806203","DR ASHA NARAYANASWAMY","","","THE SURGERY","91 RUSHBOTTOM LANE","","BENFLEET","","SS7 4EA","20090213","20240221","","RO59","F81142","20090213","20240221","","","","","1","","99F","","",""
"G7806210","DR CHARLES MARTIN-BATES","","","EMMER GREEN SURGERY","4 ST. BARNABAS ROAD","EMMER GREEN","READING","","RG4 8RA","20081001","20240221","","RO59","K81041","20081001","20240221","","","","","1","","15A","","",""
"G7806234","DR M N PATEL","","","WIDE WAY MEDICAL CENTRE","WIDE WAY","","MITCHAM","","CR4 1BP","20090217","20240221","","RO59","H85029","20090217","20240221","","","","","1","","36L","","",""
"G7806241","DR P H MANCHETT","","","STOCKBRIDGE SURGERY","NEW STREET","","STOCKBRIDGE","","SO20 6HG","20081001","20240221","","RO59","J82016","20081001","20240221","","","","","1","","D9Y0V","","",""
"G7806258","DR R GEE","","","LOWER GORNAL MEDICAL PRACTICE","BULL STREET","GORNAL WOOD","DUDLEY","","DY3 2NQ","20090219","20240221","","RO59","M87015","20090219","20240221","","","","","1","","D2P2L","","",""
"G7806265","DR R B LATTHE","","","LICHFIELD ROAD PRACTICE","77 LICHFIELD ROAD","WALSALL WOOD","WALSALL","","WS9 9NP","20090223","20240221","","RO59","M91639","20090223","20240221","","","","","1","","D2P2L","","",""
"G7806272","DR M L MITCHELL","","","ABBEY MEAD SURGERY","THE ABBEY","","ROMSEY","","SO51 8EN","20081001","20240221","","RO59","J82145","20081001","20240221","","","","","1","","D9Y0V","","",""
"G7806289","DR R M MATHESON","","","ADELAIDE MEDICAL CENTRE","36 ADELAIDE ROAD","","ANDOVER","","SP10 1HA","20090223","20240221","","RO59","J82053","20090223","20240221","","","","","1","","D9Y0V","","",""
"G7806296","DR A G WARD","","","LIPHOOK VILLAGE SURGERY","SHIP HOUSE","THE SQUARE","LIPHOOK","","GU30 7AQ","20090224","20180429","","RO59","J82027","20090224","20180429","","","","","1","","D9Y0V","","",""
"G7806306","DR S C MILES","","","BROOK HOUSE SURGERY","98 OAKLEY ROAD","","SOUTHAMPTON","","SO16 4NZ","20090224","20240221","","RO59","J82213","20090224","20240221","","","","","1","","D9Y0V","","",""
"G7806313","DR FREEMAN","","","FREEMAN SURGERY","12 DURHAM ROAD","","LONDON","","SW20 0TW","20090225","20240221","","RO59","H85051","20090225","20240221","","","","","1","","36L","","",""
"G7806320","DR CHRISTOPHER MARK BEDFORD-TURNER","","","DOWNLANDS MEDICAL CENTRE","77 HIGH STREET","","POLEGATE","","BN26 6AE","20081001","20240221","","RO59","G81004","20081001","20240221","","","","","1","","97R","","",""
"G7806337","JOHN CARROLL","","","THE SURGERY","MAIN STREET","NORTHIAM","RYE","","TN31 6ND","20081001","20240221","","RO59","G81087","20081001","20240221","","","","","1","","97R","","",""
"G7806344","JANET FIONA DINWIDDIE","","","THE SURGERY","MAIN STREET","NORTHIAM","RYE","","TN31 6ND","20081001","20240221","","RO59","G81087","20081001","20240221","","","","","1","","97R","","",""
"G7806351","DR IAIN BLACK (POOLED LIST)","","","MELBOURNE HEALTH CARE CENTRE","PENN LANE","MELBOURNE","DERBY","","DE73 8EF","20081001","20240221","","RO59","C81108","20081001","20240221","","","","","1","","15M","","",""
"G7806368","DR MEIR GARSON","","","MAULDETH MEDICAL CENTRE","112 MAULDETH ROAD","","MANCHESTER","","M14 6SQ","20090227","20240221","","RO59","P84018","20090227","20240221","","","","","1","","14L","","",""
"G7806375","DR I T EGGLING","","","JENNER HOUSE SURGERY","159 COVE ROAD","","FARNBOROUGH","","GU14 0HQ","20081001","20240221","","RO59","J82125","20081001","20240221","","","","","1","","D9Y0V","","",""
"G7806399","JONATHAN WILLIAM MORGAN","","","SHOREHAM HEALTH CENTRE","POND ROAD","","SHOREHAM-BY-SEA","","BN43 5US","20081001","20240221","","RO59","H82023","20081001","20240221","","","","","1","","70F","","",""
"G7806409","DR S J DEAN","","","CHESSEL PRACTICE","SULLIVAN ROAD","","SOUTHAMPTON","","SO19 0HS","20081001","20240221","","RO59","J82101","20081001","20240221","","","","","1","","D9Y0V","","",""
"G7806416","DR J LAKE","","","COSHAM PARK HOUSE SURGERY","COSHAM PARK AVENUE","","PORTSMOUTH","","PO6 3BG","20081001","20240221","","RO59","J82155","20081001","20240221","","","","","1","","10R","","",""
"G7806454","DR LOXTON","","","THE QUARTER JACK SURGERY","RODWAYS CORNER","","WIMBORNE","","BH21 1AP","20081001","20240221","","RO59","J81034","20081001","20240221","","","","","1","","11J","","",""
"G7806461","DR HULL","","","DOCTORS SURGERY","24 ABBOTSBURY ROAD","","WEYMOUTH","","DT4 0AE","20081001","20200630","","RO59","J81055","20081001","20200630","","","","","1","","11J","","",""
"G7806478","DR BROCKBANK","","","THE SURGERY","37 PARK ROAD","","TEDDINGTON","","TW11 0AU","20081001","20240221","","RO59","H84002","20081001","20240221","","","","","1","","36L","","",""
"G7806485","DR P W BASSETT","","","DERRY DOWN HEALTH CLINIC","DERRY DOWN","ST. MARY BOURNE","ANDOVER","","SP11 6BS","20090306","20170430","","RO59","J82629","20090306","20170430","","","","","1","","D9Y0V","","",""
"G7806492","DR D SEMARK","","","STOPSLEY VILLAGE PRACTICE","26 ASHCROFT ROAD","","LUTON","","LU2 9AU","20090306","20240221","","RO59","E81006","20090306","20240221","","","","","1","","M1J4Y","","",""
"G7806502","DR D J C BENNET","","","FLEET MEDICAL CENTRE","CHURCH ROAD","","FLEET","","GU51 4PE","20090306","20240221","","RO59","J82110","20090306","20240221","","","","","1","","D9Y0V","","",""
"G7806519","DR R C CARTER","","","STOKEWOOD SURGERY","FAIR OAK ROAD","FAIR OAK","EASTLEIGH","","SO50 8AU","20090306","20240221","","RO59","J82018","20090306","20240221","","","","","1","","D9Y0V","","",""
"G7806526","DR M A PALMER","","","THE OAKLANDS PRACTICE","YATELEY MEDICAL CENTRE","OAKLANDS","YATELEY","","GU46 7LS","20090306","20170430","","RO59","J82052","20090306","20170430","","","","","1","","D9Y0V","","",""
"G7806533","DR D J PARKER","","","BARTON SURGERY","1 EDMUNDS CLOSE","BARTON ON SEA","NEW MILTON","","BH25 7EN","20090306","20210630","","RO59","J82166","20090306","20210630","","","","","1","","D9Y0V","","",""
"G7806540","DR R M REID","","","GOSPORT MEDICAL PRACTICE","63 THE AVENUE","","GOSPORT","","PO12 2JX","20090306","20240221","","RO59","J82006","20090306","20240221","","","","","1","","D9Y0V","","",""
"G7806557","DR S V REES-JONES","","","WEST END SURGERY","MOORGREEN ROAD","WEST END","SOUTHAMPTON","","SO30 3PY","20090306","20231231","","RO59","J82008","20090306","20231231","","","","","1","","D9Y0V","","",""
"G7806564","DR S N SINGH","","","THE SURGERY","73 QUEENS DRIVE","MOSSLEY HILL","LIVERPOOL","","L18 2DU","20090309","20240221","","RO59","N82107","20090309","20240221","","","","","1","","99A","","",""
"G7806571","DR KO","","","MANOR PRACTICE","57 MANOR ROAD","","WALLINGTON","","SM6 0DE","20090312","20240221","","RO59","H85116","20090312","20240221","","","","","1","","36L","","",""
"G7806588","DR R T JOHNSON","","","HELSBY STREET MEDICAL CENTRE","2 HELSBY STREET","","WARRINGTON","","WA1 3AW","20090312","20240221","","RO59","N81041","20090312","20240221","","","","","1","","02E","","",""
"G7806595","DR A DEMERTIOU","","","HUNTLEY MOUNT MEDICAL CENTRE","HUNTLEY MOUNT ROAD","","BURY","","BL9 6JA","20081001","20240221","","RO59","P83621","20081001","20240221","","","","","1","","00V","","",""
"G7806605","MN CHANDRASHEKHAR","","","EARLE ROAD MEDICAL CENTRE","131 EARLE ROAD","","LIVERPOOL","","L7 6HD","20090316","20240221","","RO59","N82065","20090316","20240221","","","","","1","","99A","","",""
"G7806612","AK JAIN","","","GATEACRE MEDICAL CENTRE","49 BELLE VALE ROAD","","LIVERPOOL","","L25 2PA","20090316","20240221","","RO59","N82050","20090316","20240221","","","","","1","","99A","","",""
"G7806629","DR MICHAEL J I DAY","","","DUNSTABLE HEALTH CENTRE","PRIORY GARDENS","","DUNSTABLE","","LU6 3SU","20081001","20240221","","RO59","E81014","20081001","20240221","","","","","1","","M1J4Y","","",""
"G7806650","DR KANGATHARAN","","","BEDFORD HILL FAMILY PRACTICE","120-124 BEDFORD HILL","","LONDON","","SW12 9HS","20090317","20240221","","RO59","H85009","20090317","20240221","","","","","1","","36L","","",""
"G7806667","DR MALCOLM PETER BROOK","","","THE BORCHARDT MEDICAL CENTRE","62 WHITCHURCH ROAD","","MANCHESTER","","M20 1EB","20090317","20240221","","RO59","P84010","20090317","20240221","","","","","1","","14L","","",""
"G7806674","DR JOGINDAR SINGH RANDHAWA","","","RK MEDICAL PRACTICE","BROWNLEY ROAD","","MANCHESTER","","M22 9UH","20090317","20240221","","RO59","P84014","20090317","20240221","","","","","1","","14L","","",""
"G7806681","DR BRIAN PEACOCK","","","GREAT BARFORD SURGERY","26 SILVER STREET","GREAT BARFORD","BEDFORD","","MK44 3HX","20090318","20240221","","RO59","E81031","20090318","20240221","","","","","1","","M1J4Y","","",""
"G7806698","DR RN HEGDE","","","RIVERSIDE CENTRE FOR HEALTH","PARK STREET","","LIVERPOOL","","L8 6QP","20090320","20240221","","RO59","N82646","20090320","20240221","","","","","1","","99A","","",""
"G7806715","DR S C PIGOTT","","","MERCHISTON SURGERY","HIGHWORTH ROAD","","SWINDON","","SN3 4BF","20081001","20240221","","RO59","J83001","20081001","20240221","","","","","1","","92G","","",""
"G7806722","DR HILLYARD","","","SHOTFIELD HEALTH CLINIC","SHOTFIELD","","WALLINGTON","","SM6 0HY","20081001","20240221","","RO59","H85653","20081001","20240221","","","","","1","","36L","","",""
"G7806739","G.S DARABSHAW","","","149 DINAS LANE","","","LIVERPOOL","","L36 2NW","20081001","20240221","","RO59","N83014","20081001","20240221","","","","","1","","01J","","",""
"G7806746","JOHN WALTON","","","12 WEST STREET","","","CHIPPING NORTON","","OX7 5AA","20081001","20240221","","RO59","K84030","20081001","20240221","","","","","1","","10Q","","",""
"G7806777","DR KEVIN H K AU","","","DOCTORS SURGERY","16 ST. JOHNS STREET","KEMPSTON","BEDFORD","","MK42 8EP","20081001","20220331","","RO59","E81056","20081001","20220331","","","","","1","","M1J4Y","","",""
"G7806791","DR C F SEWARD","","","MILFORD HEALTH CENTRE","SEA ROAD","MILFORD ON SEA","LYMINGTON","","SO41 0PG","20081001","20240221","","RO59","J82139","20081001","20240221","","","","","1","","D9Y0V","","",""
"G7806801","DR J R HUGHES","","","THE HOMEWELL PRACTICE","SUITE B, HAVANT HEALTH CENTRE","CIVIC CENTRE ROAD","HAVANT","","PO9 2AQ","20090331","20240221","","RO59","J82196","20090331","20240221","","","","","1","","D9Y0V","","",""
"G7806818","DR KW CURTIS","","","WINCHCOMBE MEDICAL CENTRE","GREET ROAD","WINCHCOMBE","CHELTENHAM","","GL54 5GZ","20090401","20240221","","RO59","L84004","20090401","20240221","","","","","1","","11M","","",""
"G7806825","DR PANTON","","","THE SURGERY","14 GERVIS ROAD","","BOURNEMOUTH","","BH1 3EG","20090401","20240221","","RO59","J81072","20090401","20240221","","","","","1","","11J","","",""
"G7806832","DR CM MARRIOTT","","","THE AVENUE SURGERY","1 THE AVENUE","","CIRENCESTER","","GL7 1EH","20090402","20240221","","RO59","L84018","20090402","20240221","","","","","1","","11M","","",""
"G7806849","DR COOLING","","","CHEAM FAMILY PRACTICE","THE KNOLL","PARKSIDE","SUTTON","","SM3 8BS","20090401","20240221","","RO59","H85105","20090401","20240221","","","","","1","","36L","","",""
"G7806863","DR R K TIWARI","","","BUTETOWN HEALTH CENTRE","40 LOUDOUN SQUARE","","CARDIFF","","CF10 5UZ","20090415","20240221","","RO59","W97616","20090415","20240221","","","","","1","","7A4","","",""
"G7806870","DR FORBES","","","WESSEX ROAD SURGERY","WESSEX ROAD","","POOLE","","BH14 8BQ","20090416","20220731","","RO59","J81048","20090416","20220731","","","","","1","","11J","","",""
"G7806887","DR K M PRIMROSE","","","UNIVERSITY SURGERY","NUFFIELD CENTRE","ST. MICHAELS ROAD","PORTSMOUTH","","PO1 2BH","20090417","20240221","","RO59","J82199","20090417","20240221","","","","","1","","10R","","",""
"G7806894","DR P G Y MEAKINS","","","THE OLD FIRE STATION SURGERY","68A PORTSMOUTH ROAD","","SOUTHAMPTON","","SO19 9AN","20090417","20240221","","RO59","J82128","20090417","20240221","","","","","1","","D9Y0V","","",""
"G7806904","DR BEGG","","","162 ST. JOHN'S HILL","","","LONDON","","SW11 1SW","20090401","20240221","","RO59","H85075","20090401","20240221","","","","","1","","36L","","",""
"G7806911","AJAIB BANSEL","","","STONE CROSS SURGERY","MIMRAM ROAD","STONE CROSS","PEVENSEY","","BN24 5DZ","20090421","20240221","","RO59","G81008","20090421","20240221","","","","","1","","97R","","",""
"G7806928","DR GOGBASHIAN","","","DOCTORS SURGERY","265 CHELLS WAY","","STEVENAGE","","SG2 0HN","20090401","20231231","","RO59","E82089","20090401","20231231","","","","","1","","06K","","",""
"G7806942","DR GUDI","","","DOCTORS SURGERY","68 HILL TOP","","WEST BROMWICH","","B70 0PU","20090422","20240221","","RO59","M88014","20090422","20240221","","","","","1","","D2P2L","","",""
"G7806950","DR BHADAURIA","","","JUBILEE HEALTH CENTRE","1 UPPER RUSSELL STREET","","WEDNESBURY","","WS10 7AR","20090422","20230228","","RO59","M88627","20090422","20230228","","","","","1","","D2P2L","","",""
"G7806966","DR SINGH","","","DOCTORS SURGERY","1 CAMBRIDGE STREET","","WEST BROMWICH","","B70 8HQ","20090422","20240221","","RO59","M88628","20090422","20240221","","","","","1","","D2P2L","","",""
"G7806980","DR SHARMA","","","WHITEHEATH MEDICAL CENTRE","BADSEY ROAD","","OLDBURY","","B69 1EJ","20090422","20180930","","RO59","M88032","20090422","20180930","","","","","1","","D2P2L","","",""
"G7806997","DR MARSHALL","","","MARKET DEEPING HEALTH CENTRE","GODSEY LANE","MARKET DEEPING","PETERBOROUGH","","PE6 8DD","20090401","20240221","","RO59","C83026","20090401","20240221","","","","","1","","71E","","",""
"G7807008","DR D L FARRALL","","","CITY WALLS MEDICAL CENTRE","ST. MARTINS WAY","","CHESTER","","CH1 2NR","20090401","20240221","","RO59","N81082","20090401","20240221","","","","","1","","27D","","",""
"G7807015","DR PERERA","","","BISHOPSFORD ROAD SURGERY","191 BISHOPSFORD ROAD","","MORDEN","","SM4 6BH","20090423","20240221","","RO59","H85023","20090423","20240221","","","","","1","","36L","","",""
"G7807022","SAMARENDRA SENGUPTA","","","SALTLEY HEALTH CENTRE","CRADOCK ROAD","SALTLEY","BIRMINGHAM","","B8 1RZ","20090430","20240221","","RO59","M85110","20090430","20240221","","","","","1","","15E","","",""
"G7807039","DR MOHAMMED","","","DOCTORS SURGERY","26 HARTINGTON STREET","","BARROW-IN-FURNESS","","LA14 5SL","20090401","20240221","","RO59","A82629","20090401","20240221","","","","","1","","01K","","",""
"G7807046","DR V K RAMU","","","SHEERNESS HEALTH CENTRE","250-262 HIGH STREET","","SHEERNESS","","ME12 1UP","20090401","20240221","","RO59","G82687","20090401","20240221","","","","","1","","91Q","","",""
"G7807053","DR BRAY","","","SPRINGFIELD SURGERY","SPRINGFIELD","ELSTEAD","GODALMING","","GU8 6EG","20090511","20240221","","RO59","H81044","20090511","20240221","","","","","1","","92A","","",""
"G7807060","T PRASAD","","","ST JAMES HEALTH CENTRE","29 GREAT GEORGE SQUARE","","LIVERPOOL","","L1 5DZ","20090511","20240221","","RO59","N82082","20090511","20240221","","","","","1","","99A","","",""
"G7807077","DR K M HEDGES","","","SHARNBROOK SURGERY","TEMPLARS WAY","SHARNBROOK","BEDFORD","","MK44 1PZ","20090401","20240221","","RO59","E81024","20090401","20240221","","","","","1","","M1J4Y","","",""
"G7807084","DR KENNETH BURCH","","","THAME HEALTH CENTRE","EAST STREET","","THAME","","OX9 3JZ","20090401","20240221","","RO59","K84050","20090401","20240221","","","","","1","","10Q","","",""
"G7807091","ALEXANDER BUCHANAN LOCH","","","BINGHAM HEALTH CENTRE","EATON PLACE","BINGHAM","NOTTINGHAM","","NG13 8BE","20090515","20240221","","RO59","C84017","20090515","20240221","","","","","1","","52R","","",""
"G7807101","DR CAROL BARKER","","","THE BRUNSWICK SURGERY","18-19 WESTERN ROAD","","HOVE","","BN3 1AE","20090401","20240221","","RO59","G81638","20090401","20240221","","","","","1","","09D","","",""
"G7807125","DR S J EDWARDS","","","PEELHOUSE MEDICAL PLAZA","1 PEELHOUSE LANE","","WIDNES","","WA8 6DH","20090401","20240221","","RO59","N81045","20090401","20240221","","","","","1","","01F","","",""
"G7807132","JOHN ROBINSON","","","MEADOWCROFT SURGERY","JACKSON ROAD","","AYLESBURY","","HP19 9EX","20090401","20231231","","RO59","K82018","20090401","20231231","","","","","1","","14Y","","",""
"G7807149","PATRICIA SUTLIEFF","","","THE SURGERY","VICTORIA ROAD","WARGRAVE","READING","","RG10 8BP","20090401","20240221","","RO59","K81055","20090401","20240221","","","","","1","","15A","","",""
"G7807156","DR J L DAVIES","","","ANNANDALE MEDICAL CENTRE","MOBBERLEY ROAD","","KNUTSFORD","","WA16 8HR","20090401","20240221","","RO59","N81049","20090401","20240221","","","","","1","","27D","","",""
"G7807163","DR CP KHATRI","","","THE SURGERY","HIGH STREET","TYLDESLEY","MANCHESTER","","M29 8AL","20090601","20240221","","RO59","P92033","20090601","20240221","","","","","1","","02H","","",""
"G7807170","DR SATISH K DHAMIJA","","","172 GARRETTS GREEN LANE","SHELDON","","BIRMINGHAM","","B26 2SB","20090401","20240221","","RO59","M85694","20090401","20240221","","","","","1","","15E","","",""
"G7807187","DR MADAN PRASAD ACHARYA","","","MAYPOLE HEALTH CENTRE","10 SLADEPOOL FARM ROAD","MAYPOLE","BIRMINGHAM","","B14 5DJ","20090602","20170630","","RO59","M85059","20090602","20170630","","","","","1","","15E","","",""
"G7807194","DR NEWLANDS","","","WOODCOTE GROUP PRACTICE","32 FOXLEY LANE","","PURLEY","","CR8 3EE","20090602","20240221","","RO59","H83024","20090602","20240221","","","","","1","","36L","","",""
"G7807204","DR I JOHNSON","","","SHEEN LANE HEALTH CENTRE","70 SHEEN LANE","","LONDON","","SW14 8LP","20090401","20240221","","RO59","H84055","20090401","20240221","","","","","1","","36L","","",""
"G7807211","DR CAVE","","","NEW LAND SURGERY","GROVE MEDICAL CENTRE","WOOTTON GROVE","SHERBORNE","","DT9 4DL","20090401","20200731","","RO59","J81032","20090401","20200731","","","","","1","","11J","","",""
"G7807228","DR JAMES MAIR","","","NEWMARKET ROAD SURGERY","7 NEWMARKET ROAD","","NORWICH","","NR2 2HL","20090605","20200731","","RO59","D82069","20090605","20200731","","","","","1","","26A","","",""
"G7807235","MICHAEL S BAIRD","","","WAKE GREEN SURGERY","7 WAKE GREEN ROAD","","BIRMINGHAM","","B13 9HD","20090605","20240221","","RO59","M85074","20090605","20240221","","","","","1","","15E","","",""
"G7807242","DR H LINEHAN","","","CHURCHFIELD MEDICAL CENTRE","322 CRAWLEY GREEN ROAD","","LUTON","","LU2 9SB","20090401","20190331","","RO59","E81075","20090401","20190331","","","","","1","","M1J4Y","","",""
"G7807259","CLARISSA FABRE","","","THE SURGERY, APRIL COTTAGE","HIGH STREET","BUXTED","UCKFIELD","","TN22 4LA","20090611","20240221","","RO59","G81102","20090611","20240221","","","","","1","","97R","","",""
"G7807266","DR CYNTHIA ECLAIR-HEATH","","","OXTED HEALTH CENTRE","10 GRESHAM ROAD","","OXTED","","RH8 0BQ","20090401","20240221","","RO59","H81056","20090401","20240221","","","","","1","","92A","","",""
"G7807273","DR A KUMAR","","","DANEHOUSE MEDICAL CENTRE","OLD HALL STREET","","BURNLEY","","BB10 1BH","20090617","20201130","","RO59","P81756","20090617","20201130","","","","","1","","01A","","",""
"G7807297","DR M J DENNIS","","","ST WERBURGH'S MEDICAL PRACTICE","2A GEORGE STREET","","CHESTER","","CH1 3EQ","20090622","20240221","","RO59","N81655","20090622","20240221","","","","","1","","27D","","",""
"G7807321","DR SURENDRA KUMAR SHARMA","","","DAVID MEDICAL CENTRE","274 BARLOW MOOR ROAD","","MANCHESTER","","M21 8HA","20090624","20240221","","RO59","P84066","20090624","20240221","","","","","1","","14L","","",""
"G7807345","DR TWEEDIE","","","MARKET DEEPING HEALTH CENTRE","GODSEY LANE","MARKET DEEPING","PETERBOROUGH","","PE6 8DD","20090626","20240221","","RO59","C83026","20090626","20240221","","","","","1","","71E","","",""
"G7807352","VANIYA NANU","","","MILMAN ROAD HEALTH CENTRE","MILMAN ROAD","","READING","","RG2 0AR","20090401","20180429","","RO59","K81101","20090401","20180429","","","","","1","","15A","","",""
"G7807369","DR SUDHAKARA GUPTA SRIPUYRAM","","","BROADWAY SURGERY","9 THE BROADWAY","","BRIGHTON","","BN2 5NF","20090401","20240221","","RO59","G81669","20090401","20240221","","","","","1","","09D","","",""
"G7807376","DR DONALD M COUPER","","","ASHCROFT SURGERY","803 STOCKPORT ROAD","","MANCHESTER","","M19 3BS","20090401","20240221","","RO59","P84053","20090401","20240221","","","","","1","","14L","","",""
"G7807383","DR D KUMAR","","","CLAYTON HEALTH CENTRE","89 NORTH ROAD","","MANCHESTER","","M11 4EJ","20090401","20240221","","RO59","P84032","20090401","20240221","","","","","1","","14L","","",""
"G7807390","DR BOOTH","","","CAMBERLEY HEALTH CENTRE","159 FRIMLEY ROAD","","CAMBERLEY","","GU15 2QA","20090401","20240221","","RO59","H81082","20090401","20240221","","","","","1","","92A","","",""
"G7807400","DR V MALLIPEDDI","","","4A CROWN ROW","","","BRACKNELL","","RG12 0TH","20090401","20240221","","RO59","K81656","20090401","20240221","","","","","1","","U2G6B","","",""
"G7807417","DR D TRENCHARD","","","GREEN BANK SURGERY","274 MANCHESTER ROAD","","WARRINGTON","","WA1 3RB","20090401","20240221","","RO59","N81089","20090401","20240221","","","","","1","","02E","","",""
"G7807431","DR KEITH ENDERSBY","","","FALKLAND SURGERY","MONKS LANE","","NEWBURY","","RG14 7DF","20090401","20240221","","RO59","K81017","20090401","20240221","","","","","1","","15A","","",""
"G7807448","PETER FLINT","","","THE NEW SURGERY","LINDO LODGE","LINDO CLOSE","CHESHAM","","HP5 2JN","20090401","20240221","","RO59","K82024","20090401","20240221","","","","","1","","14Y","","",""
"G7807455","RS THOMAS","","","RAINBOW MEDICAL CENTRE","333 ROBINS LANE","","ST. HELENS","","WA9 3PN","20140814","20240221","","RO59","N83001","20140814","20240221","","","","","1","","01X","","",""
"G7807462","KIRBY (291)","","","ROMNEY HOUSE SURGERY","39-41 LONG STREET","","TETBURY","","GL8 8AA","20090401","20200630","","RO59","L84020","20090401","20200630","","","","","1","","11M","","",""
"G7807479","GRR JESUDASON","","","OLD SWAN HEALTH CENTRE","CRYSTAL CLOSE","","LIVERPOOL","","L13 2GA","20090401","20240221","","RO59","N82074","20090401","20240221","","","","","1","","99A","","",""
"G7807486","DR R H STEPHENSON","","","ROWCROFT MEDICAL CENTRE","ROWCROFT RETREAT","","STROUD","","GL5 3BE","20090401","20240221","","RO59","L84007","20090401","20240221","","","","","1","","11M","","",""
"G7807493","DR BEDDAGE WICKRAMANAYAKA","","","PARKSIDE MEDICAL CENTRE","WHALLEY DRIVE","BLETCHLEY","MILTON KEYNES","","MK3 6EN","20090401","20240221","","RO59","K82015","20090401","20240221","","","","","1","","M1J4Y","","",""
"G7807503","DR J R W BOTHAM","","","NEWTOWN SURGERY","STATION ROAD","","LIPHOOK","","GU30 7DR","20090401","20231231","","RO59","J82164","20090401","20231231","","","","","1","","D9Y0V","","",""
"G7807527","DR G T CUBITT","","","CHAWTON PARK SURGERY","CHAWTON PARK ROAD","","ALTON","","GU34 1RJ","20090401","20240221","","RO59","J82136","20090401","20240221","","","","","1","","D9Y0V","","",""
"G7807541","DR MURALI SRI-GANESHAN","","","DOCTORS SURGERY","59 HOLT ROAD","NORTH ELMHAM","DEREHAM","","NR20 5JS","20090401","20240221","","RO59","D82056","20090401","20240221","","","","","1","","26A","","",""
"G7807558","DR C E MORLEY","","","WICK SURGERY","111 HIGH STREET","WICK","BRISTOL","","BS30 5QQ","20090401","20240221","","RO59","L81029","20090401","20240221","","","","","1","","15C","","",""
"G7807565","DR CHRISTOPHER DUNSTAN","","","WEST BYFLEET HEALTH CENTRE","MADEIRA ROAD","","WEST BYFLEET","","KT14 6DH","20090401","20240221","","RO59","H81036","20090401","20240221","","","","","1","","92A","","",""
"G7807572","DR R K BAJAJ","","","KIRKDALE MEDICAL CENTRE","14 WALLER CLOSE","","LIVERPOOL","","L4 4QJ","20090401","20240221","","RO59","N82101","20090401","20240221","","","","","1","","99A","","",""
"G7807589","DR I A SHAD","","","CARFAX HEALTH CENTRE","THE HEALTH CENTRE","CARFAX STREET","SWINDON","","SN1 1ED","20090401","20231231","","RO59","Y00058","20090401","20231231","","","","","1","","92G","","",""
"G7807596","IAN JACOBS","","","GROVELANDS SURGERY","701 OXFORD ROAD","","READING","","RG30 1HG","20090401","20240221","","RO59","K81078","20090401","20240221","","","","","1","","15A","","",""
"G7807613","DR AMAR SINGH RANOTE","","","HARPURHEY HEALTH CENTRE","1 CHURCH LANE","","MANCHESTER","","M9 4BE","20090401","20240221","","RO59","P84065","20090401","20240221","","","","","1","","14L","","",""
"G7807620","DR S BALACHANDRAN","","","CROSSHALL SURGERY","31 HIGH STREET","ST. MARY CRAY","ORPINGTON","","BR5 3NL","20090401","20200630","","RO59","G84628","20090401","20200630","","","","","1","","72Q","","",""
"G7807637","DR JUDITH BOGDANOR","","","JERICHO HEALTH CENTRE","WALTON STREET","","OXFORD","","OX2 6NW","20090401","20240221","","RO59","K84078","20090401","20240221","","","","","1","","10Q","","",""
"G7807644","DR MANOHAR L SWAMI","","","RUSSELL STREET DOCTORS SURGERY","79 RUSSELL STREET","","READING","","RG1 7XG","20090401","20240221","","RO59","K81636","20090401","20240221","","","","","1","","15A","","",""
"G7807651","DR T UNNIKRISHNAN","","","NETHERFIELD ROAD","","","DEWSBURY","","WF13 3JY","20090401","20240221","","RO59","B85650","20090401","20240221","","","","","1","","X2C4Y","","",""
"G7807675","DR HOWCROFT","","","PENYBONT ROAD","","","KNIGHTON","","LD7 1HB","20090401","20240221","","RO59","M82620","20090401","20240221","","","","","1","","7A7","","",""
"G7807682","DR C P M ALI","","","LATCHFORD MEDICAL CENTRE","5 THELWALL LANE","","WARRINGTON","","WA4 1LJ","20090401","20240221","","RO59","N81065","20090401","20240221","","","","","1","","02E","","",""
"G7807699","FIONA EMERSON","","","BUTLERS GREEN ROAD","","","HAYWARDS HEATH","","RH16 4BN","20090401","20240221","","RO59","H82044","20090401","20240221","","","","","1","","70F","","",""
"G7807709","DR S G HAIKERWAL","","","SHAKESPEARE HOUSE HEALTH CENTRE","SHAKESPEARE ROAD","","BASINGSTOKE","","RG24 9DS","20090401","20170430","","RO59","J82096","20090401","20170430","","","","","1","","D9Y0V","","",""
"G7807716","DR NICHOLAS BULMER","","","SLEAFORD ROAD MEDICAL CENTRE","BOSTON WEST BUSINESS PARK","SLEAFORD ROAD","BOSTON","","PE21 8EG","20090401","20240221","","RO59","C83060","20090401","20240221","","","","","1","","71E","","",""
"G7807723","DR A C DUTTON","","","LAWTON HOUSE SURGERY","BROMLEY ROAD","","CONGLETON","","CW12 1QG","20090401","20240221","","RO59","N81052","20090401","20240221","","","","","1","","27D","","",""
"G7807730","DR ROBERTS","","","ROTHSCHILD HOUSE SURGERY","CHAPEL STREET","","TRING","","HP23 6PU","20090401","20240221","","RO59","E82001","20090401","20240221","","","","","1","","06N","","",""
"G7807747","DR PHJ HANRATH","","","THE SURGERY","WALLIS AVENUE","PARKWOOD","MAIDSTONE","","ME15 9JJ","20090401","20240221","","RO59","G82641","20090401","20240221","","","","","1","","91Q","","",""
"G7807754","DR C A R BALDOCK","","","THE HEALTH CENTRE","IVELDALE DRIVE","","SHEFFORD","","SG17 5AU","20090401","20240221","","RO59","E81033","20090401","20240221","","","","","1","","M1J4Y","","",""
"G7807778","DR B KHAN","","","MEDICAL CENTRE","JAMES STREET","MARKHAM","BLACKWOOD","","NP12 0QN","20090401","20240221","","RO59","W93010","20090401","20240221","","","","","1","","7A6","","",""
"G7807785","DR C W HOWARD","","","PONDTAIL","GODSTONE GREEN","","GODSTONE","","RH9 8DY","20090401","20240221","","RO59","H81005","20090401","20240221","","","","","1","","92A","","",""
"G7807819","DR ADAMS","","","ORCHID HOUSE SURGERY","FERNDOWN MEDICAL CENTRE","ST. MARYS ROAD","FERNDOWN","","BH22 9HB","20090401","20240221","","RO59","J81002","20090401","20240221","","","","","1","","11J","","",""
"G7807833","DR CROUCH","","","FRITHWOOD SURGERY","45 TANGLEWOOD WAY","CHALFORD","STROUD","","GL6 8DE","20090401","20240221","","RO59","L84016","20090401","20240221","","","","","1","","11M","","",""
"G7807840","DR TAJAMMUL HUSAIN","","","BEWBUSH MEDICAL CENTRE","BEWBUSH PLACE","","CRAWLEY","","RH11 8XT","20090401","20240221","","RO59","H82088","20090401","20240221","","","","","1","","70F","","",""
"G7807857","DR M ELLIOT","","","STATION HOUSE SURGERY","STATION ROAD","","KENDAL","","LA9 6SA","20090401","20240221","","RO59","A82027","20090401","20240221","","","","","1","","01K","","",""
"G7807871","DR JOHN DAWE","","","ORCHARD SURGERY","LOWER TANBRIDGE WAY","","HORSHAM","","RH12 1PJ","20090401","20240221","","RO59","H82036","20090401","20240221","","","","","1","","70F","","",""
"G7807888","DR SUSAN LYNN LIPSCOMBE","","","THE PARK CRESCENT NEW SURGERY","1A LEWES ROAD","","BRIGHTON","","BN2 3JJ","20090401","20240221","","RO59","G81028","20090401","20240221","","","","","1","","09D","","",""
"G7807905","DR S LEUNG","","","MELBOURNE HEALTHCARE CENTRE","PENN LANE","MELBOURNE","DERBY","","DE73 8EF","20090916","20240221","","RO59","C81108","20090916","20240221","","","","","1","","15M","","",""
"G7807929","DR ANDREW COULSON","","","WHITELADIES MEDICAL GROUP","WHATLEY ROAD","CLIFTON","BRISTOL","","BS8 2PU","20090917","20240221","","RO59","L81091","20090917","20240221","","","","","1","","15C","","",""
"G7807936","DR STEVEN WRIGHT","","","EASTVILLE MEDICAL PRACTICE","EAST PARK","","BRISTOL","","BS5 6YA","20090917","20240221","","RO59","L81023","20090917","20240221","","","","","1","","15C","","",""
"G7807950","DR N RAICHURA","","","THE MEDICAL CENTRE","DRAYTON ROAD","HODNET","MARKET DRAYTON","","TF9 3NF","20090401","20240221","","RO59","M82058","20090401","20240221","","","","","1","","M2L0M","","",""
"G7807967","S C THAKUR","","","SPEKE HEALTH CENTRE","NORTH PARADE","","LIVERPOOL","","L24 2XP","20090401","20240221","","RO59","N82109","20090401","20240221","","","","","1","","99A","","",""
"G7807974","ANEESA IQBAL","","","WESTCROFT HEALTH CENTRE","1 SAVILL LANE","WESTCROFT","MILTON KEYNES","","MK4 4EN","20090401","20240221","","RO59","K82633","20090401","20240221","","","","","1","","M1J4Y","","",""
"G7807981","M WHITEHEAD","","","141 BRIGSTOCK ROAD","","","THORNTON HEATH","","CR7 7JN","20090401","20240221","","RO59","H83017","20090401","20240221","","","","","1","","36L","","",""
"G7807998","NIRMALA NAIDOO","","","NUFFIELD HEALTH CENTRE","WELCH WAY","","WITNEY","","OX28 6JQ","20090401","20240221","","RO59","K84072","20090401","20240221","","","","","1","","10Q","","",""
"G7808009","DR JANE MOORE","","","LINDEN MEDICAL CENTRE","LINDEN AVENUE","","KETTERING","","NN15 7NX","20090401","20240221","","RO59","K83036","20090401","20240221","","","","","1","","78H","","",""
"G7808016","DR CLIVE BACH","","","THE SURGERY","20 SACKVILLE ROAD","","HOVE","","BN3 3FF","20090923","20180630","","RO59","G81009","20090923","20180630","","","","","1","","09D","","",""
"G7808023","DR PETER MEADE","","","THE SEVEN DIALS MEDICAL CENTRE","24 MONTPELLIER CRESCENT","","BRIGHTON","","BN1 3JJ","20090923","20240221","","RO59","G81047","20090923","20240221","","","","","1","","09D","","",""
"G7808047","DR F BLANCO MAYO","","","BEACON MEDICAL","ST HUGHS AVENUE","","CLEETHORPES","","DN35 8EB","20090925","20240221","","RO59","B81003","20090925","20240221","","","","","1","","03H","","",""
"G7808054","DR H O'DONNELL","","","FANRHAM CENTRE FOR HEALTH","HALE ROAD","","FARNHAM","","GU9 9QS","20090925","20220430","","RO59","H81097","20090925","20220430","","","","","1","","92A","","",""
"G7808061","DR I M MCINTOSH","","","FEASTFIELD MEDICAL CENTRE","KING STREET","PATELEY BRIDGE","HARROGATE","","HG3 5AT","20090929","20240221","","RO59","B82004","20090929","20240221","","","","","1","","42D","","",""
"G7808085","DR P JAGADESHAM","","","HOLLINS GROVE SURGERY","153 BLACKBURN ROAD","","DARWEN","","BB3 1ET","20091001","20240221","","RO59","P81721","20091001","20240221","","","","","1","","00Q","","",""
"G7808092","DR PG UPTON","","","THE WOOLSTON LODGE SURGERY","66 PORTSMOUTH ROAD","","SOUTHAMPTON","","SO19 9AL","20091001","20240221","","RO59","J82076","20091001","20240221","","","","","1","","D9Y0V","","",""
"G7808102","DR PETER LYLE","","","SILVERDALE SURGERY","4 SILVERDALE ROAD","","BURGESS HILL","","RH15 0EF","20091006","20240221","","RO59","H82072","20091006","20240221","","","","","1","","70F","","",""
"G7808119","DR PJ MARLES","","","HIGH STREET SURGERY","100-106 HIGH STREET","","DOVER","","CT16 1EQ","20091006","20240221","","RO59","G82117","20091006","20240221","","","","","1","","91Q","","",""
"G7808126","DR JS THORNTON","","","WALKERGATE SURGERY","117-119 WALKERGATE","","BEVERLEY","","HU17 9BP","20091007","20170731","","RO59","B81622","20091007","20170731","","","","","1","","02Y","","",""
"G7808133","EDGE HILL HEALTH CENTRE","","","157 EDGE LANE","EDGE HILL","","LIVERPOOL","","L7 2AB","20091013","20240221","","RO59","N82022","20091013","20240221","","","","","1","","99A","","",""
"G7808140","DR M GHALAYINI","","","STANDISH MEDICAL PRACTICE","RODENHURST","CHURCH STREET, STANDISH","WIGAN","","WN6 0JP","20091001","20240221","","RO59","P92014","20091001","20240221","01257 421909","","","","1","","02H","","",""
"G7808157","DR SP WHITTAKER","","","BREIGHTMET HEALTH CENTRE","BREIGHTMET FOLD LANE","","BOLTON","","BL2 6NT","20091014","20240221","","RO59","P82001","20091014","20240221","","","","","1","","00T","","",""
"G7808164","DR R TANDON","","","DOCTORS SURGERY","71 GROVE ROAD","","WALLASEY","","CH45 3HF","20091014","20240221","","RO59","N85052","20091014","20240221","","","","","1","","12F","","",""
"G7808171","DR STUART COULL","","","THE SURGERY","2 HELSBY STREET","","WARRINGTON","","WA1 3AW","20091001","20240221","","RO59","N81041","20091001","20240221","","","","","1","","02E","","",""
"G7808188","DR W D GORROD","","","THE OLD FIRE STATION SURGERY","68A PORTSMOUTH ROAD","WOOLSTON","SOUTHAMPTON","","SO19 9AN","20091001","20240221","","RO59","J82128","20091001","20240221","","","","","1","","D9Y0V","","",""
"G7808195","DR NICHOLAS WILLIAM RICHARD HAZELL","","","THE EAST HARLING SURGERY","MARKET STREET","EAST HARLING","NORWICH","","NR16 2AD","20091029","20240221","","RO59","D82042","20091029","20240221","","","","","1","","26A","","",""
"G7808205","DR J L JAIN","","","BIRLEYWOOD HEALTH CENTRE","BIRLEYWOOD","","SKELMERSDALE","","WN8 9BW","20091001","20180131","","RO59","P81121","20091001","20180131","","","","","1","","02G","","",""
"G7808212","DR A S C CALDER","","","CLIFTON HEALTH CENTRE","WATER LANE","","YORK","","YO30 6PS","20091001","20170731","","RO59","B82006","20091001","20170731","","","","","1","","03Q","","",""
"G7808229","DR MICHAEL JOHN MULRENAN","","","CHURCH STREET PRACTICE","77 CHURCH STREET","","TEWKESBURY","","GL20 5RY","20091001","20240221","","RO59","L84023","20091001","20240221","","","","","1","","11M","","",""
"G7808236","DR RIGBY","","","CHURCH STREET PRACTICE","77 CHURCH STREET","","TEWKESBURY","","GL20 5RY","20091001","20240221","","RO59","L84023","20091001","20240221","","","","","1","","11M","","",""
"G7808243","DR R KARIM","","","LEE ON SOLENT HEALTH CENTRE","MANOR WAY","","LEE-ON-THE-SOLENT","","PO13 9JG","20091001","20200630","","RO59","J82648","20091001","20200630","","","","","1","","D9Y0V","","",""
"G7808267","DR WALDER","","","LILLIPUT SURGERY","LINDISFARNE","ELMS AVENUE","POOLE","","BH14 8EE","20091001","20220731","","RO59","J81054","20091001","20220731","","","","","1","","11J","","",""
"G7808274","DR B R HUFTON","","","AUDLEM MEDICAL PRACTICE","16 CHESHIRE STREET","AUDLEM","CREWE","","CW3 0AH","20091001","20240221","","RO59","N81001","20091001","20240221","","","","","1","","27D","","",""
"G7808281","DR CLARK","","","CASTLE STREET SURGERY","67 CASTLE STREET","","SALISBURY","","SP1 3SP","20091001","20240221","","RO59","J83052","20091001","20240221","","","","","1","","92G","","",""
"G7808298","DR BLAKE","","","ST. JOHNS WAY MEDICAL CENTRE","96 ST. JOHN'S WAY","","LONDON","","N19 3RN","20091001","20240221","","RO59","F83015","20091001","20240221","","","","","1","","93C","","",""
"G7808308","DR G D ROBERTS","","","37 UPPER GORDON ROAD","","","CAMBERLEY","","GU15 2HJ","20091001","20240221","","RO59","H81075","20091001","20240221","","","","","1","","92A","","",""
"G7808322","DR C A HEADLEY","","","JENNER HOUSE SURGERY","159 COVE ROAD","","FARNBOROUGH","","GU14 0HQ","20091119","20240221","","RO59","J82125","20091119","20240221","","","","","1","","D9Y0V","","",""
"G7808339","DR H C CANNON","","","THE BAFFINS SURGERY","HAYLING AVENUE","","PORTSMOUTH","","PO3 6BH","20091119","20170731","","RO59","J82091","20091119","20170731","","","","","1","","10R","","",""
"G7808346","DR M J GANNON","","","THE FORDINGBRIDGE SURGERY","BARTONS ROAD","","FORDINGBRIDGE","","SP6 1RS","20091119","20240221","","RO59","J82131","20091119","20240221","","","","","1","","D9Y0V","","",""
"G7808353","DR G D ANSELL","","","CORNERWAYS MEDICAL CENTRE","5 PARKERS CLOSE","","RINGWOOD","","BH24 1SD","20091119","20240221","","RO59","J82150","20091119","20240221","","","","","1","","D9Y0V","","",""
"G7808360","DR COLIN CAMPBELL","","","WOODHALL SPA NEW SURGERY","THE BROADWAY","","WOODHALL SPA","","LN10 6SQ","20091119","20240221","","RO59","C83635","20091119","20240221","","","","","1","","71E","","",""
"G7808377","DR C BERRY","","","BROOK LANE SURGERY","233A BROOK LANE","SARISBURY GREEN","SOUTHAMPTON","","SO31 7DQ","20091119","20240221","","RO59","J82216","20091119","20240221","","","","","1","","D9Y0V","","",""
"G7808384","DR S BOHMER","","","GUDGE HEATH SURGERY","187 GUDGE HEATH LANE","","FAREHAM","","PO15 6QA","20091119","20240221","","RO59","J82033","20091119","20240221","","","","","1","","D9Y0V","","",""
"G7808391","DR G H CROKER","","","HORNDEAN HEALTH CENTRE","BLENDWORTH LANE","","WATERLOOVILLE","","PO8 0AA","20091119","20240221","","RO59","J82640","20091119","20240221","","","","","1","","D9Y0V","","",""
"G7808401","DR A M MAISON","","","WEST END SURGERY","MOORGREEN ROAD","WEST END","SOUTHAMPTON","","SO30 3PY","20091119","20231231","","RO59","J82008","20091119","20231231","","","","","1","","D9Y0V","","",""
"G7808418","DR S A C SMITH","","","THE SURGERY","HIGHWOOD ROAD","","BROCKENHURST","","SO42 7RY","20091119","20240221","","RO59","J82129","20091119","20240221","","","","","1","","D9Y0V","","",""
"G7808425","DR D P TURNER","","","VENTNOR MEDICAL CENTRE","3 ALBERT STREET","","VENTNOR","","PO38 1EZ","20091119","20240221","","RO59","J84003","20091119","20240221","","","","","1","","D9Y0V","","",""
"G7808432","DR A D WEAVER","","","THE ODIHAM HEALTH CENTRE","DEER PARK VIEW","ODIHAM","HOOK","","RG29 1JY","20091119","20240221","","RO59","J82061","20091119","20240221","","","","","1","","D9Y0V","","",""
"G7808449","DR A G FRAME","","","SHANKLIN MEDICAL CENTRE","1 CARTER ROAD","","SHANKLIN","","PO37 7HR","20091119","20210630","","RO59","J84010","20091119","20210630","","","","","1","","D9Y0V","","",""
"G7808456","S SARKER","","","KNOTTY ASH MEDICAL CENTRE","411-413 EAST PRESCOT ROAD","","LIVERPOOL","","L14 2DE","20091124","20240221","","RO59","N82633","20091124","20240221","","","","","1","","99A","","",""
"G7808487","DR M A PERKIN","","","ROYSIA SURGERY","BURNS ROAD","","ROYSTON","","SG8 5PT","20091001","20240221","","RO59","E82132","20091001","20240221","","","","","1","","06H","","",""
"G7808494","DR G S MARSHALL","","","ST. LUKES SURGERY","ST. LUKES CLOSE","HEDGE END","SOUTHAMPTON","","SO30 2US","20091127","20221130","","RO59","J82192","20091127","20221130","","","","","1","","D9Y0V","","",""
"G7808504","DR S N SHARMA","","","ATHERTON HEALTH CENTRE","NELSON STREET","ATHERTON","MANCHESTER","","M46 0LE","20091201","20191130","","RO59","P92619","20091201","20191130","","","","","1","","02H","","",""
"G7808511","DR V KUMAR","","","NORTH CAMP SURGERY","2 QUEENS ROAD","","FARNBOROUGH","","GU14 6DH","20091202","20240221","","RO59","J82630","20091202","20240221","","","","","1","","D9Y0V","","",""
"G7808528","DR DAS","","","79 CHURCH STREET","","","LEIGH","","WN7 1AZ","20091202","20180930","","RO59","P92643","20091202","20180930","","","","","1","","02H","","",""
"G7808535","DR J P ALLEN","","","DYNELEY HOUSE SURGERY","NEWMARKET STREET","","SKIPTON","","BD23 2HZ","20091208","20240221","","RO59","B82053","20091208","20240221","","","","","1","","36J","","",""
"G7808566","DR F D W BURROWS","","","THE ST. PAULS MEDICAL PRACTICE","ALISON WAY","","WINCHESTER","","SO22 5DD","20091001","20240221","","RO59","J82050","20091001","20240221","","","","","1","","D9Y0V","","",""
"G7808573","DR D R CAMPBELL","","","BLACKFIELD HEALTH CENTRE","HAMPTON LANE","BLACKFIELD","SOUTHAMPTON","","SO45 1XA","20091001","20240221","","RO59","J82056","20091001","20240221","","","","","1","","D9Y0V","","",""
"G7808580","DR A P M BOYD","","","TWIN OAKS MEDICAL CENTRE","RINGWOOD ROAD","BRANSGORE","CHRISTCHURCH","","BH23 8AD","20091001","20240221","","RO59","J82151","20091001","20240221","","","","","1","","D9Y0V","","",""
"G7808607","DR PERKINS","","","SOUTHBOURNE SURGERY","17 BEAUFORT ROAD","","BOURNEMOUTH","","BH6 5BF","20091222","20240221","","RO59","J81059","20091222","20240221","","","","","1","","11J","","",""
"G7808614","DR ROBERT JAMES WILSON","","","TANGMERE MEDICAL CENTRE","MALCOLM ROAD","TANGMERE","CHICHESTER","","PO20 2HS","20091222","20240221","","RO59","H82067","20091222","20240221","","","","","1","","70F","","",""
"G7808621","DR PG SLIMMINGS","","","THE STOKE ROAD SURGERY","4 STOKE ROAD","BISHOPS CLEEVE","CHELTENHAM","","GL52 8RP","20100104","20240221","","RO59","L84048","20100104","20240221","","","","","1","","11M","","",""
"G7808638","DR M R PHIPPS","","","OLD HALL SURGERY","26 STANNEY LANE","","ELLESMERE PORT","","CH65 9AD","20100106","20240221","","RO59","N81117","20100106","20240221","","","","","1","","27D","","",""
"G7808645","DR RICHARD MICHAEL RIBBONS","","","GROVE ROAD SURGERY","59-63 GROVE ROAD","","EASTBOURNE","","BN21 4TX","20140815","20240221","","RO59","G81002","20140815","20240221","","","","","1","","97R","","",""
"G7808652","DR P BARLING","","","WILLOW STREET MEDICAL CENTRE","WILLOW STREET","","OWESTRY","","SY11 1AJ","20100107","20240221","","RO59","M82026","20100107","20240221","","","","","1","","M2L0M","","",""
"G7808669","DR P MILNER","","","THE ROOKERY SURGERY","CHESTER HOME","","CHESTER","","CH3 9AH","20100108","20240221","","RO59","N81624","20100108","20240221","","","","","1","","27D","","",""
"G7808676","DR N JOSEPH","","","MINDEN FAMILY PRACTICE","22 DERBY WAY","","BURY","","BL9 0NJ","20100108","20191130","","RO59","P83008","20100108","20191130","","","","","1","","00V","","",""
"G7808683","DR P SEFTON-FIDDIAN","","","WILLOW WOOD SURGERY","WHARTON PRIMARY HEALTH CENTRE","CROOK LANE","WINSFORD","","CW7 3GY","20100111","20240221","","RO59","N81123","20100111","20240221","","","","","1","","27D","","",""
"G7808700","DR M H RICHARDSON","","","COSSINGTON HOUSE SURGERY","51 COSSINGTON ROAD","","CANTERBURY","","CT1 3HX","20100118","20181130","","RO59","G82012","20100118","20181130","","","","","1","","91Q","","",""
"G7808717","DR BISHOP","","","BEVERSBROOK MEDICAL CENTRE","HARRIER CLOSE","","CALNE","","SN11 9UT","20100118","20200630","","RO59","J83636","20100118","20200630","","","","","1","","92G","","",""
"G7808724","DR M P NISBET","","","2, DICKSON HOUSE","CROWN HEIGHTS","ALENCON LINK","BASINGSTOKE","","RG21 7AN","20091001","20240221","","RO59","J82144","20091001","20240221","","","","","1","","D9Y0V","","",""
"G7808731","DR S A H RAZVI","","","WALTON VILLAGE MEDICAL CENTRE","172 WALTON VILLAGE","WALTON","LIVERPOOL","","L4 6TW","20091001","20240221","","RO59","N82668","20091001","20240221","","","","","1","","99A","","",""
"G7808748","DR CAROLINE DIFFORD","","","BERSTED GREEN SURGERY","32 DURLSTON DRIVE","","BOGNOR REGIS","","PO22 9TD","20100122","20240221","","RO59","H82016","20100122","20240221","","","","","1","","70F","","",""
"G7808755","DR JOHN ENTRICIAN","","","COURTSIDE SURGERY","KENNEDY WAY","YATE","BRISTOL","","BS37 4DQ","20100122","20240221","","RO59","L81024","20100122","20240221","","","","","1","","15C","","",""
"G7808762","DR G A CATTERALL","","","WATERSIDE MEDICAL PRACTICE","HAYLING ISLAND HEALTH CENTRE","ELM GROVE","HAYLING ISLAND","","PO11 9AP","20100128","20240221","","RO59","J82021","20100128","20240221","","","","","1","","D9Y0V","","",""
"G7808779","DR WEST","","","BROSELEY MEDICAL PRACTICE","HEALTH CENTRE","BRIDGNORTH ROAD","BROSELEY","","TF12 5EL","20100128","20240221","","RO59","M82051","20100128","20240221","","","","","1","","M2L0M","","",""
"G7808786","DR JONES","","","THE HIGH STREET MEDICAL CENTRE","31 HIGH STREET","","STONEHOUSE","","GL10 2NG","20091001","20240221","","RO59","L84070","20091001","20240221","","","","","1","","11M","","",""
"G7808793","DR GOODMAN","","","ROYAL MANOR HEALTH CARE","PARK ESTATE ROAD","EASTON","PORTLAND","","DT5 2BJ","20091001","20240221","","RO59","J81009","20091001","20240221","","","","","1","","11J","","",""
"G7808803","DR AR HILLIER","","","PARK SLOPE SURGERY","32 STOKE ROAD","BLISWORTH","NORTHAMPTON","","NN7 3BT","20100203","20240221","","RO59","K83052","20100203","20240221","","","","","1","","78H","","",""
"G7808810","DR D JOHNSTON","","","CHARLTON HILL SURGERY","CHARLTON ROAD","","ANDOVER","","SP10 3JY","20100209","20240221","","RO59","J82025","20100209","20240221","","","","","1","","D9Y0V","","",""
"G7808827","DR GRH BRAIN","","","BRAMBLYS GRANGE MEDICAL PRACTICE","CROWN HEIGHTS","ALENCON LINK","BASINGSTOKE","","RG21 7AP","20100209","20240221","","RO59","J82058","20100209","20240221","","","","","1","","D9Y0V","","",""
"G7808834","DR DL LAWALE","","","ST. ANDREWS SURGERY","166 MARKET STREET","","EASTLEIGH","","SO50 5PT","20100209","20240221","","RO59","J82071","20100209","20240221","","","","","1","","D9Y0V","","",""
"G7808841","DR TR JAMES","","","CHARLTON ROAD HEALTH CENTRE","CHARLTON ROAD","","ANDOVER","","SP10 3LD","20100209","20240221","","RO59","J82017","20100209","20240221","","","","","1","","D9Y0V","","",""
"G7808858","DR KI SHAW","","","CHESSEL PRACTICE","SULLIVAN ROAD","","SOUTHAMPTON","","SO19 0HS","20100209","20240221","","RO59","J82101","20100209","20240221","","","","","1","","D9Y0V","","",""
"G7808865","DR G NEWMAN","","","BROOK LANE SURGERY","233A BROOK LANE","SARISBURY GREEN","SOUTHAMPTON","","SO31 7DQ","20090209","20240221","","RO59","J82216","20090209","20240221","","","","","1","","D9Y0V","","",""
"G7808872","DR CJ BARRATT","","","DANEBRIDGE MEDICAL CENTRE","29 LONDON ROAD","","NORTHWICH","","CW9 5HR","20100209","20240221","","RO59","N81087","20100209","20240221","","","","","1","","27D","","",""
"G7808889","DR T B DE GLANVILLE","","","RICHMOND SURGERY","RICHMOND CLOSE","","FLEET","","GU52 7US","20091001","20240221","","RO59","J82099","20091001","20240221","","","","","1","","D9Y0V","","",""
"G7808896","DR P F ACRES","","","ADELAIDE MEDICAL CENTRE","36 ADELAIDE ROAD","","ANDOVER","","SP10 1HA","20091001","20240221","","RO59","J82053","20091001","20240221","","","","","1","","D9Y0V","","",""
"G7808906","DR T J GOULDER","","","DENMEAD HEALTH CENTRE","HAMBLEDON ROAD","DENMEAD","WATERLOOVILLE","","PO7 6NR","20091001","20240221","","RO59","J82119","20091001","20240221","","","","","1","","D9Y0V","","",""
"G7808913","DR MR ATALLA","","","EAST COWES HEALTH CENTRE","DOWN HOUSE","YORK AVENUE","EAST COWES","","PO32 6RR","20100212","20240221","","RO59","J84004","20100212","20240221","","","","","1","","D9Y0V","","",""
"G7808920","DR ELLIOTT","","","PORTLAND PRACTICE","ST. PAULS MEDICAL CENTRE","121 SWINDON ROAD","CHELTENHAM","","GL50 4DP","20091001","20240221","","RO59","L84033","20091001","20240221","","","","","1","","11M","","",""
"G7808937","DR CROTON","","","HOLES LANE MEDICAL CENTRE","280 MANCHESTER ROAD","","WARRINGTON","","WA1 3RB","20100217","20240221","","RO59","N81107","20100217","20240221","","","","","1","","02E","","",""
"G7808944","DR NABIJEE","","","ALEXANDRA SURGERY","39 ALEXANDRA ROAD","","LONDON","","SW19 7JZ","20100218","20240221","","RO59","H85656","20100218","20240221","","","","","1","","36L","","",""
"G7808951","DR GREEN","","","PENNYS HILL PRACTICE","FERNDOWN MEDICAL CENTRE","ST. MARYS ROAD","FERNDOWN","","BH22 9HB","20100219","20240221","","RO59","J81061","20100219","20240221","","","","","1","","11J","","",""
"G7808968","DR PAUL ROBERT HEPBURN","","","THE OLD SCHOOL SURGERY","MANOR ROAD","FISHPONDS","BRISTOL","","BS16 2JD","20100219","20240221","","RO59","L81075","20100219","20240221","","","","","1","","15C","","",""
"G7808975","DR M GREGORI","","","COWPLAIN FAMILY PRACTICE","2 PADNELL ROAD","","WATERLOOVILLE","","PO8 8DZ","20100222","20240221","","RO59","J82163","20100222","20240221","","","","","1","","D9Y0V","","",""
"G7808982","DR D J COOP","","","DALTON TERRACE SURGERY","GLENTWORTH","DALTON TERRACE","YORK","","YO24 4DB","20100223","20240221","","RO59","B82021","20100223","20240221","","","","","1","","03Q","","",""
"G7808999","DR ABDOLLAH TAVABIE","","","BALLATER SURGERY","108 CHISLEHURST ROAD","","ORPINGTON","","BR6 0DW","20100224","20240221","","RO59","G84040","20100224","20240221","","","","","1","","72Q","","",""
"G7809000","DR SASHI SEHMI","","","SOUTHBOROUGH LANE SURGERY","356 SOUTHBOROUGH LANE","","BROMLEY","","BR2 8AA","20100224","20240221","","RO59","G84023","20100224","20240221","","","","","1","","72Q","","",""
"G7809017","DR J GODFREY","","","BRECKFIELD ROAD NORTH DOCTORS","141 BRECKFIELD ROAD NORTH","","LIVERPOOL","","L5 4QT","20100224","20240221","","RO59","N82099","20100224","20240221","","","","","1","","99A","","",""
"G7809031","DR WILLIAM JOHN PETTIT","","","PEEL HALL MEDICAL PRACTICE","FORUM HEALTH","SIMONSWAY","MANCHESTER","","M22 5RX","20091001","20240221","","RO59","P84020","20091001","20240221","","","","","1","","14L","","",""
"G7809048","DR P J GRAY","","","BRAMPTON MEDICAL PRACTICE","MARKET PLACE","","BRAMPTON","","CA8 1NL","20091001","20240221","","RO59","A82012","20091001","20240221","","","","","1","","01H","","",""
"G7809062","STONE AND PARTNERS","","","LAXEY HEALTH CENTRE","NEW ROAD","","LAXEY","","IM4 7BF","20091001","","","RO59","Y00010","20091001","","","","","","1","","","","",""
"G7809079","DR A EL-ASHOURI","","","FORDBRIDGE MEDICAL CENTRE","4-4A FORDBRIDGE ROAD","","ASHFORD","","TW15 2SQ","20091001","20240221","","RO59","H81057","20091001","20240221","","","","","1","","92A","","",""
"G7809086","DR RAMSBOTHAM","","","THORNTON HEATH HEALTH CENTRE","61A GILLETT ROAD","","THORNTON HEATH","","CR7 8RL","20091001","20240221","","RO59","H83022","20091001","20240221","","","","","1","","36L","","",""
"G7809093","DR A L KAUFMAN","","","WESTERN AVENUE MEDICAL CENTRE","GORDON ROAD","BLACON","CHESTER","","CH1 5PA","20100308","20240221","","RO59","N81626","20100308","20240221","","","","","1","","27D","","",""
"G7809103","DR R BAKSI","","","DR R BAKSI'S PRACTICE","CWM GWYRDD MEDICAL CENTRE","HIGH STREET, GILFACH GOCH","PORTH","","CF39 8TJ","20100309","20240221","","RO59","W95295","20100309","20240221","","","","","1","","7A5","","",""
"G7809110","DR G R COOK","","","GRASSENDALE MEDICAL PRACTICE","23 DARBY ROAD","","LIVERPOOL","","L19 9BP","20091001","20240221","","RO59","N82009","20091001","20240221","","","","","1","","99A","","",""
"G7809127","DR DAVID JOHN BAILEY","","","HANHAM SURGERY","33 WHITTUCKS ROAD","","BRISTOL","","BS15 3HY","20100310","20240221","","RO59","L81079","20100310","20240221","","","","","1","","15C","","",""
"G7809134","DR S P POPE","","","DERWENT SURGERY","NORTON ROAD","NORTON","MALTON","","YO17 9RF","20100311","20240221","","RO59","B82025","20100311","20240221","","","","","1","","42D","","",""
"G7809165","DR D I JOBLING","","","THE SURGERY","21 STOCKWELL ROAD","","KNARESBOROUGH","","HG5 0JY","20091001","20240221","","RO59","B82067","20091001","20240221","","","","","1","","42D","","",""
"G7809172","DR A M NUTTALL","","","WATERS GREEN MEDICAL CENTRE","SUNDERLAND STREET","","MACCLESFIELD","","SK11 6JL","20100315","20240221","","RO59","N81013","20100315","20240221","","","","","1","","27D","","",""
"G7809189","DR H ABDALLAH","","","MIDLAND ROAD SURGERY","6 MIDLAND ROAD","THRAPSTON","KETTERING","","NN14 4JR","20100315","20240221","","RO59","K83616","20100315","20240221","","","","","1","","78H","","",""
"G7809196","DR PETER WARD","","","LIVERPOOL ROAD HEALTH CENTRE","9 MERSEY PLACE","LIVERPOOL ROAD","LUTON","","LU1 1HH","20100316","20240221","","RO59","E81032","20100316","20240221","","","","","1","","M1J4Y","","",""
"G7809206","DR TREVOR HALL","","","25 LEICESTER ROAD","SHEPSHED","","LOUGHBOROUGH","","LE12 9DF","20091001","20240221","","RO59","C82064","20091001","20240221","","","","","1","","04V","","",""
"G7809213","DR JN JHA","","","ST. GEORGES ROAD SURGERY","310 ST. GEORGES ROAD","","PRESTON","","PR1 6NR","20100322","20240221","","RO59","P81647","20100322","20240221","","","","","1","","01E","","",""
"G7809220","DR W E HELLIWELL","","","PRIORSLEGH MEDICAL CENTRE","CIVIC CENTRE","PARK LANE, POYNTON","STOCKPORT","","SK12 1GP","20091001","20200630","","RO59","N81073","20091001","20200630","","","","","1","","27D","","",""
"G7809237","DR A KRISHNA","","","SWANLOW MEDICAL CENTRE","DENE DRIVE","","WINSFORD","","CW7 1AT","20100324","20240221","","RO59","N81024","20100324","20240221","","","","","1","","27D","","",""
"G7809244","DR J M LEACH","","","GREEN BANK SURGERY","274 MANCHESTER ROAD","","WARRINGTON","","WA1 3RB","20100325","20240221","","RO59","N81089","20100325","20240221","","","","","1","","02E","","",""
"G7809251","DR VINITA MANJURE","","","THE MEDICAL CENTRE","23 CARLISLE ROAD","QUEENS PARK","BEDFORD","","MK40 4HR","20091001","20240221","","RO59","E81021","20091001","20240221","","","","","1","","M1J4Y","","",""
"G7809252","THE AVENUE SURGERY POOL","","","THE AVENUE SURGERY","24 THE AVENUE","ALWOODLEY","LEEDS","","LS17 7BE","20201001","20220430","","RO60","B86023","20201001","20220430","","","","","1","","15F","","",""
"G7809275","DR SUBNASH CHANDRA ARORA","","","ASHCROFT SURGERY","803 STOCKPORT ROAD","","MANCHESTER","","M19 3BS","20100325","20240221","","RO59","P84053","20100325","20240221","","","","","1","","14L","","",""
"G7809282","DR M. M. AWI","","","TRENTHAM ROAD MEDICAL CENTRE","37 TRENTHAM ROAD","","LIVERPOOL","","L32 4UB","20100329","20240221","","RO59","N83055","20100329","20240221","","","","","1","","01J","","",""
"G7809309","DR MOHAMMED ZAIN ABEDIN","","","ROUGH HAY SURGERY","44B ROUGH HAY ROAD","","WEDNESBURY","","WS10 8NQ","20100331","20240221","","RO59","M91640","20100331","20240221","","","","","1","","D2P2L","","",""
"G7809316","DR DAVID GORDON","","","THE EARLSFIELD PRACTICE","2-4 STEERFORTH STREET","","LONDON","","SW18 4HH","20100331","20240221","","RO59","H85041","20100331","20240221","","","","","1","","36L","","",""
"G7809347","DR J A NEWEY","","","WEAVER VALE PRACTICE","HALLWOOD HEALTH CENTRE","HOSPITAL WAY","RUNCORN","","WA7 2UT","20100407","20240221","","RO59","N81054","20100407","20240221","","","","","1","","01F","","",""
"G7809378","DR STEINHARDT","","","BROOKFIELD ROAD SURGERY","5A BROOKFIELD ROAD","HUCCLECOTE","GLOUCESTER","","GL3 3HB","20100408","20240221","","RO59","L84014","20100408","20240221","","","","","1","","11M","","",""
"G7809385","DR PRX WINTER","","","CRAVEN ARMS SURGERY","20 SHREWSBURY ROAD","","CRAVEN ARMS","","SY7 9PY","20100409","20240221","","RO59","M82046","20100409","20240221","","","","","1","","M2L0M","","",""
"G7809392","DR ALICK MUNRO","","","CRANFORD MEDICAL CENTRE","24 HIGH STREET","CRANFORD","HOUNSLOW","","TW5 9RG","20100401","20240221","","RO60","E85052","20100401","20240221","","","","","1","","W2U3Z","","",""
"G7809402","DR N SEGALL","","","OLDFIELD FAMILY PRACTICE","285 GREENFORD ROAD","","GREENFORD","","UB6 8RA","20100401","20240221","","RO60","E85069","20100401","20240221","","","","","1","","W2U3Z","","",""
"G7809419","DR A TOMLINSON","","","DOCTORS SURGERY","THE ORCHARD","BROMBOROUGH VILLAGE ROAD","WIRRAL","","CH62 7EU","20140819","20240221","","RO59","N85047","20140819","20240221","","","","","1","","12F","","",""
"G7809426","D D BUCKLEY","","","VALLEY MEDICAL CENTRE","75 HARTSBOURNE AVENUE","CHILDWELL","LIVERPOOL","","L25 1RY","20100401","20240221","","RO59","N82092","20100401","20240221","","","","","1","","99A","","",""
"G7809440","DR BODNER","","","CASTLETON HEALTH CENTRE","2 ELIZABETH STREET","CASTLETON","ROCHDALE","","OL11 3HY","20100401","20240221","","RO59","P86009","20100401","20240221","","","","","1","","01D","","",""
"G7809457","DR ATKINSON","","","CANFORD HEATH GROUP PRACTICE","9 MITCHELL ROAD","","POOLE","","BH17 8UE","20100414","20240221","","RO59","J81013","20100414","20240221","","","","","1","","11J","","",""
"G7809464","DR R J KNIGHT","","","27 PYLE STREET","","","NEWPORT","","PO30 1JW","20100415","20201130","","RO59","J84014","20100415","20201130","","","","","1","","D9Y0V","","",""
"G7809471","DR S B SELBY","","","MEDINA HEALTHCARE","16 WEST STREET","","NEWPORT","","PO30 1PR","20100415","20240221","","RO59","J84017","20100415","20240221","","","","","1","","D9Y0V","","",""
"G7809488","DR K ASHBRIDGE","","","BREDON HILL SURGERY","MAIN ROAD","BREDON","TEWKESBURY","","GL20 7QN","20100401","20240221","","RO59","M81007","20100401","20240221","","","","","1","","18C","","",""
"G7809495","DR HUGH SILVEY","","","SEA MILLS SURGERY","2 RIVERLEAZE","","BRISTOL","","BS9 2HL","20100416","20240221","","RO59","L81077","20100416","20240221","","","","","1","","15C","","",""
"G7809505","DR IAN ROBERT LOGHORN","","","CLARENCE PARK SURGERY","13 CLARENCE ROAD EAST","","WESTON-SUPER-MARE","","BS23 4BP","20100416","20201130","","RO59","L81119","20100416","20201130","","","","","1","","15C","","",""
"G7809536","S KUMAR","","","UPTON MEDICAL CENTRE","BECHERS","","WIDNES","","WA8 4TE","20100401","20240221","","RO59","N81119","20100401","20240221","","","","","1","","01F","","",""
"G7809543","DISNEY","","","MOORE HEALTH CENTRE","MOORE ROAD","BOURTON-ON-THE-WATER","CHELTENHAM","","GL54 2AZ","20100401","20240221","","RO59","L84038","20100401","20240221","","","","","1","","11M","","",""
"G7809550","DR R HAMDY","","","MILLCROFT MEDICAL CENTRE","EAGLE BRIDGE HEALTH & WELL BEI","DUNWOODY WAY","CREWE","","CW1 3AW","20100429","20240221","","RO59","N81016","20100429","20240221","","","","","1","","27D","","",""
"G7809567","DR M CRANNEY","","","OAK VALE MEDICAL PRACTICE","158-160 EDGE LANE DRIVE","","LIVERPOOL","","L13 4AQ","20100506","20240221","","RO59","N82041","20100506","20240221","","","","","1","","99A","","",""
"G7809574","DR PEACH","","","THURLEIGH ROAD MEDICAL PRACTICE","88A THURLEIGH ROAD","","LONDON","","SW12 8TT","20100401","20240221","","RO59","H85114","20100401","20240221","","","","","1","","36L","","",""
"G7809581","DR C R WOLSTENHOME","","","FOREST HOUSE SURGERY","25 LEICESTER ROAD","SHEPSHED","LOUGHBOROUGH","","LE12 9DF","20100401","20240221","","RO59","C82064","20100401","20240221","","","","","1","","04V","","",""
"G7809598","DR JOHN DESBOROUGH BARNES","","","SEASIDE MEDICAL CENTRE","18 SHEEN ROAD","","EASTBOURNE","","BN22 8DR","20100401","20240221","","RO59","G81017","20100401","20240221","","","","","1","","97R","","",""
"G7809608","DR C P TAYLOR","","","HASLEMERE HEALTH CENTRE","CHURCH LANE","","HASLEMERE","","GU27 2BQ","20100507","20240221","","RO59","H81062","20100507","20240221","","","","","1","","92A","","",""
"G7809615","DR BODDAM-WHETHAM","","","PRICES MILL SURGERY","NEWMARKET ROAD","NAILSWORTH","STROUD","","GL6 0DQ","20100401","20240221","","RO59","L84065","20100401","20240221","","","","","1","","11M","","",""
"G7809639","DR N M ELLIOT","","","SOUTHLEA SURGERY","276 LOWER FARNHAM ROAD","","ALDERSHOT","","GU11 3RB","20100511","20240221","","RO59","J82066","20100511","20240221","","","","","1","","D9Y0V","","",""
"G7809653","DR BIRLEY","","","PRIORY ROAD MEDICAL CENTRE","PRIORY ROAD","","SWINDON","","SN3 2EZ","20100512","20240221","","RO59","J83024","20100512","20240221","","","","","1","","92G","","",""
"G7809660","DR ELIZABETH HALL","","","FOREST HOUSE SURGERY","25 LEICESTER ROAD","SHEPSHED","LOUGHBOROUGH","","LE12 9DF","20100514","20240221","","RO59","C82064","20100514","20240221","","","","","1","","04V","","",""
"G7809677","DR B G ELLIS","","","SWAN SURGERY","SWAN STREET","","PETERSFIELD","","GU32 3AB","20100519","20240221","","RO59","J82098","20100519","20240221","","","","","1","","D9Y0V","","",""
"G7809684","DR G SWARMY","","","THE STRAND MEDICAL CENTRE","THE STRAND","KIRKHOLT","ROCHDALE","","OL11 2JG","20100401","20240221","","RO59","P86606","20100401","20240221","","","","","1","","01D","","",""
"G7809691","DR S BULLEN","","","ESHER GREEN SURGERY","ESHER GREEN DRIVE","","ESHER","","KT10 8BX","20100401","20240221","","RO59","H81099","20100401","20240221","","","","","1","","92A","","",""
"G7809718","DR AG FRAME","","","SHANKLIN MEDICAL CENTRE","1 CARTER ROAD","","SHANKLIN","","PO37 7HR","20100401","20210630","","RO59","J84010","20100401","20210630","01962862245","","","","1","","D9Y0V","","",""
"G7809725","DR S IYER","","","JAMES O'RIORDAN MEDICAL CENTRE","70 STONECOT HILL","","SUTTON","","SM3 9HE","20100401","20191130","","RO59","H85072","20100401","20191130","","","","","1","","36L","","",""
"G7809732","DR A ROBERTS","","","GROVE MEDICAL CENTRE","27 GROVE ROAD","WALLASEY","WIRRAL","","CH45 3HE","20100401","20240221","","RO59","N85620","20100401","20240221","","","","","1","","12F","","",""
"G7809749","DR ALISON JAMES","","","MALAGO SURGERY","40 ST. JOHNS ROAD","BEDMINSTER","BRISTOL","","BS3 4JE","20100401","20190331","","RO59","L81035","20100401","20190331","","","","","1","","15C","","",""
"G7809756","DR LUTTER","","","WHITE HOUSE SURGERY","HIGH STREET","","MORETON-IN-MARSH","","GL56 0AT","20100603","20240221","","RO59","L84072","20100603","20240221","","","","","1","","11M","","",""
"G7809763","BLACKWELL AND PARTNERS","","","SOUTHERN GROUP PRACTICE","CASTLETOWN ROAD","","PORT ERIN","","IM9 6BD","20100401","","","RO59","Y00004","20100401","","","","","","1","","","","",""
"G7809770","DR W F WATSON","","","BEECH HOUSE SURGERY","1 ASH TREE ROAD","","KNARESBOROUGH","","HG5 0UB","20100607","20240221","","RO59","B82069","20100607","20240221","","","","","1","","42D","","",""
"G7809794","DR N K SINHA","","","HIGH BLACKLEY MEDICAL CENTRE","156 VICTORIA AVENUE","BLACKLEY","MANCHESTER","","M9 0FN","20100401","20240221","","RO59","P84033","20100401","20240221","","","","","1","","14L","","",""
"G7809804","DR MECLENBURGH","","","THE SURGERY","HAREWOOD CRESCENT","LITTLEDOWN","BOURNEMOUTH","","BH7 7BU","20100401","20240221","","RO59","J81067","20100401","20240221","","","","","1","","11J","","",""
"G7809828","DR A MANTGANI","","","MIRIAM MEDICAL CENTRE","31 LAIRD STREET","","BIRKENHEAD","","CH41 8DB","20100614","20240221","","RO59","N85625","20100614","20240221","","","","","1","","12F","","",""
"G7809842","DR JJ JEPHCOTT","","","JAMES O'RIORDAN MEDICAL CENTRE","70 STONECOT HILL","","SUTTON","","SM3 9HE","20100618","20191130","","RO59","H85072","20100618","20191130","","","","","1","","36L","","",""
"G7809859","DR L M RILEY","","","GARDEN LANE MEDICAL CENTRE","19 GARDEN LANE","","CHESTER","","CH1 4EN","20100618","20240221","","RO59","N81081","20100618","20240221","","","","","1","","27D","","",""
"G7809866","DR A M ROSSALL","","","DANEBRIDGE MEDICAL CENTRE","29 LONDON ROAD","","NORTHWICH","","CW9 5HR","20100401","20240221","","RO59","N81087","20100401","20240221","","","","","1","","27D","","",""
"G7809873","DR LEEPER AND PARTNERS","","","BILLINGHAY MEDICAL PRACTICE","39 HIGH STREET","BILLINGHAY","LINCOLN","","LN4 4AU","20100401","20240221","","RO59","C83030","20100401","20240221","","","","","1","","71E","","",""
"G7809897","DR JENKINS","","","AVON VALLEY PRACTICE","FAIRFIELD","UPAVON","PEWSEY","","SN9 6DZ","20100401","20240221","","RO59","J83023","20100401","20240221","","","","","1","","92G","","",""
"G7809914","DR SUARES","","","PILCH LANE SURGERY","PILCH LANE","HUYTON","LIVERPOOL","","L14 0JE","20100401","20240221","","RO59","N83030","20100401","20240221","","","","","1","","99A","","",""
"G7809938","DR K MAHTO","","","HEALTH CLINIC","GLAN-YR-AFON LANE","FLEUR DE LIS","BLACKWOOD","","NP12 3WA","20100401","20190331","","RO59","W93642","20100401","20190331","","","","","1","","7A6","","",""
"G7809945","DR A C MOHINDRU","","","CWM HEALTH CENTRE","CANNING STREET","CWM","EBBW VALE","","NP23 7RW","20100401","20240221","","RO59","W93619","20100401","20240221","","","","","1","","7A6","","",""
"G7809952","DR N G O'CALLAGHAN","","","TARPORLEY SURGERY","PARK ROAD","","TARPORLEY","","CW6 0BE","20100401","20240221","","RO59","N81018","20100401","20240221","","","","","1","","27D","","",""
"G7809969","DR LUSH","","","BARTONGATE SURGERY","115 BARTON STREET","","GLOUCESTER","","GL1 4HR","20100401","20220331","","RO59","L84001","20100401","20220331","","","","","1","","11M","","",""
"G7809976","DR A J BYWATER","","","THE SURGERY","KNIGHTWICK","","WORCESTER","","WR6 5PH","20100401","20240221","","RO59","M81045","20100401","20240221","","","","","1","","18C","","",""
"G7809983","NEWENT DOCTORS","","","HOLTS HEALTH CENTRE","WATERY LANE","","NEWENT","","GL18 1BA","20100401","20240221","","RO59","L84037","20100401","20240221","01531820689","","","","1","","11M","","",""
"G7810008","P L MACHIN","","","THE PRIORY MEDICAL CENTRE","BELMONT GROVE","ANFIELD","LIVERPOOL","","L6 4EW","20100401","20240221","","RO59","N82011","20100401","20240221","","","","","1","","99A","","",""
"G7810015","DR CORBETT","","","THE MARCHES SURGERY","WESTFIELD WALK","","LEOMINSTER","","HR6 8HD","20100401","20240221","","RO59","M81016","20100401","20240221","","","","","1","","18C","","",""
"G7810022","DR S A DAWES","","","THE DAWES FAMILY PRACTICE","83 SPOTLAND ROAD","","ROCHDALE","","OL12 6RX","20100401","20240221","","RO59","P86026","20100401","20240221","","","","","1","","01D","","",""
"G7810039","DR M HUSSAIN","","","HEALEY SURGERY","WHITWORTH ROAD","","ROCHDALE","","OL12 0SN","20100401","20240221","","RO59","P86013","20100401","20240221","","","","","1","","01D","","",""
"G7810046","DR J NAPIER AND PARTNERS","","","THE SURGERY","280 MANCHESTER ROAD","","WARRINGTON","","WA1 3RB","20100401","20240221","","RO59","N81107","20100401","20240221","","","","","1","","02E","","",""
"G7810053","EAST LYNNE MEDICAL CENTRE","","","3-5 WELLESLEY ROAD","","","CLACTON-ON-SEA","","CO15 3PP","20100401","20240221","","RO59","F81037","20100401","20240221","","","","","1","","06T","","",""
"G7810084","DR R GUPTA","","","THE NEW SURGERY","8 SHENFIELD ROAD","","BRENTWOOD","","CM15 8AB","20100714","20240221","","RO59","F81085","20100714","20240221","","","","","1","","99E","","",""
"G7810091","DR V LETCHUMANAN","","","STRETTON MEDICAL CENTRE","5 HATTON LANE","STRETTON","WARRINGTON","","WA4 4NE","20100401","20240221","","RO59","N81623","20100401","20240221","","","","","1","","02E","","",""
"G7810101","DR A AHUJA","","","DEARDEN AVENUE MEDICAL PRACTIC","1A DEARDEN AVENUE","LITTLE HULTON","MANCHESTER","","M38 9GH","20100716","20240221","","RO59","P87625","20100716","20240221","","","","","1","","01G","","",""
"G7810132","DR N M PATEL","","","LANGBANK MEDICAL CENTRE","BROAD LANE","NORRIS GREEN","LIVERPOOL","","L11 1AD","20100726","20240221","","RO59","N82019","20100726","20240221","","","","","1","","99A","","",""
"G7810149","DR AC SAVANI","","","THE COLNE PRACTICE","99A UXBRIDGE ROAD","","RICKMANSWORTH","","WD3 7DJ","20100401","20240221","","RO59","E82083","20100401","20240221","","","","","1","","06N","","",""
"G7810163","HUNTER POOLED","","","GROBY ROAD MEDICAL CENTRE","9 GROBY ROAD","","LEICESTER","","LE3 9ED","20100401","20240221","","RO59","C82005","20100401","20240221","","","","","1","","04C","","",""
"G7810170","DR BAXTER & PARTNERS","","","BEACON MEDICAL PRACTICE","CHURCHILL AVENUE","","SKEGNESS","","PE25 2RN","20100401","20240221","","RO59","C83019","20100401","20240221","","","","","1","","71E","","",""
"G7810187","DR C DOBSON - ABEYANCE","","","CLEE MEDICAL CENTRE","323 GRIMSBY ROAD","","CLEETHORPES","","DN35 7XE","20100401","20240221","","RO59","B81015","20100401","20240221","","","","","1","","03H","","",""
"G7810228","DR K S MURTY","","","VITTORIA MEDICAL CENTRE","134 VITTORIA STREET","","BIRKENHEAD","","CH41 3RH","20100401","20240221","","RO59","N85634","20100401","20240221","","","","","1","","12F","","",""
"G7810235","DR BARCELLOS","","","THE SURGERY","CORBIN AVENUE","","FERNDOWN","","BH22 8AZ","20100817","20240221","","RO59","J81621","20100817","20240221","","","","","1","","11J","","",""
"G7810259","DR J AHERNE","","","WEAVERS MEDICAL CENTRE","PROSPECT HOUSE","121 LOWER STREET","KETTERING","","NN16 8DN","20100801","20240221","","RO59","K83051","20100801","20240221","","","","","1","","78H","","",""
"G7810266","DR R MUIR","","","THE LODGE SURGERY","LODGE ROAD","","CHIPPENHAM","","SN15 3SY","20100824","20240221","","RO59","J83625","20100824","20240221","","","","","1","","92G","","",""
"G7810280","DR RODGETT","","","MITCHELDEAN SURGERY","BROOK STREET","","MITCHELDEAN","","GL17 0AU","20100401","20240221","","RO59","L84045","20100401","20240221","","","","","1","","11M","","",""
"G7810314","DR MALCOLM HARVEY","","","SHERE SURGERY","THE SPINNING WALK","SHERE","GUILDFORD","","GU5 9HN","20100831","20240221","","RO59","H81077","20100831","20240221","","","","","1","","92A","","",""
"G7810321","DR JALAL SHARIF","","","CHELSFIELD SURGERY","62 WINDSOR DRIVE","","ORPINGTON","","BR6 6HD","20100831","20240221","","RO59","G84020","20100831","20240221","","","","","1","","72Q","","",""
"G7810338","S K GUPTA","","","DERBY LANE MEDICAL CENTRE","88 DERBY LANE","","LIVERPOOL","","L13 3DN","20100401","20240221","","RO59","N82093","20100401","20240221","","","","","1","","99A","","",""
"G7810345","DR P WILLIAMS","","","OLD TOWN SURGERY","CURIE AVENUE","","SWINDON","","SN1 4GB","20100401","20240221","","RO59","J83022","20100401","20240221","","","","","1","","92G","","",""
"G7810352","WF WATSON","","","BEECH HOUSE SURGERY","1 ASH TREE ROAD","","KNARESBOROUGH","","HG5 0UB","20100401","20240221","","RO59","B82069","20100401","20240221","","","","","1","","42D","","",""
"G7810376","TM AUNG","","","CEDAR CROSS MEDICAL CENTRE","WHISTON PRIMARY CARE RESOURCE","OLD COLLIERY ROAD","WHISTON","","L35 3SX","20100401","20240221","","RO59","N83609","20100401","20240221","","","","","1","","01J","","",""
"G7810383","PM SADIQ","","","HILLSIDE HOUSE SURGERY","HILLSIDE ROAD","HUYTON","LIVERPOOL","","L36 8BJ","20100401","20240221","","RO59","N83621","20100401","20240221","","","","","1","","01J","","",""
"G7810390","TD HENNESSY","","","SILVERDALE MEDICAL CENTRE","19 MOUNT AVENUE","HESWALL","WIRRAL","","CH60 4RH","20100401","20180930","","RO59","N85058","20100401","20180930","","","","","1","","12F","","",""
"G7810417","DR SALLY PARNELL","","","SHOTFIELD HEALTH CENTRE SERVIC","6A STANLEY PARK ROAD","","WALLINGTON","","SM6 0EU","20100909","20240221","","RO59","H85653","20100909","20240221","","","","","1","","36L","","",""
"G7810424","DR LA NATHAN","","","THE LONGCROFT CLINIC","WOODMANSTERNE LANE","","BANSTEAD","","SM7 3HH","20100901","20240221","","RO59","H81080","20100901","20240221","","","","","1","","92A","","",""
"G7810431","DR J HODGSON","","","GARDEN LANE MEDICAL CENTRE","19 GARDEN LANE","","CHESTER","","CH1 4EN","20100913","20240221","","RO59","N81081","20100913","20240221","","","","","1","","27D","","",""
"G7810455","DR A D BIRCH","","","OLD HALL SURGERY","26 STANNEY LANE","","ELLESMERE PORT","","CH65 9AD","20100401","20240221","","RO59","N81117","20100401","20240221","","","","","1","","27D","","",""
"G7810462","DR PRYCE POOLED LIST","","","MOORDOWN MEDICAL CENTRE","2A REDHILL CRESCENT","","BOURNEMOUTH","","BH9 2XF","20100918","20240221","","RO59","J81039","20100918","20240221","","","","","1","","11J","","",""
"G7810469","BANBURY CROSS HEALTH CENTRE","","","SOUTH BAR HOUSE","SOUTH BAR STREET","","BANBURY","","OX16 9AD","20250911","20251031","","RO59","K84028","20250911","20251031","","","","","1","","10Q","","",""
"G7810479","DR STORRAR","","","HELSBY STREET MEDICAL CENTRE","2 HELSBY STREET","","WARRINGTON","","WA1 3AW","20100920","20240221","","RO59","N81041","20100920","20240221","","","","","1","","02E","","",""
"G7810486","DR DAVID GREEN","","","THE ALRESFORD SURGERY","STATION ROAD","","ALRESFORD","","SO24 9JL","20100921","20240221","","RO59","J82124","20100921","20240221","","","","","1","","D9Y0V","","",""
"G7810493","DR SHEILA CASSIDY","","","THE ALRESFORD SURGERY","STATION ROAD","","ALRESFORD","","SO24 9JL","20100921","20240221","","RO59","J82124","20100921","20240221","","","","","1","","D9Y0V","","",""
"G7810503","DR HIGGINS","","","VINE HOUSE SURGERY","VINE STREET","","GRANTHAM","","NG31 6RQ","20101122","20240221","","RO59","C83075","20101122","20240221","","","","","1","","71E","","",""
"G7810510","DR HARGREAVES","","","VINE HOUSE SURGERY","VINE STREET","","GRANTHAM","","NG31 6RQ","20101025","20240221","","RO59","C83075","20101025","20240221","","","","","1","","71E","","",""
"G7810527","DR G S GOEL","","","ROSELAWN SURGERY","149 MALDEN ROAD","","NEW MALDEN","","KT3 6AA","20100921","20240221","","RO59","H84051","20100921","20240221","","","","","1","","36L","","",""
"G7810534","DR A HOSSAIN","","","CLAPHAM JUNCTION MEDICAL PRACTICE","263 LAVENDER HILL","","LONDON","","SW11 1JD","20100923","20240221","","RO59","H85088","20100923","20240221","","","","","1","","36L","","",""
"G7810541","DR RILEY","","","SURREY LODGE GROUP PRACTICE","11 ANSON ROAD","","MANCHESTER","","M14 5BY","20101011","20240221","","RO59","P84023","20101011","20240221","","","","","1","","14L","","",""
"G7810558","DR LOCKER","","","GLEBE PARK SURGERY","17 MONTAIGNE CRESCENT","","LINCOLN","","LN2 4QN","20100927","20240221","","RO59","C83079","20100927","20240221","","","","","1","","71E","","",""
"G7810565","DR MARTIN KALAHER","","","THE GLEBE SURGERY","MONASTERY LANE","STORRINGTON","PULBOROUGH","","RH20 4LR","20100927","20240221","","RO59","H82070","20100927","20240221","","","","","1","","70F","","",""
"G7810572","DR FLYNN","","","ST. PAULS MEDICAL CENTRE","121 SWINDON ROAD","","CHELTENHAM","","GL50 4DP","20100928","20240221","","RO59","L84008","20100928","20240221","","","","","1","","11M","","",""
"G7810589","DR S A R PRICE","","","THE SURGERY","109 STATION ROAD","LOWER STONDON","HENLOW","","SG16 6JJ","20100928","20240221","","RO59","E81061","20100928","20240221","","","","","1","","M1J4Y","","",""
"G7810596","DR S E WEST","","","CORINTHIAN SURGERY","ST. PAULS MEDICAL CENTRE","121 SWINDON ROAD","CHELTENHAM","","GL50 4DP","20101001","20220731","","RO59","L84056","20101001","20220731","","","","","1","","11M","","",""
"G7810606","DR POULTON","","","SHELLEY MANOR MEDICAL PRACTICE","8 BEECHWOOD AVENUE","","BOURNEMOUTH","","BH5 1LX","20100930","20240221","","RO59","J81021","20100930","20240221","","","","","1","","11J","","",""
"G7810620","DR M GUILD","","","PEEL CLINIC","DERBY ROAD","PEEL","ISLE OF MAN","","IM5 1HP","20101006","","","RO59","Y00002","20101006","","","","","","1","","","","",""
"G7810644","THE BRIDGE PRACTICE","","","CHERTSEY HEALTH CENTRE","STEPGATES","","CHERTSEY","","KT16 8HZ","20101101","20190331","","RO59","H81054","20101101","20190331","","","","","1","","92A","","",""
"G7810651","DR BERNARD WHITESIDE","","","HANHAM SURGERY","33 WHITTUCKS ROAD","","BRISTOL","","BS15 3HY","20101018","20240221","","RO59","L81079","20101018","20240221","","","","","1","","15C","","",""
"G7810675","DR I PANDEY","","","ALDERSHOT CENTRE FOR HEALTH","HOSPITAL HILL","","ALDERSHOT","","GU11 1AY","20101101","20240221","","RO59","J82198","20101101","20240221","","","","","1","","D9Y0V","","",""
"G7810682","DR S AHMED","","","THE BORDER PRACTICE","BLACKWATER WAY","","ALDERSHOT","","GU12 4DN","20101028","20240221","","RO59","J82142","20101028","20240221","","","","","1","","D9Y0V","","",""
"G7810699","HASLEMERE HEALTH CENTRE","","","CHURCH LANE","","","HASLEMERE","","GU27 2BQ","20101108","20240221","","RO59","H81062","20101108","20240221","","","","","1","","92A","","",""
"G7810709","ASHLEY CENTRE SURGERY","","","ASHLEY SQUARE","","","EPSOM","","KT18 5DD","20101104","20240221","","RO59","H81071","20101104","20240221","","","","","1","","92A","","",""
"G7810716","DR W O MAXWELL","","","THE SCHOOLHOUSE SURGERY","2 BUXTON OLD ROAD","DISLEY","STOCKPORT","","SK12 2BB","20101101","20200630","","RO59","N81112","20101101","20200630","","","","","1","","27D","","",""
"G7810730","DR H GOONERATNE","","","LEANDER ROAD SURGERY","949 LONDON ROAD","","THORNTON HEATH","","CR7 6JE","20101201","20240221","","RO59","H83042","20101201","20240221","","","","","1","","36L","","",""
"G7810747","DR MISHRA","","","HOLLINSWOOD SURGERY","DOWNEMEAD","","TELFORD","","TF3 2EW","20101108","20240221","","RO59","M82057","20101108","20240221","","","","","1","","M2L0M","","",""
"G7810754","DR A W ROBERTS","","","MOORE STREET MEDICAL CENTRE","77 MOORE STREET","","BOOTLE","","L20 4SE","20101108","20240221","","RO59","N84016","20101108","20240221","","","","","1","","01T","","",""
"G7810761","DR I R SWAN","","","BRADFORD ROAD MEDICAL CENTRE","60 BRADFORD ROAD","","TROWBRIDGE","","BA14 9AR","20101109","20180930","","RO59","J83028","20101109","20180930","","","","","1","","92G","","",""
"G7810778","PL JONES","","","STOCKBRIDGE VILLAGE HEALTH CENTRE","LEACHCROFT","WATERPARK DRIVE","LIVERPOOL","","L28 3QA","20101109","20240221","","RO59","N83018","20101109","20240221","","","","","1","","01J","","",""
"G7810785","DR MCKINSTRY","","","THE VILLAGE MEDICAL PRACTICE","VERNON HOUSE","164 STATION ROAD, WEST MOORS","FERNDOWN","","BH22 0JB","20101115","20170731","","RO59","J81640","20101115","20170731","","","","","1","","11J","","",""
"G7810792","DR BUCHANAN-BARROW","","","THE GARWAY MEDICAL PRACTICE","HALLFIELD CLINIC, PICKERING HOUSE","HALLFIELD ESTATE, BISHOPS BRIDGE RD","LONDON","","W2 6HF","20101001","20240221","","RO59","E87009","20101001","20240221","","","","","1","","W2U3Z","","",""
"G7810802","DR P CHOUDHARY","","","75 SOUTH PARADE","SPEKE","","LIVERPOOL","","L24 2SF","20101118","20240221","","RO59","N82650","20101118","20240221","","","","","1","","99A","","",""
"G7810819","DR HOGG","","","WILLENHALL PRIMARY CARE CENTRE","REMEMBRANCE ROAD","","COVENTRY","","CV3 3DG","20101122","20240221","","RO59","M86001","20101122","20240221","","","","","1","","B2M3M","","",""
"G7810826","DR R MARTIN","","","BUGBROOKE MEDICAL PRACTICE","LEVITTS ROAD","BUGBROOKE","NORTHAMPTON","","NN7 3QN","20101123","20240221","","RO59","K83070","20101123","20240221","","","","","1","","78H","","",""
"G7810833","DR M A IQBAL","","","WHETLEY MEDICAL CENTRE","2 SAPLIN STREET","","BRADFORD","","BD8 9DW","20101210","20190330","","RO59","B83069","20101210","20190330","","","","","1","","36J","","",""
"G7810840","DR SR PATEL","","","PENVALE PARK MEDICAL CENTRE","HARDWICK ROAD","EAST HINSBURY","NORTHAMPTON","","NN4 0GP","20101124","20180429","","RO59","K83619","20101124","20180429","","","","","1","","78H","","",""
"G7810857","DR DAVID JEWELL","","","HORFIELD HEALTH CENTRE","LOCKLEAZE ROAD","","BRISTOL","","BS7 9RR","20101126","20240221","","RO59","L81022","20101126","20240221","","","","","1","","15C","","",""
"G7810864","DR HADAD","","","STANHOPE SURGERY","STANHOPE ROAD","","WALTHAM CROSS","","EN8 7DJ","20101129","20240221","","RO59","E82638","20101129","20240221","","","","","1","","06K","","",""
"G7810871","DR C DATTA","","","VILLAGE MEDICAL CENTRE","PEEL STREET","","LITTLEBOROUGH","","OL15 8AQ","20101129","20240221","","RO59","P86608","20101129","20240221","","","","","1","","01D","","",""
"G7810888","DR A HOFMEISTER","","","DOCTORS SURGERY","2 GOLDINGTON ROAD","","BEDFORD","","MK40 3NG","20101129","20191130","","RO59","E81011","20101129","20191130","","","","","1","","M1J4Y","","",""
"G7810895","DR S RANOTE","","","HARPURHEY HEALTH CENTRE","1 CHURCH LANE","","MANCHESTER","","M9 4BE","20101130","20240221","","RO59","P84065","20101130","20240221","","","","","1","","14L","","",""
"G7810905","DR EAM GREVILLE","","","ELLESMERE MEDICAL PRACTICE","TRIMPLEY STREET","","ELLESMERE","","SY12 0DB","20101001","20240221","","RO59","M82025","20101001","20240221","","","","","1","","M2L0M","","",""
"G7810912","DR THOMSON","","","THE MEDICAL CENTRE","OAK STREET","","LECHLADE","","GL7 3RY","20101001","20190101","","RO59","L84055","20101001","20190101","","","","","1","","11M","","",""
"G7810929","DR PGN WILLIAMS","","","MONTEAGLE SURGERY","TESIMOND DRIVE","","YATELEY","","GU46 6FE","20101206","20190331","","RO59","J82206","20101206","20190331","","","","","1","","D9Y0V","","",""
"G7810936","DR A COOPER","","","LOCKSWOOD SURGERY","CENTRE WAY","LOCKS HEATH","SOUTHAMPTON","","SO31 6DX","20101206","20240221","","RO59","J82174","20101206","20240221","","","","","1","","D9Y0V","","",""
"G7810943","DR LINDA A WILLIAMS","","","BIGGLESWADE HEALTH CENTRE","SAFFRON ROAD","","BIGGLESWADE","","SG18 8DJ","20101206","20240221","","RO59","E81057","20101206","20240221","","","","","1","","M1J4Y","","",""
"G7810967","DR K SHARPE","","","SOUTHERN GROUP PRACTICE","CASTLETOWN ROAD","PORT ERIN","ISLE OF MAN","","IM9 6BD","20101207","","","RO59","Y00004","20101207","","","","","","1","","","","",""
"G7810998","DR RHYS-DAVIES","","","THE SURGERY","MAIN ROAD","STICKNEY","BOSTON","","PE22 8AA","20101209","20240221","","RO59","C83055","20101209","20240221","","","","","1","","71E","","",""
"G7811016","DR A TAYLOR","","","WOOLTON HOUSE MEDICAL CENTRE","4-6 WOOLTON STREET","WOOLTON","LIVERPOOL","","L25 5JA","20101209","20240221","","RO59","N82066","20101209","20240221","","","","","1","","99A","","",""
"G7811023","DR J T PRAMANIK","","","HORNSPIT MEDICAL CENTRE","HORNSPIT LANE","WEST DERBY","LIVERPOOL","","L12 5LT","20101209","20240221","","RO59","N82663","20101209","20240221","","","","","1","","99A","","",""
"G7811030","DR N A BRADLEY","","","EARLSTON ROAD SURGERY","1 EARLSTON ROAD","","WALLASEY","","CH45 5DX","20101210","20180429","","RO59","N85619","20101210","20180429","","","","","1","","12F","","",""
"G7811047","DR SW HUDSON","","","SOUTH HAM MEDICAL CENTRE","96 PADDOCK ROAD","","BASINGSTOKE","","RG22 6RL","20101210","20191130","","RO59","J82065","20101210","20191130","","","","","1","","D9Y0V","","",""
"G7811054","MOHAMMED SHARIEF","","","FOREST HOUSE SURGERY","25 LEICESTER ROAD","SHEPSHED","LOUGHBOROUGH","","LE12 9DF","20101215","20240221","","RO59","C82064","20101215","20240221","","","","","1","","04V","","",""
"G7811061","DR GREEN","","","PENNYS HILL PRACTICE","FERNDOWN MEDICAL CENTRE","ST. MARYS ROAD","FERNDOWN","","BH22 9HB","20110101","20240221","","RO59","J81061","20110101","20240221","","","","","1","","11J","","",""
"G7811078","DR RODERICK BOWERING","","","RIVERBANK MEDICAL CENTRE","WALFORD AVENUE","","WESTON-SUPER-MARE","","BS22 7YZ","20101221","20191130","","RO59","L81124","20101221","20191130","","","","","1","","15C","","",""
"G7811085","DR PETER MAKSIMCZYK","","","DR P MAKSIMCZYK & PARTNERS","13 CLARENCE ROAD EAST","","WESTON-SUPER-MARE","","BS23 4BP","20101221","20201130","","RO59","L81119","20101221","20201130","","","","","1","","15C","","",""
"G7811126","TE KENNY","","","HALL STREET MEDICAL CENTRE","28-30 HALL STREET","","ST. HELENS","","WA10 1DW","20110104","20240221","","RO59","N83017","20110104","20240221","","","","","1","","01X","","",""
"G7811140","PHILLIP G HUSSEY","","","SYSTON HEALTH CENTRE","1330 MELTON ROAD","SYSTON","LEICESTER","","LE7 2EQ","20110105","20240221","","RO59","C82078","20110105","20240221","","","","","1","","03W","","",""
"G7811157","DR M A EDWARDS","","","EATON ROAD MEDICAL CENTRE","276 EATON ROAD","WEST DERBY","LIVERPOOL","","L12 2AW","20110106","20240221","","RO59","N82024","20110106","20240221","","","","","1","","99A","","",""
"G7811171","DR CSJ SHERVEY","","","WATLEDGE SURGERY","BARTON ROAD","","TEWKESBURY","","GL20 5QQ","20110110","20240221","","RO59","L84054","20110110","20240221","","","","","1","","11M","","",""
"G7811188","DR LIYANGE","","","BENHILL AND BELMONT PRACTICE","1 STATION APPROACH","BELMONT","SUTTON","","SM2 6DD","20110110","20240221","","RO59","H85031","20110110","20240221","","","","","1","","36L","","",""
"G7811195","DR JENNER","","","TANNERS MEADOW SURGERY","BROCKHAM","","BETCHWORTH","","RH3 7NJ","20110106","20240221","","RO59","H81068","20110106","20240221","","","","","1","","92A","","",""
"G7811205","DR MASLEN","","","WARGRAVE HOUSE","23 ST. OWEN STREET","","HEREFORD","","HR1 2JB","20110108","20240221","","RO59","M81066","20110108","20240221","","","","","1","","18C","","",""
"G7811212","DR S A CHESTERS","","","PARKFIELD MEDICAL CENTRE","SEFTON ROAD","","WIRRAL","","CH62 5HS","20110118","20240221","","RO59","N85051","20110118","20240221","","","","","1","","12F","","",""
"G7811250","DR OLAJUMOKE ABILI","","","PARKWAY HEALTH CENTRE","PARKWAY","NEW ADDINGTON","CROYDON","","CR0 0JA","20110126","20240221","","RO59","H83006","20110126","20240221","","","","","1","","36L","","",""
"G7811267","DR D FREEMAN","","","SHERINGHAM HEALTH CENTRE","CROMER ROAD","","SHERINGHAM","","NR26 8RT","20110127","20240221","","RO59","D82005","20110127","20240221","","","","","1","","26A","","",""
"G7811274","DR I C MELROSE","","","BRAMPTON MEDICAL PRACTICE","4 MARKET PLACE","","BRAMPTON","","CA8 1NL","20110128","20240221","","RO59","A82012","20110128","20240221","","","","","1","","01H","","",""
"G7811281","DR C ASHWORTH","","","SHERINGHAM HEALTH CENTRE","CROMER ROAD","","SHERINGHAM","","NR26 8RT","20110128","20240221","","RO59","D82005","20110128","20240221","","","","","1","","26A","","",""
"G7811298","DR AW HILL","","","ST. LUKES SURGERY","ST. LUKES CLOSE","HEDGE END","SOUTHAMPTON","","SO30 2US","20110128","20221130","","RO59","J82192","20110128","20221130","","","","","1","","D9Y0V","","",""
"G7811308","DR DORE","","","HIBALDSTOW MEDICAL PRACTICE","11 CHURCH STREET","HIBALDSTOW","BRIGG","","DN20 9ED","20110128","20240221","","RO59","C83033","20110128","20240221","","","","","1","","03K","","",""
"G7811353","DR SAMUEL MARK MYERS","","","HEADLANDS SURGERY","20 HEADLANDS","","KETTERING","","NN15 7HP","20110228","20240221","","RO59","K83006","20110228","20240221","","","","","1","","78H","","",""
"G7811360","DR MOHAMMED","","","AL-SHIFA MEDICAL CENTRE","6 COPSON STREET","","MANCHESTER","","M20 3HE","20110204","20240221","","RO59","P84023","20110204","20240221","","","","","1","","14L","","",""
"G7811384","DR B DAS","","","BENIM MEDICAL CENTRE","2 PENVALLEY CRESCENT","KENSINGTON","LIVERPOOL","","L6 3BY","20110207","20240221","","RO59","N82067","20110207","20240221","","","","","1","","99A","","",""
"G7811391","DR CHOPRA","","","COWES MEDICAL CENTRE","200 NEWPORT ROAD","","COWES","","PO31 7ER","20110209","20240221","","RO59","J84015","20110209","20240221","","","","","1","","D9Y0V","","",""
"G7811401","DR T J BOOG-SCOTT","","","PORTCULLIS SURGERY","PORTCULLIS LANE","","LUDLOW","","SY8 1GT","20110201","20240221","","RO59","M82043","20110201","20240221","","","","","1","","M2L0M","","",""
"G7811418","DR CHRISTOPHER I WALDRUM","","","THE CRESCENT MEDICAL CENTRE","2 THE CRESCENT","","NORTHAMPTON","","NN1 4SB","20110215","20240221","","RO59","K83050","20110215","20240221","","","","","1","","78H","","",""
"G7811432","DR HANUMANTHU","","","CAUSEWAY MEDICAL CENTRE","166-170 WILDERSPOOL CAUSEWAY","","WARRINGTON","","WA4 6QA","20110215","20240221","","RO59","N81028","20110215","20240221","","","","","1","","02E","","",""
"G7811463","DR EVANS","","","FARNHAM CENTRE FOR HEALTH","HALE ROAD","","FARNHAM","","GU9 9QS","20110223","20220430","","RO59","H81097","20110223","20220430","","","","","1","","92A","","",""
"G7811470","DR S BELLAMY","","","LALEHAM ROAD","SHEPPERTON COURT DRIVE","","SHEPPERTON","","TW17 8EJ","20110223","20240221","","RO59","H81004","20110223","20240221","","","","","1","","92A","","",""
"G7811494","DR KAREEM","","","BROOKDALE SURGERY","202 DROYLSDEN ROAD","","MANCHESTER","","M40 1NZ","20110225","20210630","","RO59","P84062","20110225","20210630","","","","","1","","14L","","",""
"G7811504","DR GULATI","","","SHIV LODGE MEDICAL CENTRE","357-359 DICKENSON ROAD","","MANCHESTER","","M13 0WQ","20110225","20240221","","RO59","P84026","20110225","20240221","","","","","1","","14L","","",""
"G7811528","DR P L GUPTA","","","DERBY LANE MEDICAL CENTRE","88 DERBY LANE","OLD SWAN","LIVERPOOL","","L13 3DN","20110228","20240221","","RO59","N82093","20110228","20240221","","","","","1","","99A","","",""
"G7811559","S.J. PILLOW","","","CIVIC MEDICAL CENTRE","CIVIC WAY, BEBINGTON","","WIRRAL","","CH63 7RX","20110301","20240221","","RO59","N85006","20110301","20240221","","","","","1","","12F","","",""
"G7811566","A JAMES","","","DOCTORS SURGERY","102 MARKET STREET","","NEWTON-LE-WILLOWS","","WA12 9BP","20110301","20240221","","RO59","N83005","20110301","20240221","","","","","1","","01X","","",""
"G7811573","DR WHITAKER","","","THE WHITELEY SURGERY","YEW TREE DRIVE","WHITELEY","FAREHAM","","PO15 7LB","20110403","20221130","","RO59","J82023","20110403","20221130","","","","","1","","D9Y0V","","",""
"G7811580","DR DENNISON","","","THE WHITELEY SURGERY","YEW TREE DRIVE","WHITELEY","FAREHAM","","PO15 7LB","20110401","20221130","","RO59","J82023","20110401","20221130","","","","","1","","D9Y0V","","",""
"G7811607","DR M JUERGENS","","","EAST NORWICH MEDICAL PARTNERSH","ST. WILLIAMS WAY","THORPE ST ANDREW","NORWICH","","NR7 0AJ","20110309","20240221","","RO59","D82071","20110309","20240221","","","","","1","","26A","","",""
"G7811614","DR M R CLIFTON","","","MIDDLEWICH MEDICAL CENTRE","ST. ANNS WALK","","MIDDLEWICH","","CW10 9BE","20110311","20240221","","RO59","N81039","20110311","20240221","","","","","1","","27D","","",""
"G7811645","DR ROBINSON","","","STOKE ROAD SURGERY","4 STOKE ROAD","BISHOPS CLEEVE","CHELTENHAM","","GL52 8RP","20110315","20240221","","RO59","L84048","20110315","20240221","","","","","1","","11M","","",""
"G7811652","DR S S SAPRE","","","MAGHULL HEALTH CENTRE","WESTWAY","MAGHULL","LIVERPOOL","","L31 0DJ","20110315","20240221","","RO59","N84010","20110315","20240221","","","","","1","","01T","","",""
"G7811669","DR S S SAPRE","","","AINTREE MEDICAL CENTRE","1B AINTREE ROAD","","BOOTLE","","L20 9DL","20110315","20240221","","RO59","N84002","20110315","20240221","","","","","1","","01T","","",""
"G7811690","EX-THOMPSON","","","MULGRAVE ROAD SURGERY","48 MULGRAVE ROAD","","SUTTON","","SM2 6LX","20110401","20240221","","RO59","H85018","20110401","20240221","","","","","1","","36L","","",""
"G7811717","DR COLLEY","","","THE TADLEY MEDICAL PARTNERSHIP","MORLAND SURGERY","40 NEW ROAD","TADLEY","","RG26 3AN","20110401","20240221","","RO59","J82094","20110401","20240221","","","","","1","","D9Y0V","","",""
"G7811724","DR WADDINGHAM","","","THE TADLEY MEDICAL PARTNERSHIP","MORLAND SURGERY","40 NEW ROAD","TADLEY","","RG26 3AN","20110331","20240221","","RO59","J82094","20110331","20240221","","","","","1","","D9Y0V","","",""
"G7811731","DR C G WOOD","","","THE SURGERY","ROMAN WAY","","BILLINGSHURST","","RH14 9QZ","20110321","20240221","","RO59","H82055","20110321","20240221","","","","","1","","70F","","",""
"G7811748","DR HARGRAVE","","","ROYAL MANOR HEALTH CARE","THE HEALTH CENTRE","PARK ESTATE ROAD","PORTLAND","","DT5 2BJ","20110321","20240221","","RO59","J81009","20110321","20240221","","","","","1","","11J","","",""
"G7811755","DR JUPP","","","WONERSH SURGERY","THE STREET","WONERSH","GUILDFORD","","GU5 0PE","20110322","20240221","","RO59","H81043","20110322","20240221","","","","","1","","92A","","",""
"G7811779","DR D SELVARAJAH","","","SOUTHERN GROUP PRACTICE","CASTLETOWN ROAD","PORT ERIN","ISLE OF MAN","","IM9 6BD","20110324","","","RO59","Y00004","20110324","","","","","","1","","","","",""
"G7811786","DR A GHOSH","","","BRACE STREET HEALTH CENTRE","BRACE STREET","","WALSALL","","WS1 3HD","20110401","20240221","","RO59","M91014","20110401","20240221","","","","","1","","D2P2L","","",""
"G7811803","DR TURNBULL","","","PROVIDENCE SURGERY","12 WALPOLE ROAD","BOSCOMBE","BOURNEMOUTH","","BH1 4HA","20110401","20240221","","RO59","J81634","20110401","20240221","","","","","1","","11J","","",""
"G7811810","DR ARCHARD","","","STOUR SURGERY","49 BARRACK ROAD","","CHRISTCHURCH","","BH23 1PA","20110401","20240221","","RO59","J81066","20110401","20240221","","","","","1","","11J","","",""
"G7811834","DR G SETHI","","","TOWNFIELD DOCTORS SURGERY","34 COLLEGE WAY","","HAYES","","UB3 3DZ","20110330","20240221","","RO59","E86018","20110330","20240221","","","","","1","","W2U3Z","","",""
"G7811841","DR S ALLEN","","","BROOKFIELD SURGERY","WHITBARROW ROAD","","LYMM","","WA13 9DB","20110406","20240221","","RO59","N81014","20110406","20240221","","","","","1","","02E","","",""
"G7811858","DR MB RENTON","","","ISLINGTON HOUSE MEDICAL CENTRE","3 ISLINGTON SQUARE","ISLINGTON","LIVERPOOL","","L3 8DD","20110330","20240221","","RO59","N82081","20110330","20240221","","","","","1","","99A","","",""
"G7811896","DR LV CHANA","","","449 WARRINGTON ROAD","RAINHILL","","PRESCOT","","L35 4LL","20110331","20240221","","RO59","N83635","20110331","20240221","","","","","1","","01X","","",""
"G7811920","DR GALLIMORE","","","CANFORD HEATH GROUP PRACTICE","9 MITCHELL ROAD","","POOLE","","BH17 8UE","20110401","20240221","","RO59","J81013","20110401","20240221","","","","","1","","11J","","",""
"G7811937","DR R REDDY","","","CRANFIELD SURGERY","137 HIGH STREET","CRANFIELD","BEDFORD","","MK43 0HZ","20110404","20240221","","RO59","E81043","20110404","20240221","","","","","1","","M1J4Y","","",""
"G7811968","DR D A COX","","","MEDICAL CENTRE","FOLLY LANE","","WARRINGTON","","WA5 0LU","20110411","20240221","","RO59","N81056","20110411","20240221","","","","","1","","02E","","",""
"G7811975","DR G P ADAM","","","GROSVENOR SURGERY","GROSVENOR HOUSE","WARWICK SQUARE","CARLISLE","","CA1 1LB","20110415","20240221","","RO59","A82654","20110415","20240221","","","","","1","","01H","","",""
"G7811982","DR ABELA","","","THE CHAFFORD HUNDRED MEDICAL CENTRE","DRAKE ROAD","CHAFFORD HUNDRED","GRAYS","","RM16 6RS","20110415","20240221","","RO60","F81113","20110415","20240221","","","","","1","","07G","","",""
"G7811999","DR AD CRAWFORD","","","ST. CLEMENTS PARTNERSHIP","TANNER STREET","","WINCHESTER","","SO23 8AD","20110418","20240221","","RO59","J82035","20110418","20240221","","","","","1","","D9Y0V","","",""
"G7812000","DR JC DAVIES","","","ST. CLEMENTS PARTNERSHIP","TANNER STREET","","WINCHESTER","","SO23 8AD","20110418","20240221","","RO59","J82035","20110418","20240221","","","","","1","","D9Y0V","","",""
"G7812017","DR W T DE GROOT","","","THE SURGERY","THE HIGHLANDS","FLITWICK","BEDFORD","","MK45 1DZ","20110419","20240221","","RO59","E81015","20110419","20240221","","","","","1","","M1J4Y","","",""
"G7812048","DR K R BULLEN","","","THE AVENUE SURGERY","14 THE AVENUE","","WARMINSTER","","BA12 9AA","20110426","20240221","","RO59","J83018","20110426","20240221","","","","","1","","92G","","",""
"G7812055","P GUPTA","","","SANDFIELD MEDICAL CENTRE","81 LIVERPOOL ROAD","","ST. HELENS","","WA10 1PN","20110428","20240221","","RO59","N83620","20110428","20240221","","","","","1","","01X","","",""
"G7812062","DR P S WHITEHEAD","","","FISHER MEDICAL CENTRE","MILLFIELDS","COACH STREET","SKIPTON","","BD23 1EU","20110503","20221130","","RO59","B82028","20110503","20221130","","","","","1","","36J","","",""
"G7812079","DR MRKECHNIE","","","THE SURGERY","BACK LANE","COLSTERWORTH","GRANTHAM","","NG33 5NJ","20110503","20240221","","RO59","C83053","20110503","20240221","","","","","1","","71E","","",""
"G7812086","DR D S EVANS","","","ROYSIA SURGERY","BURNS ROAD","","ROYSTON","","SG8 5PT","20110521","20240221","","RO59","E82132","20110521","20240221","","","","","1","","06H","","",""
"G7812103","DR WARD","","","BRANKSOMEWOOD HEALTHCARE CENTRE","BRANKSOMEWOOD ROAD","","FLEET","","GU51 4JX","20110601","20240221","","RO59","J82135","20110601","20240221","","","","","1","","D9Y0V","","",""
"G7812110","DR TOWNSEND POOLED LIST","","","ROYAL MANOR HEALTH CARE","PARK ESTATE ROAD","EASTON","PORTLAND","","DT5 2BJ","20110601","20240221","","RO59","J81009","20110601","20240221","","","","","1","","11J","","",""
"G7812134","DR S MURRAY","","","AVENUE HOUSE SURGERY","109 SALTERGATE","","CHESTERFIELD","","S40 1LE","20110601","20240221","","RO59","C81084","20110601","20240221","","","","","1","","15M","","",""
"G7812141","DR S Y R WONG","","","NORTH PARK HEALTH CENTRE","290 KNOWSLEY ROAD","","BOOTLE","","L20 5DQ","20110518","20240221","","RO59","N84019","20110518","20240221","","","","","1","","01T","","",""
"G7812189","DR DEER","","","THE HEALTH CENTRE","DOCKHAM ROAD","","CINDERFORD","","GL14 2AN","20110524","20240221","","RO59","L84046","20110524","20240221","","","","","1","","11M","","",""
"G7812206","DR V USHA-RANI","","","PICTON MEDICAL & CHILDRENS CENTRE","137 EARLE ROAD","","LIVERPOOL","","L7 6HD","20110527","20240221","","RO59","N82089","20110527","20240221","","","","","1","","99A","","",""
"G7812213","DR GREGORY","","","BEAUFORT ROAD SURGERY","21 BEAUFORT ROAD","","BOURNEMOUTH","","BH6 5AJ","20110531","20240221","","RO59","J81018","20110531","20240221","","","","","1","","11J","","",""
"G7812244","DR S MEMON","","","LANGBANK MEDICAL CENTRE","BROAD LANE","NORRIS GREEN","LIVERPOOL","","L11 1AD","20110607","20240221","","RO59","N82019","20110607","20240221","","","","","1","","99A","","",""
"G7812251","DR CARUANA","","","SWANAGE HEALTH CENTRE","RAILWAY STATION APPROACH","","SWANAGE","","BH19 1HB","20110607","20240221","","RO59","J81010","20110607","20240221","","","","","1","","11J","","",""
"G7812268","DR G FAULKS","","","GREAT SUTTON MEDICAL CENTRE","OLD CHESTER ROAD","GREAT SUTTON","ELLESMERE PORT","","CH66 3SP","20110608","20201130","","RO59","N81094","20110608","20201130","","","","","1","","27D","","",""
"G7812275","DR FOSTER","","","BROOKSIDE HEALTH CENTRE","QUEENS ROAD","","FRESHWATER","","PO40 9DT","20110609","20240221","","RO59","J84019","20110609","20240221","","","","","1","","D9Y0V","","",""
"G7812282","DR NH BRONNERT","","","NORTHGATE MEDICAL CENTRE","10 UPPER NORTHGATE STREET","","CHESTER","","CH1 4EE","20110614","20240221","","RO59","N81080","20110614","20240221","","","","","1","","27D","","",""
"G7812309","DR FROLEY","","","BEECHES SURGERY","9 HILL ROAD","","CARSHALTON","","SM5 3RB","20110622","20240221","","RO59","H85662","20110622","20240221","","","","","1","","36L","","",""
"G7812316","DR A WILLIAMS","","","THE NEW CRONDALL SURGERY","REDLANDS LANE","CRONDALL","FARNHAM","","GU10 5RF","20110731","20240221","","RO59","J82628","20110731","20240221","","","","","1","","D9Y0V","","",""
"G7812323","DR G PARKIN","","","RAMILLIES","12 VICTORIA ROAD SOUTH","","SOUTHSEA","","PO5 2DB","20110802","20170430","","RO59","J82168","20110802","20170430","","","","","1","","10R","","",""
"G7812361","DR J WEBSTER","","","THE HEALTH CENTRE","HIGHER LANE","RAINFORD","ST. HELENS","","WA11 8AZ","20110630","20240221","","RO59","N83041","20110630","20240221","","","","","1","","01X","","",""
"G7812385","DR PATEL","","","VINE HOUSE SURGERY","VINE STREET","","GRANTHAM","","NG31 6RQ","20110704","20240221","","RO59","C83075","20110704","20240221","","","","","1","","71E","","",""
"G7812419","DR A WILSON","","","ST. NICHOLAS HEALTH CENTRE","57 CANTERBURY WAY","","STEVENAGE","","SG1 4QH","20110714","20180930","","RO59","E82039","20110714","20180930","","","","","1","","06K","","",""
"G7812440","CHERRY MEDICAL PRACTICE","","","478-482 MANCHESTER ROAD EAST","LITTLE HULTON","","MANCHESTER","","M38 9NS","20110401","20240221","","RO59","P87630","20110401","20240221","","","","","1","","01G","","",""
"G7812464","DR K MASHAYEKHY","","","VILLAGE SURGERY","1 WILLIAM STREET","LOSTOCK HALL","PRESTON","","PR5 5RZ","20110801","20210630","","RO59","P81769","20110801","20210630","","","","","1","","00X","","",""
"G7812471","DR JF LONGAN","","","BANSALLA MEDICAL CENTRE","MAIN ROAD","","BALLASALLA","","IM9 2RQ","20110722","","","RO59","Y00009","20110722","","","","","","1","","","","",""
"G7812512","DR T STENHOUSE","","","SHAP MEDICAL PRACTICE","PEGGY NUT CLOSE","SHAP","PENRITH","","CA10 3LW","20110802","20240221","","RO59","A82031","20110802","20240221","","","","","1","","01H","","",""
"G7812543","DR D BURTON","","","MEDICAL CENTRE","CHURCH STREET","BYFIELD","DAVENTRY","","NN11 6XN","20110809","20240221","","RO59","K83031","20110809","20240221","","","","","1","","78H","","",""
"G7812550","DR SIVA","","","QUEDGELEY MEDICAL CENTRE","OLYMPUS PARK","QUEDGELEY","GLOUCESTER","","GL2 4NF","20110810","20240221","","RO59","L84617","20110810","20240221","","","","","1","","11M","","",""
"G7812567","DR GUIRGUIS","","","MILESTONE SURGERY","208 FARNBOROUGH ROAD","","FARNBOROUGH","","GU14 7JN","20111001","20240221","","RO59","J82067","20111001","20240221","","","","","1","","D9Y0V","","",""
"G7812581","DR RICHARDSON","","","THE HADLEIGH PRACTICE","HADLEIGH HOUSE","20 KIRKWAY","BROADSTONE","","BH18 8EE","20110822","20240221","","RO59","J81041","20110822","20240221","","","","","1","","11J","","",""
"G7812608","A.K. SINGHAL","","","HILLSIDE ROAD DOCTORS SURGERY","28-30 HILLSIDE ROAD","HUYTON","LIVERPOOL","","L36 8BJ","20110826","20240221","","RO59","N83622","20110826","20240221","","","","","1","","01J","","",""
"G7812615","DR S E KING","","","CEDARS MEDICAL CENTRE","12 SANDBACH ROAD SOUTH","ALSAGER","STOKE-ON-TRENT","","ST7 2AD","20110830","20240221","","RO59","N81008","20110830","20240221","","","","","1","","27D","","",""
"G7812622","DR C J LAMBERT","","","CHURCH VIEW SURGERY","5 MARKET HILL","HEDON","HULL","","HU12 8JE","20110830","20200630","","RO59","B81062","20110830","20200630","","","","","1","","02Y","","",""
"G7812639","DR GRAHAM TYRRELL","","","SHERE SURGERY & DISPENSARY","GOMSHALL LANE","SHERE","GUILDFORD","","GU5 9DR","20110831","20240221","","RO59","H81077","20110831","20240221","","","","","1","","92A","","",""
"G7812646","DR HAQ","","","47 FALCON ROAD","","","LONDON","","SW11 2PH","20110831","20240221","","RO59","H85002","20110831","20240221","","","","","1","","36L","","",""
"G7812653","DR BRENDA PETTIFER","","","PARKSIDE HEALTH","COLVILLE HEALTH CENTRE","51 KENSINGTON PARK ROAD","LONDON","","W11 1PA","20110831","20240221","","RO60","E87067","20110831","20240221","","","","","1","","W2U3Z","","",""
"G7812660","DR PENNELL","","","SOUTHBOURNE SURGERY","17 BEAUFORT ROAD","","BOURNEMOUTH","","BH6 5BF","20110902","20240221","","RO59","J81059","20110902","20240221","","","","","1","","11J","","",""
"G7812677","DR PUNHAM PARIHAR","","","FALLOWFIELD MEDICAL CENTRE","75 LADYBARN LANE","","MANCHESTER","","M14 6YL","20110902","20240221","","RO59","P84639","20110902","20240221","","","","","1","","14L","","",""
"G7812718","DR BURRIN","","","BADGERSWOOD SURGERY","MILL LANE","HEADLEY","BORDON","","GU35 8LH","20110912","20240221","","RO59","J82042","20110912","20240221","","","","","1","","D9Y0V","","",""
"G7812725","DR MUKESHKUMAR RAJANI","","","LISTER MEDICAL CENTRE","LISTER HOUSE","","HARLOW","","CM18 7LU","20110905","20240221","","RO59","F81027","20110905","20240221","","","","","1","","07H","","",""
"G7812756","DR K N KINI","","","CITY WALLS MEDICAL CENTRE","ST. MARTINS WAY","","CHESTER","","CH1 2NR","20111216","20240221","","RO59","N81082","20111216","20240221","","","","","1","","27D","","",""
"G7812763","DR O JOHN","","","BROOKSIDE HEALTH CENTRE","QUEENS ROAD","","FRESHWATER","","PO40 9DT","20111001","20240221","","RO59","J84019","20111001","20240221","","","","","1","","D9Y0V","","",""
"G7812770","DR GE THOMSON","","","BROOKSIDE HEALTH CENTRE","QUEENS ROAD","","FRESHWATER","","PO40 9DT","20111016","20240221","","RO59","J84019","20111016","20240221","","","","","1","","D9Y0V","","",""
"G7812794","DR K ALAUDDIN","","","GLADSTONE MEDICAL CENTRE","241-247 OLD CHESTER ROAD","","BIRKENHEAD","","CH42 3TD","20111001","20240221","","RO59","N85031","20111001","20240221","","","","","1","","12F","","",""
"G7812804","DR D C DOWNWARD","","","FIELD ROAD HEALTH CENTRE","FIELD ROAD","","WALLASEY","","CH45 5BG","20111008","20201130","","RO59","N85053","20111008","20201130","","","","","1","","12F","","",""
"G7812811","LEESBROOK SURGERY","","","MELLOR STREET","LEES","","OLDHAM","","OL4 3DG","20111001","20240221","","RO59","P85005","20111001","20240221","","","","","1","","00Y","","",""
"G7812835","DR M MYINT","","","THE STANSTED SURGERY, REDLANDS","86 ST. JOHNS ROAD","","STANSTED","","CM24 8JS","20110922","20240221","","RO59","F81053","20110922","20240221","","","","","1","","07H","","",""
"G7812842","DR M J DWYER-ABEYANCE","","","CEDAR MEDICAL PRACTICE","275 ASHBY ROAD","","SCUNTHORPE","","DN16 2AB","20110901","20240221","","RO59","B81113","20110901","20240221","","","","","1","","03K","","",""
"G7812873","GARWAY MEDICAL PRACTICE","","","HALLFIELD CLINIC","PICKERING HOUSE","HALLFIELD ESTATE","LONDON","","W2 6HF","20110924","20240221","","RO59","E87009","20110924","20240221","","","","","1","","W2U3Z","","",""
"G7812914","DR A DOWNEY","","","ST. JAMES SURGERY","GAINS LANE","","DEVIZES","","SN10 1QU","20111004","20240221","","RO59","J83053","20111004","20240221","","","","","1","","92G","","",""
"G7812938","DR WATERS POOLED LIST","","","BEAUFORT ROAD SURGERY","21 BEAUFORT ROAD","SOUTHBOURNE","BOURNEMOUTH","","BH6 5AJ","20111010","20240221","","RO59","J81018","20111010","20240221","","","","","1","","11J","","",""
"G7812945","DR PAYNE POOLED LIST","","","BARTON HOUSE MEDICAL PRACTICE","","","BEAMINSTER","","DT8 3EQ","20111009","20240221","","RO59","J81074","20111009","20240221","","","","","1","","11J","","",""
"G7812952","DR DAVIDSON","","","THE WATERSIDE HEALTH CENTRE","BEAULIEU ROAD","HYTHE","SOUTHAMPTON","","SO45 5WX","20111101","20240221","","RO59","J82056","20111101","20240221","","","","","1","","D9Y0V","","",""
"G7812969","DR HATIKAKOTY","","","BEE FOLD MEDICAL CENTRE","25 BEE FOLD LANE","ATHERTON","MANCHESTER","","M46 0BD","20111019","20240221","","RO59","P92633","20111019","20240221","","","","","1","","02H","","",""
"G7812976","DR K KHOT","","","ALBANY HOUSE MEDICAL CENTRE","3 QUEEN STREET","","WELLINGBOROUGH","","NN8 4RW","20111105","20240221","","RO59","K83026","20111105","20240221","","","","","1","","78H","","",""
"G7812990","DR MEW","","","QUEENS AVENUE SURGERY","14 QUEENS AVENUE","","DORCHESTER","","DT1 2EW","20111020","20240221","","RO59","J81016","20111020","20240221","","","","","1","","11J","","",""
"G7813032","DR R SACHDEV","","","HELSBY STREET MEDICAL CENTRE","2 HELSBY STREET","","WARRINGTON","","WA1 3AW","20111112","20240221","","RO59","N81041","20111112","20240221","","","","","1","","02E","","",""
"G7813049","DR BAWDEN","","","CORNWALL ROAD MEDICAL PRACTICE","3 FREDERICK TREVES HOUSE","ST. JOHN WAY","DORCHESTER","","DT1 2FD","20111217","20240221","","RO59","J81082","20111217","20240221","","","","","1","","11J","","",""
"G7813056","DR P ROBINSON","","","HACKNESS ROAD SURGERY","19 HACKNESS ROAD","","SCARBOROUGH","","YO12 5SD","20111127","20240221","","RO59","B82106","20111127","20240221","","","","","1","","42D","","",""
"G7813063","J.J. O'DONNELL","","","PARK HOUSE SURGERY","FINGERPOST PARK HEALTH CENTRE","ATLAS STREET","ST. HELENS","","WA9 1LN","20111101","20240221","","RO59","N83023","20111101","20240221","","","","","1","","01X","","",""
"G7813070","DR BANCROFT-LIVINGSTON","","","PARTNERS IN HEALTH","PAVILION FAMILY DOCTORS","153A STROUD ROAD","GLOUCESTER","","GL1 5JJ","20111101","20240221","","RO59","L84034","20111101","20240221","","","","","1","","11M","","",""
"G7813087","DR BHISMA","","","CONRAN MEDICAL CENTRE","77 CHURCH LANE","HARPURHEY","MANCHESTER","","M9 5BH","20111101","20240221","","RO59","P84040","20111101","20240221","","","","","1","","14L","","",""
"G7813094","DR DREPAUL","","","BENCHILL MEDICAL CENT","171 BROWNLEY ROAD","","MANCHESTER","","M22 9UH","20120105","20240221","","RO59","P84029","20120105","20240221","","","","","1","","14L","","",""
"G7813104","GREEN STREET GREEN MEDICAL PRACTICE","","","GREEN STREET GREEN MC","21 HIGH STREET","GREEN STREET GREEN","ORPINGTON","","BR6 6BG","20111104","20240221","","RO59","G84627","20111104","20240221","","","","","1","","72Q","","",""
"G7813111","ADDINGTON ROAD SURGERY","","","ADDINGTON RD SURGERY","ADDINGTON RD HEALTH CENTRE","77 ADDINGTON ROAD","WEST WICKHAM","","BR4 9BG","20111104","20240221","","RO59","G84017","20111104","20240221","","","","","1","","72Q","","",""
"G7813142","DR SRIVASTAVA","","","SOUTH NORWOOD MEDICAL PRACTICE","21B SOUTH NORWOOD HILL","SOUTH NORWOOD","LONDON","","SE25 6AA","20111110","20190730","","RO59","H83622","20111110","20190730","","","","","1","","36L","","",""
"G7813166","DR DY PATWALA","","","CHURCH ROAD MEDICAL CENTRE","64 CHURCH ROAD","BEBINGTON","WIRRAL","","CH63 3EY","20111111","20240221","","RO59","N85633","20111111","20240221","","","","","1","","12F","","",""
"G7813173","DR AL WILLIAMS","","","LAKE ROAD HEALTH CENTRE","NUTFIELD PLACE","","PORTSMOUTH","","PO1 4JT","20111207","20240221","","RO59","J82085","20111207","20240221","","","","","1","","10R","","",""
"G7813180","DR N MCCORMACK","","","THE LODGE SURGERY","LODGE ROAD","","CHIPPENHAM","","SN15 3SY","20111123","20240221","","RO59","J83625","20111123","20240221","","","","","1","","92G","","",""
"G7813197","DR L W DE SILVA","","","CRICKLADE SURGERY","113 HIGH STREET","CRICKLADE","SWINDON","","SN6 6AE","20111201","20240221","","RO59","J83609","20111201","20240221","","","","","1","","92G","","",""
"G7813207","DR S S KHAN","","","ROCHDALE ROAD MEDICAL CENTRE","48A ROCHDALE ROAD","MIDDLETON","MANCHESTER","","M24 2PU","20111231","20240221","","RO59","P86015","20111231","20240221","","","","","1","","01D","","",""
"G7813214","DR JF WILLIAMSON","","","THE BROWNHILL SURGERY","2 BROWNHILL ROAD","CHANDLER'S FORD","EASTLEIGH","","SO53 2ZB","20120101","20190101","","RO59","J82190","20120101","20190101","","","","","1","","D9Y0V","","",""
"G7813221","WHEATFIELD SURGERY ABEYANCE","","","WHEATFIELD ROAD SURGERY","60 WHEATFIELD ROAD","","LUTON","","LU4 0TR","20111231","20240221","","RO59","E81008","20111231","20240221","","","","","1","","M1J4Y","","",""
"G7813245","DR WENDY COE","","","WEST VIEW SURGERY","9 PARK ROAD","KEYNSHAM","BRISTOL","","BS31 1BX","20111201","20240221","","RO59","L81073","20111201","20240221","","","","","1","","92G","","",""
"G7813252","DR CF THOMPSON","","","KELVEDON & FEERING HEALTH CENTRE","46 HIGH STREET","KELVEDON","COLCHESTER","","CO5 9AG","20111128","20240221","","RO59","F81011","20111128","20240221","","","","","1","","06Q","","",""
"G7813489","DR PROCTER","","","ALDERMOOR HEALTH CENTRE","ALDERMOOR CLOSE","","SOUTHAMPTON","","SO16 5ST","20110104","20240221","","RO59","J82092","20110104","20240221","","","","","1","","D9Y0V","","",""
"G7813506","DR M A YOUNG","","","ST. JOHNS HOUSE SURGERY","28 BROMYARD ROAD","ST. JOHNS","WORCESTER","","WR2 5BU","20111003","20240221","","RO59","M81063","20111003","20240221","","","","","1","","18C","","",""
"G7813544","DR SN RAMAMOORTHY","","","BIGHAM ROAD MEDICAL CENTRE","BIGHAM ROAD","","LIVERPOOL","","L6 6DW","20120105","20240221","","RO59","N82671","20120105","20240221","","","","","1","","99A","","",""
"G7813551","DR MA DAR","","","MERE LANE GROUP PRACTICE","291 WALTON BRECK ROAD","","LIVERPOOL","","L4 0SX","20120105","20240221","","RO59","N82099","20120105","20240221","","","","","1","","99A","","",""
"G7813568","DR CLARKE","","","THE SURGERY","91-93 HIGH STREET","FORDINGTON","DORCHESTER","","DT1 1LD","20120201","20240221","","RO59","J81626","20120201","20240221","","","","","1","","11J","","",""
"G7813609","DR ROGERS POOLED LIST","","","MOORDOWN MEDICAL CENTRE","2A REDHILL CRESCENT","MOORDOWN","BOURNEMOUTH","","BH9 2XF","20120204","20240221","","RO59","J81039","20120204","20240221","","","","","1","","11J","","",""
"G7813647","DR AT TOLLGATE HEALTH CENTRE","","","TOLLGATE HEALTH CENTRE","145 LONDON ROAD","STANWAY","COLCHESTER","","CO3 8NZ","20120107","20240221","","RO59","F81716","20120107","20240221","","","","","1","","06T","","",""
"G7813678","DR S OSTICK","","","THE JAMES COCHRANE PRACTICE","MAUDE STREET","","KENDAL","","LA9 4QE","20120401","20240221","","RO59","A82026","20120401","20240221","","","","","1","","01K","","",""
"G7813757","DR P C DAVIES","","","THE SURGERY","DOWNTON","","SALISBURY","","SP5 3JP","20120301","20240221","","RO59","J83043","20120301","20240221","","","","","1","","92G","","",""
"G7813764","DR THOMSON","","","THE MALTINGS SURGERY","10 VICTORIA STREET","","ST. ALBANS","","AL1 3JB","20120201","20240221","","RO59","E82031","20120201","20240221","","","","","1","","06N","","",""
"G7813788","DR D HENNESSEY","","","WISTARIA & MILFORD SURGERIES","SEA ROAD","MILFORD ON SEA","LYMINGTON","","SO41 0PG","20120301","20240221","","RO59","J82139","20120301","20240221","","","","","1","","D9Y0V","","",""
"G7813795","DR BRIGSTOCKE","","","RINGWOOD MEDICAL CENTRE","THE CLOSE","","RINGWOOD","","BH24 1JY","20120401","20240221","","RO59","J82039","20120401","20240221","","","","","1","","D9Y0V","","",""
"G7813850","WILSON A","","","SCHOPWICK SURGERY","ROMELAND","ELSTREE","BOREHAMWOOD","","WD6 3BJ","20120309","20240221","","RO59","E82043","20120309","20240221","","","","","1","","06N","","",""
"G7814064","DR BINTCLIFFE POOLED LIST","","","THE PANTON PRACTICE","14 GERVIS ROAD","","BOURNEMOUTH","","BH1 3EG","20120313","20240221","","RO59","J81072","20120313","20240221","","","","","1","","11J","","",""
"G7814105","DR C THOMAS","","","ALMA ROAD SURGERY","ALMA ROAD","","ROMSEY","","SO51 8ED","20120401","20240221","","RO59","J82074","20120401","20240221","","","","","1","","D9Y0V","","",""
"G7814129","DR STAUNTON POOLED LIST","","","THE FORDINGBRIDGE SURGERY","BARTONS ROAD","","FORDINGBRIDGE","","SP6 1RS","20120301","20240221","","RO59","J82131","20120301","20240221","","","","","1","","D9Y0V","","",""
"G7814174","DR ATTARD PATIENTS","","","SOUTH NORWOOD HILL MEDICAL PRACTICE","103A SOUTH NORWOOD HILL","","LONDON","","SE25 6BY","20120402","20240221","","RO59","H83010","20120402","20240221","","","","","1","","36L","","",""
"G7814181","DR G P ADAM","","","GROSVENOR SURGERY","GROSVENOR HOUSE","WARWICK SQUARE","CARLISLE","","CA1 1LB","20120331","20240221","","RO59","A82654","20120331","20240221","","","","","1","","01H","","",""
"G7814198","DR HALDER PATIENTS","","","DOCTORS SURGERY","52 MOLLISON DRIVE","","WALLINGTON","","SM6 9BY","20120330","20240221","","RO59","H85665","20120330","20240221","","","","","1","","36L","","",""
"G7814215","DR PRENDERGAST POOLED LIST","","","WEST MOORS GROUP PRACTICE","175 STATION ROAD","WEST MOORS","FERNDOWN","","BH22 0HX","20120401","20240221","","RO59","J81022","20120401","20240221","","","","","1","","11J","","",""
"G7814222","DR H RAMZAN","","","77-81 SCOTLAND ROAD","","","CARLISLE","","CA3 9HL","20120331","20171030","","RO59","A82052","20120331","20171030","","","","","1","","01H","","",""
"G7814246","DR ROGER CHAPMAN","","","DOCTORS SURGERY","29 BASSETT ROAD","","LEIGHTON BUZZARD","","LU7 1AR","20120401","20240221","","RO59","E81003","20120401","20240221","","","","","1","","M1J4Y","","",""
"G7814301","SEEHRA","","","IVEL MEDICAL CENTRE","35-39 THE BAULK","","BIGGLESWADE","","SG18 0PX","20120131","20240221","","RO59","E81036","20120131","20240221","","","","","1","","M1J4Y","","",""
"G7814404","DR C SNELL","","","ALMA ROAD SURGERY","ALMA ROAD","","ROMSEY","","SO51 8ED","20120401","20240221","","RO59","J82074","20120401","20240221","","","","","1","","D9Y0V","","",""
"G7814466","DR LAL SARIN","","","WOODEND HEALTH CENTRE","67B DEEDMORE ROAD","","COVENTRY","","CV2 1XA","20120405","20240221","","RO59","M86020","20120405","20240221","","","","","1","","B2M3M","","",""
"G7814497","DR JAG RAPHAEL","","","MOUNTS MEDICAL CENTRE","CAMPBELL STREET","","NORTHAMPTON","","NN1 3DS","20120701","20240221","","RO59","K83025","20120701","20240221","","","","","1","","78H","","",""
"G7814538","DR S BASRA","","","THE VICTORIA ROAD MEDICAL PRACTICE","10 VICTORIA ROAD","","BEDFORD","","MK42 9JS","20120401","20180930","","RO59","E81626","20120401","20180930","","","","","1","","M1J4Y","","",""
"G7814569","DR THOMAS POOLED LIST","","","BARN SURGERY","CHRISTCHURCH MEDICAL CENTRE","1 PUREWELL CROSS ROAD","CHRISTCHURCH","","BH23 3AF","20120403","20181130","","RO59","J81043","20120403","20181130","","","","","1","","11J","","",""
"G7814590","PRASANNAN","","","THE VICTORIA ROAD MEDICAL CENTRE","10 VICTORIA ROAD","","BEDFORD","","MK42 9JS","20120401","20180930","","RO59","E81626","20120401","20180930","","","","","1","","M1J4Y","","",""
"G7814631","DR DY PATWALA","","","CHURCH ROAD MEDICAL CENTRE","64 CHURCH ROAD","BEBINGTON","WIRRAL","","CH63 3EY","20120419","20240221","","RO59","N85633","20120419","20240221","","","","","1","","12F","","",""
"G7814648","TALIB MEARZA","","","THE SURGERY","THE HIGHLANDS","FLITWICK","BEDFORD","","MK45 1DZ","20120501","20240221","","RO59","E81015","20120501","20240221","","","","","1","","M1J4Y","","",""
"G7814679","DR STRAUSS POOLED LIST","","","PENNYS HILL PRACTICE","FERNDOWN MEDICAL CENTRE","ST. MARYS ROAD","FERNDOWN","","BH22 9HB","20120502","20240221","","RO59","J81061","20120502","20240221","","","","","1","","11J","","",""
"G7814693","HM RAHIL","","","DOCTORS SURGERY","21A OLD WHINT ROAD","HAYDOCK","ST. HELENS","","WA11 0DN","20120501","20240221","","RO59","N83624","20120501","20240221","","","","","1","","01X","","",""
"G7814710","DR LONGLEY PATIENTS","","","322 MALDEN ROAD","","","SUTTON","","SM3 8EP","20120504","20200630","","RO59","H85019","20120504","20200630","","","","","1","","36L","","",""
"G7814765","DR MR SOUTHCOTT","","","THE SAXON SPIRES PRACTICE","WEST HADDON ROAD","GUILSBOROUGH","NORTHAMPTON","","NN6 8QE","20120701","20240221","","RO59","K83064","20120701","20240221","","","","","1","","78H","","",""
"G7814789","DR HASLAM POOLED LIST","","","PENNY'S HILL PRACTICE","FERNDOWN MEDICAL CENTRE","ST. MARYS ROAD","FERNDOWN","","BH22 9HB","20120514","20240221","","RO59","J81061","20120514","20240221","","","","","1","","11J","","",""
"G7814796","DR RE DAVIES","","","WOODVIEW MEDICAL CENTRE","26 HOLMECROSS ROAD","","NORTHAMPTON","","NN3 8AW","20120724","20240221","","RO59","K83040","20120724","20240221","","","","","1","","78H","","",""
"G7814806","DR JANSSEN","","","THE SURGERY","HIGHWOOD ROAD","","BROCKENHURST","","SO42 7RY","20120601","20240221","","RO59","J82129","20120601","20240221","","","","","1","","D9Y0V","","",""
"G7814813","DR S SENDEGEYA","","","FIR TREE MEDICAL CENTRE","FIR TREE DRIVE SOUTH","","LIVERPOOL","","L12 0JE","20120517","20240221","","RO59","N82676","20120517","20240221","","","","","1","","99A","","",""
"G7814837","DR H L LING","","","THE SURGERY","THE HIGHLANDS","FLITWICK","BEDFORD","","MK45 1DZ","20120601","20240221","","RO59","E81015","20120601","20240221","","","","","1","","M1J4Y","","",""
"G7814899","DR HCC BARNS","","","HOOK & HARTLEY WINTNEY SURGERY","1 CHAPTER TERRACE","HARTLEY WINTNEY","HOOK","","RG27 8QJ","20120601","20240221","","RO59","J82138","20120601","20240221","","","","","1","","D9Y0V","","",""
"G7814930","DR B G GLYNN","","","ST. MARYS MEDICAL CENTRE","WHARF ROAD","","STAMFORD","","PE9 2DH","20120601","20180930","","RO59","C83017","20120601","20180930","","","","","1","","71E","","",""
"G7814985","DR BICK POOLED LIST","","","DORCHESTER ROAD SURGERY","179 DORCHESTER ROAD","","WEYMOUTH","","DT4 7LE","20120609","20240221","","RO59","J81613","20120609","20240221","","","","","1","","11J","","",""
"G7814992","MAA BAIG","","","56-60 GRANGE ROAD","WEST KIRBY","","WIRRAL","","CH48 4EG","20120604","20210630","","RO59","N85001","20120604","20210630","","","","","1","","12F","","",""
"G7815003","DR JJ BYRNE","","","ST. MARYS SURGERY","ANDOVER CLINIC","CHURCH CLOSE","ANDOVER","","SP10 1DP","20120701","20240221","","RO59","J82103","20120701","20240221","","","","","1","","D9Y0V","","",""
"G7815010","DR CRONIN","","","WATERSIDE MEDICAL CENTRE","MUMBY ROAD","","GOSPORT","","PO12 1BA","20120701","20180930","","RO59","J82113","20120701","20180930","","","","","1","","D9Y0V","","",""
"G7815027","DR MJ DE BELDER","","","ST. HELENS MEDICAL CENTRE","UPPER GREEN ROAD","ST. HELENS","RYDE","","PO33 1UG","20120703","20240221","","RO59","J84007","20120703","20240221","","","","","1","","D9Y0V","","",""
"G7815041","DR C E STEERE","","","NESTON MEDICAL CENTRE","14-18 LIVERPOOL ROAD","","NESTON","","CH64 3RA","20120622","20240221","","RO59","N81125","20120622","20240221","","","","","1","","27D","","",""
"G7815072","DR J STEVENSON","","","KING GEORGE SURGERY","135 HIGH STREET","","STEVENAGE","","SG1 3HT","20120801","20240221","","RO59","E82086","20120801","20240221","","","","","1","","06K","","",""
"G7815120","DR MORELAND POOLED LIST","","","CRESCENT SURGERY","BOSCOMBE AND SPRINGBOURNE HC","66-68 PALMERSTON ROAD","BOURNEMOUTH","","BH1 4JT","20120630","20171030","","RO59","J81624","20120630","20171030","","","","","1","","11J","","",""
"G7815137","DR WHITWORTH POOLED LIST","","","THE MARINE & OAKRIDGE PARTNERS","MARINE SURGERY","29 BELLE VUE ROAD","BOURNEMOUTH","","BH6 3DB","20120701","20240221","","RO59","J81049","20120701","20240221","","","","","1","","11J","","",""
"G7815144","DR POUNCEY POOLED LIST","","","PORTESHAM SURGERY","MALTHOUSE MEADOW","PORTESHAM","WEYMOUTH","","DT3 4NS","20120701","20240221","","RO59","J81609","20120701","20240221","","","","","1","","11J","","",""
"G7815182","DR M. SAHI","","","TRINITY MEDICAL CENTRE","33 CROYDON ROAD","","LONDON","","SE20 7TJ","20120731","20210831","","RO59","G84022","20120731","20210831","","","","","1","","72Q","","",""
"G7815199","DR P.D. GUCKENHEIM","","","SOUTHBOROUGH LANE SURGERY","356 SOUTHBOROUGH LANE","","BROMLEY","","BR2 8AA","20120729","20240221","","RO59","G84023","20120729","20240221","","","","","1","","72Q","","",""
"G7815247","DOCKERTY","","","STAUNTON & CORSE SURGERY","GLOUCESTER ROAD","CORSE","GLOUCESTER","","GL19 3RB","20120730","20240221","","RO60","L84006","20120730","20240221","","","","","1","","11M","","",""
"G7815254","DR FAA MAJEED","","","EARLE ROAD MEDICAL CENTRE","131 EARLE ROAD","","LIVERPOOL","","L7 6HD","20120926","20240221","","RO59","N82065","20120926","20240221","","","","","1","","99A","","",""
"G7815261","DR M BAIRD","","","GREEN LANE MEDICAL CENTRE","15 GREEN LANE","STONEYCROFT","LIVERPOOL","","L13 7DY","20120904","20240221","","RO59","N82090","20120904","20240221","","","","","1","","99A","","",""
"G7815278","GP AT PUMP HOUSE","","","THE PUMP HOUSE SURGERY","NONANCOURT WAY","EARLS COLNE","COLCHESTER","","CO6 2SW","20121031","20240221","","RO59","F81119","20121031","20240221","","","","","1","","06Q","","",""
"G7815326","DR WALSH","","","WHITCHURCH SURGERY","BELL STREET","","WHITCHURCH","","RG28 7AE","20120901","20240221","","RO59","J82214","20120901","20240221","","","","","1","","D9Y0V","","",""
"G7815340","ROYAL MANOR POOLED LIST","","","ROYAL MANOR HEALTH CARE","THE HEALTH CENTRE","PARK ESTATE ROAD","PORTLAND","","DT5 2BJ","20120827","20240221","","RO59","J81009","20120827","20240221","","","","","1","","11J","","",""
"G7815357","KINSON ROAD SURGERY POOLED LIST","","","KINSON ROAD MEDICAL CENTRE","440 KINSON ROAD","","BOURNEMOUTH","","BH10 5EY","20120905","20240221","","RO59","J81045","20120905","20240221","","","","","1","","11J","","",""
"G7815412","DR NCUBE","","","THE CORNERSTONE FAMILY PRACTICE","GRAHAM STREET","BESWICK","MANCHESTER","","M11 3AA","20120831","20240221","","RO59","P84041","20120831","20240221","","","","","1","","14L","","",""
"G7815450","DR ANTHONY VERGHESE","","","THE PETRO'S MEDICAL PRACTICE","BRAMINGHAM PARK MEDICAL CENTRE","LUCAS GARDENS","LUCAS GARDENS","","LU3 4BG","20120901","20240221","","RO59","E81064","20120901","20240221","","","","","1","","M1J4Y","","",""
"G7815498","AC STANLEY","","","NEWTOWN SURGERY","HEALTH CARE RESOURCE CENTRE","OAKS PLACE, CALDWELL ROAD","WIDNES","","WA8 7GD","20121004","20240221","","RO59","N81064","20121004","20240221","","","","","1","","01F","","",""
"G7815508","DR M FREEMAN","","","VICTORIA PARK HEALTH CENTRE","ALBANY ROAD","","BIRKENHEAD","","CH42 4QJ","20121003","20240221","","RO59","N85020","20121003","20240221","","","","","1","","12F","","",""
"G7815522","DR STANDERS","","","DAVENPORT HOUSE SURGERY","DAVENPORT HOUSE","BOWERS WAY","HARPENDEN","","AL5 4HX","20121007","20240221","","RO59","E82077","20121007","20240221","","","","","1","","06N","","",""
"G7815560","DR ALISON WHEELER","","","WEST VIEW SURGERY","9 PARK ROAD","KEYNSHAM","BRISTOL","","BS31 1BX","20121104","20240221","","RO59","L81073","20121104","20240221","","","","","1","","92G","","",""
"G7815601","DR MAROTTA POOLED LIST","","","MOORDOWN MEDICAL CENTRE","2A REDHILL CRESCENT","","BOURNEMOUTH","","BH9 2XF","20120810","20240221","","RO59","J81039","20120810","20240221","","","","","1","","11J","","",""
"G7815618","DR ABEYANCE BEE","","","BINBROOK SURGERY","BACK LANE","BINBROOK","MARKET RASEN","","LN8 6ED","20121015","20240221","","RO59","C83643","20121015","20240221","","","","","1","","71E","","",""
"G7815625","DR CARYS SONNENBERG","","","OAK HILL HEALTH CENTRE","OAK HILL ROAD","","SURBITON","","KT6 6EN","20121016","20240221","","RO59","H84015","20121016","20240221","","","","","1","","36L","","",""
"G7815694","DR PROBAL BANERJEE","","","TYLORSTOWN SURGERY","FERNDALE ROAD","TYLORSTOWN","FERNDALE","","CF43 3HB","20121017","20240221","","RO59","W95019","20121017","20240221","","","","","1","","7A5","","",""
"G7815704","LAURA CZECH","","","DR H MCGILL & PARTNERS","CASTLE STREET SURGERY","39 CASTLE STREET","LUTON","","LU1 3AG","20121019","20240221","","RO59","E81013","20121019","20240221","","","","","1","","M1J4Y","","",""
"G7815711","DR J NEEDHAM","","","PALATINE HEALTH CENTRE","STRANG CORNER FIELD","DOUGLAS","ISLE OF MAN","","IM2 3TD","20121023","","","RO59","Y00007","20121023","","","","","","1","","","","",""
"G7815728","BASHIR PATTOO","","","NEW ISLINGTON MEDICAL CENTRE","OLD MILL STREET","","MANCHESTER","","M4 6EE","20121026","20240221","","RO59","P84064","20121026","20240221","","","","","1","","14L","","",""
"G7815735","DR BORKETT-JONES","","","ATTENBOROUGH SURGERY","BUSHEY HEALTH CENTRE","LONDON ROAD","BUSHEY","","WD23 2NN","20121101","20240221","","RO59","E82124","20121101","20240221","","","","","1","","06N","","",""
"G7815759","DR RC LUNT","","","RIVERSIDE CENTRE FOR HEALTH","PARK STREET","","LIVERPOOL","","L8 6QP","20121102","20240221","","RO59","N82091","20121102","20240221","","","","","1","","99A","","",""
"G7815766","HARLEY","","","THE SURGERY","MANOR FARM ROAD","BERE REGIS","WAREHAM","","BH20 7HB","20121102","20240221","","RO59","J81020","20121102","20240221","","","","","1","","11J","","",""
"G7815797","DR VINOD SHAMPRASADH","","","OAKLEY SURGERY","ADDINGTON WAY","","LUTON","","LU4 9FJ","20121112","20240221","","RO59","E81025","20121112","20240221","","","","","1","","M1J4Y","","",""
"G7815807","ADRIAN CANALE-PAROLA","","","CLIFTON ROAD SURGERY","26-28 CLIFTON ROAD","","RUGBY","","CV21 3QF","20121113","20240221","","RO59","M84020","20121113","20240221","","","","","1","","B2M3M","","",""
"G7815814","DR PENELOPE ANN BAKER","","","DE PARYS MEDICAL CENTRE","23 DE PARYS AVENUE","","BEDFORD","","MK40 2TX","20121123","20240221","","RO59","E81037","20121123","20240221","","","","","1","","M1J4Y","","",""
"G7816218","RAMSEY ABEYANCE 2","","","GROVE MOUNT SOUTH","","","RAMSEY","","IM8 3EY","20230307","20230331","","RO59","Y00003","20230307","20230331","","","","","1","","","","",""
"G7816999","QUEENS BOWER SURGERY POOL","","","QUEENS BOWER SURGERY","201 QUEENS BOWER ROAD","","NOTTINGHAM","","NG5 5RB","20210401","20221130","","RO60","C84135","20210401","20221130","","","","","1","","52R","","",""
"G7817098","CADDINGTON SURGERY","","","33 MANOR ROAD","CADDINGTON","","LUTON","","LU1 4EE","20121128","20240221","","RO59","E81069","20121128","20240221","","","","","1","","M1J4Y","","",""
"G7817108","DR A PLATTS","","","PARKBURY HOUSE SURGERY","ST. PETERS STREET","","ST. ALBANS","","AL1 3HD","20121130","20240221","","RO59","E82060","20121130","20240221","","","","","1","","06N","","",""
"G7817115","A REID","","","THE SURGERY","WELL STREET","","MONTGOMERY","","SY15 6PF","20120918","20240221","","RO59","W96001","20120918","20240221","01686 668599","","","","1","","7A7","","",""
"G7817122","DR SALEH","","","FERN CLOUGH","UNIT 1","TAVISTOCK SQUARE, HARPURHEY","MANCHESTER","","M9 5RD","20121130","20240221","","RO59","P84605","20121130","20240221","","","","","1","","14L","","",""
"G7817139","DR J E MANN","","","COLLEGE YARD SURGERY","MOUNT STREET","","GLOUCESTER","","GL1 2RE","20121203","20240221","","RO59","L84606","20121203","20240221","","","","","1","","11M","","",""
"G7817146","DR SR JONES","","","HARTLEY CORNER SURGERY","51 FROGMORE ROAD","BLACKWATER","CAMBERLEY","","GU17 0DB","20121210","20240221","","RO59","J82049","20121210","20240221","","","","","1","","D9Y0V","","",""
"G7817153","DR PRITPAL SINGH BATH","","","DOCTORS SURGERY","49 ASHCROFT ROAD","","LUTON","","LU2 9AU","20121212","20240221","","RO59","E81617","20121212","20240221","","","","","1","","M1J4Y","","",""
"G7817160","DR R PICKLES","","","SILVERDALE MEDICAL CENTRE","19 MOUNT AVENUE","HESWALL","WIRRAL","","CH60 4RH","20121214","20180930","","RO59","N85058","20121214","20180930","","","","","1","","12F","","",""
"G7817177","DR PAUL HASSAN","","","PRIORY GARDENS HEALTH CENTRE","PRIORY GARDENS","CHURCH STREET","DUNSTABLE","","LU6 3SU","20121214","20240221","","RO59","E81014","20121214","20240221","","","","","1","","M1J4Y","","",""
"G7817184","GP AT FERN HOUSE","","","FERN HOUSE SURGERY","129 NEWLAND STREET","","WITHAM","","CM8 1BH","20121219","20240221","","RO60","F81030","20121219","20240221","","","","","1","","06Q","","",""
"G7817191","DR CHADWICK","","","BURNAGE PRIMARY CARE RESOURCE CENTR","BURNAGE LANE","BURNAGE","MANCHESTER","","M19 1EW","20121001","20201130","","RO59","P84682","20121001","20201130","","","","","1","","14L","","",""
"G7817201","DR CHADWICK","","","BURNAGE HEALTH CARE CENTRE","347 BURNAGE LANE","","MANCHESTER","","M19 1EW","20121221","20201130","","RO59","P84682","20121221","20201130","","","","","1","","14L","","",""
"G7817218","DR SATISH BASSI","","","THE WEDMORE PRACTICE","ST JOHNS LANE HEALTH CENTRE","BEDMINSTER","BRISTOL","","BS3 5AS","20121227","20190730","","RO59","L81032","20121227","20190730","","","","","1","","15C","","",""
"G7817225","DR MARTIN LOCKYER","","","ALMONDSBURY SURGERY","SUNDAYS HILL","ALMONDSBURY","BRISTOL","","BS32 4DS","20121228","20240221","","RO59","L81127","20121228","20240221","","","","","1","","15C","","",""
"G7817232","DR D BARTLETT","","","COBBS GARDEN SURGERY","COBBS GARDEN","","OLNEY","","MK46 5QG","20130104","20240221","","RO59","K82057","20130104","20240221","","","","","1","","M1J4Y","","",""
"G7817249","DR RADLEY (TEMP)","","","MALVERN HEALTH CENTRE SURGERY","PROSPECT VIEW","300 PICKERSLEIGH ROAD","MALVERN","","WR14 2GP","20130101","20240221","","RO59","M81016","20130101","20240221","","","","","1","","18C","","",""
"G7817256","DR HOLTON","","","HOLBROOKS HEALTH TEAM","75-77 WHEELWRIGHT LANE","HOLBROOKS","COVENTRY","","CV6 4HN","20130111","20240221","","RO59","M86032","20130111","20240221","","","","","1","","B2M3M","","",""
"G7817270","DR EJH BYRNE","","","THE VILLAGE MEDICAL CENTRE","20 QUARRY STREET","","LIVERPOOL","","L25 6HE","20130117","20240221","","RO59","N82106","20130117","20240221","","","","","1","","99A","","",""
"G7817287","DR READING","","","THE PRIORY SURGERY","326 WELLS ROAD","","BRISTOL","","BS4 2QJ","20130122","20240221","","RO59","L81084","20130122","20240221","","","","","1","","15C","","",""
"G7817294","DR J F WILKINSON","","","YORK ROAD GROUP PRACTICE","YORK ROAD","","ELLESMERE PORT","","CH65 0DB","20130123","20240221","","RO59","N81063","20130123","20240221","","","","","1","","27D","","",""
"G7817304","DR ALLEN","","","35A HIGH STREET WIMBLEDON","","","LONDON","","SW19 5BY","20130128","20240221","","RO59","H85027","20130128","20240221","","","","","1","","36L","","",""
"G7817311","HIGHVIEW PRACTICE","","","FOREST SURGERY","60 FOREST ROAD","","BORDON","","GU35 0BP","20130129","20240221","","RO59","J82042","20130129","20240221","","","","","1","","D9Y0V","","",""
"G7817328","DR AJIT KAPUR","","","SANDY HEALTH CENTRE","NORTHCROFT","","SANDY","","SG19 1JQ","20130129","20240221","","RO59","E81035","20130129","20240221","","","","","1","","M1J4Y","","",""
"G7817335","DR JAN HEUNIS","","","LOCKING CASTLE MEDICAL CENTRE","HIGHLANDS LANE","","WESTON-SUPER-MARE","","BS24 7DX","20130129","20240221","","RO59","L81066","20130129","20240221","","","","","1","","15C","","",""
"G7817342","DR HUTTON","","","MOUNT ROAD SURGERY","110 MOUNT ROAD","GORTON","MANCHESTER","","M18 7BQ","20130205","20240221","","RO59","P84050","20130205","20240221","01612 314997","","","","1","","14L","","",""
"G7817359","DR R SULLIVAN","","","THE SURGERY","GRASMERE DRIVE","HIGH BENTHAM","LANCASTER","","LA2 7JP","20130205","20240221","","RO59","B82061","20130205","20240221","","","","","1","","01K","","",""
"G7817366","DR R SIMPSON","","","SPRING BANK SURGERY","YORK ROAD","GREEN HAMMERTON","YORK","","YO26 8BN","20130206","20240221","","RO59","B82057","20130206","20240221","","","","","1","","42D","","",""
"G7817373","DR BARLING TEMP","","","MOORFIELD HOUSE SURGERY","35 EDGAR STREET","","HEREFORD","","HR4 9JP","20130206","20240221","","RO59","M81026","20130206","20240221","","","","","1","","18C","","",""
"G7817380","JOHN NICHOLAS STAINFORTH","","","CROFT HALL MEDICAL PRACTICE","19 CROFT ROAD","","TORQUAY","","TQ2 5UA","20130207","20240221","","RO59","L83027","20130207","20240221","","","","","1","","15N","","",""
"G7817397","DR J OATES","","","PARKFIELD MEDICAL CENTRE","SEFTON ROAD","NEW FERRY","WIRRAL","","CH62 5HS","20130207","20210630","","RO59","N85034","20130207","20210630","","","","","1","","12F","","",""
"G7817407","DR HUTTON","","","MOUNT ROAD SURGERY","110 MOUNT ROAD","GORTON","MANCHESTER","","M18 7BQ","20130208","20240221","","RO59","P84050","20130208","20240221","","","","","1","","14L","","",""
"G7817414","DR JWA MOORE","","","BENTLEY VILLAGE SURGERY","HOLE LANE","","FARNHAM","","GU10 5LP","20130211","20231231","","RO59","J82197","20130211","20231231","","","","","1","","D9Y0V","","",""
"G7817421","DR G COOPER","","","WOODSIDE MEDICAL CENTRE","JARDINE CRESCENT","","COVENTRY","","CV4 9PL","20130211","20240221","","RO59","M86034","20130211","20240221","","","","","1","","B2M3M","","",""
"G7817438","DR WORDEN ABEYANCE","","","THE DOCS SURGERY","55-59 BLOOM STREET","","MANCHESTER","","M1 3LY","20130214","20240221","","RO59","P84683","20130214","20240221","","","","","1","","14L","","",""
"G7817445","DR F T HARGREAVES","","","THE SURGERY","584 MATHER AVENUE","","LIVERPOOL","","L19 4UG","20130214","20240221","","RO59","N82035","20130214","20240221","","","","","1","","99A","","",""
"G7817452","DR ABEYANCE THOMPSON","","","THE WELBY PRACTICE","THE WOLL SURGERY","WALFORD CLOSE, BOTTESFORD","NOTTINGHAM","","NG13 0AN","20130218","20240221","","RO59","C82076","20130218","20240221","","","","","1","","03W","","",""
"G7817469","DR PRASUN KUMAR","","","CHESSINGTON PARK SURGERY","MERRITT MEDICAL CENTRE","MERRITT GARDENS","CHESSINGTON","","KT9 2GY","20130218","20240221","","RO59","H84050","20130218","20240221","","","","","1","","36L","","",""
"G7817476","DR C G HOLDEN","","","PARK LANE PRACTICE","7-9 PARK LANE","","SWINDON","","SN1 5HG","20130222","20240221","","RO59","J83646","20130222","20240221","","","","","1","","92G","","",""
"G7817483","DR JAULIM","","","35A HIGH STREET","WIMBLEDON","","LONDON","","SW19 5BY","20130222","20240221","","RO59","H85027","20130222","20240221","","","","","1","","36L","","",""
"G7817500","DR S F FAN","","","GREAT WESTERN SURGERY","FARRIERS CLOSE","","SWINDON","","SN1 2QU","20130225","20220731","","RO59","J83025","20130225","20220731","","","","","1","","92G","","",""
"G7817517","DR G D LEWIS","","","BARN SURGERY","NEWBURY","","GILLINGHAM","","SP8 4XS","20130225","20240221","","RO59","J81081","20130225","20240221","","","","","1","","11J","","",""
"G7817531","DR A D GREIG","","","THE BOURNE VALLEY PRACTICE","10-12 HIGH STREET","LUDGERSHALL","ANDOVER","","SP11 9PZ","20120304","20181130","","RO59","J83643","20120304","20181130","","","","","1","","92G","","",""
"G7817548","DR G SINHA","","","DOCTORS SURGERY","61 HATFIELD ROAD","","ST. ALBANS","","AL1 4JE","20130305","20240221","","RO59","E82004","20130305","20240221","","","","","1","","06N","","",""
"G7817555","DR M KHAN","","","ABBOTSWOOD MEDICAL CENTRE","KATHERINE PLACE","OFF COLLEGE ROAD","ABBOTS LANGLEY","","WD5 0BT","20130305","20240221","","RO59","E82132","20130305","20240221","","","","","1","","06N","","",""
"G7817562","DR C SHEPHARD","","","ROYSIA SURGERY","BURNS ROAD","","ROYSTON","","SG8 5PT","20130305","20240221","","RO59","E82132","20130305","20240221","","","","","1","","06H","","",""
"G7817579","DR ABEYANCE TEDBURY","","","ST. JOHNS MEDICAL CENTRE","62 LONDON ROAD","","GRANTHAM","","NG31 6HR","20130306","20240221","","RO59","C83048","20130306","20240221","","","","","1","","71E","","",""
"G7817586","DR ABEYANCE BELL","","","HOLBEACH MEDICAL PRACTICE","PARK ROAD","HOLBEACH","SPALDING","","PE12 7EE","20130306","20240221","","RO59","C83028","20130306","20240221","","","","","1","","71E","","",""
"G7817593","DR G A COOPE","","","THE WATERHOUSE SURGERY","BOLLINGTON MEDICAL CENTRE","WELLINGTON ROAD, BOLLINGTON","MACCLESFIELD","","SK10 5JH","20130307","20240221","","RO59","N81022","20130307","20240221","","","","","1","","27D","","",""
"G7817603","DR JOB PATIENTS","","","QUEENSTOWN ROAD MEDICAL PRACTICE","14 QUEENSTOWN ROAD","","LONDON","","SW8 3RX","20130307","20240221","","RO59","H85003","20130307","20240221","","","","","1","","72Q","","",""
"G7817610","DR HANNAH CORNS","","","CRANFIELD SURGERY","137 HIGH STREET","CRANFIELD","BEDFORD","","MK43 0HZ","20130308","20240221","","RO59","E81043","20130308","20240221","","","","","1","","M1J4Y","","",""
"G7817627","DR JONES","","","LONG SUTTON MEDICAL CENTRE","TRAFALGAR SQUARE","LONG SUTTON","SPALDING","","PE12 9HB","20130311","20240221","","RO59","C83063","20130311","20240221","","","","","1","","71E","","",""
"G7817634","DR L A BAYLISS","","","THE SURGERY","TOFT ROAD","","KNUTSFORD","","WA16 9DY","20130319","20210630","","RO59","N81026","20130319","20210630","","","","","1","","27D","","",""
"G7817641","DR ABEYANCE MAGEE","","","RICHMOND MEDICAL CENTRE","MOOR LANE","NORTH HYKEHAM","LINCOLN","","LN6 9AY","20130326","20240221","","RO59","C83025","20130326","20240221","","","","","1","","71E","","",""
"G7817658","DR R J KEATING","","","109 MOSELEY AVENUE","COUNDON","","COVENTRY","","CV6 1HS","20130327","20240221","","RO59","M86018","20130327","20240221","","","","","1","","B2M3M","","",""
"G7817665","DR R ALLAN","","","BALLIOL ROAD SURGERY","1 BALLIOL ROAD","WYKEN","COVENTRY","","CV2 3DR","20130327","20220331","","RO59","M86023","20130327","20220331","","","","","1","","B2M3M","","",""
"G7817672","DR U JETTY","","","SKY BLUE MEDICAL GROUP","GREEN LANE MEDICAL CENTRE","GREEN LANE","COVENTRY","","CV3 6EA","20130327","20240221","","RO59","M86003","20130327","20240221","","","","","1","","B2M3M","","",""
"G7817689","DR AM ROBINS","","","BATH LODGE PRACTICE","BITTERNE HEALTH CENTRE","COMMERCIAL STREET","SOUTHAMPTON","","SO18 6BT","20130328","20201130","","RO59","J82141","20130328","20201130","","","","","1","","D9Y0V","","",""
"G7817696","K CORRADO","","","BROOKVALE MEDICAL PRACTICE","HALLWOOD HEALTH CENTRE","HOSPITAL WAY","RUNCORN","","WA7 2UT","20130402","20240221","","RO59","N81096","20130402","20240221","","","","","1","","01F","","",""
"G7817706","ANDREW KENNEDY","","","WARWICK GATES FAMILY HEALTH CENTRE","CRESSIDA CLOSE","HEATHCOTE","WARWICK","","CV34 6DZ","20130403","20240221","","RO59","M84070","20130403","20240221","","","","","1","","B2M3M","","",""
"G7817713","DR P R W LEWIS","","","REDLANDS SURGERY","REDLANDS ROAD","","PENARTH","","CF64 3WX","20130403","20240221","","RO59","W97003","20130403","20240221","","","","","1","","7A4","","",""
"G7817720","STEVEN JONATHAN SMITH","","","CROFT HALL MEDICAL PRACTICE","19 CROFT ROAD","","TORQUAY","","TQ2 5UA","20130408","20240221","","RO59","L83027","20130408","20240221","","","","","1","","15N","","",""
"G7817737","DAVID ANTHONY SEAMARK","","","HONITON SURGERY","MARLPITS LANE","","HONITON","","EX14 2NY","20130630","20170731","","RO59","Y02121","20130630","20170731","","","","","1","","15N","","",""
"G7817744","NEVELLS ROAD SURGERY ABEYANCE CODE","","","NEVELLS ROAD SURGERY","NEVELLS ROAD","","LETCHWORTH GARDEN CITY","","SG6 4TS","20130416","20240221","","RO59","E82008","20130416","20240221","","","","","1","","06K","","",""
"G7817751","DR L F GREGOROWSKI & PARTNERS ABEYANCE","","","THE RIVERSIDE SURGERY","WATERSIDE","","EVESHAM","","WR11 1JP","20130416","20240221","","RO59","M81004","20130416","20240221","","","","","1","","18C","","",""
"G7817775","DR SJ TOWNSEND","","","BITTERNE PARK SURGERY","BITTERNE MEDICAL CENTRE","THOROLD ROAD","SOUTHAMPTON","","SO18 1HZ","20130429","20181130","","RO59","J82171","20130429","20181130","","","","","1","","D9Y0V","","",""
"G7817782","DR AT CLARENCE PK SURGERY","","","13 CLARENCE ROAD EAST","","","WESTON-SUPER-MARE","","BS23 4BP","20130429","20201130","","RO59","L81119","20130429","20201130","","","","","1","","15C","","",""
"G7817799","DR SUBHASH CHITKARA","","","DOWNLAND SURGERY","59 TOLLERS LANE","","COULSDON","","CR5 1BF","20130502","20200630","","RO59","H83048","20130502","20200630","01737 556880","","","","1","","36L","","",""
"G7817809","DR A J CAMPBELL","","","ST. GEORGES SURGERY","ST. PAULS MEDICAL CENTRE","121 SWINDON ROAD","CHELTENHAM","","GL50 4DP","20130503","20240221","","RO59","L84008","20130503","20240221","","","","","1","","11M","","",""
"G7817816","DR S F PRATT","","","PORTLAND PRACTICE","ST. PAULS MEDICAL CENTRE","121 SWINDON ROAD","CHELTENHAM","","GL50 4DP","20130503","20240221","","RO59","M91010","20130503","20240221","","","","","1","","11M","","",""
"G7817823","DR KEVIN BARBER","","","WOODSIDE HEALTH CENTRE","3 ENMORE ROAD","SOUTH NORWOOD","LONDON","","SE25 5NT","20130509","20190331","","RO59","H83626","20130509","20190331","","","","","1","","36L","","",""
"G7817830","DR P W BAIRD","","","THE SURGERY","MALTHOUSE MEADOW","PORTESHAM","WEYMOUTH","","DT3 4NS","20130510","20240221","","RO59","J81609","20130510","20240221","","","","","1","","11J","","",""
"G7817847","DR E RIEU","","","37A ST. JOHNS ROAD","","","WATFORD","","WD17 1LS","20130514","20240221","","RO59","E82015","20130514","20240221","01923 224424","","","","1","","06N","","",""
"G7817854","DR WL BASSETT","","","BROWN CLEE MEDICAL PRACTICE","STATION ROAD","DITTON PRIORS","BRIDGNORTH","","WV16 6SS","20130514","20240221","","RO59","M82024","20130514","20240221","01746 712672","","","","1","","M2L0M","","",""
"G7817861","DR N WOOD","","","GREAT SUTTON MEDICAL CENTRE","OLD CHESTER ROAD","GREAT SUTTON","ELLESMERE PORT","","CH66 3SP","20130515","20201130","","RO59","N81094","20130515","20201130","","","","","1","","27D","","",""
"G7817878","DR M S RICHMOND","","","ST. HILARY GROUP PRACTICE","BROADWAY","","WALLASEY","","CH45 3NA","20130401","20240221","","RO59","N85025","20130401","20240221","","","","","1","","12F","","",""
"G7817885","DR ABEYANCE NAIR","","","HAWTHORN MEDICAL CENTRE","HAWTHORN ROAD","","SKEGNESS","","PE25 3TD","20130520","20240221","","RO59","C83045","20130520","20240221","","","","","1","","71E","","",""
"G7817892","DR KF THONG","","","THE MACMILLAN SURGERY","ST. CHADS SURGERY","ST. CHADS DRIVE","LIVERPOOL","","L32 8RE","20130421","20240221","","RO59","N83601","20130421","20240221","","","","","1","","01J","","",""
"G7817902","DR B BLACKLIDGE","","","GREAT AYTON SURGERY","THE HEALTH CENTRE","ROSEHILL, GREAT AYTON","MIDDLESBROUGH","","TS9 6BL","20130522","20240221","","RO59","B82022","20130522","20240221","","","","","1","","42D","","",""
"G7817919","DR R WALKER","","","THE VILLAGE SURGERY","AMENBURY LANE","","HARPENDEN","","AL5 2BT","20130530","20240221","","RO59","E82037","20130530","20240221","","","","","1","","06N","","",""
"G7817926","DR J M EVANS","","","WHITECLIFF GROUP PRACTICE","WHITE CLIFF MILL STREET","","BLANDFORD FORUM","","DT11 7BH","20130606","20240221","","RO59","J81019","20130606","20240221","","","","","1","","11J","","",""
"G7817971","DR A MISHRA","","","HOUGHTON CLOSE SURGERY","1 HOUGHTON CLOSE","AMPTHILL","BEDFORD","","MK45 2TG","20130617","20240221","","RO59","E81074","20130617","20240221","","","","","1","","M1J4Y","","",""
"G7817988","DR K M SWAN","","","142-144 SUNDON PARK ROAD","","","LUTON","","LU3 3AH","20130618","20240221","","RO59","E81040","20130618","20240221","","","","","1","","M1J4Y","","",""
"G7817995","GOLDINGTON AVENUE SURGERY","","","2 GOLDINGTON AVENUE","","","BEDFORD","","MK40 3DB","20130619","20240221","","RO59","E81047","20130619","20240221","01234 349531","","","","1","","M1J4Y","","",""
"G7818006","DR N BAGUANT","","","THE HEALTH CENTRE","1 HAWKES DRIVE","REDBOURN","ST. ALBANS","","AL3 7BL","20130625","20191130","","RO59","E82095","20130625","20191130","","","","","1","","06N","","",""
"G7818013","DR S J WEIDMANN","","","COACH HOUSE SURGERY","7 PRINTERS AVENUE","","WATFORD","","WD18 7QR","20130625","20240221","","RO59","E82013","20130625","20240221","","","","","1","","06N","","",""
"G7818037","DR K FREEMAN","","","89 WEST STREET","","","DUNSTABLE","","LU6 1SF","20130626","20240221","","RO59","E81009","20130626","20240221","","","","","1","","M1J4Y","","",""
"G7818044","DR PATRICIA WEAVER","","","DR WEAVER & PARTNERS","BALLIOL ROAD SURGERY","1 BALLIOL ROAD","COVENTRY","","CV2 3DR","20130701","20220331","","RO59","M86023","20130701","20220331","02476 449111","","","","1","","B2M3M","","",""
"G7818051","DR WOODWARD","","","VALE OF RED HORSE HEALTH CARE CTR","MAIN STREET","KINETON","WARWICK","","CV35 0LP","20130701","20240221","","RO59","M84062","20130701","20240221","","","","","1","","B2M3M","","",""
"G7818068","DR J LINNEY","","","WOODCOTE MEDICAL PRACTICE","32 FOXLEY LANE","","PURLEY","","CR8 3EE","20130703","20240221","","RO59","H83024","20130703","20240221","","","","","1","","36L","","",""
"G7818075","DR S C HICKS","","","ABBEYMEADS MEDICAL PRACTICE","ABBEYMEADS VILLAGE CENTRE","ELSTREE WAY","SWINDON","","SN25 4YZ","20130708","20240221","","RO59","J83035","20130708","20240221","","","","","1","","92G","","",""
"G7818082","DR KANNAN NEELAGIRI","","","SANDY HEALTH CENTRE","NORTHCROFT","","SANDY","","SG19 1JQ","20130601","20240221","","RO59","E81035","20130601","20240221","","","","","1","","M1J4Y","","",""
"G7818109","JD HOLDEN","","","GARSWOOD SURGERY","BILLINGE ROAD","ASHTON-IN-MAKERFIELD","WIGAN","","WN4 0XD","20130724","20240221","","RO59","Y00475","20130724","20240221","","","","","1","","01X","","",""
"G7818116","DR A M G ANWAR","","","THE SURGERY","4 CORPORATION ROAD","GRANGETOWN","CARDIFF","","CF11 7AT","20130724","20240221","","RO59","W97063","20130724","20240221","","","","","1","","7A4","","",""
"G7818123","DR R J LEVITT","","","THE ADAM PRACTICE","117 LONGFLEET ROAD","","POOLE","","BH15 2HX","20130726","20240221","","RO59","J81006","20130726","20240221","","","","","1","","11J","","",""
"G7818130","DR C L LEWIS","","","THE HEALTH CENTRE","MELBOURN STREET","","ROYSTON","","SG8 7BS","20130401","20240221","","RO59","E82072","20130401","20240221","","","","","1","","06H","","",""
"G7818147","MARTIN JOHN MEREDITH","","","PINHOE SURGERY","PINN LANE","","EXETER","","EX1 3SY","20130805","20240221","","RO59","L83040","20130805","20240221","","","","","1","","15N","","",""
"G7818154","DR P GRIFFIN","","","LODGE SURGERY","NORMANDY ROAD","","ST. ALBANS","","AL3 5NP","20130812","20240221","","RO59","E82014","20130812","20240221","","","","","1","","06N","","",""
"G7818161","SUNBURY HEALTH CENTRE","","","SUNBURY HEALTH CTR GROUP PRACTICE","GREEN STREET","","SUNBURY-ON-THAMES","","TW16 6RH","20130813","20240221","","RO59","H81003","20130813","20240221","","","","","1","","92A","","",""
"G7818178","DR B QURESHI","","","PUCKERIDGE & STANDON SURGERY","STATION ROAD","PUCKERIDGE","WARE","","SG11 1TF","20130813","20240221","","RO59","E82038","20130813","20240221","","","","","1","","06K","","",""
"G7818185","DR CLIVE SHAW","","","30 KINGSWAY","WATERLOO","","LIVERPOOL","","L22 4RQ","20130815","20240221","","RO59","N84041","20130815","20240221","","","","","1","","01T","","",""
"G7818192","DR DAVID LEWIS","","","THE TUDOR SURGERY","139 BUSHEY MILL LANE","","WATFORD","","WD24 7PH","20130816","20210831","","RO59","E82034","20130816","20210831","","","","","1","","06N","","",""
"G7818202","DR G FRANCIS","","","SPITAL SURGERY","SPITAL ROAD","","WIRRAL","","CH63 9JP","20130816","20240221","","RO59","N85617","20130816","20240221","","","","","1","","12F","","",""
"G7818219","DR P EDWARDS","","","EVEREST HOUSE","EVEREST WAY","","HEMEL HEMPSTEAD","","HP2 4HY","20130401","20240221","","RO59","E82051","20130401","20240221","","","","","1","","06N","","",""
"G7818226","DR S W DRYSDALE","","","DOCTORS SURGERY","RENDCOMB","","CIRENCESTER","","GL7 7EY","20130820","20240221","","RO59","L84063","20130820","20240221","","","","","1","","11M","","",""
"G7818233","DR D L CHARLES","","","PRIORY WAY","","","MALMESBURY","","SN16 0FB","20130820","20240221","","RO59","J83041","20130820","20240221","","","","","1","","92G","","",""
"G7818240","DR M WOOD","","","69 MOUNT STREET","","","COVENTRY","","CV5 8DE","20130822","20240221","","RO59","M86010","20130822","20240221","","","","","1","","B2M3M","","",""
"G7818257","DR R L WHARTON","","","129 NEWBRIDGE HILL","","","BATH","","BA1 3PT","20130822","20240221","","RO59","L81070","20130822","20240221","","","","","1","","92G","","",""
"G7818264","DR O JOHN","","","ST. HELENS MEDICAL CENTRE","UPPER GREEN ROAD","ST. HELENS","RYDE","","PO33 1UG","20130827","20240221","","RO59","J84007","20130827","20240221","","","","","1","","D9Y0V","","",""
"G7818271","DR JCS GRAY","","","THE MEADOWS MEDICAL PRACTICE","PENYBONT ROAD","","KNIGHTON","","LD7 1HB","20130830","20240221","","RO59","M82620","20130830","20240221","","","","","1","","7A7","","",""
"G7818288","DR BASKARAN PATIENTS","","","PARKWAY HEALTH CENTRE","PARKWAY","NEW ADDINGTON","CROYDON","","CR0 0JA","20130903","20210831","","RO59","H83027","20130903","20210831","","","","","1","","36L","","",""
"G7818295","DR M THOMAS","","","ASTONIA HOUSE","HIGH STREET","","BALDOCK","","SG7 6BP","20130903","20240221","","RO59","E82099","20130903","20240221","","","","","1","","06K","","",""
"G7818305","JAGROOP SINGH SIHOTA 24 HR RETIREMENT","","","DR SIHOTA & PARTNERS","JUBILEE HEALTH CENTRE","JUBILEE CRESCENT","COVENTRY","","CV6 3FA","20130901","20240221","","RO59","M86624","20130901","20240221","","","","","1","","B2M3M","","",""
"G7818312","DR L A DRAKE","","","CEDARS MEDICAL CENTRE","SANDBACH ROAD SOUTH","ALSAGER","STOKE-ON-TRENT","","ST7 2LU","20130401","20240221","","RO59","N81008","20130401","20240221","","","","","1","","27D","","",""
"G7818329","DR RASHMI JAIN","","","PRIORY GARDENS HEALTH CENTRE","CHURCH STREET","","DUNSTABLE","","LU6 3SU","20130909","20240221","","RO59","E81014","20130909","20240221","","","","","1","","M1J4Y","","",""
"G7818336","DR J UNWIN","","","ROSEBANK SURGERY","153B STROUD ROAD","","GLOUCESTER","","GL1 5JQ","20130901","20240221","","RO59","L84050","20130901","20240221","","","","","1","","11M","","",""
"G7818350","DR A ALIKHAN","","","THE VILLAGE SURGERY","157 HIGH STREET","","NEW MALDEN","","KT3 4BH","20130916","20231231","","RO59","H84629","20130916","20231231","","","","","1","","36L","","",""
"G7818367","DR P HEATLEY","","","BENNETTS END SURGERY","GATECROFT","","HEMEL HEMPSTEAD","","HP3 9LY","20130920","20240221","","RO59","E82032","20130920","20240221","","","","","1","","06N","","",""
"G7818374","PORTSWOOD SOLENT SURGERY","","","LINFIELD SURGERY","7 BELMONT ROAD","PORTSWOOD","SOUTHAMPTON","","SO17 2GD","20130920","20180429","","RO59","J82619","20130920","20180429","","","","","1","","D9Y0V","","",""
"G7818381","P MCNEILLY","","","RAINHILL VILLAGE SURGERY","529 WARRINGTON ROAD","RAINHILL","PRESCOT","","L35 4LP","20130924","20240221","","RO59","N83010","20130924","20240221","","","","","1","","01X","","",""
"G7818398","OLD SCHOOL HOUSE SURGERY","","","CHURCH STREET","GREAT BEDWYN","","MARLBOROUGH","","SN8 3PF","20131010","20240221","","RO59","J83615","20131010","20240221","","","","","1","","92G","","",""
"G7818408","ST JAMES SURGERY","","","8-9 NORTHAMPTON BUILDINGS","","","BATH","","BA1 2SR","20131011","20190331","","RO59","L81080","20131011","20190331","","","","","1","","92G","","",""
"G7818415","DR E HELLER","","","SUTHERGREY HOUSE MEDICAL CENTRE","37A ST. JOHN'S ROAD","","WATFORD","","WD17 1LS","20131014","20240221","","RO59","E82015","20131014","20240221","","","","","1","","06N","","",""
"G7818422","STROUD HEALTH CENTRE","","","BEECHES GREEN","","","STROUD","","GL5 4BH","20131014","20240221","","RO59","L84039","20131014","20240221","","","","","1","","11M","","",""
"G7818439","WEST MEON SURGERY","","","DOCTORS LANE","WEST MEON","","PETERSFIELD","","GU32 1LR","20131014","20240221","","RO59","J82036","20131014","20240221","","","","","1","","D9Y0V","","",""
"G7818446","ST CHADS SURGERY","","","ST. CHADS SURGERY","GULLOCK TYNING","MIDSOMER NORTON","RADSTOCK","","BA3 2UH","20131001","20240221","","RO59","L81025","20131001","20240221","","","","","1","","92G","","",""
"G7818453","DR M J TATE","","","ASHFIELDS PRIMARY CARE CENTRE","MIDDLEWICH ROAD","","SANDBACH","","CW11 1EQ","20131016","20240221","","RO59","N81032","20131016","20240221","","","","","1","","27D","","",""
"G7818460","DR V MAY","","","THE WARRENS MEDICAL CENTRE","ARROWE PARK ROAD","","WIRRAL","","CH49 5PL","20131018","20240221","","RO59","N85008","20131018","20240221","","","","","1","","12F","","",""
"G7818477","DR G KURUVILLA","","","WOOLTON HOUSE MEDICAL CENTRE","4-6 WOOLTON STREET","WOOLTON","LIVERPOOL","","L25 5JA","20131023","20240221","","RO59","N82066","20131023","20240221","","","","","1","","99A","","",""
"G7818484","KN MARRIOTT","","","LOWE HOUSE HEALTH CARE CENTRE","103 CRAB STREET","","ST. HELENS","","WA10 2DJ","20131023","20240221","","RO59","N83027","20131023","20240221","","","","","1","","01X","","",""
"G7818491","DR BOWEN PATIENTS","","","THE ROEHAMPTON SURGERY","191 ROEHAMPTON LANE","","LONDON","","SW15 4HN","20131025","20240221","","RO59","H85008","20131025","20240221","","","","","1","","36L","","",""
"G7818501","KIRKLANDS SURGERY","","","111 COPNOR ROAD","","","PORTSMOUTH","","PO3 5AF","20131001","20240221","","RO59","J82073","20131001","20240221","","","","","1","","10R","","",""
"G7818518","HANWAY GROUP PRACTICE","","","2 HANWAY ROAD","","","PORTSMOUTH","","PO1 4ND","20131031","20210630","","RO59","J82117","20131031","20210630","","","","","1","","10R","","",""
"G7818525","CATHERINE HOOPER","","","QUEENS MEDICAL CENTRE","6-7 QUEEN STREET","","BARNSTAPLE","","EX32 8HY","20131118","20240221","","RO59","L83003","20131118","20240221","","","","","1","","15N","","",""
"G7818532","ELFRED NOEL LAWN","","","WOODBURY SURGERY","FULFORD WAY","WOODBURY","EXETER","","EX5 1NZ","20131118","20240221","","RO59","L83116","20131118","20240221","","","","","1","","15N","","",""
"G7818549","DR S C BIRD & PARTNERS","","","162 LONG STREET","DORDON","","TAMWORTH","","B78 1QA","20131119","20240221","","RO59","M84007","20131119","20240221","","","","","1","","B2M3M","","",""
"G7818556","HARPTREE SURGERY","","","BRISTOL ROAD","WEST HARPTREE","","BRISTOL","","BS40 6HF","20131001","20240221","","RO59","L81030","20131001","20240221","","","","","1","","92G","","",""
"G7818563","WITLEY SURGERY","","","WHEELER LANE","WITLEY","","GODALMING","","GU8 5QR","20131119","20240221","","RO59","H81031","20131119","20240221","","","","","1","","92A","","",""
"G7818570","DR MICHAEL BAKER","","","GREENSANDS MEDICAL PRACTICE","BROOK END","POTTON","SANDY","","SG19 2QS","20131120","20240221","","RO59","E81012","20131120","20240221","","","","","1","","M1J4Y","","",""
"G7818587","DR CHRISTOPHER MARSHALL","","","SALISBURY HOUSE SURGERY","LAKE STREET","","LEIGHTON BUZZARD","","LU7 1RS","20131120","20240221","","RO59","E81004","20131120","20240221","","","","","1","","M1J4Y","","",""
"G7818594","DR M M BLACKWELL","","","ST. AUGUSTINES SURGERY","4 STATION ROAD","KEYNSHAM","BRISTOL","","BS31 2BN","20131121","20240221","","RO59","L81045","20131121","20240221","","","","","1","","92G","","",""
"G7818604","DR L DREW","","","SNAEFELL SURGERY","CUSHAG ROAD","","ANAGH COAR","","IM2 2BZ","20131122","","","RO59","Y00011","20131122","","","","","","1","","","","",""
"G7818611","DR REBECCA CARUANA","","","CHARNWOOD SURGERY","5 BURTON ROAD","","DERBY","","DE1 1TH","20131122","20240221","","RO59","C81006","20131122","20240221","","","","","1","","15M","","",""
"G7818628","DR PRIMAVESI","","","CANFORD HEATH GROUP PRACTICE","9 MITCHELL ROAD","","POOLE","","BH17 8UE","20131122","20240221","","RO59","J81013","20131122","20240221","","","","","1","","11J","","",""
"G7818635","DR MELANIE HODGSON","","","LARKSFIELD SURGERY","ARLESEY ROAD","STOTFOLD","HITCHIN","","SG5 4HB","20131122","20240221","","RO59","E81022","20131122","20240221","","","","","1","","M1J4Y","","",""
"G7818642","STEPHEN JOHN WARREN","","","HYDE PARK SURGERY","HYDE PARK LODGE","2 HYDE PARK ROAD","PLYMOUTH","","PL3 4RJ","20131001","20180930","","RO59","L83658","20131001","20180930","","","","","1","","15N","","",""
"G7818659","DR FAZLANI","","","EDGE HILL HEALTH CENTRE","157 EDGE LANE","EDGE HILL","LIVERPOOL","","L7 2AB","20131001","20240221","","RO59","N82022","20131001","20240221","","","","","1","","99A","","",""
"G7818666","DR C J SAUNDERS","","","ST NICHOLAS HEALTH CENTRE","CANTERBURY WAY","","STEVENAGE","","SG1 4LH","20131001","20180930","","RO59","E82039","20131001","20180930","","","","","1","","06K","","",""
"G7818673","DR R M MULHALL","","","NEWMARKET ROAD","NAILSWORTH","","STROUD","","GL6 0DQ","20131128","20240221","","RO59","L84065","20131128","20240221","","","","","1","","11M","","",""
"G7818680","DR GRAHAM FRANCIS","","","QUEENS AVENUE SURGERY","14 QUEENS AVENUE","","DORCHESTER","","DT1 2EW","20131129","20240221","","RO59","J81016","20131129","20240221","","","","","1","","11J","","",""
"G7818697","ASHINGTON HOUSE SURGERY","","","ASHINGTON WAY","WESTLEA","","SWINDON","","SN5 7XY","20131209","20240221","","RO59","J83036","20131209","20240221","","","","","1","","92G","","",""
"G7818707","DR T KOSTICK","","","SINFIELD CLOSE","","","STEVENAGE","","SG1 1LQ","20131001","20240221","","RO59","E82093","20131001","20240221","","","","","1","","06K","","",""
"G7818714","DR A C SABOURIN","","","HILARY COTTAGE SURGERY","KEBLE LAWNS","","FAIRFORD","","GL7 4BQ","20131209","20240221","","RO59","L84053","20131209","20240221","","","","","1","","11M","","",""
"G7818721","DR J A W BARTER","","","ROWDEN MEDICAL PARTNERSHIP","ROWDEN HILL","","CHIPPENHAM","","SN15 2SB","20131210","20240221","","RO59","J83042","20131210","20240221","","","","","1","","92G","","",""
"G7818738","DR R J CALDERHEAD","","","EARNSWOOD MEDICAL CENTRE","EAGLE BRIDGE H & WB CTR","DUNWOODY WAY","CREWE","","CW1 3AW","20131211","20240221","","RO59","N81053","20131211","20240221","","","","","1","","27D","","",""
"G7818745","DR MICHAEL ATTIAS","","","ARLESEY MEDICAL CENTRE","HIGH STREET","","ARLESEY","","SG15 6SN","20131217","20231231","","RO59","Y00260","20131217","20231231","","","","","1","","M1J4Y","","",""
"G7818752","DR KR MANGARAI","","","SPEKE NEIGHBOURHOOD HEALTH CENTRE","75 SOUTH PARADE","SPEKE","LIVERPOOL","","L24 2SF","20131219","20210131","","RO59","N82621","20131219","20210131","","","","","1","","99A","","",""
"G7818769","DR C RAYMOND","","","PARKFIELD MEDICAL CENTRE","SEFTON ROAD","NEW FERRY","WIRRAL","","CH62 5HS","20131219","20240221","","RO59","N85051","20131219","20240221","","","","","1","","12F","","",""
"G7818771","DEWEY PRACTICE (DR CHRISTOPHER) PL","","","281 OXLOW LANE","","","DAGENHAM","","RM10 7YU","20240405","20250405","","RO60","F82621","20240405","20250405","","","","","1","","A3A8R","","",""
"G7818776","DR JOANNE PETERS","","","WEST STREET SURGERY","89 WEST STREET","","DUNSTABLE","","LU6 1SF","20131220","20240221","","RO59","E81009","20131220","20240221","","","","","1","","M1J4Y","","",""
"G7818783","DR SILKE VAHAR-MATIAR","","","GOLDINGTON AVENUE SURGERY","85 GOLDINGTON AVENUE","","BEDFORD","","MK40 3DB","20131220","20240221","","RO59","E81047","20131220","20240221","","","","","1","","M1J4Y","","",""
"G7818790","DR IYER","","","86-88 INNER PARK ROAD","WIMBLEDON","","LONDON","","SW19 6DA","20131223","20180930","","RO59","H85643","20131223","20180930","","","","","1","","36L","","",""
"G7818800","DR A P SHANAHAN","","","CITY WALLS MEDICAL CENTRE","ST. MARTINS WAY","","CHESTER","","CH1 2NR","20131223","20240221","","RO59","N81082","20131223","20240221","","","","","1","","27D","","",""
"G7818817","DR B ROUSE","","","SHEPHALL WAY SURGERY","29 SHEPHALL WAY","","STEVENAGE","","SG2 9QN","20131230","20240221","","RO59","E82056","20131230","20240221","","","","","1","","06K","","",""
"G7818824","DR AT THORNBURY HEALTH CENTRE","","","THORNBURY HEALTH CENTRE","EASTLAND ROAD","THORNBURY","BRISTOL","","BS35 1DP","20131230","20240221","","RO59","L81018","20131230","20240221","","","","","1","","15C","","",""
"G7818831","DR D CHALMERS","","","SNAEFELL SURGERY, SNAEFELL HOUSE","CUSHAG ROAD","","DOUGLAS","","IM2 2BZ","20131231","","","RO59","Y00011","20131231","","","","","","1","","","","",""
"G7818848","COBHAM HEALTH CENTRE","","","PORTSMOUTH ROAD","","","COBHAM","","KT11 1HT","20140106","20240221","","RO59","H81067","20140106","20240221","","","","","1","","92A","","",""
"G7818855","SOUTHSEA MEDICAL CENTRE","","","CARLISLE ROAD","","","SOUTHSEA","","PO5 1AT","20140108","20240221","","RO59","J82060","20140108","20240221","","","","","1","","10R","","",""
"G7818862","DR ROBERT MCCULLOCH RUSSELL","","","AINSDALE MEDICAL CENTRE","66 STATION ROAD","","SOUTHPORT","","PR8 3HW","20140110","20240221","","RO59","N84012","20140110","20240221","","","","","1","","01V","","",""
"G7818879","DR CATHERINE AGNES NICHOLSON","","","THE GROVE MEDICAL CENTRE","UNIT 7A","BOREHAMWOOD SHOPPING PARK","BOREHAMWOOD","","WD6 4PR","20140116","20240221","","RO59","E82117","20140116","20240221","","","","","1","","06N","","",""
"G7818886","DR VAN TERHEYDEN","","","ROYSTON HEALTH CENTRE","MELBOURN STREET","","ROYSTON","","SG8 7BS","20140116","20240221","","RO59","E82072","20140116","20240221","","","","","1","","06H","","",""
"G7818893","SIMON FREEGARD","","","STENNACK SURGERY","THE OLD STENNACK SCHOOL","STENNACK","ST. IVES","","TR26 1RU","20140117","20240221","","RO59","Y01922","20140117","20240221","","","","","1","","11N","","",""
"G7818903","COLIN PHILIP","","","STENNACK SURGERY","THE OLD STENNACK SCHOOL","STENNACK","ST. IVES","","TR26 1RU","20140117","20240221","","RO59","Y01922","20140117","20240221","","","","","1","","11N","","",""
"G7818910","MICHAEL RAMELL","","","BARNFIELD HILL SURGERY","10-12 BARNFIELD HILL","","EXETER","","EX1 1SR","20140117","20240221","","RO59","L83024","20140117","20240221","","","","","1","","15N","","",""
"G7818927","PARK SURGERY","","","HURSLEY HOUSE","HURSLEY ROAD","CHANDLER'S FORD","EASTLEIGH","","SO53 2ZH","20140120","20240221","","RO59","J82143","20140120","20240221","","","","","1","","D9Y0V","","",""
"G7818928","SALISBURY SURGERY POOL","","","178 DAWES ROAD","","","LONDON","","SW6 7HS","20201001","20220331","","RO60","E85672","20201001","20220331","","","","","1","","W2U3Z","","",""
"G7818934","HEATHERSIDE SURGERY","","","73 CUMBERLAND ROAD","","","CAMBERLEY","","GU15 1SE","20140120","20191130","","RO59","H81620","20140120","20191130","","","","","1","","92A","","",""
"G7818941","NEIL HARMSWORTH","","","CHURCH VIEW SURGERY","30 HOLLAND ROAD","PLYMSTOCK","PLYMOUTH","","PL9 9BN","20140120","20240221","","RO59","L83064","20140120","20240221","","","","","1","","15N","","",""
"G7818958","DR C J ELLIOTT PATIENTS","","","54 BENHILL AVENUE","","","SUTTON","","SM1 4EB","20140122","20240221","","RO59","H85031","20140122","20240221","","","","","1","","36L","","",""
"G7818965","DR S R SHARMA","","","THE LYDNEY PRACTICE","THE HEALTH CENTRE","ALBERT STREET","LYDNEY","","GL15 5NQ","20140123","20240221","","RO59","L84011","20140123","20240221","","","","","1","","11M","","",""
"G7818972","DR PETER GOUGH","","","BARLEY SURGERY","BARLEY","","ROYSTON","","SG8 8HY","20140203","20180429","","RO59","E82011","20140203","20180429","","","","","1","","06H","","",""
"G7818989","DR C J GOLD","","","BARTONGATE SURGERY","115 BARTON STREET","","GLOUCESTER","","GL1 4HR","20140127","20220331","","RO59","L84001","20140127","20220331","","","","","1","","11M","","",""
"G7818996","LITTLETON SURGERY","","","BUCKLAND HOUSE","ESHER PARK AVENUE","","ESHER","","KT10 9NY","20140203","20240221","","RO59","H81038","20140203","20240221","","","","","1","","92A","","",""
"G7819007","WRAFTON HOUSE SURGERY ABEYANCE CODE","","","WRAFTON HOUSE","9-11 WELLFIELD ROAD","","HATFIELD","","AL10 0BS","20140203","20240221","","RO59","E82002","20140203","20240221","","","","","1","","06K","","",""
"G7819014","DR AT THORNBURY HEALTH CENTRE","","","THORNBURY HEALTH CENTRE","EASTLAND ROAD","THORNBURY","BRISTOL","","BS35 1DP","20140203","20240221","","RO59","L81106","20140203","20240221","","","","","1","","15C","","",""
"G7819021","DR TATYANA NIKOLOVA","","","STANMORE MEDICAL GROUP","5 STANMORE ROAD","","STEVENAGE","","SG1 3QA","20140203","20240221","","RO59","E82005","20140203","20240221","","","","","1","","06K","","",""
"G7819038","DR I W MYATT","","","DAMMAS LANE","OLD TOWN","","SWINDON","","SN1 3EF","20140204","20190125","","RO59","J83054","20140204","20190125","","","","","1","","92G","","",""
"G7819045","WEYBRIDGE HEALTH CENTRE","","","22 CHURCH STREET","","","WEYBRIDGE","","KT13 8DW","20140204","20240221","","RO59","H81007","20140204","20240221","","","","","1","","92A","","",""
"G7819052","DR L D CORRIGAN","","","KINGSHOLM SURGERY","ALVIN STREET","","GLOUCESTER","","GL1 3EN","20140205","20240221","","RO59","L84081","20140205","20240221","","","","","1","","11M","","",""
"G7819069","DR KP VITHLANI","","","ABERCROMBY FAMILY PRACTICE","GROVE STREET","EDGE HILL","LIVERPOOL","","L7 7HG","20140206","20240221","","RO59","N82054","20140206","20240221","","","","","1","","99A","","",""
"G7819076","DR P SIVABALAN","","","EDGE HILL HEALTH CENTRE","157 EDGE LANE","EDGE HILL","LIVERPOOL","","L7 2AB","20140206","20240221","","RO59","N82022","20140206","20240221","","","","","1","","99A","","",""
"G7819083","DR M SALAHUDDIN","","","GLADSTONE MEDICAL CENTRE","241-243 OLD CHESTER ROAD","ROCK FERRY","BIRKENHEAD","","CH42 3TD","20140211","20240221","","RO59","N85031","20140211","20240221","","","","","1","","12F","","",""
"G7819090","DR K N GREEN & PARTNERS","","","TANWORTH IN ARDEN MEDICAL CENTRE","THE BIRCHES","BROAD LANE","SOLIHULL","","B94 5DY","20131001","20240221","","RO59","M84047","20131001","20240221","","","","","1","","B2M3M","","",""
"G7819100","DR R W MEADEN & PARTNER","","","3 CAPE ROAD","","","WARWICK","","CV34 4JP","20140212","20190101","","RO59","M84038","20140212","20190101","","","","","1","","B2M3M","","",""
"G7819117","DR M SALAHUDDIN","","","TEEHEY LANE MEDICAL CENTRE","66-68 TEEHEY LANE","BEBINGTON","WIRRAL","","CH63 2JN","20140211","20240221","","RO59","N85057","20140211","20240221","","","","","1","","12F","","",""
"G7819124","DERWENT VALLEY 2 YC","","","DERWENT VALLEY MEDICAL PRACTICE","20 ST. MARKS ROAD","","DERBY","","DE21 6AT","20131001","20240221","","RO59","C81014","20131001","20240221","","","","","1","","15M","","",""
"G7819131","DERWENT VALLEY 3 TR","","","DERWENT VALLEY MEDICAL PRACTICE","20 ST. MARKS ROAD","","DERBY","","DE21 6AT","20130214","20240221","","RO59","C81014","20130214","20240221","","","","","1","","15M","","",""
"G7819148","DERWENT VALLEY 1 EMM","","","DERWENT VALLEY MEDICAL PRACTICE","20 ST. MARKS ROAD","","DERBY","","DE21 6AT","20131001","20240221","","RO59","C81014","20131001","20240221","","","","","1","","15M","","",""
"G7819155","DR J S HEATON-RENSHAW","","","THE GREEN","ESTCOURT STREET","","DEVIZES","","SN10 1LQ","20140220","20240221","","RO59","J83049","20140220","20240221","","","","","1","","92G","","",""
"G7819162","DR C A ROBERTS","","","ASHFIELDS PRIMARY CARE CENTRE","MIDDLEWICH ROAD","","SANDBACH","","CW11 1EQ","20140224","20240221","","RO59","N81032","20140224","20240221","","","","","1","","27D","","",""
"G7819179","S. OTIV","","","CASTLEFIELDS HEALTH CENTRE","THE VILLAGE SQUARE","CASTLEFIELDS","RUNCORN","","WA7 2ST","20140226","20240221","","RO59","N81019","20140226","20240221","","","","","1","","01F","","",""
"G7819186","DR MADELINE ROGERS","","","ASPLANDS MEDICAL CENTRE","ASPLANDS CLOSE","WOBURN SANDS","MILTON KEYNES","","MK17 8QP","20140228","20240221","","RO59","E81050","20140228","20240221","","","","","1","","M1J4Y","","",""
"G7819193","DR HELEN MCGILL","","","CASTLE STREET SURGERY","39 CASTLE STREET","","LUTON","","LU1 3AG","20131001","20240221","","RO59","E81013","20131001","20240221","","","","","1","","M1J4Y","","",""
"G7819203","DR AT THE ARMADA FAMILY PRACTICE","","","WHITCHURCH HEALTH CENTRE","ARMADA ROAD","WHITCHURCH","BRISTOL","","BS14 0SU","20140303","20240221","","RO59","L81031","20140303","20240221","","","","","1","","15C","","",""
"G7819210","ABINGTON PARK ABEYANCE","","","ABINGTON PARK SURGERY","CHRISTCHURCH MEDICAL CENTRE","ARDINGTON ROAD","NORTHAMPTON","","NN1 5LT","20140306","20240221","","RO59","K83029","20140306","20240221","","","","","1","","78H","","",""
"G7819227","DR E HAWTHORNTHWAITE","","","PARKFIELD MEDICAL CENTRE","SEFTON ROAD","NEW FERRY","WIRRAL","","CH62 5HS","20140310","20210630","","RO59","N85034","20140310","20210630","","","","","1","","12F","","",""
"G7819234","DR B N E QUINN","","","BLACKHEATH MEDICAL PRACTICE","76 REEDS LANE","MORETON","WIRRAL","","CH46 1SG","20140310","20240221","","RO59","N85648","20140310","20240221","","","","","1","","12F","","",""
"G7819241","DR JOANNA CROWLEYS PATIENTS","","","77 NORTH ROAD","","","RICHMOND","","TW9 4HQ","20140305","20201130","","RO59","H84043","20140305","20201130","","","","","1","","36L","","",""
"G7819258","DR B N E QUINN","","","KINGS LANE MEDICAL PRACTICE","25 BRACKENWOOD ROAD","","WIRRAL","","CH63 2LR","20140310","20240221","","RO59","N85054","20140310","20240221","","","","","1","","12F","","",""
"G7819265","DR C A JAYAPRAKASAN","","","THE HAMILTON MEDICAL CENTRE","86 MARKET STREET","","BIRKENHEAD","","CH41 6AW","20140310","20240221","","RO59","N85021","20140310","20240221","","","","","1","","12F","","",""
"G7819289","A. WHITTAKER","","","RAINBOW MEDICAL CENTRE","333 ROBINS LANE","SUTTON","ST. HELENS","","WA9 3PN","20140319","20240221","","RO59","N83001","20140319","20240221","","","","","1","","01X","","",""
"G7819296","DR SIMON MARNER","","","CATER STREET SURGERY","1 CATER STREET","KEMPSTON","BEDFORD","","MK42 8DR","20140326","20210630","","RO59","E81023","20140326","20210630","","","","","1","","M1J4Y","","",""
"G7819306","DR CARVALHO","","","THE MIDWAY SURGERY","93 WATFORD ROAD","","ST. ALBANS","","AL2 3JX","20140326","20240221","","RO59","E82055","20140326","20240221","","","","","1","","06N","","",""
"G7819313","DR SHLOSBERG","","","THE LAWNS SURGERY","GLENVILLE ROAD","RUSTINGTON","LITTLEHAMPTON","","BN16 2EA","20140325","20200731","","RO59","H82641","20140325","20200731","","","","","1","","70F","","",""
"G7819320","DR N INESON","","","141A LEAVESDEN ROAD","","","WATFORD","","WD24 5DG","20140326","20200630","","RO59","E82054","20140326","20200630","","","","","1","","06N","","",""
"G7819337","DR R BAXANI","","","BEDWELL MEDICAL CENTRE","SINFIELD CLOSE","","STEVENAGE","","SG1 1LQ","20140326","20240221","","RO59","E82093","20140326","20240221","","","","","1","","06K","","",""
"G7819344","DR F EL-SAYED","","","ABINGDON FAMILY HEALTH CARE CENTRE","361-365 QUEENS DRIVE","WALTON","LIVERPOOL","","L4 8SJ","20140407","20240221","","RO59","N82086","20140407","20240221","","","","","1","","99A","","",""
"G7819351","DR I GOLD","","","RED HOUSE SURGERY","124 WATLING STREET","","RADLETT","","WD7 7JQ","20140326","20240221","","RO59","E82085","20140326","20240221","","","","","1","","06N","","",""
"G7819368","ARBURY MEDICAL CENTRE","","","CAMBRIDGE DRIVE","STOCKINGFORD","","NUNEATON","","CV10 8LW","20140407","20240221","","RO59","M84003","20140407","20240221","","","","","1","","B2M3M","","",""
"G7819375","SCHOPWICK SURGERY ABEYANCE","","","SCHOPWICK SURGERY","EVERETT COURT","ROMELAND","BOREHAMWOOD","","WD6 3BJ","20140327","20240221","","RO59","E82043","20140327","20240221","","","","","1","","06N","","",""
"G7819382","WOLSTON SURGERY","","","THE SURGERY","SCHOOL STREET","WOLSTON","COVENTRY","","CV8 3HG","20140407","20240221","","RO59","M84016","20140407","20240221","","","","","1","","B2M3M","","",""
"G7819399","DR P HOLT","","","ORFORD LODGE SURGERY","100 BANCROFT","","HITCHIN","","SG5 1ND","20140407","20200630","","RO59","E82080","20140407","20200630","","","","","1","","06K","","",""
"G7819409","DR J W LINSELL","","","STROUD HEALTH CENTRE","BEECHES GREEN","","STROUD","","GL5 4BH","20140410","20240221","","RO59","L84077","20140410","20240221","","","","","1","","11M","","",""
"G7819423","QUEENSWOOD SURGERY","","","223 LONDON ROAD","","","WATERLOOVILLE","","PO8 8DA","20140429","20180429","","RO59","J82609","20140429","20180429","","","","","1","","D9Y0V","","",""
"G7819430","DR C KROLL PATIENTS","","","LAVENDER HILL GROUP PRACTICE","19 POUNTNEY ROAD","BATTERSEA","LONDON","","SW11 5TU","20140429","20240221","","RO59","H85069","20140429","20240221","","","","","1","","36L","","",""
"G7819447","DR J M PATEL & PARTNER","","","2 ST GEORGES ROAD","STOKE","","COVENTRY","","CV1 2DL","20140430","20240221","","RO59","M86044","20140430","20240221","","","","","1","","B2M3M","","",""
"G7819454","DR K LAMB","","","DAVENPORT HOUSE","BOWERS WAY","","HARPENDEN","","AL5 4HX","20140502","20240221","","RO59","E82077","20140502","20240221","","","","","1","","06N","","",""
"G7819461","LOCKSWOOD SURGERY","","","CENTRE WAY","LOCKS HEATH","","SOUTHAMPTON","","SO31 6DX","20140506","20240221","","RO59","J82174","20140506","20240221","","","","","1","","D9Y0V","","",""
"G7819478","DR AT OLD SCHOOL SURGERY","","","MANOR ROAD","FISHPONDS","","BRISTOL","","BS16 2JD","20140507","20240221","","RO59","L81075","20140507","20240221","","","","","1","","15C","","",""
"G7819485","DR OSAKUADE","","","THE STONEDEAN PRACTICE","STONY STRATFORD","","MILTON KEYNES","","MK11 1YA","20140508","20240221","","RO59","K82617","20140508","20240221","","","","","1","","M1J4Y","","",""
"G7819492","DR M P S SHAD","","","23 CARLISLE ROAD","QUEENS PARK","","BEDFORD","","MK40 4HR","20140509","20240221","","RO59","E81021","20140509","20240221","","","","","1","","M1J4Y","","",""
"G7819502","OHARE, PATRICK DR","","","THE VILLAGE SURGERY","AMENBURY LANE","","HARPENDEN","","AL5 2BT","20140509","20240221","","RO59","E82037","20140509","20240221","","","","","1","","06N","","",""
"G7819519","DR M S CARRAGHER","","","109 STATION ROAD","LOWER STONDON","","HENLOW","","SG16 6JJ","20140515","20240221","","RO59","E81061","20140515","20240221","","","","","1","","M1J4Y","","",""
"G7819533","DR J R JONES PATIENTS","","","67 VINEYARD HILL ROAD","","","LONDON","","SW19 7JL","20140521","20240221","","RO59","H85112","20140521","20240221","","","","","1","","36L","","",""
"G7819540","SHANKLIN MEDICAL CENTRE","","","CARTER ROAD","","","SHANKLIN","","PO37 7HR","20140522","20210630","","RO59","J84010","20140522","20210630","","","","","1","","D9Y0V","","",""
"G7819557","DR M BECKERS","","","THE STREET","CHARMOUTH","","BRIDPORT","","DT6 6PE","20140522","20220430","","RO59","J81628","20140522","20220430","","","","","1","","11J","","",""
"G7819564","DR P A BEAUMONT & PARTNERS","","","PRIORY GATE PRACTICE","2 STONEY STANTON ROAD","","COVENTRY","","CV1 4FS","20140529","20240221","","RO59","M86012","20140529","20240221","","","","","1","","B2M3M","","",""
"G7819571","DR V K MISRA","","","EDGEWICK MEDICAL CENTRE","2 QUEEN MARYS ROAD","","COVENTRY","","CV6 5LL","20140529","20240221","","RO59","M86633","20140529","20240221","","","","","1","","B2M3M","","",""
"G7819588","DR K MACKELL","","","SHEEPCOT MEDICAL CENTRE","80 SHEEPCOT LANE","GARSTON","WATFORD","","WD25 0EA","20140530","20240221","","RO59","E82096","20140530","20240221","","","","","1","","06N","","",""
"G7819595","DR A MALIK PATIENTS","","","MEDICAL SURGERY","54 BENHILL AVENUE","","SUTTON","","SM1 4EB","20140530","20240221","","RO59","H85031","20140530","20240221","","","","","1","","36L","","",""
"G7819605","DR ANTHONY VINCHENZO","","","BOOTLE VILLAGE SURGERY","204 STANLEY ROAD","","BOOTLE","","L20 3EW","20140603","20240221","","RO59","N84015","20140603","20240221","","","","","1","","01T","","",""
"G7819612","DR ADRIAN KEITH MIDGLEY","","","ISCA MEDICAL PRACTICE","38 POLSLOE ROAD","","EXETER","","EX1 2DW","20140603","20240221","","RO59","L83099","20140603","20240221","","","","","1","","15N","","",""
"G7819629","DR GARY PARKES","","","DOCTORS SURGERY, UNIT 8-14","LIMES COURT","CONDUIT LANE","HODDESDON","","EN11 8EP","20140604","20240221","","RO59","E82006","20140604","20240221","","","","","1","","06K","","",""
"G7819636","DR KNILL & PARTNERS","","","PENKETH HEALTH CLINIC","HONITON WAY","PENKETH","WARRINGTON","","WA5 2EY","20140401","20240221","","RO59","N81020","20140401","20240221","","","","","1","","02E","","",""
"G7819643","DR J HORTOP","","","1 LANCELYN PRECINCT","SPITAL ROAD","BEBINGTON","WIRRAL","","CH63 9JP","20140605","20240221","","RO59","N85617","20140605","20240221","","","","","1","","12F","","",""
"G7819650","DR GLAZE","","","DOCTORS SURGERY, THE SURGERY","HEXTON ROAD","BARTON-LE-CLAY","BEDFORD","","MK45 4TA","20140616","20240221","","RO59","E81046","20140616","20240221","","","","","1","","M1J4Y","","",""
"G7819667","PL HURST","","","PEEL HOUSE MEDICAL PLAZA","PEEL HOUSE LANE","","WIDNES","","WA8 6TN","20140617","20240221","","RO59","N81045","20140617","20240221","","","","","1","","01F","","",""
"G7819674","CAMBERLEY HEALTH CENTRE","","","159 FRIMLEY ROAD","","","CAMBERLEY","","GU15 2QA","20140625","20240221","","RO59","H81082","20140625","20240221","","","","","1","","92A","","",""
"G7819681","WALNUT TREE SURGERY","","","14 CARLTON ROAD","","","SOUTHAMPTON","","SO15 2HQ","20140625","20240221","","RO59","J82605","20140625","20240221","","","","","1","","D9Y0V","","",""
"G7819698","THE VILLAGE PRACTICE","","","133 LONDON ROAD","COWPLAIN","","WATERLOOVILLE","","PO8 8XL","20140626","20240221","","RO59","Y01281","20140626","20240221","","","","","1","","D9Y0V","","",""
"G7819702","DR SOODS PRACTICE PL","","","HESTON HEALTH CLINIC","CRANFORD LANE","","HOUNSLOW","","TW5 9ER","20221130","20231231","","RO60","E85018","20221130","20231231","","","","","1","","W2U3Z","","",""
"G7819708","DR B GHOORBIN PATIENTS","","","BEECHES SURGERY","9 HILL ROAD","CARSHALTON BEECHES","CARSHALTON","","SM5 3RB","20140627","20240221","","RO59","H85662","20140627","20240221","","","","","1","","36L","","",""
"G7819715","AF - WILSON ST","","","11 WILSON STREET","","","DERBY","","DE1 1PG","20140627","20240221","","RO59","C81009","20140627","20240221","","","","","1","","15M","","",""
"G7819722","DR S J EDWARDS & PARTNERS","","","PEELHOUSE MEDICAL PLAZA","1 PEEL HOUSE LANE","","WIDNES","","WA8 6TN","20140630","20240221","","RO59","N81045","20140630","20240221","","","","","1","","01F","","",""
"G7819739","DR FLUDE","","","BALDWINS LANE SURGERY","266 BALDWINS LANE","CROXLEY GREEN","RICKMANSWORTH","","WD3 3LG","20140401","20240221","","RO59","E82049","20140401","20240221","","","","","1","","06N","","",""
"G7819746","DR J R USHER","","","CUMBERLAND HOUSE SURGERY","WATERS EDGE MEDICAL CENTRE","SUNDERLAND STREET","MACCLESFIELD","","SK11 6JL","20140702","20240221","","RO59","N81062","20140702","20240221","","","","","1","","27D","","",""
"G7819777","COWES HEALTH CENTRE","","","200 NEWPORT ROAD","","","COWES","","PO31 7ER","20140401","20240221","","RO59","J84015","20140401","20240221","","","","","1","","D9Y0V","","",""
"G7819784","DR S P RYLEY","","","BERKELEY PLACE SURGERY","11 HIGH STREET","","CHELTENHAM","","GL52 6DA","20140401","20240221","","RO59","L84030","20140401","20240221","","","","","1","","11M","","",""
"G7819791","DR M P JACOB","","","ST. PETERS ROAD SURGERY","1 ST. PETERS ROAD","","CIRENCESTER","","GL7 1RF","20140401","20191130","","RO59","L84017","20140401","20191130","","","","","1","","11M","","",""
"G7819801","KRB LAGHARI","","","LINGHOLME HEALTH CENTRE","ATHERTON STREET","","ST. HELENS","","WA10 2HT","20140724","20240221","","RO59","N83007","20140724","20240221","","","","","1","","01X","","",""
"G7819825","DR CAROL ANNE LINNARD","","","31 ALMA ROAD","WINTON","","BOURNEMOUTH","","BH9 1BP","20140728","20240221","","RO59","J81003","20140728","20240221","","","","","1","","11J","","",""
"G7819832","DR PETER BROOKS","","","KNOWLE HOUSE SURGERY","4 MEAVY WAY","","PLYMOUTH","","PL5 3JB","20140728","20240221","","RO59","L83089","20140728","20240221","","","","","1","","15N","","",""
"G7819849","DR IAN R MORRELL","","","CHELSTON HALL","","","TORQUAY","","TQ2 6HW","20140728","20171030","","RO59","L83108","20140728","20171030","","","","","1","","15N","","",""
"G7819856","MONTEAGLE SURGERY","","","TESIMOND DRIVE","MONTEAGLE PARK","","YATELEY","","GU46 6FE","20140729","20190331","","RO59","J82206","20140729","20190331","","","","","1","","D9Y0V","","",""
"G7819863","DR ROBERT TURNER","","","HOLMAN WAY","TOPSHAM","","EXETER","","EX3 0EN","20140728","20240221","","RO59","L83036","20140728","20240221","","","","","1","","15N","","",""
"G7819870","DR A THURAIRATNAM PATIENTS","","","TUDOR LODGE HEALTH CENTRE","8C VICTORIA DRIVE","WIMBLEDON","LONDON","","SW19 6AE","20140731","20240221","","RO59","H85682","20140731","20240221","","","","","1","","36L","","",""
"G7819887","DR I N WATSON","","","FEARNHEAD CROSS MEDICAL CENTRE","25 FEARNHEAD CROSS","INSALL ROAD, PADGATE","WARRINGTON","","WA2 0HD","20140821","20240221","","RO59","N81048","20140821","20240221","","","","","1","","02E","","",""
"G7819894","DR A K SINHA (SINGLEHANDED GP)","","","GREENMOUNT SURGERY","25 CHURCH ROAD","ELY","CARDIFF","","CF5 5LQ","20140903","20220331","","RO59","W97623","20140903","20220331","","","","","1","","7A4","","",""
"G7819904","GLEBE ROAD SURGERY","","","1 GLEBE ROAD","BARNES","","LONDON","","SW13 0DR","20140908","20240221","","RO59","Y01206","20140908","20240221","","","","","1","","36L","","",""
"G7819911","DR M D TRUEMAN","","","CRESCENT BAKERY","ST. GEORGES PLACE","","CHELTENHAM","","GL50 3PN","20140912","20240221","","RO59","L84616","20140912","20240221","","","","","1","","11M","","",""
"G7819928","DR J S HEFFER","","","THE HEALTH CENTRE","STATION APPROACH","","BRADFORD-ON-AVON","","BA15 1DQ","20140915","20240221","","RO59","J83030","20140915","20240221","","","","","1","","92G","","",""
"G7819935","DR VA HARVEY","","","STANLEY MEDICAL CENTRE","60 STANLEY ROAD","KIRKDALE","LIVERPOOL","","L5 2QA","20140916","20240221","","RO59","N82651","20140916","20240221","","","","","1","","99A","","",""
"G7819942","DR N A GOUGH","","","THE HEALTH CENTRE","STATION APPROACH","","BRADFORD-ON-AVON","","BA15 1DQ","20140915","20240221","","RO59","J83030","20140915","20240221","","","","","1","","92G","","",""
"G7819959","DR DK SHAH","","","THE BOUSFIELD SURGERY","WESTMINSTER ROAD","","LIVERPOOL","","L4 4PP","20140916","20240221","","RO59","N82077","20140916","20240221","","","","","1","","99A","","",""
"G7819966","DR GRAEME ALLAN","","","ST MARKS MEDICAL CENTRE","42 DERBY ROAD","","SOUTHPORT","","PR9 0TZ","20140917","20240221","","RO59","N84021","20140917","20240221","","","","","1","","01V","","",""
"G7819973","DR GRAEME ALLAN","","","SOUTHPORT HEALTH CENTRE","44-46 HOGHTON STREET","","SOUTHPORT","","PR9 0PQ","20140917","20200630","","RO59","Y02610","20140917","20200630","","","","","1","","01V","","",""
"G7819980","DR ROGER NEAL","","","TODDINGTON MEDICAL CENTRE","LUTON ROAD","TODDINGTON","DUNSTABLE","","LU5 6DE","20140923","20240221","","RO59","E81034","20140923","20240221","","","","","1","","M1J4Y","","",""
"G7819997","CHINEHAM MEDICAL PRACTICE","","","READING ROAD","CHINEHAM","","BASINGSTOKE","","RG24 8ND","20140918","20240221","","RO59","J82218","20140918","20240221","","","","","1","","D9Y0V","","",""
"G7820005","DR H E THOMPSON","","","GEORGE STREET PRACTICE","16 GEORGE STREET","","ALDERLEY EDGE","","SK9 7EP","20140926","20240221","","RO59","N81033","20140926","20240221","","","","","1","","27D","","",""
"G7820012","DR JOSEPHIDOU","","","SALISBURY HOUSE SURGERY","LAKE STREET","","LEIGHTON BUZZARD","","LU7 1RS","20141001","20240221","","RO59","E81004","20141001","20240221","","","","","1","","M1J4Y","","",""
"G7820029","DR MARTIN G RIMMER","","","185 KNIGHTSFIELD","","","WELWYN GARDEN CITY","","AL8 7QG","20141001","20240221","","RO59","E82041","20141001","20240221","","","","","1","","06K","","",""
"G7820036","THE HOLMWOOD CORNER SURGERY","","","134 MALDEN ROAD","","","NEW MALDEN","","KT3 6DR","20141002","20240221","","RO59","H84042","20141002","20240221","","","","","1","","36L","","",""
"G7820043","S.A.K. HAMAD","","","BAYCLIFF ROAD HEALTH CENTRE","73 BAYCLIFF ROAD","","LIVERPOOL","","L12 6QT","20141003","20180930","","RO60","N82659","20141003","20180930","","","","","1","","99A","","",""
"G7820050","MIDDLE PARK SURGERY","","","15 MIDDLE PARK WAY","","","HAVANT","","PO9 4AB","20141014","20171030","","RO59","J82650","20141014","20171030","","","","","1","","D9Y0V","","",""
"G7820067","DR C ASHWOOD","","","232-240 NEVELLS ROAD","","","LETCHWORTH GARDEN CITY","","SG6 4UB","20141014","20240221","","RO59","E82082","20141014","20240221","","","","","1","","06K","","",""
"G7820081","DR C A RATCLIFFE","","","PARK GREEN HOUSE","WATERS GREEN MEDICAL CENTRE","SUNDERLAND STREET","MACCLESFIELD","","SK11 6JL","20141016","20240221","","RO59","N81088","20141016","20240221","","","","","1","","27D","","",""
"G7820098","DR JAMES A SEERY","","","2A GARDENIA AVENUE","","","LUTON","","LU3 2NS","20141016","20240221","","RO59","E81041","20141016","20240221","","","","","1","","M1J4Y","","",""
"G7820108","DR F V CONLON","","","CROSS ROAD SURGERY","CROSS ROAD","","WEYMOUTH","","DT4 9QX","20141016","20240221","","RO59","J81075","20141016","20240221","","","","","1","","11J","","",""
"G7820115","DR T JOGARAJAH","","","UPTON ROAD SURGERY","21 UPTON ROAD","","WATFORD","","WD18 0JP","20141020","20240221","","RO59","E82045","20141020","20240221","","","","","1","","06N","","",""
"G7820122","BROWNHILL SURGERY","","","2 BROWNHILL ROAD","CHANDLER'S FORD","","EASTLEIGH","","SO53 2ZB","20141021","20190101","","RO59","J82190","20141021","20190101","","","","","1","","D9Y0V","","",""
"G7820139","C M THOMSON","","","MEADOWSIDE MEDICAL CENTRE","MOUNTBATTEN WAY","","CONGLETON","","CW12 1DY","20141022","20240221","","RO59","N81118","20141022","20240221","","","","","1","","27D","","",""
"G7820146","CATERHAM VALLEY MEDICAL PRACTICE","","","EOTHEN HOUSE","EOTHEN CLOSE","","CATERHAM","","CR3 6JU","20141029","20240221","","RO59","H81045","20141029","20240221","","","","","1","","92A","","",""
"G7820160","DR KUMAR","","","CHURCH STREET PARTNERSHIP","30 CHURCH STREET","","BISHOP'S STORTFORD","","CM23 2LY","20141107","20240221","","RO59","E82067","20141107","20240221","","","","","1","","06K","","",""
"G7820177","DR M FAYEYE","","","23 CARLISLE ROAD","","","BEDFORD","","MK40 4HR","20141030","20240221","","RO59","E81021","20141030","20240221","","","","","1","","M1J4Y","","",""
"G7820184","DR FREDERICK PETER VITTY","","","42 KINGSWAY","WATERLOO","","LIVERPOOL","","L22 4RG","20141118","20240221","","RO59","N84001","20141118","20240221","","","","","1","","01T","","",""
"G7820191","DR CHRISTOPHER JOHN JACKSON","","","13 CHAPEL LANE","FORMBY","","LIVERPOOL","","L37 4DL","20141118","20240221","","RO59","N84006","20141118","20240221","","","","","1","","01V","","",""
"G7820201","B.T. BELL","","","TOWER HOUSE PRACTICE","ST. PAULS HEALTH CENTRE","HIGH STREET","RUNCORN","","WA7 1AB","20141126","20240221","","RO59","N81057","20141126","20240221","","","","","1","","01F","","",""
"G7820218","THAMESIDE MEDICAL PRACTICE","","","THAMES HOUSE","180 HIGH STREET","","TEDDINGTON","","TW11 8HU","20141202","20240221","","RO59","H84059","20141202","20240221","","","","","1","","36L","","",""
"G7820225","DR NICHOLAS DANSIE","","","BRIDGE COTTAGE SURGERY","41 HIGH STREET","","WELWYN","","AL6 9EF","20141202","20240221","","RO59","E82019","20141202","20240221","","","","","1","","06K","","",""
"G7820232","DR DONAL ROCHE","","","TEMPLE GROVE","","","BURGESS HILL","","RH15 9XN","20141211","20240221","","RO59","H82003","20141211","20240221","","","","","1","","70F","","",""
"G7820249","DR S D MERCHANT","","","DOCTORS SURGERY","16 GEORGE STREET","","ALDERLEY EDGE","","SK9 7EP","20141217","20240221","","RO59","N81033","20141217","20240221","","","","","1","","27D","","",""
"G7820256","DR IAN HILL-SMITH","","","KINGFISHER PRACTICE","CHURCHFIELD MEDICAL CENTRE","322 CRAWLEY GREEN ROAD","LUTON","","LU2 9SB","20141202","20190331","","RO59","E81075","20141202","20190331","","","","","1","","M1J4Y","","",""
"G7820263","SANDRA ELIZABETH PRICE","","","30 HOLLAND ROAD","PLYMSTOCK","","PLYMOUTH","","PL9 9BN","20141219","20240221","","RO59","L83064","20141219","20240221","","","","","1","","15N","","",""
"G7820270","DR ANGELA M GOODWIN","","","WARDEN LODGE SURGERY","GLEN LUCE, TURNERS HILL","CHESHUNT","WALTHAM CROSS","","EN8 8NW","20150106","20240221","","RO59","E82123","20150106","20240221","","","","","1","","06K","","",""
"G7820287","DR JOHN BINNS","","","HEALTH CENTRE","84-86 LONDON ROAD","","BEDFORD","","MK42 0NT","20150109","20240221","","RO59","E81019","20150109","20240221","","","","","1","","M1J4Y","","",""
"G7820294","DR I SHIFFMAN","","","24 CARR LANE","","","LIVERPOOL","","L11 2YA","20150113","20240221","","RO59","N82018","20150113","20240221","","","","","1","","99A","","",""
"G7820304","DR L A ROBERTS","","","16 CHELTENHAM ROAD","","","GLOUCESTER","","GL2 0LS","20141222","20190730","","RO59","L84002","20141222","20190730","","","","","1","","11M","","",""
"G7820311","DR DPM RYAN","","","GRASSENDALE MEDICAL PRACTICE","23 DARBY ROAD","","LIVERPOOL","","L19 9BP","20141001","20240221","","RO59","N82009","20141001","20240221","","","","","1","","99A","","",""
"G7820328","DR J AYRES","","","PRIORSLEGH MEDICAL CENTRE","CIVIC CENTRE","OFF PARK LANE, POYNTON","STOCKPORT","","SK12 1GP","20150114","20200630","","RO59","N81073","20150114","20200630","","","","","1","","27D","","",""
"G7820335","DR P W SWINYARD","","","DUNWICH DRIVE","TOOTHILL","","SWINDON","","SN5 8SX","20150114","20240221","","RO59","J83645","20150114","20240221","","","","","1","","92G","","",""
"G7820342","DR M J HAUGH","","","BRUNEL MEDICAL PRACTICE","ST ALBANS ROAD","","TORQUAY","","TQ1 3SL","20150121","20240221","","RO59","L83013","20150121","20240221","","","","","1","","15N","","",""
"G7820359","DR L J C BARTLETT - ABEYANCE","","","THE SURGERY","53 PICKERING ROAD","WEST AYTON","SCARBOROUGH","","YO13 9JF","20150116","20240221","","RO59","B82063","20150116","20240221","","","","","1","","42D","","",""
"G7820366","DR N W WILDGOOSE","","","BRUNEL MEDICAL PRACTICE","ST ALBANS ROAD","","TORQUAY","","TQ1 3SL","20150121","20240221","","RO59","L83013","20150121","20240221","","","","","1","","15N","","",""
"G7820373","DAVID RONALD SPIERS","","","33 PINES ROAD","","","EXMOUTH","","EX8 5NH","20150121","20231231","","RO59","L83627","20150121","20231231","","","","","1","","15N","","",""
"G7820380","DR P J PERKINS","","","VEOR SURGERY","SOUTH TERRACE","","CAMBORNE","","TR14 8SN","20150122","20240221","","RO59","L82044","20150122","20240221","","","","","1","","11N","","",""
"G7820397","DR E D LEWIS","","","LOCKING HILL","","","STROUD","","GL5 1UY","20150123","20231231","","RO59","L84032","20150123","20231231","","","","","1","","11M","","",""
"G7820407","DR R N SHILLITO","","","WHITBY GROUP PRACTICE","CHESTER ROAD","WHITBY","ELLESMERE PORT","","CH65 6TG","20150127","20210131","","RO59","N81091","20150127","20210131","","","","","1","","27D","","",""
"G7820414","DR G J JOHNSON","","","115 BARTON STREET","","","GLOUCESTER","","GL1 4HR","20150128","20220331","","RO59","L84001","20150128","20220331","","","","","1","","11M","","",""
"G7820445","CP HALLAM","","","PEEL HOUSE MEDICAL PLAZA","PEEL HOUSE LANE","","WIDNES","","WA8 6TN","20150127","20240221","","RO59","N81045","20150127","20240221","","","","","1","","01F","","",""
"G7820452","DR T D L MACMORLAND","","","CHURCHDOWN","","","GLOUCESTER","","GL3 2DB","20150203","20240221","","RO59","L84047","20150203","20240221","","","","","1","","11M","","",""
"G7820469","DR NICHOLAS BRAND","","","39 CHRISTIAN CLOSE","","","HODDESDON","","EN11 9FF","20150204","20240221","","RO59","E82088","20150204","20240221","","","","","1","","06K","","",""
"G7820476","DR JANE PARKER","","","OAKWOOD MEDICAL CENTRE","BROADWAY","BARNTON","NORTHWICH","","CW8 4LF","20150218","20240221","","RO59","N81067","20150218","20240221","","","","","1","","27D","","",""
"G7820483","HILLVIEW MEDICAL CENTRE","","","3 HEATHSIDE ROAD","","","WOKING","","GU22 7QP","20150202","20240221","","RO59","H81061","20150202","20240221","","","","","1","","92A","","",""
"G7820490","DR BARBER-LOMAX","","","DAVENPORT HOUSE SURGERY","DAVENPORT HOUSE","BOWERS WAY","HARPENDEN","","AL5 4HX","20150220","20240221","","RO59","E82077","20150220","20240221","","","","","1","","06N","","",""
"G7820500","DR NAEEM-UR-RASHI CHOUDHRY","","","THE HEALTH CENTRE","84-86 LONDON ROAD","","BEDFORD","","MK42 0NT","20141001","20240221","","RO59","E81019","20141001","20240221","","","","","1","","M1J4Y","","",""
"G7820517","DR J HEATH","","","PARK HOUSE MEDICAL CENTRE","SEWELL STREET","","PRESCOT","","L34 1ND","20150223","20240221","","RO59","N83603","20150223","20240221","","","","","1","","01J","","",""
"G7820531","DR CAROL MARION SCOTT","","","PINHOE SURGERY","PINN LANE","","EXETER","","EX1 3SY","20150225","20240221","","RO59","L83040","20150225","20240221","","","","","1","","15N","","",""
"G7820548","DR MOHAMMAD RASHID MASOOD","","","THE SYMONDS GREEN HEALTH CENTRE","FILEY CLOSE","","STEVENAGE","","SG1 2JW","20150303","20240221","","RO59","E82111","20150303","20240221","","","","","1","","06K","","",""
"G7820555","C A SCOTT","","","PINHOE SURGERY","PINN LANE","","EXETER","","EX1 3SY","20150311","20240221","","RO59","L83040","20150311","20240221","","","","","1","","15N","","",""
"G7820562","DR N L MARTIN","","","BEACONSFIELD SURGERY","BEVAN WAY","","WIDNES","","WA8 6TR","20150311","20240221","","RO59","N81011","20150311","20240221","","","","","1","","01F","","",""
"G7820579","DR REKHA BHATIANI","","","REGAL CHAMBERS SURGERY","50 BANCROFT","","HITCHIN","","SG5 1LL","20150304","20240221","","RO59","E82075","20150304","20240221","","","","","1","","06K","","",""
"G7820586","DR C BRODBIN","","","COMMONFIELD ROAD SURGERY","156 COMMONFIELD ROAD","","WIRRAL","","CH49 7LP","20150320","20240221","","RO59","N85009","20150320","20240221","","","","","1","","12F","","",""
"G7820593","DR S ISHAQUE","","","JENNER HOUSE SURGERY","159 COVE ROAD","","FARNBOROUGH","","GU14 0HQ","20141001","20240221","","RO59","J82125","20141001","20240221","","","","","1","","D9Y0V","","",""
"G7820603","TOOTING BEC SURGERY","","","313 BALHAM HIGH ROAD","","","LONDON","","SW17 7BA","20150323","20240221","","RO59","H85664","20150323","20240221","","","","","1","","36L","","",""
"G7820610","WADDINGTON CHRISTOPHER","","","HAILEY VIEW SURGERY","38 CHRISTIAN CLOSE","","HODDESDON","","EN11 9FF","20150311","20240221","","RO59","E82088","20150311","20240221","","","","","1","","06K","","",""
"G7820634","MARI BUTT","","","LAKE ROAD HEALTH CENTRE","NUTFIELD PLACE","","PORTSMOUTH","","PO1 4JT","20150401","20240221","","RO59","J82085","20150401","20240221","","","","","1","","10R","","",""
"G7820641","DR G M SCRAGG","","","CEDARS MEDICAL CENTRE","12 SANDBACH ROAD SOUTH","ALSAGER","STOKE-ON-TRENT","","ST7 2LU","20150402","20240221","","RO59","N81008","20150402","20240221","","","","","1","","27D","","",""
"G7820658","A VELOSO","","","CHELSTON HALL SURGERY","OLD MILL ROAD","","TORQUAY","","TQ2 6HW","20150409","20171030","","RO59","L83108","20150409","20171030","","","","","1","","15N","","",""
"G7820665","CHRISTOPHER TILEY","","","THE SURGERY","RIVER STREET","MEVAGISSEY","ST. AUSTELL","","PL26 6UE","20150401","20240221","","RO59","L82025","20150401","20240221","","","","","1","","11N","","",""
"G7820672","DR D F MAXTED","","","BROOKFIELD ROAD","HUCCLECOTE","","GLOUCESTER","","GL3 3HB","20150421","20240221","","RO59","L84014","20150421","20240221","","","","","1","","11M","","",""
"G7820689","DR P PARRY OKEDEN","","","32 PEMBERLEY AVENUE","","","BEDFORD","","MK40 2LA","20150422","20191130","","RO59","E81017","20150422","20191130","","","","","1","","M1J4Y","","",""
"G7820696","DR S ISLAM","","","PRIORY GARDENS SURGERY","PRIORY GARDENS","CHURCH STREET","DUNSTABLE","","LU6 3SU","20150423","20240221","","RO59","E81014","20150423","20240221","","","","","1","","M1J4Y","","",""
"G7820706","CHARLES SIDEBOTHAM","","","THE PERRANPORTH SURGERY","","","PERRANPORTH","","TR6 0PS","20150424","20240221","","RO59","L82013","20150424","20240221","","","","","1","","11N","","",""
"G7820713","DR T M DORMON","","","DOCTORS SURGERY, UNIT 8-14","LIMES COURT","CONDUIT LANE","HODDESDON","","EN11 8EP","20150429","20240221","","RO59","E82006","20150429","20240221","","","","","1","","06K","","",""
"G7820720","DR SUSAN PATRICIA GOUGH","","","WESTWAY MEDICAL CENTRE","WESTWAY","MAGHULL","LIVERPOOL","","L31 0DJ","20150401","20240221","","RO59","N84025","20150401","20240221","","","","","1","","01T","","",""
"G7820737","A BREWER","","","KINSON ROAD MEDICAL CENTRE","440 KINSON ROAD","","BOURNEMOUTH","","BH10 5EY","20150430","20240221","","RO59","J81045","20150430","20240221","","","","","1","","11J","","",""
"G7820744","DR EVA HELLER","","","SUTHERGREY HOUSE MEDICAL CENTRE","37A ST. JOHNS ROAD","","WATFORD","","WD17 1LS","20150505","20240221","","RO59","E82015","20150505","20240221","","","","","1","","06N","","",""
"G7820751","DR HILARY NAPIER","","","BRIDGE COTTAGE SURGERY","41 HIGH STREET","","WELWYN","","AL6 9EF","20150507","20240221","","RO59","E82019","20150507","20240221","","","","","1","","06K","","",""
"G7820768","DR C S COTTEE","","","20 RUSH HILL","","","BATH","","BA2 2QH","20150401","20240221","","RO59","L81644","20150401","20240221","","","","","1","","92G","","",""
"G7820775","DR D FENSKE","","","2 GOLDINGTON ROAD","","","BEDFORD","","MK40 3NG","20150513","20191130","","RO59","E81011","20150513","20191130","","","","","1","","M1J4Y","","",""
"G7820799","CONSULTING ROOMS ABEYANCE","","","THE CONSULTING ROOMS","OXHEY DRIVE","","WATFORD","","WD19 7RU","20150514","20240221","","RO59","E82020","20150514","20240221","","","","","1","","06N","","",""
"G7820809","FAREHAM HEALTH CENTRE TEMPORARY","","","FAREHAM HEALTH CENTRE","CIVIC WAY","","FAREHAM","","PO16 7ER","20150515","20240221","","RO59","J82026","20150515","20240221","","","","","1","","D9Y0V","","",""
"G7820816","DR SAMANTHA P BELL","","","87-89 HIGH STREET","","","ABBOTS LANGLEY","","WD5 0AJ","20150515","20240221","","RO59","E82046","20150515","20240221","","","","","1","","06N","","",""
"G7820823","DR J R MURPHY","","","GLEVUM WAY","ABBEYDALE","","GLOUCESTER","","GL4 4BL","20150401","20240221","","RO59","L84009","20150401","20240221","","","","","1","","11M","","",""
"G7820830","DR ROGER GIBBS","","","THE VILLAGE SURGERY","AMENBURY LANE","","HARPENDEN","","AL5 2BT","20150603","20240221","","RO59","E82037","20150603","20240221","","","","","1","","06N","","",""
"G7820847","DR R M WATKINS","","","HEATHVILLE MEDICAL PRACTICE","ASPEN CENTRE","HORTON ROAD","GLOUCESTER","","GL1 3PX","20150603","20240221","","RO59","L84026","20150603","20240221","","","","","1","","11M","","",""
"G7820854","DR MARK JENNS","","","SOUTH STREET SURGERY","83 SOUTH STREET","","BISHOP'S STORTFORD","","CM23 3AP","20150605","20240221","","RO59","E82074","20150605","20240221","","","","","1","","06K","","",""
"G7820861","DR A J HALL","","","THE OLD ORCHARD SURGERY","SOUTH STREET","WILTON","SALISBURY","","SP2 0JU","20150611","20240221","","RO59","J83019","20150611","20240221","","","","","1","","92G","","",""
"G7820878","DR G W BOOMERS","","","44 SOLLERSHOTT EAST","","","LETCHWORTH GARDEN CITY","","SG6 3JW","20150615","20240221","","RO59","E82104","20150615","20240221","","","","","1","","06K","","",""
"G7820892","DR SHILPA MISTRY","","","58 KIRBY ROAD","","","DUNSTABLE","","LU6 3JH","20150706","20240221","","RO59","E81052","20150706","20240221","","","","","1","","M1J4Y","","",""
"G7820902","DR C ROBERTSON","","","WATLING MEDICAL CENTRE","WATLING STREET","","NORTHWICH","","CW9 5EX","20150710","20240221","","RO59","N81055","20150710","20240221","","","","","1","","27D","","",""
"G7820919","DR C A HOLME","","","HANDBRIDGE MEDICAL CENTRE","GREENWAY STREET","","CHESTER","","CH4 7JS","20150401","20240221","","RO59","N81101","20150401","20240221","","","","","1","","27D","","",""
"G7820926","DR KEBALANANDHA NAIDOO - ABEYANCE","","","FAMILY SURGERY","107 LIVERPOOL ROAD","BIRKDALE","SOUTHPORT","","PR8 4DB","20150720","20240221","","RO59","N84625","20150720","20240221","","","","","1","","01V","","",""
"G7820933","DR A K BLAND","","","FOUNTAINS MEDICAL PRACTICE","FOUNTAINS HEALTH","DELAMERE STREET","CHESTER","","CH1 4DS","20150724","20240221","","RO59","N81102","20150724","20240221","","","","","1","","27D","","",""
"G7820957","J A KEANE - ABEYANCE","","","BRUNEL MEDICAL PRACTICE","ST. ALBANS ROAD","","TORQUAY","","TQ1 3SL","20150729","20240221","","RO59","L83013","20150729","20240221","","","","","1","","15N","","",""
"G7820964","DR LORRAINE N EKONG","","","KING GEORGE SURGERY","135 HIGH STREET","","STEVENAGE","","SG1 3HT","20150804","20240221","","RO59","E82086","20150804","20240221","","","","","1","","06K","","",""
"G7820971","DR JOHN J ROCHFORD","","","SHARNBROOK SURGERY","TEMPLARS WAY","SHARNBROOK","BEDFORD","","MK44 1PZ","20150804","20240221","","RO59","E81024","20150804","20240221","","","","","1","","M1J4Y","","",""
"G7820988","DR BARBARA A HANAK","","","THE GARDEN CITY PRACTICE","185 KNIGHTSFIELD","","WELWYN GARDEN CITY","","AL8 7QG","20150805","20240221","","RO59","E82041","20150805","20240221","","","","","1","","06K","","",""
"G7820995","DR M MCKENZIE","","","YORK ROAD GROUP PRACTICE","YORK ROAD","","ELLESMERE PORT","","CH65 0DB","20150813","20240221","","RO59","N81063","20150813","20240221","","","","","1","","27D","","",""
"G7821006","DR RAHHIEL RIASAT","","","TODDINGTON MEDICAL CENTRE","LUTON ROAD","TODDINGTON","DUNSTABLE","","LU5 6DE","20150401","20240221","","RO59","E81034","20150401","20240221","","","","","1","","M1J4Y","","",""
"G7821013","DR STEPHEN JAMES REDMOND","","","ELLERGREEN MEDICAL CENTRE","24 CARR LANE","WEST DERBY","LIVERPOOL","","L11 2YA","20150819","20240221","","RO59","N82018","20150819","20240221","0151 2569800","","","","1","","99A","","",""
"G7821020","DR J LOCK","","","JUBILEE MEDICAL CENTRE","52 CROXTETH HALL LANE","CROXTETH","LIVERPOOL","","L11 4UG","20150824","20240221","","RO59","N82083","20150824","20240221","","","","","1","","99A","","",""
"G7821037","DR MEERAJ HODA","","","DOCTORS SURGERY","HEXTON ROAD","BARTON-LE-CLAY","BEDFORD","","MK45 4TA","20150827","20240221","","RO59","E81046","20150827","20240221","","","","","1","","M1J4Y","","",""
"G7821044","DR RODNEY BRITTAN","","","UNIT 8-14 LIMES COURT","CONDUIT LANE","","HODDESDON","","EN11 8EP","20150827","20240221","","RO59","E82006","20150827","20240221","","","","","1","","06K","","",""
"G7821051","DR ROGER INGRAM","","","114 QUEEN STREET","","","HITCHIN","","SG4 9TH","20150828","20240221","","RO59","E82044","20150828","20240221","","","","","1","","06K","","",""
"G7821068","DR A H MARSHALL","","","ROSMELLYN SURGERY","ALVERTON TERRACE","","PENZANCE","","TR18 4JH","20150907","20240221","","RO59","Y01050","20150907","20240221","","","","","1","","11N","","",""
"G7821075","DR STEPHEN ROBERT CAKEBREAD","","","THE SHEFFORD HEALTH CENTRE","ROBERT LUCAS DRIVE","","SHEFFORD","","SG17 5FS","20150908","20240221","","RO59","E81033","20150908","20240221","","","","","1","","M1J4Y","","",""
"G7821082","DR D A MAXWELL","","","BOLLINGTON MEDICAL CENTRE","THE WATERHOUSE","BOLLINGTON","MACCLESFIELD","","SK10 5JH","20150914","20240221","","RO59","N81022","20150914","20240221","","","","","1","","27D","","",""
"G7821099","DR LAMIA ALLY","","","63 ABBEY ROAD","","","WALTHAM CROSS","","EN8 7LJ","20150915","20240221","","RO59","E82042","20150915","20240221","","","","","1","","06K","","",""
"G7821116","DR C MILES","","","BETHANY MEDICAL CENTRE","151 GRAFTON STREET","","ST. HELENS","","WA10 4GW","20150928","20240221","","RO59","N83054","20150928","20240221","","","","","1","","01X","","",""
"G7821130","DR M FLYNN","","","SEFTON PARK MEDICAL CENTRE","SMITHDOWN ROAD","","LIVERPOOL","","L15 2LQ","20151023","20240221","","RO59","N82046","20151023","20240221","","","","","1","","99A","","",""
"G7821147","DR G J BARRON","","","PURTON SURGERY","HIGH STREET","PURTON","SWINDON","","SN5 4BD","20151027","20240221","","RO59","J83006","20151027","20240221","","","","","1","","92G","","",""
"G7821154","DR E J BILL","","","WATLING MEDICAL CENTRE","WATLING STREET","","NORTHWICH","","CW9 5EX","20151111","20240221","","RO59","N81055","20151111","20240221","","","","","1","","27D","","",""
"G7821161","DR SUSANNA M JACKS","","","VAUXHALL PRACTICE","VAUXHALL LANE","","CHEPSTOW","","NP16 5PZ","20151001","20240221","","RO59","W93020","20151001","20240221","","","","","1","","7A6","","",""
"G7821178","BULL AND PARTNERS ABEYANCE LIST","","","KENSINGTON GROUP PRACTICE","WESTMORELAND ROAD","","DOUGLAS","","IM1 4QA","20151119","","","RO59","Y00005","20151119","","","","","","1","","","","",""
"G7821192","DR B GAZE","","","1 RUTHERFORD ROAD","MOSSLEY HILL","","LIVERPOOL","","L18 0HJ","20151217","20240221","","RO59","N82108","20151217","20240221","","","","","1","","99A","","",""
"G7821202","DR WENDY SAINSBURY","","","PARK END SURGERY","BRIDGEWATER HOUSE","7 PRINTERS AVENUE","WATFORD","","WD18 7QR","20151217","20190331","","RO59","E82025","20151217","20190331","","","","","1","","06N","","",""
"G7821219","STONE AND PARTNERS ABEYANCE LIST","","","LAXEY AND VILLAGE WALK HEALTH CENTR","1 THE VILLAGE WALK","","ONCHAN","","IM3 4EA","20151119","","","RO59","Y00010","20151119","","","","","","1","","","","",""
"G7821226","DR SIMON LOWE","","","DE PARYS MEDICAL CENTRE","23 DE PARYS AVENUE","","BEDFORD","","MK40 2TX","20151223","20240221","","RO59","E81037","20151223","20240221","","","","","1","","M1J4Y","","",""
"G7821233","L J FLEMING","","","BARTON HOUSE MEDICAL PRACTICE","BARTON HOUSE","","BEAMINSTER","","DT8 3EQ","20151120","20240221","","RO59","J81074","20151120","20240221","","","","","1","","11J","","",""
"G7821240","DR SERAJUL HAQUE","","","THE HEALTH CENTRE","57 OLIVER STREET","AMPTHILL","BEDFORD","","MK45 2SB","20151223","20240221","","RO59","E81077","20151223","20240221","","","","","1","","M1J4Y","","",""
"G7821264","P ABBOTT","","","BOTTREAUX SURGERY","","","BOSCASTLE","","PL35 0BG","20160101","20240221","","RO59","L82058","20160101","20240221","01840 250209","","","","1","","11N","","",""
"G7821271","DR E A MADIGAN","","","THE LANSDOWNE SURGERY","WAIBLINGEN WAY","","DEVIZES","","SN10 2BU","20151001","20240221","","RO59","J83034","20151001","20240221","","","","","1","","92G","","",""
"G7821288","DR ZAHRA JABEEN","","","YEWTREE CENTRE","BERRYFORD ROAD","DOVECOT","LIVERPOOL","","L14 4ED","20160118","20240221","","RO59","N82002","20160118","20240221","","","","","1","","99A","","",""
"G7821295","S R PHILLIPS","","","GILLETT ROAD","TALBOT VILLAGE","","POOLE","","BH12 5BF","20160120","20240221","","RO59","J81042","20160120","20240221","","","","","1","","11J","","",""
"G7821305","DR L MILES","","","BETHANY MEDICAL CENTRE","151 GRAFTON STREET","","ST. HELENS","","WA10 4GW","20151001","20240221","","RO59","N83054","20151001","20240221","","","","","1","","01X","","",""
"G7821312","DR R BARNETT","","","GREENBANK ROAD SURGERY","1B GREENBANK ROAD","MOSSLEY HILL","LIVERPOOL","","L18 1HG","20160122","20240221","","RO59","N82079","20160122","20240221","","","","","1","","99A","","",""
"G7821329","P S WEBB","","","148 HAREPATH ROAD","","","SEATON","","EX12 2DU","20160125","20240221","","RO59","L83007","20160125","20240221","","","","","1","","15N","","",""
"G7821336","DR PETER GOLDSTEIN","","","GLOVERS LANE SURGERY","GLOVERS LANE","","BOOTLE","","L30 5TA","20160202","20240221","","RO59","N84004","20160202","20240221","","","","","1","","01T","","",""
"G7821343","I J FUSSELL","","","ST. THOMAS ROAD","","","NEWQUAY","","TR7 1RU","20160203","20240221","","RO59","Y02517","20160203","20240221","","","","","1","","11N","","",""
"G7821350","DR R W BELL","","","THE SURGERY","ABBOTSWOOD ROAD","BROCKWORTH","GLOUCESTER","","GL3 4PE","20160209","20240221","","RO59","L84084","20160209","20240221","","","","","1","","11M","","",""
"G7821367","DR MIKHAIN","","","GREEN ROAD SURGERY","224 WOKINGHAM ROAD","","READING","","RG6 1JS","20160210","20240221","","RO59","K81045","20160210","20240221","","","","","1","","15A","","",""
"G7821374","MIDWAY SURGERY ABEYANCE","","","THE MIDWAY SURGERY","93 WATFORD ROAD","","ST. ALBANS","","AL2 3JX","20160210","20240221","","RO59","E82055","20160210","20240221","","","","","1","","06N","","",""
"G7821381","DR CAROL ANN RESTELL","","","BURVILL HOUSE SURGERY","52-54 DELLFIELD ROAD","","HATFIELD","","AL10 8HP","20160210","20240221","","RO59","E82023","20160210","20240221","","","","","1","","06K","","",""
"G7821398","DR ROSEMARY DAVIS","","","CHURCH STREET PARTNERSHIP","30A CHURCH STREET","","BISHOP'S STORTFORD","","CM23 2LY","20160216","20240221","","RO59","E82067","20160216","20240221","","","","","1","","06K","","",""
"G7821408","D J LAW","","","CROFT HALL MEDICAL PRACTICE","19 CROFT ROAD","","TORQUAY","","TQ2 5UA","20151001","20240221","","RO59","L83027","20151001","20240221","","","","","1","","15N","","",""
"G7821415","DR DHIYAKI RATNESWARAN","","","MEDICI MEDICAL CENTRE","3 WINDSOR STREET","","LUTON","","LU1 3UA","20160217","20240221","","RO59","E81073","20160217","20240221","","","","","1","","M1J4Y","","",""
"G7821422","DR J KURZEJA","","","FOUR ACRE HEALTH CENTRE","BURNAGE AVENUE","CLOCK FACE","ST. HELENS","","WA9 4QB","20160224","20240221","","RO59","N83021","20160224","20240221","","","","","1","","01X","","",""
"G7821439","DR ARSALAN ZAMIR","","","THE CALLOWLAND SURGERY","141A LEAVESDEN ROAD","","WATFORD","","WD24 5DG","20160301","20200630","","RO59","E82054","20160301","20200630","","","","","1","","06N","","",""
"G7821446","DR JOHN CONWAY","","","MUCH HADHAM HEALTH CENTRE","HADHAM CROSS","ASH MEADOW","MUCH HADHAM","","SG10 6DE","20160307","20240221","","RO59","E82021","20160307","20240221","","","","","1","","06K","","",""
"G7821453","DR ANTHONY DAVIES","","","THE LODGE SURGERY","NORMANDY ROAD","","ST. ALBANS","","AL3 5NP","20160315","20240221","","RO59","E82014","20160315","20240221","","","","","1","","06N","","",""
"G7821460","LAXEY AND VILLAGE WALK ABEYANCE LIST","","","LAXEY AND VILLAGE WALK HEALTH CTR","VILLAGE WALK","","ONCHAN","","IM3 4EA","20160321","","","RO59","Y00010","20160321","","","","","","1","","","","",""
"G7821477","ASHFIELD ROAD MEDICAL CTR","","","3 CAXTON ROAD","FULWOOD","","PRESTON","","PR2 9ZZ","20160321","20180131","","RO60","P81722","20160321","20180131","","","","","1","","01E","","",""
"G7821484","DR H NGUYEN","","","CUFFLEY & GOFFS OAK MED PRACTICE","MAYNARD PLACE","CUFFLEY","POTTERS BAR","","EN6 4JA","20160406","20240221","","RO59","E82081","20160406","20240221","01707 875201","","","","1","","06K","","",""
"G7821491","DR MG OO","","","BEDWELL MEDICAL CENTRE","BEDWELL CRESCENT","SINFIELD CRESCENT","STEVENAGE","","SG1 1LQ","20160407","20240221","","RO59","E82093","20160407","20240221","","","","","1","","06K","","",""
"G7821501","J R MOORE","","","QUAY LANE SURGERY","OLD QUAY LANE","ST GERMANS","SALTASH","","PL12 5LH","20160401","20240221","","RO59","L82043","20160401","20240221","","","","","1","","11N","","",""
"G7821512","MEDINA MEDICAL CENTRE POOL","","","385 DUNSTABLE ROAD","","","LUTON","","LU4 8BY","20220303","20231231","","RO60","E81065","20220303","20231231","","","","","1","","M1J4Y","","",""
"G7821518","DR H RUTHERFORD","","","THE GAINSBOROUGH PRACTICE","1 COUNTY LANE","WARFIELD","BRACKNELL","","RG42 3JP","20160415","20231231","","RO59","K81059","20160415","20231231","","","","","1","","U2G6B","","",""
"G7821525","DR VU NGUYEN","","","COURTENAY HOUSE SURGERY","BANCROFT COURT","BANCROFT","HITCHIN","","SG5 1LH","20160421","20240221","","RO59","E82053","20160421","20240221","","","","","1","","06K","","",""
"G7821532","DR S SETTY","","","ANNANDALE MEDICAL CENTRE","THE ELMS","HIGH STREET","POTTERS BAR","","EN6 5DA","20160421","20240221","","RO59","E82098","20160421","20240221","","","","","1","","06N","","",""
"G7821549","R KNOWLES","","","SOUTHERNHAY HOUSE SURGERY","30 BARNFIELD ROAD","","EXETER","","EX1 1RX","20160401","20240221","","RO59","L83058","20160401","20240221","","","","","1","","15N","","",""
"G7821556","P T WOOD","","","CHAGFORD HEALTH CENTRE","CHAGFORD","","NEWTON ABBOT","","TQ13 8BW","20160503","20240221","","RO59","L83082","20160503","20240221","","","","","1","","15N","","",""
"G7821570","DR ROBIN HODGE","","","ABBEY ROAD SURGERY","63 ABBEY ROAD","","WALTHAM CROSS","","EN8 7LJ","20160511","20240221","","RO59","E82042","20160511","20240221","","","","","1","","06K","","",""
"G7821587","DR SAHADEV SWAIN","","","THE BLENHEIM MEDICAL CENTRE","9 BLENHEIM CRESCENT","","LUTON","","LU3 1HA","20160511","20240221","","RO59","E81028","20160511","20240221","","","","","1","","M1J4Y","","",""
"G7821594","MAMDANI DISPERSAL","","","THE SURGERY","2 BURLINGTON GARDENS","ACTON","LONDON","","W3 6BA","20160525","20180429","","RO59","E85705","20160525","20180429","","","","","1","","W2U3Z","","",""
"G7821604","DR S N KESHRI - DISPERSAL","","","CHELMSFORD MEDICAL CENTRE","128 CHELMSFORD AVENUE","","GRIMSBY","","DN34 5DA","20160601","20170430","","RO60","B81671","20160601","20170430","","","","","1","","03H","","",""
"G7821611","DR MIKE BAVERSTOCK","","","DOLPHIN HOUSE SURGERY","6-7 EAST STREET","","WARE","","SG12 9HJ","20160609","20240221","","RO59","E82092","20160609","20240221","","","","","1","","06K","","",""
"G7821628","DR LUCY C ANSELL","","","PHOENIX SURGERY","9 CHESTERTON LANE","","CIRENCESTER","","GL7 1XG","20160617","20240221","","RO59","L84012","20160617","20240221","","","","","1","","11M","","",""
"G7821635","DR R O'SULLIVAN","","","THE GAINSBOROUGH PRACTICE","1 COUNTY LANE","","BRACKNELL","","RG42 3JP","20160620","20231231","","RO59","K81059","20160620","20231231","","","","","1","","U2G6B","","",""
"G7821642","DR PETER JOHN TATMAN","","","THE SURGERY","85 GOLDINGTON AVENUE","","BEDFORD","","MK40 3DB","20160906","20240221","","RO59","E81047","20160906","20240221","","","","","1","","M1J4Y","","",""
"G7821659","DR MARK ANDREWS","","","DOCTORS SURGERY, UNIT 8-14","LIMES COURT","CONDUIT LANE","HODDESDON","","EN11 8EP","20160907","20240221","","RO59","E82006","20160907","20240221","","","","","1","","06K","","",""
"G7821666","CHURCH LANE MEDICAL CENTRE","","","111 CHURCH LANE","STRETFORD","","BIRMINGHAM","","B33 9EJ","20160923","20180429","","RO60","M85111","20160923","20180429","","","","","1","","15E","","",""
"G7821673","SOLIHULL HEALTHCARE & WALK IN CENTRE DISPERSAL","","","SOLIHULL HOSPITAL","LODE LANE","","SOLIHULL","","B91 2AE","20161101","20180930","","RO60","Y02568","20161101","20180930","","","","","1","","15E","","",""
"G7821680","BRUNNER ROAD MEDICAL CENTRE","","","2 BRUNNER ROAD","","","LONDON","","E17 7NT","20170131","20180930","","RO59","F86049","20170131","20180930","","","","","1","","A3A8R","","",""
"G7821697","THE BEECHCROFT MEDICAL CENTRE","","","34 BEECHCROFT GARDENS","","","WEMBLEY","","HA9 8EP","20170206","20180930","","RO59","E84084","20170206","20180930","","","","","1","","W2U3Z","","",""
"G7821707","CARDREW HEALTH CENTRE","","","CARDREW INDUSTRIAL ESTATE","CARDREW WAY","","REDRUTH","","TR15 1SS","20170207","20180930","","RO59","Y02596","20170207","20180930","","","","","1","","11N","","",""
"G7821714","MAYPOLE SURGERY","","","8 HOOK ROAD","","","SURBITON","","KT6 5BH","20170209","20180930","","RO59","H84049","20170209","20180930","","","","","1","","36L","","",""
"G7821721","NORTH BICESTER SURGERY","","","3 BARBERRY PLACE","BURE PARK","","BICESTER","","OX26 3HA","20170209","20180930","","RO59","K84621","20170209","20180930","","","","","1","","10Q","","",""
"G7821738","CLARENCE MEDICAL CENTRE","","","17-19 CLARENCE ROAD","","","LONDON","","NW6 7TG","20170214","20180930","","RO59","E84056","20170214","20180930","","","","","1","","W2U3Z","","",""
"G7821745","THE SURGERY (DR RAJA)","","","625 GREEN LANES","","","LONDON","","N8 0RE","20170214","20180429","","RO59","F85708","20170214","20180429","","","","","1","","93C","","",""
"G7821752","WOODHEAD ROAD SURGERY","","","157 WOODHEAD ROAD","","","BRADFORD","","BD7 2BL","20170215","20180930","","RO59","B83631","20170215","20180930","","","","","1","","36J","","",""
"G7821769","ALLENSON HOUSE","","","WESTON PARK","CROUCH END","","LONDON","","N8 9TB","20170222","20180429","","RO59","F85679","20170222","20180429","","","","","1","","93C","","",""
"G7821776","THE SURGERY - DK KUNDU","","","ST. JOHNS ROAD SURGERY","18 ST. JOHN'S ROAD","","LONDON","","N15 6QP","20170222","20171030","","RO59","F85059","20170222","20171030","","","","","1","","93C","","",""
"G7821783","DR SAMPSON","","","625 GREEN LANES","","","LONDON","","N8 0RE","20161001","20180429","","RO59","F85646","20161001","20180429","","","","","1","","93C","","",""
"G7821790","RIBCHESTER MEDICAL CENTRE","","","31 RIBCHESTER AVENUE","PERIVALE","","GREENFORD","","UB6 8TG","20170227","20180930","","RO59","E85728","20170227","20180930","","","","","1","","W2U3Z","","",""
"G7821800","GOSBURY HILL GP CLINIC","","","ORCHARD GARDENS","","","CHESSINGTON","","KT9 1AG","20170301","20180930","","RO59","Y03054","20170301","20180930","","","","","1","","36L","","",""
"G7821817","GRAYS MEDICAL PRACTICE","","","ORCHARD GARDENS","","","CHESSINGTON","","KT9 1AG","20170301","20180930","","RO59","H84637","20170301","20180930","","","","","1","","36L","","",""
"G7821824","WOLLATON VALE HEALTH CENTRE","","","WOLLATON VALE","WOLLATON","","NOTTINGHAM","","NG8 2GR","20161001","20180429","","RO60","C84635","20161001","20180429","","","","","1","","52R","","",""
"G7821831","LEWES ROAD SURGERY","","","188-189 LEWES ROAD","","","BRIGHTON","","BN2 3LA","20170310","20180429","","RO60","G81063","20170310","20180429","","","","","1","","09D","","",""
"G7821848","WESTWOOD SURGERY","","","47 WESTWOOD AVENUE","","","LOWESTOFT","","NR33 9RW","20170310","20180930","","RO60","D83619","20170310","20180930","","","","","1","","26A","","",""
"G7821855","ASHFORD HEALTH CENTRE","","","LONDON ROAD","","","ASHFORD","","TW15 3AA","20170321","20180930","","RO59","Y02688","20170321","20180930","","","","","1","","92A","","",""
"G7821862","DEER PARK MEDICAL","","","EDINGTON SQUARE","","","WITNEY","","OX28 5YT","20170322","20180930","","RO59","K84622","20170322","20180930","","","","","1","","10Q","","",""
"G7821879","MOUND MEDICAL","","","4 THE MOUND","","","LONDON","","SE9 3AZ","20170322","20180930","","RO59","G83655","20170322","20180930","","","","","1","","72Q","","",""
"G7821886","HYDE PARK","","","2 HYDE PARK ROAD","","","PLYMOUTH","","PL3 4RJ","20170322","20180930","","RO59","L83658","20170322","20180930","","","","","1","","15N","","",""
"G7821893","THE BALHAM HILL MEDICAL PRACTICE","","","BALHAM HILL MEDICAL PRACTICE","143-145 BALHAM HILL","","LONDON","","SW12 9DL","20170322","20180930","","RO59","H85056","20170322","20180930","","","","","1","","36L","","",""
"G7821903","ALDERWOOD ROAD ABEYANCE CODE","","","1 ALDERWOOD ROAD","ELTHAM","","LONDON","","SE9 2JY","20170322","20180930","","RO59","G83063","20170322","20180930","","","","","1","","72Q","","",""
"G7821910","DR SIVAS PRACTICE","","","326 PHILIP LANE","","","LONDON","","N15 4AB","20170322","20180429","","RO59","F85049","20170322","20180429","","","","","1","","93C","","",""
"G7821927","NORTH WEST LONDON MEDICAL","","","NORTH WEST LONDON MEDICAL CENTRE","56 MAIDA VALE","","LONDON","","W9 1PP","20161001","20180930","","RO59","E87017","20161001","20180930","","","","","1","","W2U3Z","","",""
"G7821934","SALTASH ROAD SURGERY","","","218 SALTASH ROAD","KEYHAM","","PLYMOUTH","","PL2 2BB","20161001","20180429","","RO59","L83626","20161001","20180429","","","","","1","","15N","","",""
"G7821941","ST BARNABAS SURGERY","","","ST. BARNABAS TERRACE","","","PLYMOUTH","","PL1 5NN","20161001","20180930","","RO59","L83664","20161001","20180930","","","","","1","","15N","","",""
"G7821958","THE WILSON HEALTH CENTRE","","","WILSON HOSPITAL","CRANMER ROAD","","MITCHAM","","CR4 4TP","20170323","20180930","","RO59","Y02968","20170323","20180930","","","","","1","","36L","","",""
"G7821965","KING STREET","","","47 KING STREET","","","WAKEFIELD","","WF1 2SN","20170329","20240221","","RO59","Y02509","20170329","20240221","","","","","1","","03R","","",""
"G7821972","THE SLADE SURGERY","","","12 THE SLADE","","","LONDON","","SE18 2NB","20170405","20180930","","RO59","G83668","20170405","20180930","","","","","1","","72Q","","",""
"G7821989","DR ROBERT JANSSEN","","","LANEHOUSE SURGERY","LUDLOW ROAD","","WEYMOUTH","","DT4 0HB","20170401","20180930","","RO59","J81090","20170401","20180930","","","","","1","","11J","","",""
"G7821996","VICARAGE LANE","","","10 VICARAGE LANE","","","LONDON","","E15 4ES","20170424","20170809","","RO59","Y05385","20170424","20170809","","","","","1","","A3A8R","","",""
"G7822007","NORWOOD SURGERY","","","THE NORWOOD SURGERY","483 NORWOOD ROAD","","LONDON","","SE27 9DJ","20170401","20180930","","RO59","G85113","20170401","20180930","","","","","1","","72Q","","",""
"G7822014","AURIOL MEDICAL CENTRE","","","46 SALISBURY ROAD","","","WORCESTER PARK","","KT4 7DG","20170426","20180930","","RO59","H81118","20170426","20180930","","","","","1","","92A","","",""
"G7822021","HENLEY CROSS GPS","","","HENLEY CROSS MEDICAL PRACTICE","115 TUDWAY ROAD","","LONDON","","SE3 9YX","20170428","20180930","","RO59","G83017","20170428","20180930","","","","","1","","72Q","","",""
"G7822038","ST JAMES CHURCH SURGERY","","","NORTH AISLE, ST. JAMES CHURCH","THURLAND ROAD","","LONDON","","SE16 4AA","20170401","20180930","","RO59","G85009","20170401","20180930","","","","","1","","72Q","","",""
"G7822045","ST JAMES CHURCH SURGERY","","","ST. JAMES CHURCH","THURLAND ROAD","","LONDON","","SE16 4AA","20170509","20180930","","RO59","G85009","20170509","20180930","0207 2374066","","","","1","","72Q","","",""
"G7822052","PARK ROAD SURGERY","","","153 PARK ROAD","","","LONDON","","N8 8JJ","20170401","20180630","","RO59","F85026","20170401","20180630","","","","","1","","93C","","",""
"G7822069","INNER PARK HEALTH CENTRE","","","86-88 INNER PARK ROAD","","","LONDON","","SW19 6DA","20170523","20180930","","RO59","H85643","20170523","20180930","","","","","1","","36L","","",""
"G7822076","BICKNOLLER SURGERY","","","VALE DRIVE HEALTH CENTRE","VALE DRIVE","HIGH BARNET","BARNET","","EN5 2ED","20170524","20180630","","RO59","E83042","20170524","20180630","","","","","1","","93C","","",""
"G7822083","BILSTON STREET SURGERY","","","25 BILSTON STREET","SEDGLEY","","DUDLEY","","DY3 1JA","20170612","20180930","","RO60","M87629","20170612","20180930","","","","","1","","D2P2L","","",""
"G7822090","GREENBOOK MANOR","","","BRENTFORD HEALTH CENTRE","BOSTON MANOR ROAD","","BRENTFORD","","TW8 8DS","20170613","20180930","","RO59","E85732","20170613","20180930","0208 6303840","","","","1","","W2U3Z","","",""
"G7822100","QUEENS ROAD SURGERY","","","8 QUEENS ROAD","BUCKLAND","","PORTSMOUTH","","PO2 7NX","20170613","20180930","","RO59","J82004","20170613","20180930","02392 665134","","","","1","","10R","","",""
"G7822117","LONGFORD PRIMARY CARE CENTRE","","","LONGFORD ROAD","LONGFORD","","COVENTRY","","CV6 6DR","20170615","20180930","","RO60","M86607","20170615","20180930","02476 646740","","","","1","","B2M3M","","",""
"G7822124","WHINMOOR SURGERY","","","WHITE LAITHE APPROACH","","","LEEDS","","LS14 2EH","20170629","20180930","","RO60","B86670","20170629","20180930","","","","","1","","15F","","",""
"G7822131","BOSCOMBE MANOR MEDICAL CENTRE","","","40 FLORENCE ROAD","","","BOURNEMOUTH","","BH5 1HQ","20170401","20180930","","RO59","J81645","20170401","20180930","","","","","1","","11J","","",""
"G7822148","SOUTH MAYPOLE SURGERY","","","1026 ALCESTER ROAD SOUTH","","","BIRMINGHAM","","B14 5NG","20170705","20180930","","RO60","M85045","20170705","20180930","","","","","1","","15E","","",""
"G7822155","SWANSWELL MEDICAL CENTRE","","","ST MARKS ANNEXE","BIRD STREET","","COVENTRY","","CV1 5FX","20170731","20180930","","RO60","M86621","20170731","20180930","","","","","1","","B2M3M","","",""
"G7822162","T H E MALLING HEALTH (WREKIN)","","","MALLING HEALTH MEDICAL PRACTICE","APLEY CASTLE","APLEY","TELFORD","","TF1 6WL","20170808","20180930","","RO59","Y02422","20170808","20180930","","","","","1","","M2L0M","","",""
"G7822179","HEATON NORRIS HEALTH CENTRE","","","CHEVIOT CLOSE","","","STOCKPORT","","SK4 1JX","20170809","20180930","","RO60","P88010","20170809","20180930","","","","","1","","01W","","",""
"G7822186","NEW PROVIDERS FOR HEALTH","","","2 THE SLIEVE","","","BIRMINGHAM","","B20 2NR","20170814","20240221","","RO59","M85145","20170814","20240221","","","","","1","","15E","","",""
"G7822193","THE STANMORE SURGERY","","","71 ELM PARK","","","STANMORE","","HA7 4AU","20170915","20181130","","RO60","E84657","20170915","20181130","","","","","1","","W2U3Z","","",""
"G7822194","ELIZABETH STREET SURGERY POOL","","","ELIZABETH STREET SURGERY","61 ELIZABETH STREET","","BLACKPOOL","","FY1 3JG","20211001","20221130","","RO60","P81004","20211001","20221130","","","","","1","","00R","","",""
"G7822203","GORTON STREET PRACTICE","","","GORTON STREET","","","BLACKPOOL","","FY1 3HP","20170401","20181130","","RO59","P81760","20170401","20181130","","","","","1","","00R","","",""
"G7822210","YORK ROAD SURGERY","","","179 YORK ROAD","","","LEEDS","","LS9 7RD","20170401","20181130","","RO59","B86638","20170401","20181130","","","","","1","","15F","","",""
"G7822227","LODHI LOCUM","","","THE QUAY HEALTH CENTRE","FRON ROAD","CONNAH'S QUAY","DEESIDE","","CH5 4PJ","20170401","20240221","","RO59","W91607","20170401","20240221","","","","","1","","7A1","","",""
"G7822234","MANOR PARK MEDICAL PRACTICE","","","688 ROMFORD ROAD","","","LONDON","","E12 5AJ","20171120","20181101","","RO60","F84089","20171120","20181101","","","","","1","","A3A8R","","",""
"G7822241","THE CONISHEAD GROUP","","","RYHOPE HEALTH CENTRE","BLACK ROAD","RYHOPE","SUNDERLAND","","SR2 0RY","20171127","20181201","","RO60","A89610","20171127","20181201","","","","","1","","00P","","",""
"G7822258","RIDGEWAY DISPERSAL","","","130 THE RIDGWAY","","","BRIGHTON","","BN2 6PB","20171212","20190101","","RO60","G81642","20171212","20190101","","","","","1","","09D","","",""
"G7822265","THE CHERRY TREE SURGERY POOLED LIST","","","CHERRY TREE SURGERY","26 SOUTHERN ROAD","","LONDON","","N2 9JG","20171212","20190101","","RO60","E83631","20171212","20190101","","","","","1","","93C","","",""
"G7822272","THE WILLENHALL PRIMARY CARE CENTRE LIST","","","WILLENHALL PRIMARY CARE CENTRE","REMEMBRANCE ROAD","","COVENTRY","","CV3 3DG","20171212","20190101","","RO60","M86026","20171212","20190101","","","","","1","","B2M3M","","",""
"G7822289","THE COURTLAND SURGERY","","","62 COURTLAND AVENUE","","","ILFORD","","IG1 3DP","20171001","20190125","","RO60","F86655","20171001","20190125","","","","","1","","A3A8R","","",""
"G7822296","THE QUEENS PARK HEALTH CENTRE LIST","","","QUEENS PARK HEALTH CENTRE","DART STREET","","LONDON","","W10 4LD","20171212","20190101","","RO60","E87057","20171212","20190101","","","","","1","","W2U3Z","","",""
"G7822306","THE WATFORD WAY SURGERY DISPERSAL LIST","","","278 WATFORD WAY","","","LONDON","","NW4 4UR","20171220","20190101","","RO60","E83633","20171220","20190101","","","","","1","","93C","","",""
"G7822313","THE HOLLY PARK CLINIC DISPERSAL LIST","","","HOLLY PARK ROAD","","","LONDON","","N11 3HB","20171001","20190331","","RO60","Y00105","20171001","20190331","","","","","1","","93C","","",""
"G7822320","LEWISHAM GP LEAD HEALTH CENTRE","","","STANLEY STREET","","","LONDON","","SE8 4BG","20171220","20190331","","RO60","Y02957","20171220","20190331","","","","","1","","72Q","","",""
"G7822337","WICKFORD HEALTH CENTRE","","","2 MARKET ROAD","","","WICKFORD","","SS12 0AG","20171220","20190331","","RO60","F81743","20171220","20190331","","","","","1","","99E","","",""
"G7822344","THE HEATHFIELD SURGERY LIST","","","39 HEATHFIELD ROAD","","","CROYDON","","CR0 1EZ","20171001","20190331","","RO60","H83002","20171001","20190331","","","","","1","","36L","","",""
"G7822351","PONTELAND ROAD HEALTH CENTRE","","","169 PONTELAND ROAD","COWGATE","","NEWCASTLE UPON TYNE","","NE5 3AE","20171001","20190331","","RO60","Y02711","20171001","20190331","","","","","1","","13T","","",""
"G7822368","RESOLUTION HEALTH","","","NORTH ORMESBY HEALTH VILLAGE","1 TRINITY MEWS","NORTH ORMESBY","MIDDLESBROUGH","","TS3 6AL","20171001","20190331","","RO60","Y02483","20171001","20190331","","","","","1","","16C","","",""
"G7822375","KEYHEALTH MEDICAL CENTRE","","","SEWARDSTONE ROAD","","","WALTHAM ABBEY","","EN9 1NP","20171001","20190331","","RO60","F81608","20171001","20190331","","","","","1","","07H","","",""
"G7822382","CLAPHAM ROAD SURGERY","","","46-48 CLAPHAM ROAD","","","BEDFORD","","MK41 7PW","20171001","20190331","","RO60","E81062","20171001","20190331","","","","","1","","M1J4Y","","",""
"G7822399","KENSINGTON GROUP PRACTICE ABEYANCE LIST","","","WESTMORELAND ROAD","","","DOUGLAS","","IM1 4QA","20171001","","","RO59","Y00005","20171001","","","","","","1","","","","",""
"G7822409","LEYPARK SURGERY","","","ESTOVER HEALTH CENTRE","LEYPARK WALK","","PLYMOUTH","","PL6 8UE","20171001","20190401","","RO60","L83144","20171001","20190401","","","","","1","","15N","","",""
"G7822416","THE GORE DISPERSAL LIST","","","69 THE GORE","","","BASILDON","","SS14 2DD","20171001","20200731","","RO60","F81756","20171001","20200731","","","","","1","","99E","","",""
"G7822423","UPPER ROAD MEDICAL CENTRE DISPERSAL","","","50 UPPER ROAD","","","LONDON","","E13 0DH","20180227","20181130","","RO60","F84679","20180227","20181130","","","","","1","","A3A8R","","",""
"G7822430","THE KINGFISHER DISPERSAL LIST","","","CHURCHILL ROAD","","","WALSALL","","WS2 0BA","20171001","20190331","","RO60","M91643","20171001","20190331","","","","","1","","D2P2L","","",""
"G7822447","THE VICARAGE ROAD MEDICAL CENTRE","","","155 VICARAGE ROAD","","","LONDON","","E10 5DU","20171001","20190331","","RO60","Y00092","20171001","20190331","","","","","1","","A3A8R","","",""
"G7822454","THE VICARAGE ROAD MEDICAL CENTRE","","","155 VICARAGE ROAD","","","LONDON","","E10 5DU","20171001","20190331","","RO60","Y00092","20171001","20190331","","","","","1","","A3A8R","","",""
"G7822461","THE CLIFF HOUSE POOLED LIST","","","82 BURTON ROAD","","","LINCOLN","","LN1 3LJ","20171001","20240221","","RO59","C83073","20171001","20240221","","","","","1","","71E","","",""
"G7822478","THE VICARAGE ROAD MEDICAL CENTRE","","","155 VICARAGE ROAD","","","LONDON","","E10 5DU","20180312","20190331","","RO60","Y00092","20180312","20190331","","","","","1","","A3A8R","","",""
"G7822485","THE ALL SAINTS PRACTICE LIST","","","21 NEWBY PLACE","","","LONDON","","E14 0EY","20180314","20190331","","RO60","F84702","20180314","20190331","","","","","1","","A3A8R","","",""
"G7822492","THE BELGRAVE SURGERY LIST","","","13 LOUGHBOROUGH ROAD","","","LEICESTER","","LE4 5LJ","20180420","20190730","","RO60","Y00280","20180420","20190730","","","","","1","","04C","","",""
"G7822502","PAULS SURGERY LIST","","","SEVEN KINGS HEALTH CENTRE","1 SALISBURY ROAD","","ILFORD","","IG3 8BG","20180524","20190730","","RO60","F86704","20180524","20190730","","","","","1","","A3A8R","","",""
"G7822519","PAULS SURGERY LIST","","","1 SALISBURY ROAD","","","ILFORD","","IG3 8BG","20180401","20190730","","RO60","F86704","20180401","20190730","","","","","1","","A3A8R","","",""
"G7822526","AVICENNA DISPERSAL LIST","","","AVICENNA HEALTH CENTRE","2 VERNEY WAY","","LONDON","","SE16 3HA","20180401","20191130","","RO60","G85712","20180401","20191130","","","","","1","","72Q","","",""
"G7822531","SOUTHERN GROUP PRACTICE","","","CASTLETOWN ROAD","","","PORT ERIN","","IM9 6BD","20210501","","","RO59","Y00004","20210501","","","","","","1","","","","",""
"G7822533","RAMSEY GROUP PRACTICE ABEYANCE LIST","","","BOWRING RD","","","ISLE OF MAN","","IM8 3EY","20180702","","","RO59","Y00003","20180702","","","","","","1","","","","",""
"G7822540","WHITEHAVEN MEDICAL PRACTICE LIST","","","CATHERINE STREET","","","WHITEHAVEN","","CA28 7PA","20180731","20191130","","RO60","A82060","20180731","20191130","","","","","1","","01H","","",""
"G7822557","COULSDON MEDICAL DISPERSAL LIST","","","66 BRIGHTON ROAD","","","COULSDON","","CR5 2BB","20181018","20191130","","RO60","H83620","20181018","20191130","","","","","1","","36L","","",""
"G7822564","THE COLLINGWOOD MEDICAL GROUP LIST","","","THOROTON STREET","","","BLYTH","","NE24 1DX","20181121","20200630","","RO60","Y00151","20181121","20200630","","","","","1","","00L","","",""
"G7822571","THE STATION ROAD SURGERY LIST","","","33B STATION ROAD","NEW BARNET","","BARNET","","EN5 1PH","20181001","20200630","","RO60","E83624","20181001","20200630","","","","","1","","93C","","",""
"G7822588","THE DYNELEY HOUSE LIST","","","10 ALLERTON HILL","CHAPEL ALLERTON","","LEEDS","","LS7 3QB","20181204","20200630","","RO60","B86674","20181204","20200630","","","","","1","","15F","","",""
"G7822595","THE COSYHAVEN LIST","","","CECIL AVENUE SURGERY","COSY HAVEN","CECIL AVENUE","HORNCHURCH","","RM11 2LY","20181214","20200630","","RO60","F82653","20181214","20200630","","","","","1","","A3A8R","","",""
"G7822605","THE WEST HAM MEDICAL LIST","","","DOCTORS SURGERY","401 CORPORATION STREET","","LONDON","","E15 3DJ","20181001","20200630","","RO60","F84661","20181001","20200630","","","","","1","","A3A8R","","",""
"G7822612","ASH TREE SURGERY LIST","","","33 FOBBING ROAD","CORRINGHAM","","STANFORD-LE-HOPE","","SS17 9BG","20181001","20200630","","RO60","F81644","20181001","20200630","","","","","1","","07G","","",""
"G7822629","THE MANOR HOUSE PRACTICE LIST","","","FELTHAM HEALTH CENTRE","THE CENTRE","HIGH STREET","FELTHAM","","TW13 4GU","20190115","20200630","","RO60","E85700","20190115","20200630","","","","","1","","W2U3Z","","",""
"G7822636","DR LWINS SURGERY LIST","","","343 PRINCE REGENT LANE","","","LONDON","","E16 3JL","20190123","20200630","","RO60","F84708","20190123","20200630","","","","","1","","A3A8R","","",""
"G7822643","THE VIRAN MEDICAL CENTRE LIST","","","GORSE LANE","TARLETON","","PRESTON","","PR4 6UJ","20181001","20200630","","RO60","P81177","20181001","20200630","","","","","1","","02G","","",""
"G7822650","THE DOWNLAND SURGERY LIST","","","59 TOLLERS LANE","","","COULSDON","","CR5 1BF","20181001","20200630","","RO60","H83048","20181001","20200630","","","","","1","","36L","","",""
"G7822667","THE LEYTON GREEN LIST","","","180 ESSEX ROAD","","","LONDON","","E10 6BT","20190322","20200630","","RO60","F86073","20190322","20200630","","","","","1","","A3A8R","","",""
"G7822674","THE MARSHALL STREET SURGERY LIST","","","45-46 MARSHALL STREET","","","SMETHWICK","","B67 7NA","20190322","20200630","","RO60","M88637","20190322","20200630","","","","","1","","D2P2L","","",""
"G7822681","RAMSEY GROUP PRACTICE ABEYANCE LIST","","","RAMSEY GROUP PRACTICE","BOWRING ROAD","","RAMSEY","","IM8 3EY","20181001","","","RO59","Y00003","20181001","","","","","","1","","","","",""
"G7822698","LORD LISTER HEALTH CENTRE LIST","","","121 WOODGRANGE ROAD","","","LONDON","","E7 0EP","20190401","20200630","","RO60","F84631","20190401","20200630","","","","","1","","A3A8R","","",""
"G7822708","DR JOSPEPH SURGERY LIST","","","42 CHASE CROSS ROAD","","","ROMFORD","","RM5 3PR","20190605","20200630","","RO60","F82639","20190605","20200630","","","","","1","","A3A8R","","",""
"G7822715","THE LAWNS SURGERY LIST","","","GLENVILLE ROAD","RUSTINGTON","","LITTLEHAMPTON","","BN16 2EA","20190617","20200731","","RO60","H82641","20190617","20200731","","","","","1","","70F","","",""
"G7822722","MAPPERLEY PARK HC LIST","","","MALVERN HOUSE","41 MAPPERLEY ROAD","","NOTTINGHAM","","NG3 5AQ","20190617","20200731","","RO60","C84602","20190617","20200731","","","","","1","","52R","","",""
"G7822739","GORSEHILL MEDICAL CENTRE LIST","","","879 CHESTER ROAD","STRETFORD","","MANCHESTER","","M32 0RN","20190401","20200630","","RO60","P91615","20190401","20200630","","","","","1","","02A","","",""
"G7822746","BARNES SURGERY LIST","","","22 CASTELNAU","","","LONDON","","SW13 9RU","20190401","20201130","","RO60","H84632","20190401","20201130","","","","","1","","36L","","",""
"G7822753","STRELLEY HEALTH CENTRE LIST","","","116 STRELLEY ROAD","","","NOTTINGHAM","","NG8 6LN","20190401","20200731","","RO60","C84698","20190401","20200731","","","","","1","","52R","","",""
"G7822760","MAHAVIR MEDICAL CENTRE LIST","","","10 CHESTNUT WAY","EAST GOSCOTE","","LEICESTER","","LE7 3QQ","20190401","20201130","","RO60","C82657","20190401","20201130","","","","","1","","04V","","",""
"G7822777","DR OBONNAS PRACTICE LIST","","","SOUTHWICK HEALTH CENTRE","THE GREEN","SOUTHWICK","SUNDERLAND","","SR5 2LT","20190903","20201130","","RO60","A89603","20190903","20201130","","","","","1","","00P","","",""
"G7822784","DRAYTON ROAD SURGERY LIST","","","20 DRAYTON ROAD","BLETCHLEY","","MILTON KEYNES","","MK2 3EJ","20190916","20201130","","RO60","K82062","20190916","20201130","","","","","1","","M1J4Y","","",""
"G7822791","DR RACHEL BIRD","","","CRONDALL NEW SURGERY","REDLANDS LANE","CRONDALL","FARNHAM","","GU10 5RF","20190925","20240221","","RO59","J82628","20190925","20240221","","","","","1","","D9Y0V","","",""
"G7822801","ABNEY HOUSE MC LIST","","","2 DEFOE ROAD","","","LONDON","","N16 0EF","20191001","20201130","","RO60","F84624","20191001","20201130","","","","","1","","A3A8R","","",""
"G7822818","MYDDLETON ROAD SURGERY LIST","","","52 MYDDLETON ROAD","","","LONDON","","N22 8NW","20191001","20201130","","RO60","F85645","20191001","20201130","","","","","1","","93C","","",""
"G7822825","THE WILLOWS LIST","","","WESTON FAVELL CENTRE","","","NORTHAMPTON","","NN3 8DW","20191001","20210131","","RO60","K83033","20191001","20210131","","","","","1","","78H","","",""
"G7822832","ARDEN MEDICAL CENTRE LIST","","","1A ALBANY ROAD","","","STRATFORD-UPON-AVON","","CV37 6PG","20191001","20210131","","RO60","M84617","20191001","20210131","","","","","1","","B2M3M","","",""
"G7822849","PARK VIEW SURGERY LIST","","","34 FORD PARK ROAD","","","PLYMOUTH","","PL4 6NX","20191001","20210131","","RO60","L83117","20191001","20210131","","","","","1","","15N","","",""
"G7822856","OVERSEAL SURGERY LIST","","","1 HALLCROFT AVENUE","OVERSEAL","","SWADLINCOTE","","DE12 6JF","20191001","20210630","","RO60","C81104","20191001","20210630","","","","","1","","15M","","",""
"G7822863","PALATINE ABEYANCE CODE","","","STRANG CORNER FIELD","","","DOUGLAS","","IM2 3TD","20200305","","","RO59","Y00007","20200305","","","","","","1","","","","",""
"G7822870","HAILWOOD OBEYANCE CODE","","","2 HAILWOOD COURT","HAILWOOD AVENUE","","DOUGLAS","","IM2 7EA","20200305","","","RO59","Y00008","20200305","","","","","","1","","","","",""
"G7822887","MUNGO PARK LIST","","","106 SOUTH END ROAD","","","RAINHAM","","RM13 7XJ","20191001","20210630","","RO60","F82614","20191001","20210630","","","","","1","","A3A8R","","",""
"G7822894","FIVE WAYS LIST","","","LADYWOOD MIDDLEWAY","","","BIRMINGHAM","","B16 8HA","20191001","20210630","","RO60","M85064","20191001","20210630","","","","","1","","15E","","",""
"G7822904","CATER STREET SURGERY POOL","","","1 CATER STREET","KEMPSTON","","BEDFORD","","MK42 8DR","20200401","20210630","","RO60","E81023","20200401","20210630","","","","","1","","M1J4Y","","",""
"G7822911","DR JAIN POOL","","","THE SURGERY","2 PARKLANDS DRIVE","","ASKAM-IN-FURNESS","","LA16 7JP","20200702","20210831","","RO60","A82621","20200702","20210831","","","","","1","","01K","","",""
"G7822928","LABURNUM SURGERY POOL","","","LABURNUM PRIMARY CARE CENTRE","14 LABURNUM TERRACE","","ASHINGTON","","NE63 0XX","20200703","20210831","","RO60","A84015","20200703","20210831","","","","","1","","00L","","",""
"G7822935","PEEL PRECINCT SURGERY POOL","","","CARLTON HALL","CANTERBURY TERRACE","","LONDON","","NW6 5DX","20200401","20210831","","RO60","E84696","20200401","20210831","","","","","1","","W2U3Z","","",""
"G7822942","CAXTON HOUSE SURGERY POOL","","","CAXTON HOUSE","53 HIGH STREET","GRIMETHORPE","BARNSLEY","","S72 7BB","20200825","20220331","","RO60","C85628","20200825","20220331","","","","","1","","02P","","",""
"G7822959","BRANDON LANE SURGERY POOL","","","BRANDON LANE SURGERY","BRANDON LANE","BRANDON","DURHAM","","DH7 8SJ","20200921","20220331","","RO60","A83630","20200921","20220331","","","","","1","","84H","","",""
"G7822966","CHURCH STREET SURGERY POOL","","","6A CHURCH STREET","SOMERSHAM","","HUNTINGDON","","PE28 3EG","20200401","20220331","","RO60","D81040","20200401","20220331","","","","","1","","06H","","",""
"G7822973","EAGLE WAY SURGERY","","","129 EAGLE WAY","SHOEBURYNESS","","SOUTHEND-ON-SEA","","SS3 9YA","20201208","20220331","","RO60","F81688","20201208","20220331","","","","","1","","99G","","",""
"G7822980","HAILWOOD2","","","2 HAILWOOD COURT","HAILWOOD AVENUE","","DOUGLAS","","IM2 7EA","20210401","","","RO59","Y00008","20210401","","","","","","1","","","","",""
"G7822997","ROTHESAY SURGERY POOL","","","14 ROTHSAY PLACE","","","BEDFORD","","MK40 3PX","20210401","20220731","","RO60","E81611","20210401","20220731","","","","","1","","M1J4Y","","",""
"G7823008","ESK ROAD MEDICAL CENTRE POOL","","","12 ESK ROAD","","","LONDON","","E13 8LJ","20210914","20221130","","RO60","F84673","20210914","20221130","","","","","1","","A3A8R","","",""
"G7823015","NORTH STREET SURGERY POOL","","","151 SKIPTON ROAD","","","KEIGHLEY","","BD21 3BG","20211001","20230228","","RO60","B83602","20211001","20230228","","","","","1","","36J","","",""
"G7823022","QUEENS MEDICAL CENTRE POOL","","","MUGLET LANE","MALTBY","","ROTHERHAM","","S66 7NA","20220426","20231231","","RO60","C87606","20220426","20231231","","","","","1","","03L","","",""
"G7823039","VILLAGE SURGERY POOL","","","157-159 HIGH STREET","","","NEW MALDEN","","KT3 4BH","20220721","20231231","","RO60","H84629","20220721","20231231","","","","","1","","36L","","",""
"G7823046","WESTERN AVENUE SURGERY POOL","","","56 WESTERN AVENUE","","","LONDON","","W3 7TY","20220922","20231231","","RO60","E85630","20220922","20231231","","","","","1","","W2U3Z","","",""
"G7823053","RAMSEY GROUP PRACTICE ABEYANCE","","","GROVE MOUNT SOUTH","","","RAMSEY","","IM8 3EY","20221214","","","RO59","Y00003","20221214","","","","","","1","","","","",""
"G7823676","DOCTOR BALLASALLA","","","COMMISSIONERS OFFICES","MAIN ROAD","","BALLASALLA","","IM9 2RQ","20230619","","","RO59","Y00009","20230619","","","","","","1","","","","",""
"G7830635","GOLDINGTON ROAD PL","","","12 GOLDINGTON ROAD","","","BEDFORD","","MK40 3NE","20231001","20241001","","RO60","Y00328","20231001","20241001","","","","","1","","M1J4Y","","",""
"G7831907","DR SOODS PRACTICE PL","","","CRANFORD LANE","","","HOUNSLOW","","TW5 9ER","20221104","20231231","","RO60","E85018","20221104","20231231","","","","","1","","W2U3Z","","",""
"G7832242","RAHMAN & TSOI PL","","","482 SOUTH END ROAD","","","HORNCHURCH","","RM12 5PA","20230519","20230731","","RO60","F82666","20230519","20230731","","","","","1","","A3A8R","","",""
"G7833641","S A EWINGS","","","12 BARNFIELD HILL","","","EXETER","","EX1 1SR","20151001","20240221","","RO59","L83024","20151001","20240221","","","","","1","","15N","","",""
"G7835093","BALLASALLA DOCTOR LIST","","","COMMISSIONERS OFFICES","MAIN ROAD","","BALLASALLA","","IM9 2RQ","20230401","20230531","","RO59","Y00009","20230401","20230531","","","","","1","","","","",""
"G7837260","ST LUKES SURGERY POOL","","","GRAND OCEAN MEDICAL CENTRE","LONGRIDGE AVENUE","SALTDEAN","BRIGHTON","","BN2 8BU","20220518","20231231","","RO60","G81667","20220518","20231231","","","","","1","","09D","","",""
"G7838054","ALLENBY CLINIC POOL","","","GRAND UNION VILLAGE HEALTH CENTRE","TAYWOOD ROAD","","NORTHOLT","","UB5 6WL","20201001","20220331","","RO60","E85105","20201001","20220331","","","","","1","","W2U3Z","","",""
"G7844257","RAMSEY GP LIST 3","","","GROVE MOUNT SOUTH","","","RAMSEY","","IM8 3EY","20230401","","","RO59","Y00003","20230401","","","","","","1","","","","",""
"G7849453","RAMSEY ABEYANCE CODE N","","","GROVE MOUNT SOUTH","","","RAMSEY","","IM8 3EY","20220118","","","RO59","Y00003","20220118","","","","","","1","","","","",""
"G7853660","HIGHLEY MEDICAL CENTRE PL","","","BRIDGNORTH ROAD","HIGHLEY","","BRIDGNORTH","","WV16 6HG","20230401","20240401","","RO60","M82031","20230401","20240401","","","","","1","","M2L0M","","",""
"G7855414","DR ABEYANCE LIST","","","REDLANDS LANE","CRONDALL","","FARNHAM","","GU10 5RF","20250404","20260404","","RO59","J82628","20250404","20260404","","","","","1","","D9Y0V","","",""
"G7856634","MEDINA MEDICAL CENTRE POOL","","","385 DUNSTABLE ROAD","","","LUTON","","LU4 8BY","20220314","20231231","","RO60","E81065","20220314","20231231","","","","","1","","M1J4Y","","",""
"G7858703","THE HILLVIEW SURGERY PL","","","114 FINCHLEY LANE","","","LONDON","","NW4 1DG","20230526","20240526","","RO60","E83657","20230526","20240526","","","","","1","","93C","","",""
"G7867723","SARAF MEDICAL PRACTICE POOL","","","MOORSIDE MEDICAL CENTRE","681 RIPPONDEN ROAD","","OLDHAM","","OL1 4JU","20220401","20231231","","RO60","P85602","20220401","20231231","","","","","1","","00Y","","",""
"G7867736","PEEL ABEYANCE LIST","","","ALBANY ROAD","","","PEEL","","IM5 1HU","20220505","","","RO59","Y00002","20220505","","","","","","1","","","","",""
"G7868842","BLOCK LANE SURGERY","","","158 BLOCK LANE","CHADDERTON","","OLDHAM","","OL9 7SG","20230401","20240401","","RO60","P85028","20230401","20240401","","","","","1","","00Y","","",""
"G7868930","ESTOVER SURGERY POOL","","","ESTOVER HEALTH CENTRE","LEYPARK WALK","","PLYMOUTH","","PL6 8UE","20211001","20221130","","RO60","L83642","20211001","20221130","","","","","1","","15N","","",""
"G7870872","LAI CHUNG FONG POOL","","","DART STREET","","","LONDON","","W10 4LD","20201001","20220430","","RO60","E87735","20201001","20220430","","","","","1","","W2U3Z","","",""
"G7871734","RAMSEY GROUP PRACTICE","","","BOWRING ROAD","","","RAMSEY","","IM8 3EY","20230401","","","RO59","Y00003","20230401","","","","","","1","","","","",""
"G7873070","DR MAHER SHAKARCHIS PRACTICE POOL","","","THE BELGRAVE MEDICAL CENTRE","13 PIMLICO ROAD","","LONDON","","SW1W 8NA","20211001","20230228","","RO60","Y02260","20211001","20230228","","","","","1","","W2U3Z","","",""
"G7874393","NORTHOLT FAMILY PRACTICE POOL","","","GRAND UNION VILLAGE HEALTH CENTRE","TAYWOOD ROAD","","NORTHOLT","","UB5 6WL","20201001","20220331","","RO60","E85723","20201001","20220331","","","","","1","","W2U3Z","","",""
"G7878199","KINGSWAY SURGERY POOL","","","WOOD END CENTRE","JUDGE HEATH LANE","","HAYES","","UB3 2PB","20220323","20231231","","RO60","E86003","20220323","20231231","","","","","1","","W2U3Z","","",""
"G7879635","WESTBOURNE GROVE MEDICAL CENTRE POOL","","","241 WESTBOURNE GROVE","","","LONDON","","W11 2SE","20220531","20240221","","RO60","E87007","20220531","20240221","","","","","1","","W2U3Z","","",""
"G7880432","CHURCHFIELD PRACTICE PL","","","CHURCH FIELD","","","CAMELFORD","","PL32 9YT","20230131","20240221","","RO60","L82618","20230131","20240221","","","","","1","","11N","","",""
"G7883752","SOUTHERN GROUP PRACTICE ABEYANCE LIST","","","CASTLETOWN ROAD","","","PORT ERIN","","IM9 6BD","20210719","","","RO59","Y00004","20210719","","","","","","1","","","","",""
"G7884297","BRUNSTON & LYDBROOK PRACTICE","","","BRUNSTON SURGERY","CINDERHILL","","COLEFORD","","GL16 8HJ","20240521","20250521","","RO59","L84069","20240521","20250521","","","","","1","","11M","","",""
"G7885743","RAMSEY DOCTOR","","","GROVE MOUNT SOUTH","","","RAMSEY","","IM8 3EY","20230620","","","RO59","Y00003","20230620","","","","","","1","","","","",""
"G7891118","DONALD WILDE MEDICAL POOL","","","283 ROCHDALE ROAD","","","OLDHAM","","OL1 2HG","20201001","20220331","","RO60","P85001","20201001","20220331","","","","","1","","00Y","","",""
"G7891719","WENLOCK SURGERY PL","","","40 WENLOCK STREET","","","LUTON","","LU2 0NN","20230401","20240401","","RO60","E81001","20230401","20240401","","","","","1","","M1J4Y","","",""
"G7891928","THE OLD LINKS SURGERY PL","","","104 HIGHBURY ROAD EAST","","","LYTHAM ST. ANNES","","FY8 2LY","20230125","20240221","","RO60","P81737","20230125","20240221","","","","","1","","02M","","",""
"G7895071","RAMSEY ABEYANCE 2","","","GROVE MOUNT SOUTH","","","RAMSEY","","IM8 3EY","20230309","","","RO59","Y00003","20230309","","","","","","1","","","","",""
"G7895585","RAMSEY GROUP PRACTICE","","","GROVE MOUNT SOUTH","","","RAMSEY","","IM8 3EY","20231220","","","RO60","Y00003","20231220","","","","","","1","","","","",""
"G7896069","DR E PRYDE","","","REDLANDS LANE","CRONDALL","","FARNHAM","","GU10 5RF","20260817","","","RO59","J82628","20260817","","","","","","1","","D9Y0V","","",""
"G7898205","BALLASALLA DOCTOR","","","COMMISSIONERS OFFICES","MAIN ROAD","","BALLASALLA","","IM9 2RQ","20230401","20230531","","RO59","Y00009","20230401","20230531","","","","","1","","","","",""
