"A6E8P","SUSSEX CHILDREN'S SARC","Y59","S9B9J","BRIGHTON GENERAL HOSPITAL","ELM GROVE","","BRIGHTON","","BN2 3EW","20220401","20250630","","","","","","","","","","1","","","","RO236",""
"B0R2C","HMP GUYS MARSH","Y58","QVV","GUYS MARSH","","","SHAFTESBURY","","SP7 0AH","20221001","","","","","","","","","","","1","","","","RO175",""
"B3O1K","SWINDERBY SHORT TERM HOLDING FACILITY","Y60","QJM","PARK CRESCENT","SWINDERBY","","LINCOLN","","LN6 9HU","20220401","","","RO83","","","","","","","","1","","","","RO232",""
"B5J5R","SYCAMORE PLACE SARC","Y63","QHM","ROYAL VICTORIA INFIRMARY","QUEEN VICTORIA ROAD","","NEWCASTLE UPON TYNE","","NE1 4LP","20260305","","","","","","","","","","","1","","","","RO236",""
"B6H6R","DURHAM SARC - MOUNTAIN HEALTHCARE LIMITED","Y63","QHM","THE MEADOWS","NEWCASTLE ROAD","","CHESTER LE STREET","","DH3 3UR","20220401","","","","","","","","","","","1","","","","RO236",""
"C0L4M","HMP FOSSE WAY","Y60","QK1","TIGERS ROAD","","","WIGSTON","","LE18 4WS","20221001","","","","","","","","","","","1","","","","RO175",""
"C9D2H","MORTON HALL PRISON","Y60","QJM","EAGLE ROAD","SWINDERBY","","LINCOLN","","LN6 9PT","20211001","","","","","","","","","","","1","","","","RO175",""
"D6U2U","THE SOLACE - THAMES VALLEY","Y59","S0E4D","UPTON PARK HOSPITAL","ALBERT STREET","","SLOUGH","","SL1 2BJ","20220401","","","","","","","","","","","1","","","","RO236",""
"E5D8O","DERBYSHIRE SARC - MOUNTAIN HEALTHCARE LIMITED","Y60","QJ2","MILLFIELD HOUSE","HALL STREET","","ALFRETON","","DE55 7BU","20220401","","","","","","","","","","","1","","","","RO236",""
"F1Z0J","THE METROPOLITAN POLICE LAMBETH HQ","Y56","QKK","109 LAMBETH ROAD","","","LONDON","","SE1 7LP","20201001","","","RO229","VJ5","","","","","","","1","","","","RO234",""
"F2T7Q","BELLE VALE POLICE CUSTODY","Y62","QYG","RUNTON ROAD","","","LIVERPOOL","","L25 2PT","20221001","","","RO229","VAM","","","","","","","1","","","","RO234",""
"G1B4W","SURREY SARC - MOUNTAIN HEALTHCARE LIMITED","Y59","S9B9J","168 PORTSMOUTH ROAD","","","COBHAM","","KT11 1HT","20220401","","","","","","","","","","","1","","","","RO236",""
"G5F5J","SAFE PLACE MERSEYSIDE","Y62","QYG","6 DAVID LEWIS STREET","","","LIVERPOOL","","L1 4AP","20220401","","","","","","","","","","","1","","","","RO236",""
"H8T4G","SOLACE CENTRE (BICESTER)-MOUNTAIN HEALTHCARE LIMITED","Y59","S0E4D","POLICE STATION","QUEENS AVENUE","","BICESTER","","OX26 2NT","20260616","","","","","","","","","","","1","","","","RO236",""
"J8S6N","MILTON POLICE CUSTODY","Y61","S1Y5D","SUMMERFIELD WAY","MILTON","","CAMBRIDGE","","CB24 6AX","20260601","","","RO229","VA2","","","","","","","1","","","","RO234",""
"J9M3O","THE BRIDGE SEXUAL ASSAULT REFERRAL CENTRE","Y58","QUY","CENTRAL HEALTH CLINIC","TOWER HILL","","BRISTOL","","BS2 0JD","20220401","","","","","","","","","","","1","","","","RO236",""
"K5G8M","IRC HASLAR","Y59","QRL","DOLPHIN WAY","","","GOSPORT","","PO12 2AW","20231001","20241231","","RO83","","","","","","","","1","","","","RO232",""
"L1F3C","DERWENTSIDE IMMIGRATION REMOVAL CENTRE","Y63","QHM","CORBRIDGE ROAD","","","CONSETT","","DH8 6QY","20210401","","","RO83","","","","","","","","1","","","","RO232",""
"L7Y0S","NOTTINGHAMSHIRE SARC - MOUNTAIN HEALTHCARE LIMITED","Y60","QT1","THE TOPAZ CENTRE","CHIPPENHAM ROAD","","NOTTINGHAM","","NG5 5SS","20220401","","","","","","","","","","","1","","","","RO236",""
"L9T4M","STRATFORD MAGISTRATES' COURT","Y56","QMF","389-397 HIGH STREET","","","LONDON","","E15 4SB","20221001","","","RO229","","","","","","","","1","","","","RO235",""
"M4M6Z","HMP FIVE WELLS","Y60","QPM","301 DODDINGTON ROAD","","","WELLINGBOROUGH","","NN8 2NX","20210401","","","","","","","","","","","1","","","","RO175",""
"N1B8W","WOLVERHAMPTON MAGISTRATES' COURT","Y60","QUA","NORTH STREET","","","WOLVERHAMPTON","","WV1 1RA","20201001","","","RO229","","","","","","","","1","","","","RO235",""
"N3Q0S","HOPE HOUSE","Y58","QR1","GLOUCESTERSHIRE ROYAL NHS TRUST","GLOUCESTER ROYAL HOSPITAL","GREAT WESTERN ROAD","GLOUCESTER","","GL1 3NN","20220401","","","","","","","","","","","1","","","","RO236",""
"N6J6J","SOUTHAMPTON (WEST HAMPSHIRE) MAGISTRATES' COURT","Y59","QRL","100 THE AVENUE","","","SOUTHAMPTON","","SO17 1EY","20201001","","","RO229","","","","","","","","1","","","","RO235",""
"N6N7B","THE SHORES - DORSET SARC","Y58","QVV","5 MADEIRA ROAD","","","BOURNEMOUTH","","BH1 1QQ","20220401","","","","","","","","","","","1","","","","RO236",""
"N8N0K","HMP COOKHAM WOOD","Y59","QKS","SIR EVELYN ROAD","","","ROCHESTER","","ME1 3LU","20240709","","","","","","","","","","","1","","","","RO175",""
"N8Z0Q","DEWSBURY SARC - MOUNTAIN HEALTHCARE LIMITED","Y63","QWO","THE HAZLEHURST CENTRE","SUNNINGDALE HOUSE","TURNBERRY PARK ROAD, GILDERSOME","LEEDS","","LS27 7LE","20220401","","","","","","","","","","","1","","","","RO236",""
"O8O1A","HMP PRESCOED","","","PRESCOED","COEDYPAEN","","PONTYPOOL","","NP4 0TB","20210401","","","","","","","","","","","1","","","","RO175",""
"P2J2Z","HMP MILLSIKE","Y63","QOQ","MOOR LANE","FULL SUTTON","","YORK","","YO41 1FZ","20250401","","","","","","","","","","","1","","","","RO175",""
"P3S5F","SAINT MARY'S MANCHESTER SEXUAL ASSAULT REFERRAL CENTRE","Y62","QOP","FIRST FLOOR PETER MOUNT BUILDING","MANCHESTER ROYAL INFIRMARY","OXFORD ROAD (OFF HATHERSAGE ROAD)","MANCHESTER","","M13 9WL","20220401","","","","","","","","","","","1","","","","RO236",""
"P6H2V","BEDFORDSHIRE SARC - MOUNTAIN HEALTHCARE LIMITED","Y61","S1Y5D","THE EMERALD CENTRE 1 DOOLITTLE MILL","FROGHALL ROAD","AMPTHILL","BEDFORD","","MK45 2ND","20220401","","","","","","","","","","","1","","","","RO236",""
"Q1P2N","WEST MIDLANDS SARC - MOUNTAIN HEALTHCARE LIMITED","Y60","QUA","WILLOW TREE HUB","DARLASTON HEALTH CENTRE","PINFOLD STREET","WEDNESBURY","","WS10 8SY","20220401","","","","","","","","","","","1","","","","RO236",""
"Q1U0M","DEVON AND CORNWALL SARCS","Y58","QJK","4 KEW COURT","PYNES HILL","","EXETER","","EX2 5AZ","20220401","","","","","","","","","","","1","","","","RO236",""
"Q7O3K","HUMBER SARC - MOUNTAIN HEALTHCARE LIMITED","Y63","QOQ","810A HESSLE ROAD","","","HULL","","HU4 6RD","20220401","","","","","","","","","","","1","","","","RO236",""
"R2E6N","SWINDON AND WILTSHIRE SARC","Y58","QOX","THE GABLES","SHRIVENHAM ROAD","SOUTH MARSTON","SWINDON","","SN3 4RB","20220401","","","","","","","","","","","1","","","","RO236",""
"R3Y5N","THE TREETOPS CENTRE SARC","Y59","QRL","NORTHERN ROAD","","","PORTSMOUTH","","PO6 3EP","20221001","","","","","","","","","","","1","","","","RO236",""
"R4N1M","BEDLINGTON POLICE CUSTODY","Y63","QHM","POLICE STATION","SCHALKSMUHLE ROAD","","BEDLINGTON","","NE22 7LA","20221001","","","RO229","VAR","","","","","","","1","","","","RO234",""
"R6S8H","HMP EXETER","Y58","QJK","NEW NORTH ROAD","","","EXETER","","EX4 4EX","20221001","","","","","","","","","","","1","","","","RO175",""
"R7L7E","SAINT MARY'S CHESHIRE SEXUAL ASSAULT REFERRAL CENTRE","Y62","QOP","MANCHESTER ROYAL INFIRMARY","OXFORD ROAD","","MANCHESTER","","M13 9WL","20230401","","","","","","","","","","","1","","","","RO236",""
"R9G6B","CLEVELAND SARC - MOUNTAIN HEALTHCARE LIMITED","Y63","QHM","NORTH ORMESBY HEALTH VILLAGE","TRINITY MEWS","NORTH ORMESBY","MIDDLESBROUGH","","TS3 6AL","20220401","","","","","","","","","","","1","","","","RO236",""
"R9R4Z","NORTHUMBRIA SARC - MOUNTAIN HEALTHCARE LIMITED","Y63","QHM","NEW CROFT HOUSE","MARKET STREET","","NEWCASTLE UPON TYNE","","NE1 6ND","20220401","","","","","","","","","","","1","","","","RO236",""
"S2P3L","NOTTINGHAM CUSTODY SUITE","Y60","QT1","POLICE STATION","RADFORD ROAD","","NOTTINGHAM","","NG7 5GX","20221001","","","RO229","WQT","","","","","","","1","","","","RO234",""
"S6B1S","THE HAZLEHURST CENTRE (PAEDS)","Y63","QWO","SUNNINGDALE HOUSE","TURNBERRY PARK ROAD","GILDERSOME","LEEDS","","LS27 7LE","20230401","","","","","","","","","","","1","","","","RO236",""
"T6P7Q","THE ANGEL CENTRE, GATESHEAD","Y63","QHM","ST. GEORGES HOUSE","4 NINTH AVENUE","","GATESHEAD","","NE11 0NA","20230401","","","","","","","","","","","1","","","","RO236",""
"T7S5F","KENT SARC - MOUNTAIN HEALTHCARE LIMITED","Y59","QKS","UNIT 7-8","NORTH COURT","ARMSTRONG ROAD","MAIDSTONE","","ME15 6JZ","20220401","","","","","","","","","","","1","","","","RO236",""
"U9K3M","THE BRIDGEWAY SARC","Y63","QHM","2 TYNEFIELD DRIVE","","","PENRITH","","CA11 8JA","20220401","","","","","","","","","","","1","","","","RO236",""
"VA0","AVON & SOMERSET CONSTABULARY POLICE HEADQUARTERS","Y58","QUY","PO BOX 37","PORTISHEAD","","BRISTOL","","BS20 8QJ","20030401","","","","","","","","","","","1","","","","RO233",""
"VA1","BEDFORDSHIRE CONSTABULARY POLICE HEADQUARTERS","Y61","S1Y5D","WOBURN ROAD","KEMPSTON","","BEDFORD","","MK43 9AX","20030401","","","","","","","","","","","1","","","","RO233",""
"VA2","CAMBRIDGESHIRE CONSTABULARY POLICE HEADQUARTERS","Y61","S1Y5D","HINCHINGBROOKE PARK","","","HUNTINGDON","","PE29 6NP","20030401","","","","","","","","","","","1","","","","RO233",""
"VA3","CHESHIRE CONSTABULARY POLICE HEADQUARTERS","Y62","QYG","CLEMONDS HEY","OAKMERE ROAD","","WINSFORD","","CW7 2UA","20030401","","","","","","","","","","","1","","","","RO233",""
"VA4","CITY OF LONDON CONSTABULARY POLICE HEADQUARTERS","Y56","QMF","182 BISHOPSGATE","","","LONDON","","EC2M 4NP","20030401","","","","","","","","","","","1","","","","RO233",""
"VA5","CLEVELAND CONSTABULARY POLICE HEADQUARTERS","Y63","QHM","CLEVELAND COMMUNITY SAFETY HUB","1 CLIFFLAND WAY","HEMLINGTON","MIDDLESBROUGH","","TS8 9GL","20030401","","","","","","","","","","","1","","","","RO233",""
"VA6","CUMBRIA CONSTABULARY POLICE HEADQUARTERS","Y63","QHM","1-2 CARLETON HALL","CARLETON AVENUE","","PENRITH","","CA10 2AU","20030401","","","","","","","","","","","1","","","","RO233",""
"VA7","DERBYSHIRE CONSTABULARY POLICE HEADQUARTERS","Y60","QJ2","BUTTERLEY HALL","","","RIPLEY","","DE5 3RS","20030401","","","","","","","","","","","1","","","","RO233",""
"VA8","DEVON & CORNWALL CONSTABULARY POLICE HEADQUARTERS","Y58","QJK","POLICE HEADQUARTERS","MIDDLEMOOR","","EXETER","","EX2 7HQ","20030401","","","","","","","","","","","1","","","","RO233",""
"VA9","DORSET CONSTABULARY POLICE HEADQUARTERS","Y58","QVV","WINFRITH","","","DORCHESTER","","DT2 8DZ","20030401","","","","","","","","","","","1","","","","RO233",""
"VAA","DURHAM CONSTABULARY POLICE HEADQUARTERS","Y63","QHM","AYKLEY HEADS","","","DURHAM","","DH1 5TT","20030401","","","","","","","","","","","1","","","","RO233",""
"VAC","GLOUCESTERSHIRE CONSTABULARY POLICE HEADQUARTERS","Y58","QR1","1 WATERWELLS DRIVE","QUEDGELEY","","GLOUCESTER","","GL2 2AN","20030401","","","","","","","","","","","1","","","","RO233",""
"VAD","GREATER MANCHESTER CONSTABULARY POLICE HEADQUARTERS","Y62","QOP","NORTHAMPTON ROAD","","","MANCHESTER","","M40 5BP","20030401","","","","","","","","","","","1","","","","RO233",""
"VAE","HAMPSHIRE CONSTABULARY POLICE HEADQUARTERS","Y59","QRL","TOWER STREET","","","WINCHESTER","","SO23 8ZD","20030401","","","","","","","","","","","1","","","","RO233",""
"VAF","HERTFORDSHIRE CONSTABULARY POLICE HEADQUARTERS","Y61","S1Y5D","STANBOROUGH ROAD","","","WELWYN GARDEN CITY","","AL8 6XF","20030401","","","","","","","","","","","1","","","","RO233",""
"VAG","POOLE CUSTODY CENTRE","Y58","QVV","JOINT EMERGENCY SERVICES BUILDING","WIMBORNE ROAD","","POOLE","","BH15 2BP","20141001","","","RO229","VA9","","","","","","","1","","","","RO234",""
"VAH","HUMBERSIDE CONSTABULARY POLICE HEADQUARTERS","Y63","QOQ","PRIORY ROAD","","","HULL","","HU5 5SF","20030401","","","","","","","","","","","1","","","","RO233",""
"VAJ","LANCASHIRE CONSTABULARY POLICE HEADQUARTERS","Y62","QE1","SAUNDERS LANE","HUTTON","","PRESTON","","PR4 5SA","20030401","","","","","","","","","","","1","","","","RO233",""
"VAK","LEICESTERSHIRE CONSTABULARY POLICE HEADQUARTERS","Y60","QK1","ST JOHNS","ENDERBY","","LEICESTER","","LE19 2BX","20030401","","","","","","","","","","","1","","","","RO233",""
"VAL","LINCOLNSHIRE CONSTABULARY POLICE HEADQUARTERS","Y60","QJM","PO BOX 999","","","LINCOLN","","LN5 7PH","20030401","","","","","","","","","","","1","","","","RO233",""
"VAM","MERSEYSIDE CONSTABULARY POLICE HEADQUARTERS","Y62","QYG","15 CAZNEAU STREET","","","LIVERPOOL","","L3 3AN","20030401","","","","","","","","","","","1","","","","RO233",""
"VAN","NORFOLK CONSTABULARY POLICE HEADQUARTERS","Y61","T6Y0W","OPERATIONS & COMMUNICATIONS CENTRE","JUBILEE HOUSE","FALCONERS CHASE","WYMONDHAM","","NR18 0WW","20030401","","","","","","","","","","","1","","","","RO233",""
"VAP","NORTH YORKSHIRE CONSTABULARY POLICE HEADQUARTERS","Y63","QOQ","ALVERTON COURT","CROSBY ROAD","","NORTHALLERTON","","DL6 1BF","20030401","","","","","","","","","","","1","","","","RO233",""
"VAQ","NORTHAMPTONSHIRE CONSTABULARY POLICE HEADQUARTERS","Y60","QPM","WOOTTON HALL","","","NORTHAMPTON","","NN4 0JQ","20030401","","","","","","","","","","","1","","","","RO233",""
"VAR","NORTHUMBRIA CONSTABULARY POLICE HEADQUARTERS","Y63","QHM","NORTH ROAD","PONTELAND","","NEWCASTLE UPON TYNE","","NE20 0BL","20030401","","","","","","","","","","","1","","","","RO233",""
"VAT","SOUTH YORKSHIRE CONSTABULARY POLICE HEADQUARTERS","Y63","QF7","CARBROOK HOUSE","5 CARBROOK HALL ROAD","","SHEFFIELD","","S9 2EH","20030401","","","","","","","","","","","1","","","","RO233",""
"VAV","SUFFOLK CONSTABULARY POLICE HEADQUARTERS","Y61","T6Y0W","PORTAL AVENUE","MARTLESHAM HEATH","","IPSWICH","","IP5 3QS","20030401","","","","","","","","","","","1","","","","RO233",""
"VAW","SURREY CONSTABULARY POLICE HEADQUARTERS","Y59","S9B9J","MOUNT BROWNE","SANDY LANE","","GUILDFORD","","GU3 1HG","20030401","","","","","","","","","","","1","","","","RO233",""
"VAX","SUSSEX CONSTABULARY POLICE HEADQUARTERS","Y59","S9B9J","1 MALLING HOUSE","CHURCH LANE","","LEWES","","BN7 2DZ","20030401","","","","","","","","","","","1","","","","RO233",""
"VAY","THAMES VALLEY CONSTABULARY POLICE HEADQUARTERS","Y59","S0E4D","OXFORD ROAD","","","KIDLINGTON","","OX5 2NX","20030401","","","","","","","","","","","1","","","","RO233",""
"VC0","STROUD CUSTODY CENTRE","Y58","QR1","STROUD HEADQUARTERS","PARLIAMENT STREET","","STROUD","","GL5 1QQ","20141001","","","RO229","VAC","","","","","","","1","","","","RO234",""
"VC2","NEWBURY CUSTODY SUITE","Y59","S0E4D","MILL LANE","","","NEWBURY","","RG14 5QU","20200401","","","RO229","VAY","","","","","","","1","","","","RO234",""
"VC3","KEIGHLEY CUSTODY CENTRE","Y63","QWO","AIREDALE HOUSE","ROYD INGS AVENUE","","KEIGHLEY","","BD21 4BZ","20141001","","","RO229","VDT","","","","","","","1","","","","RO234",""
"VC4","HAYES CUSTODY CENTRE","Y56","Z9B2Z","755 UXBRIDGE ROAD","HAYES END","","HAYES","","UB4 8HU","20141001","","","RO229","VJ5","","","","","","","1","","","","RO234",""
"VC6","FELIXSTOWE CUSTODY CENTRE","Y61","T6Y0W","1 RAILWAY APPROACH","","","FELIXSTOWE","","IP11 9UD","20141001","","","RO229","VAV","","","","","","","1","","","","RO234",""
"VC7","LINCOLN CUSTODY SUITE","Y60","QJM","SOUTH PARK AVENUE","","","LINCOLN","","LN5 8EL","20180401","","","RO229","VAL","","","","","","","1","","","","RO234",""
"VC8","MEDWAY CUSTODY CENTRE","Y59","QKS","PURSER WAY","","","GILLINGHAM","","ME7 1NE","20141001","","","RO229","VHH","","","","","","","1","","","","RO234",""
"VC9","COPY LANE CUSTODY SUITE","Y62","QYG","B DIVISION","COPY LANE","","BOOTLE","","L30 7PR","20200401","","","RO229","VAM","","","","","","","1","","","","RO234",""
"VCA","PENDLETON POLICE CUSTODY","Y62","QOP","MEYRICK ROAD","PENDLETON","","SALFORD","","M6 5RN","20161001","","","RO229","VAD","","","","","","","1","","","","RO234",""
"VCC","HMP/ YOI NORWICH","Y61","T6Y0W","KNOX ROAD","","","NORWICH","","NR1 4LU","20141001","","","RO83","","","","","","","","1","","","","RO228",""
"VCD","LIVERPOOL MAGISTRATES & CROWN COURT","Y62","QYG","LIVERPOOL COMBINED COURT CENTRE","DERBY SQUARE","","LIVERPOOL","","L2 1XA","20200401","","","RO229","","","","","","","","1","","","","RO235",""
"VCE","SEFTON MAGISTRATES COURT","Y62","QYG","29 MERTON ROAD","","","BOOTLE","","L20 3XX","20200401","","","RO229","","","","","","","","1","","","","RO235",""
"VCF","WIRRAL MAGISTRATES COURT","Y62","QYG","SESSIONS BUILDING","MORTIMER STREET","","BIRKENHEAD","","CH41 5HW","20200401","","","RO229","","","","","","","","1","","","","RO235",""
"VCG","ST.ASAPH CUSTODY CENTRE","","","FFORDD WILLIAM MORGAN","ST. ASAPH BUSINESS PARK","","ST. ASAPH","","LL17 0HQ","20141001","","","RO229","VK5","","","","","","","1","","","","RO234",""
"VCK","STRATFORD UPON AVON CUSTODY CENTRE","Y60","QWU","ROTHER STREET","","","STRATFORD-UPON-AVON","","CV37 6RD","20141001","","","RO229","WND","","","","","","","1","","","","RO234",""
"VCM","PRESTON COMBINED COURT CENTRE","Y62","QE1","THE LAW COURTS","OPENSHAW PLACE","RING WAY","PRESTON","","PR1 2LL","20190401","","","RO229","","","","","","","","1","","","","RO235",""
"VCN","THORNHILL ROAD CUSTODY CENTRE","Y60","QHL","THORNHILL ROAD","HANDSWORTH","","BIRMINGHAM","","B21 9BT","20141001","20241231","","RO229","VPT","","","","","","","1","","","","RO234",""
"VCP","PUDSEY CUSTODY CENTRE","Y63","QWO","DAWSONS CORNER","","","PUDSEY","","LS28 5TA","20141001","","","RO229","VDT","","","","","","","1","","","","RO234",""
"VCQ","CHADDERTON CUSTODY CENTRE","Y62","QOP","BROADGATE","","","OLDHAM","","OL9 9XA","20141001","","","RO229","VAD","","","","","","","1","","","","RO234",""
"VCR","CHELMSFORD MAGISTRATES' COURT","Y61","D7T5G","10 NEW STREET","","","CHELMSFORD","","CM1 1NT","20191001","","","RO229","","","","","","","","1","","","","RO235",""
"VCV","DURHAM CITY CUSTODY CENTRE","Y63","QHM","NEW ELVET","","","DURHAM","","DH1 3AQ","20141001","","","RO229","VAA","","","","","","","1","","","","RO234",""
"VCY","HASTINGS CUSTODY CENTRE","Y59","S9B9J","BOHEMIA ROAD","","","HASTINGS","","TN34 1JJ","20141001","","","RO229","VAX","","","","","","","1","","","","RO234",""
"VD0","PONTYPRIDD CUSTODY CENTRE","","","BERW ROAD","","","PONTYPRIDD","","CF37 2TR","20141001","","","RO229","VX2","","","","","","","1","","","","RO234",""
"VD1","HMP/ YOI EAST SUTTON PARK","Y59","QKS","SUTTON VALENCE","","","MAIDSTONE","","ME17 3DF","20141001","","","RO83","","","","","","","","1","","","","RO228",""
"VD2","ST ANNE STREET (SAS) CUSTODY SUITE","Y62","QYG","A DIVISION","ST. ANNE STREET POLICE STATION","ST. ANNE STREET","LIVERPOOL","","L3 3HJ","20200401","","","RO229","VAM","","","","","","","1","","","","RO234",""
"VD3","ABINGDON CUSTODY SUITE","Y59","S0E4D","COLWELL DRIVE","","","ABINGDON","","OX14 1AU","20200401","","","RO229","VAY","","","","","","","1","","","","RO234",""
"VD4","WIRRAL CUSTODY SUITE","Y62","QYG","CAVENDISH STREET","","","BIRKENHEAD","","CH41 8BA","20200401","","","RO229","VAM","","","","","","","1","","","","RO234",""
"VD5","GAINSBOROUGH CUSTODY CENTRE","Y60","QJM","MORTON TERRACE","","","GAINSBOROUGH","","DN21 2SY","20141001","","","RO229","VAL","","","","","","","1","","","","RO234",""
"VD6","ASHINGTON CUSTODY CENTRE","Y63","QHM","ASHINGTON POLICE STATION","LINTONVILLE TERRACE","","ASHINGTON","","NE63 9JX","20141001","","","RO229","VAR","","","","","","","1","","","","RO234",""
"VD7","ERDINGTON CUSTODY CENTRE","Y60","QHL","105 HOLFORD DRIVE","PERRY BARR","","BIRMINGHAM","","B42 2TU","20141001","","","RO229","VPT","","","","","","","1","","","","RO234",""
"VD8","HMP HULL","Y63","QOQ","HEDON ROAD","","","HULL","","HU9 5LS","20141001","","","","","","","","","","","1","","","","RO175",""
"VD9","ILFORD CUSTODY CENTRE","Y56","QMF","270-294 HIGH ROAD","","","ILFORD","","IG1 1GT","20141001","","","RO229","VJ5","","","","","","","1","","","","RO234",""
"VDC","SWINDON MAGISTRATES' COURT","Y58","QOX","COURTS OF JUSTICE","PRINCES STREET","","SWINDON","","SN1 2JB","20191001","","","RO229","","","","","","","","1","","","","RO235",""
"VDE","SWANAGE CUSTODY CENTRE","Y58","QVV","TOWN HALL","HIGH STREET","","SWANAGE","","BH19 2NZ","20141001","","","RO229","VA9","","","","","","","1","","","","RO234",""
"VDF","CHESHIRE CROWN COURT","Y62","QYG","THE CASTLE","GROSVENOR STREET","","CHESTER","","CH1 2AN","20171001","","","RO229","","","","","","","","1","","","","RO235",""
"VDG","PLAISTOW CUSTODY CENTRE","Y56","QMF","ESK ROAD","","","LONDON","","E13 8LJ","20141001","","","RO229","VJ5","","","","","","","1","","","","RO234",""
"VDH","LLANDRINDOD WELLS CUSTODY CENTRE","","","PARC NOYADD PARK","","","LLANDRINDOD WELLS","","LD1 5DF","20141001","","","RO229","WW5","","","","","","","1","","","","RO234",""
"VDJ","HMP/ YOI FOREST BANK","Y62","QOP","PENDLEBURY","SALFORD","","MANCHESTER","","M27 8FB","20141001","","","RO83","","","","","","","","1","","","","RO228",""
"VDK","MINEHEAD CUSTODY CENTRE","Y58","QSL","TOWNSEND ROAD","","","MINEHEAD","","TA24 5RJ","20141001","","","RO229","VA0","","","","","","","1","","","","RO234",""
"VDN","HMP ELMLEY","Y59","QKS","CHURCH ROAD","EASTCHURCH","","SHEERNESS","","ME12 4DZ","20141001","","","","","","","","","","","1","","","","RO175",""
"VDP","PORTHCAWL CUSTODY CENTRE","","","JOHN STREET","","","PORTHCAWL","","CF36 3DT","20141001","","","RO229","VX2","","","","","","","1","","","","RO234",""
"VDR","PECKHAM CUSTODY CENTRE","Y56","QKK","177 PECKHAM HIGH STREET","PECKHAM","","LONDON","","SE15 5SL","20141001","","","RO229","VJ5","","","","","","","1","","","","RO234",""
"VDT","WEST YORKSHIRE CONSTABULARY POLICE HEADQUARTERS","Y63","QWO","21 LABURNUM ROAD","","","WAKEFIELD","","WF1 3QS","20030401","","","","","","","","","","","1","","","","RO233",""
"VDV","EBURY CUSTODY CENTRE","Y56","Z9B2Z","3 EBURY BRIDGE","","","LONDON","","SW1W 8RP","20141001","","","RO229","VER","","","","","","","1","","","","RO234",""
"VDW","BEECHFIELD SCH","Y59","S9B9J","EFFINGHAM ROAD","COPTHORNE","","CRAWLEY","","RH10 3HZ","20141001","20241231","","RO83","","","","","","","","1","","","","RO231",""
"VDX","WALSALL CUSTODY CENTRE","Y60","QUA","GREEN LANE","","","WALSALL","","WS2 8HL","20141001","20241231","","RO229","VPT","","","","","","","1","","","","RO234",""
"VE1","MARYDALE LODGE","Y62","QYG","BLACKBROOK ROAD","","","ST. HELENS","","WA11 9RJ","20141001","","","RO83","","","","","","","","1","","","","RO231",""
"VE2","SWINDON CUSTODY CENTRE","Y58","QOX","GABLE CROSS","SHRIVENHAM ROAD","SOUTH MARSTON","SWINDON","","SN3 4RB","20141001","","","RO229","VXW","","","","","","","1","","","","RO234",""
"VE4","HMP BEDFORD","Y61","S1Y5D","ST. LOYES STREET","","","BEDFORD","","MK40 1HG","20141001","","","","","","","","","","","1","","","","RO175",""
"VE8","FAIRWATER CUSTODY CENTRE","","","61 NORBURY ROAD","","","CARDIFF","","CF5 3AT","20141001","","","RO229","VX2","","","","","","","1","","","","RO234",""
"VE9","KENTISH TOWN CUSTODY CENTRE","Y56","Z9B2Z","12A HOLMES ROAD","","","LONDON","","NW5 3AE","20141001","","","RO229","VJ5","","","","","","","1","","","","RO234",""
"VEC","NEWMARKET CUSTODY CENTRE","Y61","T6Y0W","WILLIE SNAITH ROAD","","","NEWMARKET","","CB8 7SU","20141001","","","RO229","VAV","","","","","","","1","","","","RO234",""
"VEE","PONTEFRACT CUSTODY CENTRE","Y63","QWO","STUMPCROSS LANE","","","PONTEFRACT","","WF8 2FE","20141001","","","RO229","VDT","","","","","","","1","","","","RO234",""
"VEF","EASTBOURNE POLICE CUSTODY SUITE","Y59","S9B9J","HAMMONDS DRIVE","","","EASTBOURNE","","BN23 6PW","20200401","","","RO229","VAX","","","","","","","1","","","","RO234",""
"VEG","HALIFAX CUSTODY CENTRE","Y63","QWO","RICHMOND CLOSE","","","HALIFAX","","HX1 5TW","20141001","","","RO229","VDT","","","","","","","1","","","","RO234",""
"VEJ","MANSFIELD CUSTODY CENTRE","Y60","QT1","GREAT CENTRAL ROAD","","","MANSFIELD","","NG18 2HQ","20141001","","","RO229","WQT","","","","","","","1","","","","RO234",""
"VEN","HAILSHAM CUSTODY CENTRE","Y59","S9B9J","GEORGE STREET","","","HAILSHAM","","BN27 1AB","20141001","","","RO229","VAX","","","","","","","1","","","","RO234",""
"VER","BRITISH TRANSPORT POLICE B DIVISION","Y56","Z9B2Z","SHIRLEY HOUSE","25-27 CAMDEN ROAD","","LONDON","","NW1 9LN","20141001","","","","","","","","","","","1","","","","RO233",""
"VEV","HMYOI BRINSFORD","Y60","QNC","NEW ROAD","FEATHERSTONE","","WOLVERHAMPTON","","WV10 7PY","20141001","","","RO83","","","","","","","","1","","","","RO228",""
"VEW","HMP/ YOI HIGHPOINT SOUTH","Y61","T6Y0W","STRADISHALL","","","NEWMARKET","","CB8 9YG","20141001","","","RO83","","","","","","","","1","","","","RO228",""
"VEY","ASHFORD CUSTODY CENTRE","Y59","QKS","CHURCH ROAD","","","ASHFORD","","TN23 1BT","20141001","","","RO229","VHH","","","","","","","1","","","","RO234",""
"VF0","REDCAR DISTRICT POLICE HQ","Y63","QHM","TROISDORF WAY","KIRKLEATHAM BUSINESS PARK","","REDCAR","","TS10 5AP","20180401","","","RO229","VA5","","","","","","","1","","","","RO234",""
"VF1","WAVERTREE ROAD CUSTODY SUITE","Y62","QYG","WAVERTREE POLICE STATION","WAVERTREE ROAD","","LIVERPOOL","","L7 1RJ","20200401","","","RO229","VAM","","","","","","","1","","","","RO234",""
"VF2","HMP SEND","Y59","S9B9J","RIPLEY ROAD","","","WOKING","","GU23 7LJ","20141001","","","","","","","","","","","1","","","","RO175",""
"VF4","KINGS HEATH CUSTODY CENTRE","Y60","QHL","1 HIGH STREET","KINGS HEATH","","BIRMINGHAM","","B14 7SW","20141001","","","RO229","VPT","","","","","","","1","","","","RO234",""
"VF5","LEWISHAM CUSTODY CENTRE","Y56","QKK","43 LEWISHAM HIGH STREET","LEWISHAM","","LONDON","","SE13 5JZ","20141001","","","RO229","VJ5","","","","","","","1","","","","RO234",""
"VF6","BISHOP AUCKLAND CUSTODY CENTRE","Y63","QHM","WOODHOUSE LANE","","","BISHOP AUCKLAND","","DL14 6LB","20141001","","","RO229","VAA","","","","","","","1","","","","RO234",""
"VF7","HMP RANBY","Y60","QT1","RANBY","","","RETFORD","","DN22 8EU","20141001","","","","","","","","","","","1","","","","RO175",""
"VF8","BOURNEMOUTH CENTRAL CUSTODY CENTRE","Y58","QVV","5 MADEIRA ROAD","","","BOURNEMOUTH","","BH1 1QQ","20141001","","","RO229","VA9","","","","","","","1","","","","RO234",""
"VF9","HUNTINGDON MAGISTRATES COURT","Y61","S1Y5D","HUNTINGDON LAW COURTS","WALDEN ROAD","","HUNTINGDON","","PE29 3DW","20191001","","","RO229","","","","","","","","1","","","","RO235",""
"VFA","LAUNCESTON CUSTODY CENTRE","Y58","QT6","MOORLAND ROAD","","","LAUNCESTON","","PL15 7HY","20141001","","","RO229","VA8","","","","","","","1","","","","RO234",""
"VFC","OAKWOOD PLACE","Y61","D7T5G","BRENTWOOD COMMUNITY HOSPITAL","CRESCENT DRIVE","","BRENTWOOD","","CM15 8DR","20160401","","","","","","","","","","","1","","","","RO236",""
"VFF","BIRMINGHAM (HORIZON SARC)","Y60","QHL","HODGE HILL PRIMARY CARE CENTRE","ROUGHLEA AVENUE","","BIRMINGHAM","","B36 8GH","20191001","","","","","","","","","","","1","","","","RO236",""
"VFG","WIGAN CUSTODY CENTRE","Y62","QOP","ROBIN PARK ROAD","PEMBERTON","","WIGAN","","WN5 0UP","20141001","","","RO229","VAD","","","","","","","1","","","","RO234",""
"VFH","HMP BELMARSH","Y56","QKK","1 BELMARSH ROAD","THAMESMEAD","","LONDON","","SE28 0EB","20141001","","","","","","","","","","","1","","","","RO175",""
"VFJ","BREWERY ROAD CUSTODY CENTRE","Y56","Z9B2Z","8-50 BLUNDELL STREET","","","LONDON","","N7 9BH","20141001","","","RO229","VER","","","","","","","1","","","","RO234",""
"VFK","BRISTOL CROWN COURT","Y58","QUY","THE LAW COURTS","SMALL STREET","","BRISTOL","","BS1 1DA","20191001","","","RO229","","","","","","","","1","","","","RO235",""
"VFL","LANSDOWNE SCH","Y59","S9B9J","HAWKS ROAD","","","HAILSHAM","","BN27 1NP","20141001","","","RO83","","","","","","","","1","","","","RO231",""
"VFM","WATERLOOVILLE POLICE CUSTODY SUITE","Y59","QRL","SWISS ROAD","","","WATERLOOVILLE","","PO7 7FX","20171001","","","RO229","VAE","","","","","","","1","","","","RO234",""
"VFP","CHINGFORD CUSTODY CENTRE","Y56","QMF","KINGS HEAD HILL","CHINGFORD","","LONDON","","E4 7EA","20141001","","","RO229","VJ5","","","","","","","1","","","","RO234",""
"VFQ","PRESTON MAGISTRATES COURT","Y62","QE1","LAWSON STREET","","","PRESTON","","PR1 2QT","20190401","","","RO229","","","","","","","","1","","","","RO235",""
"VFR","STOURBRIDGE CUSTODY CENTRE","Y60","QUA","COPTHALL HOUSE","1 NEW ROAD","","STOURBRIDGE","","DY8 1PH","20141001","","","RO229","VPT","","","","","","","1","","","","RO234",""
"VFT","KENDAL CUSTODY CENTRE","Y62","QE1","BUSHER WALK","","","KENDAL","","LA9 4RJ","20150401","","","RO229","VA6","","","","","","","1","","","","RO234",""
"VFV","EDMONTON CUSTODY CENTRE","Y56","Z9B2Z","462 FORE STREET","EDMONTON","","LONDON","","N9 0PW","20141001","","","RO229","VJ5","","","","","","","1","","","","RO234",""
"VFX","LLANISHEN CUSTODY CENTRE","","","STATION ROAD","LLANISHEN","","CARDIFF","","CF14 5LS","20141001","","","RO229","VX2","","","","","","","1","","","","RO234",""
"VFY","ROATH CUSTODY CENTRE","","","142 CLIFTON STREET","","","CARDIFF","","CF24 1LY","20141001","","","RO229","VX2","","","","","","","1","","","","RO234",""
"VG0","CREWE CUSTODY CENTRE","Y62","QYG","CIVIC CENTRE","CREWE STREET","","CREWE","","CW1 2DP","20141001","","","RO229","VA3","","","","","","","1","","","","RO234",""
"VG1","SOUTHMEAD ROAD CUSTODY CENTRE","Y58","QUY","SOUTHMEAD ROAD","WESTBURY-ON-TRYM","","BRISTOL","","BS10 5DW","20141001","","","RO229","VA0","","","","","","","1","","","","RO234",""
"VG2","HMP HEWELL","Y60","QGH","HEWELL LANE","","","REDDITCH","","B97 6QS","20141001","","","","","","","","","","","1","","","","RO175",""
"VG3","PENNINE HOUSE IMMIGRATION REMOVAL CENTRE","Y62","QOP","ROOM 1506-1510","TERMINAL TWO","MANCHESTER AIRPORT","MANCHESTER","","M90 4AG","20141001","20241231","","RO83","","","","","","","","1","","","","RO232",""
"VG5","THE SUNFLOWER CENTRE","Y61","S1Y5D","98 COTTERELLS","","","HEMEL HEMPSTEAD","","HP1 1JQ","20160401","","","","","","","","","","","1","","","","RO236",""
"VG6","SCARBOROUGH CUSTODY CENTRE","Y63","QOQ","NORTHWAY","","","SCARBOROUGH","","YO12 7AD","20141001","","","RO229","VAP","","","","","","","1","","","","RO234",""
"VG8","DEPTFORD CUSTODY CENTRE","Y56","QKK","114 AMERSHAM VALE","","","LONDON","","SE14 6LG","20141001","20241231","","RO229","VJ5","","","","","","","1","","","","RO234",""
"VG9","CHESTERFIELD CUSTODY CENTRE","Y60","QJ2","NEW BEETWELL STREET","","","CHESTERFIELD","","S40 1QP","20141001","","","RO229","VA7","","","","","","","1","","","","RO234",""
"VGC","HMP WHITEMOOR","Y61","S1Y5D","LONGHILL ROAD","","","MARCH","","PE15 0PR","20141001","","","","","","","","","","","1","","","","RO175",""
"VGD","HMP/ YOI EXETER","Y58","QJK","NEW NORTH ROAD","","","EXETER","","EX4 4EX","20141001","20230131","","RO83","","","","","","","","1","","","","RO228",""
"VGF","RUMNEY CUSTODY CENTRE","","","NEWPORT ROAD","RUMNEY","","CARDIFF","","CF3 4FD","20141001","","","RO229","VX2","","","","","","","1","","","","RO234",""
"VGG","KENSINGTON CUSTODY CENTRE","Y56","Z9B2Z","72 EARLS COURT ROAD","KENSINGTON","","LONDON","","W8 6EQ","20141001","","","RO229","VJ5","","","","","","","1","","","","RO234",""
"VGH","DONCASTER CUSTODY CENTRE","Y63","QF7","COLLEGE ROAD","","","DONCASTER","","DN1 3HX","20141001","","","RO229","VAT","","","","","","","1","","","","RO234",""
"VGJ","CLACTON CUSTODY CENTRE","Y61","D7T5G","8 BEATRICE ROAD","","","CLACTON-ON-SEA","","CO15 1ET","20141001","","","RO229","WCM","","","","","","","1","","","","RO234",""
"VGK","INNER LONDON CROWN COURT","Y56","QKK","SESSIONS HOUSE","NEWINGTON CAUSEWAY","","LONDON","","SE1 6AZ","20191001","","","RO229","","","","","","","","1","","","","RO235",""
"VGM","NORTHERN AREA CUSTODY FACILITY","Y60","QNC","FORGE LANE","","","STOKE-ON-TRENT","","ST1 5NP","20170401","","","RO229","WTG","","","","","","","1","","","","RO234",""
"VGN","HMP ISLE OF WIGHT","Y59","QRL","ALBANY","55 PARKHURST ROAD","","NEWPORT","","PO30 5RS","20141001","","","","","","","","","","","1","","","","RO175",""
"VGP","BERIN UNDERWOOD HOUSE","Y56","QWE","90 WINDMILL ROAD","","","CROYDON","","CR0 2XP","20141001","","","RO229","VJ5","","","","","","","1","","","","RO234",""
"VGR","CANTERBURY CUSTODY CENTRE","Y59","QKS","OLD DOVER ROAD","","","CANTERBURY","","CT1 3JQ","20141001","","","RO229","VHH","","","","","","","1","","","","RO234",""
"VGT","HMP FULL SUTTON","Y63","QOQ","FULL SUTTON","","","YORK","","YO41 1PS","20141001","","","","","","","","","","","1","","","","RO175",""
"VGW","HMYOI DEERBOLT","Y63","QHM","BOWES ROAD","","","BARNARD CASTLE","","DL12 9BG","20141001","","","RO83","","","","","","","","1","","","","RO228",""
"VGX","HARMONDSWORTH REMOVAL CENTRE","Y56","Z9B2Z","COLNBROOK BY PASS","HARMONDSWORTH","","WEST DRAYTON","","UB7 0HB","20141001","","","RO83","","","","","","","","1","","","","RO232",""
"VGY","BARTON MOSS SECCURE CARE CENTRE","Y62","QOP","BARTON MOSS ROAD","CHAT MOSS","ECCLES","MANCHESTER","","M30 7RL","20141001","","","RO83","","","","","","","","1","","","","RO231",""
"VH0","HMYOI HUNTERCOMBE","Y59","S0E4D","HUNTERCOMBE PLACE","NUFFIELD","","HENLEY-ON-THAMES","","RG9 5SB","20160401","","","RO83","","","","","","","","1","","","","RO228",""
"VH1","SWINTON CUSTODY CENTRE","Y62","QOP","CHORLEY ROAD","SWINTON","","MANCHESTER","","M27 6BA","20141001","","","RO229","VAD","","","","","","","1","","","","RO234",""
"VH2","BRIGHTON CUSTODY CENTRE","Y59","S9B9J","JOHN STREET","","","BRIGHTON","","BN2 0LA","20141001","","","RO229","VAX","","","","","","","1","","","","RO234",""
"VH3","THAMES MAGISTRATES COURT","Y56","QMF","58 BOW ROAD","","","LONDON","","E3 4DJ","20160401","","","RO229","","","","","","","","1","","","","RO235",""
"VH5","PARKSIDE CUSTODY CENTRE","Y61","S1Y5D","PARKSIDE","ELY","","CAMBRIDGE","","CB1 1JG","20141001","","","RO229","VA2","","","","","","","1","","","","RO234",""
"VH7","HMP LINDHOLME","Y63","QF7","BAWTRY ROAD","HATFIELD WOODHOUSE","","DONCASTER","","DN7 6EE","20141001","","","","","","","","","","","1","","","","RO175",""
"VH8","LINCOLNSHIRE SECURE UNIT","Y60","QJM","ROOKERY AVENUE","","","SLEAFORD","","NG34 7TY","20141001","","","RO83","","","","","","","","1","","","","RO231",""
"VHA","BODMIN MAGISTRATES' COURT","Y58","QT6","LAUNCESTON ROAD","","","BODMIN","","PL31 2AL","20141001","","","RO229","","","","","","","","1","","","","RO235",""
"VHD","TOOTING CUSTODY CENTRE","Y56","QWE","251 MITCHAM ROAD","TOOTING","","LONDON","","SW17 9JQ","20141001","20241231","","RO229","VJ5","","","","","","","1","","","","RO234",""
"VHF","SKEGNESS CUSTODY CENTRE","Y60","QJM","PARK AVENUE","","","SKEGNESS","","PE25 1BL","20141001","","","RO229","VAL","","","","","","","1","","","","RO234",""
"VHH","KENT COUNTY CONSTABULARY POLICE HEADQUARTERS","Y59","QKS","SUTTON ROAD","","","MAIDSTONE","","ME15 9BZ","20030401","","","","","","","","","","","1","","","","RO233",""
"VHJ","MITCHAM CUSTODY CENTRE","Y56","QWE","58 CRICKET GREEN","","","MITCHAM","","CR4 4LA","20141001","","","RO229","VJ5","","","","","","","1","","","","RO234",""
"VHL","GWENT CONSTABULARY HEADQUARTERS","","","LLANTARNAM PARK WAY","LLANTARNAM","","CWMBRAN","","NP44 3FW","20030401","","","","","","","","","","","1","","","","RO233",""
"VHP","NEWARK CUSTODY CENTRE","Y60","QT1","QUEENS ROAD","","","NEWARK","","NG24 1LJ","20141001","","","RO229","WQT","","","","","","","1","","","","RO234",""
"VHQ","WOLVERHAMPTON CENTRAL CUSTODY CENTRE","Y60","QUA","BILSTON STREET","","","WOLVERHAMPTON","","WV1 3AA","20141001","","","RO229","VPT","","","","","","","1","","","","RO234",""
"VHR","ASTLEY BRIDGE CUSTODY CENTRE","Y62","QOP","CROMPTON WAY","ASTLEY BRIDGE","","BOLTON","","BL1 8UP","20141001","","","RO229","VAD","","","","","","","1","","","","RO234",""
"VHW","BLANDFORD CUSTODY CENTRE","Y58","QVV","SALISBURY ROAD","","","BLANDFORD FORUM","","DT11 7HR","20141001","","","RO229","VA9","","","","","","","1","","","","RO234",""
"VHX","FULHAM CUSTODY CENTRE","Y56","Z9B2Z","HECKFIELD PLACE","FULHAM","","LONDON","","SW6 5NL","20141001","20241231","","RO229","VJ5","","","","","","","1","","","","RO234",""
"VHY","TAUNTON CUSTODY CENTRE (DISTRICT HQ)","Y58","QSL","THE DEANE HOUSE","BELVEDERE ROAD","","TAUNTON","","TA1 1HE","20141001","","","RO229","VA0","","","","","","","1","","","","RO234",""
"VJ0","HMP BIRMINGHAM","Y60","QHL","WINSON GREEN ROAD","","","BIRMINGHAM","","B18 4AS","20141001","","","","","","","","","","","1","","","","RO175",""
"VJ2","ROSE ROAD CUSTODY CENTRE","Y60","QHL","ROSE ROAD","","","BIRMINGHAM","","B17 9LL","20141001","20241231","","RO229","VPT","","","","","","","1","","","","RO234",""
"VJ3","BROADBURY ROAD CUSTODY CENTRE","Y58","QUY","BROADBURY ROAD","","","BRISTOL","","BS4 1JT","20141001","","","RO229","VA0","","","","","","","1","","","","RO234",""
"VJ5","METROPOLITAN POLICE SERVICE HEADQUARTERS","Y56","Z9B2Z","NEW SCOTLAND YARD","VICTORIA EMBANKMENT","","LONDON","","SW1A 2JL","20030401","","","","","","","","","","","1","","","","RO233",""
"VJ8","NOTTS PAEDIATRIC SARC","Y60","QT1","QUEENS MEDICAL CENTRE","DERBY ROAD","","NOTTINGHAM","","NG7 2UH","20191001","","","","","","","","","","","1","","","","RO236",""
"VJA","PATCHWAY CUSTODY CENTRE","Y58","QUY","90 GLOUCESTER ROAD","PATCHWAY","","BRISTOL","","BS34 6PY","20141001","","","RO229","VA0","","","","","","","1","","","","RO234",""
"VJC","HMP THE MOUNT","Y61","S1Y5D","MOLYNEAUX AVENUE","BOVINGDON","","HEMEL HEMPSTEAD","","HP3 0NZ","20141001","","","","","","","","","","","1","","","","RO175",""
"VJD","CHISWICK CUSTODY CENTRE","Y56","Z9B2Z","209-211 CHISWICK HIGH ROAD","CHISWICK","","LONDON","","W4 2DU","20141001","20241231","","RO229","VJ5","","","","","","","1","","","","RO234",""
"VJE","BISHOPSGATE CUSTODY CENTRE","Y56","QMF","182 BISHOPSGATE","","","LONDON","","EC2M 4NP","20141001","","","RO229","VA4","","","","","","","1","","","","RO234",""
"VJF","ST. ALBANS MAGISTRATES COURT","Y61","S1Y5D","CIVIC CENTRE","ST. PETERS STREET","","ST. ALBANS","","AL1 3LB","20200401","","","RO229","","","","","","","","1","","","","RO235",""
"VJG","TINSLEY HOUSE REMOVAL CENTRE","Y59","S9B9J","PERIMETER ROAD SOUTH","LONDON GATWICK AIRPORT","","GATWICK","","RH6 0PQ","20141001","","","RO83","","","","","","","","1","","","","RO232",""
"VJH","HIGH WYCOMBE CUSTODY SUITE","Y59","S0E4D","QUEEN VICTORIA ROAD","","","HIGH WYCOMBE","","HP11 1BE","20200401","","","RO229","VAY","","","","","","","1","","","","RO234",""
"VJJ","NOTTINGHAM CROWN COURT","Y60","QT1","60 CANAL STREET","","","NOTTINGHAM","","NG1 7EL","20191001","","","RO229","","","","","","","","1","","","","RO235",""
"VJN","CITY OF LONDON MAGISTRATES COURT","Y56","QMF","1 QUEEN VICTORIA STREET","","","LONDON","","EC4N 4XY","20191001","","","RO229","","","","","","","","1","","","","RO235",""
"VJP","TENBY CUSTODY CENTRE","","","WARREN STREET","","","TENBY","","SA70 7JS","20141001","","","RO229","WW5","","","","","","","1","","","","RO234",""
"VJR","MARLOW HOUSE","Y56","QKK","109 STATION ROAD","","","SIDCUP","","DA15 7ES","20141001","","","RO229","VJ5","","","","","","","1","","","","RO234",""
"VJT","HMYOI SWINFEN HALL","Y60","QNC","SWINFEN","","","LICHFIELD","","WS14 9QS","20141001","","","RO83","","","","","","","","1","","","","RO228",""
"VJV","CAMPSFIELD HOUSE IMMIGRATION REMOVAL CENTRE","Y59","S0E4D","LANGFORD LANE","","","KIDLINGTON","","OX5 1RE","20141001","20241231","","RO83","","","","","","","","1","","","","RO232",""
"VJX","MERTHYR TYDFIL CUSTODY CENTRE","","","TY RHYDYCAR","RHYDYCAR BUSINESS PARK","","MERTHYR TYDFIL","","CF48 1DL","20141001","","","RO229","VX2","","","","","","","1","","","","RO234",""
"VJY","HAYWARDS HEATH CUSTODY CENTRE","Y59","S9B9J","BOLNORE ROAD","","","HAYWARDS HEATH","","RH16 4BA","20141001","","","RO229","VAX","","","","","","","1","","","","RO234",""
"VK2","BIRMINGHAM CROWN COURT","Y60","QHL","QUEEN ELIZABETH 11 LAW COURTS","1 NEWTON STREET","","BIRMINGHAM","","B4 7NA","20191001","","","RO229","","","","","","","","1","","","","RO235",""
"VK3","HMP FEATHERSTONE","Y60","QNC","NEW ROAD","FEATHERSTONE","","WOLVERHAMPTON","","WV10 7PU","20141001","","","","","","","","","","","1","","","","RO175",""
"VK4","AYCLIFFE SECURE SERVICES","Y63","QHM","AYCLIFFE SECURE CENTRE","COPELAW","AYCLIFFE","NEWTON AYCLIFFE","","DL5 6JB","20141001","","","RO83","","","","","","","","1","","","","RO231",""
"VK5","NORTH WALES CONSTABULARY HEADQUARTERS","","","GLAN-Y-DON","ABERGELE ROAD","","COLWYN BAY","","LL29 8AW","20030401","","","","","","","","","","","1","","","","RO233",""
"VK6","NEWTON AYCLIFFE CUSTODY CENTRE","Y63","QHM","2 CENTRAL AVENUE","","","NEWTON AYCLIFFE","","DL5 5QH","20141001","","","RO229","VAA","","","","","","","1","","","","RO234",""
"VK9","BEXHILL CUSTODY CENTRE","Y59","S9B9J","TERMINUS ROAD","","","BEXHILL-ON-SEA","","TN39 3NR","20141001","","","RO229","VAX","","","","","","","1","","","","RO234",""
"VKA","RICHMOND CUSTODY CENTRE","Y56","QWE","SOVEREIGN GATE","18-20 KEW ROAD","","RICHMOND","","TW9 2NA","20141001","","","RO229","VJ5","","","","","","","1","","","","RO234",""
"VKE","BLACKWOOD CUSTODY CENTRE","","","BLACKWOOD ROAD","","","BLACKWOOD","","NP12 2XA","20141001","","","RO229","VHL","","","","","","","1","","","","RO234",""
"VKH","WOKING CUSTODY SUITE","Y59","S9B9J","WOKING POLICE STATION","STATION APPROACH","","WOKING","","GU22 7SY","20141001","20241231","","RO229","VAW","","","","","","","1","","","","RO234",""
"VKK","YEOVIL COUNTY, FAMILY AND MAGISTRATES' COURT","Y58","QSL","LAW COURTS","PETTERS WAY","","YEOVIL","","BA20 1SW","20191001","","","RO229","","","","","","","","1","","","","RO235",""
"VKL","NEWTOWN CUSTODY CENTRE","","","PARK LANE","","","NEWTOWN","","SY16 1EN","20141001","","","RO229","WW5","","","","","","","1","","","","RO234",""
"VKM","HMP/ YOI CHELMSFORD","Y61","D7T5G","200 SPRINGFIELD ROAD","","","CHELMSFORD","","CM2 6LQ","20141001","","","RO83","","","","","","","","1","","","","RO228",""
"VKN","HOUGHTON LE SPRING CUSTODY CENTRE","Y63","QHM","DAIRY LANE","","","HOUGHTON LE SPRING","","DH4 5BH","20141001","","","RO229","VAR","","","","","","","1","","","","RO234",""
"VKP","WESTON SUPER MARE CUSTODY CENTRE","Y58","QUY","TOWN HALL","WALLISCOTE GROVE ROAD","","WESTON-SUPER-MARE","","BS23 1UJ","20141001","","","RO229","VA0","","","","","","","1","","","","RO234",""
"VKR","OLDHAM CUSTODY CENTRE","Y62","QOP","PO BOX 5","BARN STREET","","OLDHAM","","OL1 1LP","20141001","","","RO229","VAD","","","","","","","1","","","","RO234",""
"VKT","NEWHAVEN CUSTODY CENTRE","Y59","S9B9J","SOUTH ROAD","","","NEWHAVEN","","BN9 9QJ","20141001","20241231","","RO229","VAX","","","","","","","1","","","","RO234",""
"VKV","LOUGHBOROUGH CUSTODY CENTRE","Y60","QK1","SOUTHFIELD ROAD","","","LOUGHBOROUGH","","LE11 2XF","20141001","","","RO229","VAK","","","","","","","1","","","","RO234",""
"VL0","BRIERLEY HILL CUSTODY CENTRE","Y60","QUA","BANK STREET","","","BRIERLEY HILL","","DY5 3DH","20141001","","","RO229","VPT","","","","","","","1","","","","RO234",""
"VL2","ACTON CUSTODY CENTRE","Y56","Z9B2Z","250 HIGH STREET","ACTON","","LONDON","","W3 9BH","20141001","","","RO229","VJ5","","","","","","","1","","","","RO234",""
"VL3","BOGNOR CUSTODY CENTRE","Y59","S9B9J","LONDON ROAD","","","BOGNOR REGIS","","PO21 1BA","20141001","","","RO229","VAX","","","","","","","1","","","","RO234",""
"VL5","ROMFORD CUSTODY CENTRE","Y56","QMF","19 MAIN ROAD","","","ROMFORD","","RM1 3BJ","20141001","","","RO229","VJ5","","","","","","","1","","","","RO234",""
"VL7","AYLSHAM CUSTODY CENTRE","Y61","T6Y0W","RICHARD OAKES ROAD","AYLSHAM","","NORWICH","","NR11 6FD","20141001","","","RO229","VAN","","","","","","","1","","","","RO234",""
"VL8","SOUTHWICK POLICE STATION","Y63","QHM","CHURCH BANK","","","SUNDERLAND","","SR5 2DU","20150401","","","RO229","VAR","","","","","","","1","","","","RO234",""
"VL9","SITTINGBOURNE CUSTODY CENTRE","Y59","QKS","CENTRAL AVENUE","","","SITTINGBOURNE","","ME10 4NR","20141001","","","RO229","VHH","","","","","","","1","","","","RO234",""
"VLA","GRAYS CUSTODY CENTRE","Y61","D7T5G","BROOKE ROAD","","","GRAYS","","RM17 5BX","20141001","","","RO229","WCM","","","","","","","1","","","","RO234",""
"VLF","CHELSEA CUSTODY CENTRE","Y56","Z9B2Z","2 LUCAN PLACE","CHELSEA","","LONDON","","SW3 3PB","20141001","20241231","","RO229","VJ5","","","","","","","1","","","","RO234",""
"VLG","CHORLEY CUSTODY CENTRE","Y62","QE1","ST THOMAS'S ROAD","","","CHORLEY","","PR7 1DR","20141001","","","RO229","VAJ","","","","","","","1","","","","RO234",""
"VLH","PONTYPOOL CUSTODY CENTRE","","","GLANTORVAEN ROAD","","","PONTYPOOL","","NP4 6YN","20141001","","","RO229","VHL","","","","","","","1","","","","RO234",""
"VLJ","HEBBURN CUSTODY CENTRE","Y63","QHM","VICTORIA ROAD EAST","","","HEBBURN","","NE31 1XF","20141001","20241231","","RO229","VAR","","","","","","","1","","","","RO234",""
"VLL","HMP BURE","Y61","T6Y0W","JAGUAR DRIVE","BADERSFIELD","","NORWICH","","NR10 5GB","20141001","","","","","","","","","","","1","","","","RO175",""
"VLM","MIDDLETON CUSTODY CENTRE","Y62","QOP","OLDHAM ROAD","MIDDLETON","","MANCHESTER","","M24 1AY","20141001","20241231","","RO229","VAD","","","","","","","1","","","","RO234",""
"VLN","LEICESTER CROWN COURT","Y60","QK1","90 WELLINGTON STREET","","","LEICESTER","","LE1 6HG","20191001","","","RO229","","","","","","","","1","","","","RO235",""
"VLQ","WESTON FAVELL CUSTODY CENTRE","Y60","QPM","PYRAMID CLOSE","","","NORTHAMPTON","","NN3 8NZ","20141001","","","RO229","VAQ","","","","","","","1","","","","RO234",""
"VLV","MARLBOROUGH CUSTODY CENTRE","Y58","QOX","GEORGE LANE","","","MARLBOROUGH","","SN8 4DB","20141001","20241231","","RO229","VXW","","","","","","","1","","","","RO234",""
"VLW","MARCH CUSTODY CENTRE","Y61","S1Y5D","BURROWMOOR ROAD","","","MARCH","","PE15 9RB","20141001","20241231","","RO229","VA2","","","","","","","1","","","","RO234",""
"VM3","BRADFORD SOUTH CUSTODY CENTRE","Y63","QWO","TRAFALGAR HOUSE","NELSON STREET","","BRADFORD","","BD5 0DX","20141001","","","RO229","VDT","","","","","","","1","","","","RO234",""
"VM4","HMP/ YOI HOLLOWAY","Y56","Z9B2Z","PARKHURST ROAD","","","LONDON","","N7 0NU","20141001","20241231","","RO83","","","","","","","","1","","","","RO228",""
"VM6","BEAUMONT LEYS CUSTODY CENTRE","Y60","QK1","2 BEAUMONT WAY","","","LEICESTER","","LE4 1DS","20141001","","","RO229","VAK","","","","","","","1","","","","RO234",""
"VM7","ACCRINGTON CUSTODY CENTRE","Y62","QE1","10 BROADWAY","","","ACCRINGTON","","BB5 1EY","20141001","","","RO229","VAJ","","","","","","","1","","","","RO234",""
"VM8","HODDESDON CUSTODY CENTRE","Y61","S1Y5D","HIGH STREET","","","HODDESDON","","EN11 8BJ","20141001","20241231","","RO229","VAF","","","","","","","1","","","","RO234",""
"VMA","MILTON KEYNES CUSTODY SUITE","Y61","S1Y5D","302 NORTH ROW","","","MILTON KEYNES","","MK9 2DS","20200401","","","RO229","VAY","","","","","","","1","","","","RO234",""
"VMC","GLOSSOP CUSTODY CENTRE","Y60","QJ2","ELLISON STREET","","","GLOSSOP","","SK13 8BX","20141001","","","RO229","VA7","","","","","","","1","","","","RO234",""
"VMF","LONGSIGHT POLICE STATION","Y62","QOP","2 GRINDLOW STREET","","","MANCHESTER","","M13 0LL","20160401","","","RO229","VAD","","","","","","","1","","","","RO234",""
"VMG","WORTHING CUSTODY CENTRE","Y59","S9B9J","21 CHATSWORTH ROAD","","","WORTHING","","BN11 1LY","20141001","","","RO229","VAX","","","","","","","1","","","","RO234",""
"VMJ","WORCESTER PARK CUSTODY CENTRE","Y56","QWE","154 CENTRAL ROAD","WORCESTER PARK","","WORCESTER PARK","","KT4 8HH","20141001","20241231","","RO229","VJ5","","","","","","","1","","","","RO234",""
"VMM","CHELTENHAM MAGISTRATES' COURT","Y58","QR1","ST. GEORGES ROAD","","","CHELTENHAM","","GL50 3PF","20191001","","","RO229","","","","","","","","1","","","","RO235",""
"VMQ","HEMEL HEMPSTEAD CUSTODY CENTRE","Y61","S1Y5D","COMBE STREET","","","HEMEL HEMPSTEAD","","HP1 1HL","20141001","","","RO229","VAF","","","","","","","1","","","","RO234",""
"VMV","CARDIFF CENTRAL CUSTODY CENTRE","","","KING EDWARD VII AVENUE","","","CARDIFF","","CF10 3NN","20141001","","","RO229","VX2","","","","","","","1","","","","RO234",""
"VMW","HMP STOCKEN","Y60","QK1","STOCKEN HALL ROAD","STRETTON","","OAKHAM","","LE15 7RD","20141001","","","","","","","","","","","1","","","","RO175",""
"VMY","HMYOI STOKE HEATH","Y60","QOC","STOKE HEATH","","","MARKET DRAYTON","","TF9 2JL","20141001","","","RO83","","","","","","","","1","","","","RO228",""
"VN1","HARTLEPOOL CUSTODY CENTRE DISTRICT HQ","Y63","QHM","AVENUE ROAD","","","HARTLEPOOL","","TS24 8BB","20141001","","","RO229","VA5","","","","","","","1","","","","RO234",""
"VN2","HMP GARTH","Y62","QE1","ULNES WALTON LANE","","","LEYLAND","","PR26 8NE","20141001","","","","","","","","","","","1","","","","RO175",""
"VN3","PLYMOUTH MAGISTRATES' COURT","Y58","QJK","ST. ANDREW STREET","","","PLYMOUTH","","PL1 2DP","20191001","","","RO229","","","","","","","","1","","","","RO235",""
"VN4","HMP PRESTON","Y62","QE1","RIBBLETON LANE","","","PRESTON","","PR1 5AB","20141001","","","","","","","","","","","1","","","","RO175",""
"VN5","STRETFORD CUSTODY CENTRE","Y62","QOP","TALBOT ROAD","STRETFORD","","MANCHESTER","","M32 0UX","20141001","","","RO229","VAD","","","","","","","1","","","","RO234",""
"VN7","HMP ERLESTOKE","Y58","QOX","ERLESTOKE HOUSE","ERLESTOKE","","DEVIZES","","SN10 5TU","20141001","","","","","","","","","","","1","","","","RO175",""
"VN8","LIMEHOUSE CUSTODY CENTRE","Y56","QMF","27 WEST INDIA DOCK ROAD","","","LONDON","","E14 8EZ","20141001","20241231","","RO229","VJ5","","","","","","","1","","","","RO234",""
"VN9","CROYDON MAGISTRATES COURT","Y56","QWE","THE MAGISTRATES COURT","BARCLAY ROAD","","CROYDON","","CR9 3NG","20191001","","","RO229","","","","","","","","1","","","","RO235",""
"VNC","BRISTOL MAGISTRATES' COURT AND TRIBUNALS HEARING CENTRE","Y58","QUY","MARLBOROUGH STREET","","","BRISTOL","","BS1 3NU","20191001","","","RO229","","","","","","","","1","","","","RO235",""
"VNE","NORTHAMPTON CUSTODY CENTRE","Y60","QPM","700 PAVILION DRIVE","NORTHAMPTON BUSINESS PARK","BRACKMILLS","NORTHAMPTON","","NN4 7SL","20191001","","","RO229","","","","","","","","1","","","","RO235",""
"VNF","BARKINGSIDE MAGISTRATES COURT","Y56","QMF","850 CRANBROOK ROAD","","","ILFORD","","IG6 1HW","20191001","","","RO229","","","","","","","","1","","","","RO235",""
"VNH","BRIGHTON CUSTODY SUITE (CROWHURST)","Y59","S9B9J","CROWHURST ROAD","","","BRIGHTON","","BN1 8AP","20200401","","","RO229","VAX","","","","","","","1","","","","RO234",""
"VNJ","BECCLES CUSTODY CENTRE","Y61","T6Y0W","RAVENSMERE","","","BECCLES","","NR34 9DX","20141001","","","RO229","VAV","","","","","","","1","","","","RO234",""
"VNM","MELKSHAM CUSTODY CENTRE","Y58","QOX","HAMPTON PARK WEST","","","MELKSHAM","","SN12 6QQ","20141001","","","RO229","VXW","","","","","","","1","","","","RO234",""
"VNN","THORPE WOOD CUSTODY CENTRE","Y61","S1Y5D","THORPE WOOD","LONGTHORPE","","PETERBOROUGH","","PE3 6SD","20141001","","","RO229","VA2","","","","","","","1","","","","RO234",""
"VNR","SHOREDITCH CUSTODY CENTRE","Y56","QMF","4-6 SHEPHERDESS WALK","","","LONDON","","N1 7LF","20141001","20241231","","RO229","VJ5","","","","","","","1","","","","RO234",""
"VNV","BASILDON CUSTODY CENTRE","Y61","D7T5G","GREAT OAKS","","","BASILDON","","SS14 1EJ","20141001","","","RO229","WCM","","","","","","","1","","","","RO234",""
"VNY","ISLEWORTH CROWN COURT","Y56","Z9B2Z","36 RIDGEWAY ROAD","","","ISLEWORTH","","TW7 5LP","20191001","","","RO229","","","","","","","","1","","","","RO235",""
"VP0","NOTTINGHAM MAGISTRATES COURT","Y60","QT1","CARRINGTON STREET","","","NOTTINGHAM","","NG2 1EE","20141001","","","RO229","","","","","","","","1","","","","RO235",""
"VP1","NEATH CUSTODY CENTRE","","","GNOLL PARK ROAD","","","NEATH","","SA11 3BW","20141001","","","RO229","VX2","","","","","","","1","","","","RO234",""
"VP3","WEYMOUTH WEST CUSTODY CENTRE","Y58","QVV","RADIPOLE LANE","","","WEYMOUTH","","DT4 9WW","20141001","","","RO229","VA9","","","","","","","1","","","","RO234",""
"VP5","SOUTHALL CUSTODY CENTRE","Y56","Z9B2Z","67 HIGH STREET","","","SOUTHALL","","UB1 3HG","20150401","","","RO229","VJ5","","","","","","","1","","","","RO234",""
"VP7","IPSWICH MAGISTRATES COURT","Y61","T6Y0W","ELM STREET","","","IPSWICH","","IP1 2AP","20191001","","","RO229","","","","","","","","1","","","","RO235",""
"VP8","BRIDGEND CUSTODY CENTRE","","","QUEENS ROAD","BRIDGEND INDUSTRIAL ESTATE","","BRIDGEND","","CF31 3UT","20141001","","","RO229","VX2","","","","","","","1","","","","RO234",""
"VP9","HMP STANDFORD HILL","Y59","QKS","CHURCH ROAD","EASTCHURCH","","SHEERNESS","","ME12 4AA","20141001","","","","","","","","","","","1","","","","RO175",""
"VPA","WARREN HILL","Y61","T6Y0W","GROVE ROAD","HOLLESLEY","","WOODBRIDGE","","IP12 3BF","20150401","","","","","","","","","","","1","","","","RO175",""
"VPC","HMYOI PORTLAND","Y58","QVV","104 GROVE ROAD","EASTON","","PORTLAND","","DT5 1DL","20141001","","","RO83","","","","","","","","1","","","","RO228",""
"VPE","HMP / YOI LANCASTER FARMS","Y62","QE1","STONE ROW HEAD","","","LANCASTER","","LA1 3QZ","20141001","","","RO83","","","","","","","","1","","","","RO228",""
"VPF","NORTHERN POLICE INVESTIGATION CENTRE","Y59","QRL","JAYS CLOSE","","","BASINGSTOKE","","RG22 4BS","20171001","","","RO229","VAE","","","","","","","1","","","","RO234",""
"VPH","BEDWORTH CUSTODY CENTRE","Y60","QWU","HIGH STREET","","","BEDWORTH","","CV12 8NH","20141001","","","RO229","WND","","","","","","","1","","","","RO234",""
"VPL","RUNCORN CUSTODY SUITE","Y62","QYG","MANOR FARM ROAD","NORTON","","RUNCORN","","WA7 1TD","20161001","","","RO229","VA3","","","","","","","1","","","","RO234",""
"VPP","HMP/ YOI ASKHAM GRANGE","Y63","QOQ","MAIN STREET","ASKHAM RICHARD","","YORK","","YO23 3FT","20141001","","","RO83","","","","","","","","1","","","","RO228",""
"VPQ","CRAMLINGTON CUSTODY CENTRE","Y63","QHM","CRASTER COURT","MANOR WALKS SHOPPING CENTRE","","CRAMLINGTON","","NE23 6UT","20141001","","","RO229","VAR","","","","","","","1","","","","RO234",""
"VPR","HMP WORMWOOD SCRUBS","Y56","Z9B2Z","PO BOX 757","DU CANE ROAD","","LONDON","","W12 0AE","20141001","","","","","","","","","","","1","","","","RO175",""
"VPT","WEST MIDLANDS CONSTABULARY POLICE HEADQUARTERS","Y60","QHL","LLOYD HOUSE","2 COLMORE CIRCUS QUEENSWAY","","BIRMINGHAM","","B4 6AT","20030401","","","","","","","","","","","1","","","","RO233",""
"VPV","CHARLES CROSS CUSTODY CENTRE","Y58","QJK","HAMPTON STREET","","","PLYMOUTH","","PL4 8HG","20030401","","","RO229","VA8","","","","","","","1","","","","RO234",""
"VPW","HMP LOWDHAM GRANGE","Y60","QT1","OLD EPPERSTONE ROAD","LOWDHAM","","NOTTINGHAM","","NG14 7DA","20141001","","","","","","","","","","","1","","","","RO175",""
"VPX","BLYTH CUSTODY CENTRE","Y63","QHM","ARMS EVERTYNE HOUSE","QUAY ROAD","","BLYTH","","NE24 2AS","20141001","","","RO229","VAR","","","","","","","1","","","","RO234",""
"VPY","HMP RYE HILL","Y60","QPM","ONLEY PARK","WILLOUGHBY","","RUGBY","","CV23 8SZ","20141001","","","","","","","","","","","1","","","","RO175",""
"VQ1","LINCOLN MAGISTRATES COURT","Y60","QJM","358 HIGH STREET","","","LINCOLN","","LN5 7QA","20191001","","","RO229","","","","","","","","1","","","","RO235",""
"VQ2","OXCLOSE LANE CUSTODY CENTRE","Y60","QT1","POLICE STATION","OXCLOSE LANE","ARNOLD","NOTTINGHAM","","NG5 6FZ","20141001","","","RO229","WQT","","","","","","","1","","","","RO234",""
"VQ3","TROWBRIDGE CUSTODY CENTRE","Y58","QOX","POLEBARN ROAD","","","TROWBRIDGE","","BA14 7EP","20141001","","","RO229","VXW","","","","","","","1","","","","RO234",""
"VQ4","HMP PETERBOROUGH","Y61","S1Y5D","SAVILLE ROAD","WESTFIELD","","PETERBOROUGH","","PE3 7PD","20141001","","","","","","","","","","","1","","","","RO175",""
"VQ5","HEAVITREE ROAD CUSTODY CENTRE","Y58","QJK","HEAVITREE ROAD","","","EXETER","","EX1 2LR","20141001","20241231","","RO229","VA8","","","","","","","1","","","","RO234",""
"VQ8","ALNWICK CUSTODY CENTRE","Y63","QHM","PRUDHOE STREET","","","ALNWICK","","NE66 1UJ","20141001","","","RO229","VAR","","","","","","","1","","","","RO234",""
"VQA","LEAMINGTON SPA MAGISTRATES COURT","Y60","QWU","NEWBOLD TERRACE","","","LEAMINGTON SPA","","CV32 4EL","20191001","","","RO229","","","","","","","","1","","","","RO235",""
"VQE","HMP LEYHILL","Y58","QUY","LEYHILL","","","WOTTON-UNDER-EDGE","","GL12 8BT","20141001","","","","","","","","","","","1","","","","RO175",""
"VQF","HMP BLANTYRE HOUSE","Y59","QKS","GOUDHURST","HORDEN","","CRANBROOK","","TN17 2NH","20141001","20250731","","","","","","","","","","1","","","","RO175",""
"VQH","SNARESBROOK CROWN COURT","Y56","QMF","75 HOLLYBUSH HILL","","","LONDON","","E11 1QW","20191001","","","RO229","","","","","","","","1","","","","RO235",""
"VQJ","EALING MAGISTRATES COURT","Y56","Z9B2Z","GREEN MAN LANE","","","LONDON","","W13 0SD","20191001","","","RO229","","","","","","","","1","","","","RO235",""
"VQL","HMYOI HINDLEY","Y62","QOP","BARRACKS ROAD","BICKERSHAW","","WIGAN","","WN2 5TH","20141001","","","RO83","","","","","","","","1","","","","RO228",""
"VQM","BURNLEY CUSTODY CENTRE","Y62","QE1","PARKER LANE","","","BURNLEY","","BB11 2BT","20141001","","","RO229","VAJ","","","","","","","1","","","","RO234",""
"VQN","KINGS LYNN CUSTODY CENTRE","Y61","T6Y0W","ST. JAMES STREET","","","KING'S LYNN","","PE30 5DE","20141001","","","RO229","VAN","","","","","","","1","","","","RO234",""
"VQP","HEREFORD STATION","Y60","QGH","BATH STREET","","","HEREFORD","","HR1 2HT","20170401","","","RO229","WLX","","","","","","","1","","","","RO234",""
"VQQ","WALSALL MAGISTRATES COURT","Y60","QUA","STAFFORD STREET","","","WALSALL","","WS2 8HA","20191001","","","RO229","","","","","","","","1","","","","RO235",""
"VQT","COLCHESTER MAGISTRATES COURT AND FAMILY COURT","Y61","D7T5G","ST. BOTOLPHS CIRCUS","","","COLCHESTER","","CO2 7EF","20191001","","","RO229","","","","","","","","1","","","","RO235",""
"VQV","LUTON CUSTODY CENTRE (LUTON DIVISION)","Y61","S1Y5D","BUXTON ROAD","","","LUTON","","LU1 1SD","20141001","","","RO229","VA1","","","","","","","1","","","","RO234",""
"VQW","SHOREHAM CUSTODY CENTRE","Y59","S9B9J","HAM ROAD","","","SHOREHAM-BY-SEA","","BN43 6DB","20141001","","","RO229","VAX","","","","","","","1","","","","RO234",""
"VQX","BOURNVILLE LANE CUSTODY CENTRE","Y60","QHL","341 BOURNVILLE LANE","","","BIRMINGHAM","","B30 1QX","20141001","","","RO229","VPT","","","","","","","1","","","","RO234",""
"VQY","HMP MAIDSTONE","Y59","QKS","COUNTY ROAD","","","MAIDSTONE","","ME14 1UZ","20141001","","","","","","","","","","","1","","","","RO175",""
"VR1","ECCLESFIELD CUSTODY CENTRE","Y63","QF7","321 THE COMMON","ECCLESFIELD","","SHEFFIELD","","S35 9WL","20141001","","","RO229","VAT","","","","","","","1","","","","RO234",""
"VR2","CRAWLEY CUSTODY CENTRE","Y59","S9B9J","NORTHGATE AVENUE","","","CRAWLEY","","RH10 8BF","20141001","","","RO229","VAX","","","","","","","1","","","","RO234",""
"VR3","HMP/ YOI GUYS MARSH","Y58","QVV","GUYS MARSH","","","SHAFTESBURY","","SP7 0AH","20141001","20230131","","RO83","","","","","","","","1","","","","RO228",""
"VR4","NORTH SHIELDS CUSTODY CENTRE","Y63","QHM","UPPER PEARSON STREET","","","NORTH SHIELDS","","NE30 1AB","20141001","","","RO229","VAR","","","","","","","1","","","","RO234",""
"VR5","BUXTON CUSTODY CENTRE","Y60","QJ2","SILVERLANDS","","","BUXTON","","SK17 6QJ","20141001","","","RO229","VA7","","","","","","","1","","","","RO234",""
"VR6","HMP CARDIFF","","","KNOX ROAD","","","CARDIFF","","CF24 0UG","20141001","","","","","","","","","","","1","","","","RO175",""
"VR7","WELSHPOOL CUSTODY CENTRE","","","SEVERN ROAD","","","WELSHPOOL","","SY21 7AR","20141001","","","RO229","WW5","","","","","","","1","","","","RO234",""
"VR8","HMP LEWES","Y59","S9B9J","1 BRIGHTON ROAD","","","LEWES","","BN7 1EA","20141001","","","","","","","","","","","1","","","","RO175",""
"VRA","NOTTING HILL CUSTODY CENTRE","Y56","Z9B2Z","99-101 LADBROKE ROAD","NOTTING HILL","","LONDON","","W11 3PL","20141001","20241231","","RO229","VJ5","","","","","","","1","","","","RO234",""
"VRC","MORLEY CUSTODY CENTRE","Y63","QWO","CORPORATION STREET","MORLEY","","LEEDS","","LS27 9NB","20141001","","","RO229","VDT","","","","","","","1","","","","RO234",""
"VRD","HMP WAKEFIELD","Y63","QWO","5 LOVE LANE","","","WAKEFIELD","","WF2 9AG","20141001","","","","","","","","","","","1","","","","RO175",""
"VRE","NOTTINGHAMSHIRE SEXUAL VIOLENCE SUPPORT SERVICES","Y60","QT1","30 CHAUCER STREET","","","NOTTINGHAM","","NG1 5LP","20191001","","","","","","","","","","","1","","","","RO236",""
"VRG","BLACON CUSTODY CENTRE DIVISIONAL HQ","Y62","QYG","BLACON AVENUE","BLACON","","CHESTER","","CH1 5BD","20141001","","","RO229","VA3","","","","","","","1","","","","RO234",""
"VRH","HMP YOI COOKHAM WOOD","Y59","QKS","SIR EVELYN ROAD","","","ROCHESTER","","ME1 3LU","20141001","20250731","","","","","","","","","","1","","","","RO175",""
"VRJ","LEISTON CUSTODY CENTRE","Y61","T6Y0W","34 KINGS ROAD","","","LEISTON","","IP16 4DA","20141001","20241231","","RO229","VAV","","","","","","","1","","","","RO234",""
"VRK","WIGSTON CUSTODY CENTRE","Y60","QK1","BULL HEAD STREET","","","WIGSTON","","LE18 1WX","20150401","","","RO229","VAK","","","","","","","1","","","","RO234",""
"VRN","HMP BRIXTON","Y56","QKK","JEBB AVENUE","BRIXTON","","LONDON","","SW2 5XF","20141001","","","","","","","","","","","1","","","","RO175",""
"VRQ","SHERBORNE CUSTODY CENTRE","Y58","QVV","DIGBY ROAD","","","SHERBORNE","","DT9 3NL","20141001","","","RO229","VA9","","","","","","","1","","","","RO234",""
"VRR","WOOD STREET CUSTODY CENTRE","Y63","QWO","WOOD STREET","","","WAKEFIELD","","WF1 2HJ","20141001","20241231","","RO229","VDT","","","","","","","1","","","","RO234",""
"VRT","HARROW CUSTODY CENTRE","Y56","Z9B2Z","74 NORTHOLT ROAD","","","HARROW","","HA2 0DN","20141001","","","RO229","VJ5","","","","","","","1","","","","RO234",""
"VRV","HMYOI WETHERBY","Y63","QWO","YORK ROAD","","","WETHERBY","","LS22 5ED","20141001","","","RO83","","","","","","","","1","","","","RO228",""
"VRW","DUNSTABLE CUSTODY CENTRE (COUNTY DIVISION)","Y61","S1Y5D","WEST STREET","","","DUNSTABLE","","LU6 1SJ","20141001","","","RO229","VA1","","","","","","","1","","","","RO234",""
"VRX","QUEENS ROAD CUSTODY CENTRE","Y60","QHL","QUEENS ROAD","ASTON","","BIRMINGHAM","","B6 7NH","20141001","","","RO229","VPT","","","","","","","1","","","","RO234",""
"VRY","HOLLOWAY CUSTODY CENTRE","Y56","Z9B2Z","284 HORNSEY ROAD","HOLLOWAY","","LONDON","","N7 7QY","20141001","20241231","","RO229","VJ5","","","","","","","1","","","","RO234",""
"VT0","THE ELMS SARC","Y61","S1Y5D","HINCHINGBROOKE HOSPITAL","","","HUNTINGDON","","PE29 6NT","20161001","","","","","","","","","","","1","","","","RO236",""
"VT1","WORKINGTON CUSTODY CENTRE","Y63","QHM","WEST AREA HEADQUARTERS","HALL BROW","","WORKINGTON","","CA14 4AP","20150401","","","RO229","VA6","","","","","","","1","","","","RO234",""
"VT2","BROOK HOUSE IMMIGRATION REMOVAL CENTRE","Y59","S9B9J","PERIMETER ROAD SOUTH","LONDON GATWICK AIRPORT","","GATWICK","","RH6 0PQ","20141001","","","RO83","","","","","","","","1","","","","RO232",""
"VT3","YEOVIL CUSTODY CENTRE (DISTRICT HQ)","Y58","QSL","HORSEY LANE","","","YEOVIL","","BA20 1SN","20141001","","","RO229","VA0","","","","","","","1","","","","RO234",""
"VT6","RED BANK SCH","Y62","QYG","WINWICK ROAD","","","NEWTON-LE-WILLOWS","","WA12 8DU","20141001","20241231","","RO83","","","","","","","","1","","","","RO231",""
"VT7","HMP KIRKLEVINGTON GRANGE","Y63","QHM","KIRKLEVINGTON GRANGE","","","YARM","","TS15 9PA","20141001","","","","","","","","","","","1","","","","RO175",""
"VT8","HOUNSLOW CUSTODY CENTRE","Y56","Z9B2Z","5 MONTAGUE ROAD","","","HOUNSLOW","","TW3 1LB","20141001","","","RO229","VJ5","","","","","","","1","","","","RO234",""
"VTC","BROMLEY CUSTODY CENTRE","Y56","QKK","HIGH STREET","","","BROMLEY","","BR1 1ER","20141001","","","RO229","VJ5","","","","","","","1","","","","RO234",""
"VTD","HMP HAVERIGG","Y62","QE1","NORTH LANE","HAVERIGG","","MILLOM","","LA18 4NA","20141001","","","","","","","","","","","1","","","","RO175",""
"VTE","PRESTON CUSTODY CENTRE","Y62","QE1","LANCASTER ROAD NORTH","","","PRESTON","","PR1 2SA","20141001","","","RO229","VAJ","","","","","","","1","","","","RO234",""
"VTF","WEMBLEY PARK CUSTODY CENTRE","Y56","Z9B2Z","BRIDGE ROAD","","","WEMBLEY","","HA9 9AA","20141001","","","RO229","VER","","","","","","","1","","","","RO234",""
"VTH","HMP DARTMOOR","Y58","QJK","PRINCETOWN","","","YELVERTON","","PL20 6RR","20141001","","","","","","","","","","","1","","","","RO175",""
"VTM","BARROW IN FURNESS CUSTODY CENTRE","Y62","QE1","BARROW POLICE STATION","ANDREWS WAY","","BARROW-IN-FURNESS","","LA14 2UD","20150401","","","RO229","VA6","","","","","","","1","","","","RO234",""
"VTQ","GRIMSBY CUSTODY CENTRE","Y63","QOQ","VICTORIA STREET","","","GRIMSBY","","DN31 1PE","20141001","","","RO229","VAH","","","","","","","1","","","","RO234",""
"VTX","GRANTHAM CUSTODY CENTRE","Y60","QJM","SWINGBRIDGE ROAD","","","GRANTHAM","","NG31 7XT","20141001","","","RO229","VAL","","","","","","","1","","","","RO234",""
"VV1","WEYMOUTH POLICE STATION","Y58","QVV","WESTERN DIVISION HEADQUARTERS","RADIPOLE LANE","CHICKERELL","WEYMOUTH","","DT4 9WN","20151001","","","RO229","VA9","","","","","","","1","","","","RO234",""
"VV2","COLNE CUSTODY CENTRE","Y62","QE1","CRADDOCK ROAD","","","COLNE","","BB8 0JZ","20141001","20241231","","RO229","VAJ","","","","","","","1","","","","RO234",""
"VV3","QUEENS GARDENS CUSTODY CENTRE","Y63","QOQ","QUEENS GARDENS","KINGSTON UPON HULL","","HULL","","HU1 3DJ","20141001","20241231","","RO229","VAH","","","","","","","1","","","","RO234",""
"VV6","HMP STAFFORD","Y60","QNC","54 GAOL ROAD","","","STAFFORD","","ST16 3AW","20141001","","","","","","","","","","","1","","","","RO175",""
"VV9","KETTERING CUSTODY CENTRE","Y60","QPM","LONDON ROAD","","","KETTERING","","NN15 7QP","20141001","20241231","","RO229","VAQ","","","","","","","1","","","","RO234",""
"VVA","NEWCASTLE CITY CENTRE POLICE STATION","Y63","QHM","FORTH BANKS","","","NEWCASTLE UPON TYNE","","NE1 3PH","20150401","","","RO229","VAR","","","","","","","1","","","","RO234",""
"VVC","SHEPHERD'S BUSH CUSTODY CENTRE","Y56","Z9B2Z","226 UXBRIDGE ROAD","","","LONDON","","W12 7JD","20141001","20241231","","RO229","VJ5","","","","","","","1","","","","RO234",""
"VVD","STONEY STANTON CUSTODY CENTRE","Y60","QWU","STONEY STANTON ROAD","","","COVENTRY","","CV6 5DG","20141001","20241231","","RO229","VPT","","","","","","","1","","","","RO234",""
"VVF","COCKETT CUSTODY CENTRE","","","JOHN STREET","COCKETT","","SWANSEA","","SA2 0FR","20141001","","","RO229","VX2","","","","","","","1","","","","RO234",""
"VVH","RHYL CUSTODY CENTRE","","","WELLINGTON ROAD","","","RHYL","","LL18 1BA","20141001","","","RO229","VK5","","","","","","","1","","","","RO234",""
"VVK","WIMBLEDON MAGISTRATES COURT","Y56","QWE","THE LAW COURTS","ALEXANDRA ROAD","","LONDON","","SW19 7JP","20191001","","","RO229","","","","","","","","1","","","","RO235",""
"VVM","NORTH STAFFORDSHIRE JUSTICE CENTRE","Y60","QNC","THE COURT HOUSE","RYECROFT","","NEWCASTLE","","ST5 2AA","20191001","","","RO229","","","","","","","","1","","","","RO235",""
"VVN","STOCKPORT MAGISTRATES COURT","Y62","QOP","THE COURTHOUSE","EDWARD STREET","","STOCKPORT","","SK1 3DQ","20160401","","","RO229","","","","","","","","1","","","","RO235",""
"VVP","BRICK LANE CUSTODY CENTRE","Y56","QMF","25 BRICK LANE","","","LONDON","","E1 6PU","20141001","20241231","","RO229","VJ5","","","","","","","1","","","","RO234",""
"VVR","HMP SPRING HILL","Y59","S0E4D","GRENDON UNDERWOOD","","","AYLESBURY","","HP18 0TL","20141001","","","","","","","","","","","1","","","","RO175",""
"VVW","MORPETH CUSTODY CENTRE","Y63","QHM","OFFICE 3E","AUSTIN HOUSE","SANDERSON ARCADE","MORPETH","","NE61 1NS","20141001","","","RO229","VAR","","","","","","","1","","","","RO234",""
"VVX","WOOLWICH CROWN COURT","Y56","QKK","2 BELMARSH ROAD","","","LONDON","","SE28 0EY","20191001","","","RO229","","","","","","","","1","","","","RO235",""
"VVY","WOMBWELL CUSTODY CENTRE","Y63","QF7","PARK STREET","WOMBWELL","","BARNSLEY","","S73 0HF","20141001","20241231","","RO229","VAT","","","","","","","1","","","","RO234",""
"VW1","WARRINGTON COMBINED CROWN AND COUNTY COURT","Y62","QYG","THE LAW COURTS","LEGH STREET","","WARRINGTON","","WA1 1UR","20171001","","","RO229","","","","","","","","1","","","","RO235",""
"VW2","BRIXTON CUSTODY CENTRE","Y56","QKK","367 BRIXTON ROAD","","","LONDON","","SW9 7DD","20141001","","","RO229","VJ5","","","","","","","1","","","","RO234",""
"VW3","KYLOE HOUSE SCH","Y63","QHM","NETHERTON PARK","STANNINGTON","","MORPETH","","NE61 6DE","20141001","","","RO83","","","","","","","","1","","","","RO231",""
"VW4","BETHNAL GREEN CUSTODY CENTRE","Y56","QMF","12 VICTORIA PARK SQUARE","TOWER HAMLETS","","LONDON","","E2 9NZ","20141001","","","RO229","VJ5","","","","","","","1","","","","RO234",""
"VW7","WEMBLEY CUSTODY CENTRE","Y56","Z9B2Z","603 HARROW ROAD","","","WEMBLEY","","HA0 2HH","20141001","","","RO229","VJ5","","","","","","","1","","","","RO234",""
"VW8","THE GLADE SARC","Y60","QOC","30 WEST ROAD","WELLINGTON","","TELFORD","","TF1 2BB","20191001","","","","","","","","","","","1","","","","RO236",""
"VWA","TON PENTRE CUSTODY CENTRE","","","MAINDY ROAD","TON PENTRE","","PENTRE","","CF41 7HA","20141001","20241231","","RO229","VX2","","","","","","","1","","","","RO234",""
"VWC","BURY ST EDMUNDS CUSTODY CENTRE (RIVER LANE)","Y61","T6Y0W","RIVER LANE","","","BURY ST. EDMUNDS","","IP33 2RT","20141001","","","RO229","VAV","","","","","","","1","","","","RO234",""
"VWE","HMP LIVERPOOL","Y62","QYG","68 HORNBY ROAD","","","LIVERPOOL","","L9 3DF","20141001","","","","","","","","","","","1","","","","RO175",""
"VWF","MAIDSTONE CUSTODY CENTRE","Y59","QKS","PALACE AVENUE","","","MAIDSTONE","","ME15 6NF","20141001","","","RO229","VHH","","","","","","","1","","","","RO234",""
"VWG","TWICKENHAM CUSTODY CENTRE","Y56","QWE","41 LONDON ROAD","","","TWICKENHAM","","TW1 3SY","20141001","","","RO229","VJ5","","","","","","","1","","","","RO234",""
"VWJ","STAINES CUSTODY SUITE","Y59","S9B9J","STAINES POLICE STATION","22 KINGSTON ROAD","","STAINES-UPON-THAMES","","TW18 4LQ","20141001","","","RO229","VAW","","","","","","","1","","","","RO234",""
"VWL","CWMBRAN CUSTODY CENTRE","","","TUDOR ROAD","","","CWMBRAN","","NP44 3XH","20141001","","","RO229","VHL","","","","","","","1","","","","RO234",""
"VWN","CAMBRIDGESHIRE CROWN COURT","Y61","S1Y5D","83 EAST ROAD","","","CAMBRIDGE","","CB1 1BT","20191001","","","RO229","","","","","","","","1","","","","RO235",""
"VWW","CAMPBELL SQUARE CUSTODY CENTRE","Y60","QPM","POLICE STATION","CAMPBELL SQUARE","","NORTHAMPTON","","NN1 3EL","20141001","","","RO229","VAQ","","","","","","","1","","","","RO234",""
"VWX","SHAFTESBURY CUSTODY CENTRE","Y58","QVV","GRANVILLE GARDENS","","","SHAFTESBURY","","SP7 8DF","20141001","20241231","","RO229","VA9","","","","","","","1","","","","RO234",""
"VWY","CLITHEROE CUSTODY CENTRE","Y62","QE1","KING STREET","","","CLITHEROE","","BB7 2EU","20141001","","","RO229","VAJ","","","","","","","1","","","","RO234",""
"VX0","LEWES CUSTODY CENTRE","Y59","S9B9J","LEWES COMMUNITY POLICE STATION","7 NORTH STREET","","LEWES","","BN7 2PA","20141001","","","RO229","VAX","","","","","","","1","","","","RO234",""
"VX1","WORCESTER POLICE STATION","Y60","QGH","CASTLE STREET","","","WORCESTER","","WR1 3QX","20170401","","","RO229","WLX","","","","","","","1","","","","RO234",""
"VX2","SOUTH WALES CONSTABULARY HEADQUARTERS","","","COWBRIDGE ROAD","","","BRIDGEND","","CF31 3SU","20030401","","","","","","","","","","","1","","","","RO233",""
"VX5","CROYDON CROWN COURT","Y56","QWE","THE LAW COURTS","ALTYRE ROAD","","CROYDON","","CR9 5AB","20191001","","","RO229","","","","","","","","1","","","","RO235",""
"VX7","HMP BRISTOL","Y58","QUY","CAMBRIDGE ROAD","","","BRISTOL","","BS7 8PS","20141001","","","","","","","","","","","1","","","","RO175",""
"VX8","THE HARBOUR CENTRE","Y61","T6Y0W","267A REEPHAM ROAD","","","NORWICH","","NR6 5QH","20160401","","","","","","","","","","","1","","","","RO236",""
"VXA","EBBW VALE CUSTODY CENTRE","","","28 BETHCAR STREET","","","EBBW VALE","","NP23 6UY","20141001","","","RO229","VHL","","","","","","","1","","","","RO234",""
"VXC","HMP BULLINGDON","Y59","S0E4D","BULLINGDON","PATRICK HAUGH ROAD","ARNCOTT","BICESTER","","OX25 1PZ","20141001","","","","","","","","","","","1","","","","RO175",""
"VXD","WATFORD CUSTODY CENTRE","Y61","S1Y5D","OLD FREE SCHOOL","GEORGE STREET","","WATFORD","","WD18 0BX","20141001","","","RO229","VAF","","","","","","","1","","","","RO234",""
"VXF","BLUE SKY CENTRE SARC","Y60","QWU","THE GEORGE ELIOT HOSPITAL NHS TRUST","ELIOT WAY","","NUNEATON","","CV10 7DJ","20191001","","","","","","","","","","","1","","","","RO236",""
"VXG","HMP/YOI ISIS","Y56","QKK","WESTERN WAY","","","LONDON","","SE28 0NZ","20141001","","","RO83","","","","","","","","1","","","","RO228",""
"VXH","COLINDALE CUSTODY CENTRE","Y56","Z9B2Z","GRAHAME PARK WAY","COLINDALE","","LONDON","","NW9 5TW","20141001","","","RO229","VJ5","","","","","","","1","","","","RO234",""
"VXJ","TRINITY ROAD CUSTODY CENTRE (DISTRICT HQ)","Y58","QUY","TRINITY ROAD","ST PHILLIPS","","BRISTOL","","BS2 0NW","20141001","20241231","","RO229","VA0","","","","","","","1","","","","RO234",""
"VXL","HMP FOSTON HALL","Y60","QJ2","FOSTON","","","DERBY","","DE65 5DN","20141001","","","","","","","","","","","1","","","","RO175",""
"VXM","ENFIELD CUSTODY CENTRE","Y56","Z9B2Z","41 BAKER STREET","","","ENFIELD","","EN1 3EU","20141001","","","RO229","VJ5","","","","","","","1","","","","RO234",""
"VXP","CONSETT CUSTODY CENTRE","Y63","QHM","PARLIAMENT STREET","","","CONSETT","","DH8 5DL","20141001","","","RO229","VAA","","","","","","","1","","","","RO234",""
"VXV","READING MAGISTRATES COURT","Y59","S0E4D","CIVIC CENTRE","CASTLE STREET","","READING","","RG1 7TQ","20200401","","","RO229","","","","","","","","1","","","","RO235",""
"VXW","WILTSHIRE CONSTABULARY POLICE HEADQUARTERS","Y58","QOX","LONDON ROAD","","","DEVIZES","","SN10 2DN","20030401","","","","","","","","","","","1","","","","RO233",""
"VXX","MUSWELL HILL CUSTODY CENTRE","Y56","Z9B2Z","115 FORTIS GREEN","MUSWELL HILL","","LONDON","","N2 9HW","20141001","20241231","","RO229","VJ5","","","","","","","1","","","","RO234",""
"VXY","DOVER CUSTODY CENTRE","Y59","QKS","LADYWELL","","","DOVER","","CT16 1DJ","20141001","","","RO229","VHH","","","","","","","1","","","","RO234",""
"VY3","HMP OAKWOOD","Y60","QNC","OAKS DRIVE","FEATHERSTONE","","WOLVERHAMPTON","","WV10 7QD","20141001","","","","","","","","","","","1","","","","RO175",""
"VY7","LEICESTER CROWN COURT","Y60","QK1","90 WELLINGTON STREET","","","LEICESTER","","LE1 6HG","20191001","","","RO229","","","","","","","","1","","","","RO235",""
"VYA","PADIHAM CUSTODY CENTRE","Y62","QE1","STATION ROAD","PADIHAM","","BURNLEY","","BB12 8EF","20141001","","","RO229","VAJ","","","","","","","1","","","","RO234",""
"VYF","STECHFORD CUSTODY CENTRE","Y60","QHL","338 STATION ROAD","STECHFORD","","BIRMINGHAM","","B33 8RR","20141001","","","RO229","VPT","","","","","","","1","","","","RO234",""
"VYG","HMP NOTTINGHAM","Y60","QT1","112 PERRY ROAD","SHERWOOD","","NOTTINGHAM","","NG5 3AG","20141001","","","","","","","","","","","1","","","","RO175",""
"VYH","BELGRAVIA CUSTODY CENTRE","Y56","Z9B2Z","202-206 BUCKINGHAM PALACE ROAD","","","LONDON","","SW1W 9SX","20141001","20241231","","RO229","VJ5","","","","","","","1","","","","RO234",""
"VYJ","CLARE LODGE SCH","Y61","S1Y5D","8 LINCOLN ROAD","GLINTON","","PETERBOROUGH","","PE6 7AW","20141001","","","RO83","","","","","","","","1","","","","RO231",""
"VYL","DAGENHAM AND BARKING CUSTODY CENTRE","Y56","QMF","UNIT 24","MUIRHEAD QUAY","QUAY ROAD, FRESH WHARF","BARKING","","IG11 7BG","20030401","","","RO229","VJ5","","","","","","","1","","","","RO234",""
"VYP","NEWPORT CENTRAL CUSTODY CENTRE","","","3 CARDIFF ROAD","","","NEWPORT","","NP20 2EH","20141001","","","RO229","VHL","","","","","","","1","","","","RO234",""
"VYQ","HMP CANTERBURY","Y59","QKS","46 LONGPORT","","","CANTERBURY","","CT1 1PJ","20141001","20250731","","","","","","","","","","1","","","","RO175",""
"VYY","ECCLESHILL CUSTODY CENTRE","Y63","QWO","JAVELIN HOUSE","JAVELIN CLOSE","ECCLESHILL","BRADFORD","","BD10 8SD","20141001","","","RO229","VDT","","","","","","","1","","","","RO234",""
"W1I8B","THE SHORES - DORSET SARC","Y58","QVV","5 MADEIRA ROAD","","","BOURNEMOUTH","","BH1 1QQ","20241120","","","","","","","","","","","1","","","","RO236",""
"W1X5A","OASIS RESTORE","Y59","QKS","SIR EVELYN ROAD","","","ROCHESTER","","ME1 3YB","20250701","","","RO83","","","","","","","","1","","","","RO231",""
"W2I2K","HMP FELTHAM B","Y56","Z9B2Z","BEDFONT ROAD","","","FELTHAM","","TW13 4ND","20240307","","","","","","","","","","","1","","","","RO175",""
"W4J4D","LANCASHIRE SAFE CENTRE","Y62","QE1","ROYAL PRESTON HOSPITAL","SHAROE GREEN LANE","FULWOOD","PRESTON","","PR2 9HT","20220401","","","","","","","","","","","1","","","","RO236",""
"WA5","HMP WAYLAND","Y61","T6Y0W","GRISTON","","","THETFORD","","IP25 6RL","20141001","","","","","","","","","","","1","","","","RO175",""
"WA7","IPSWICH CUSTODY CENTRE","Y61","T6Y0W","CIVIC DRIVE","","","IPSWICH","","IP1 2AW","20141001","20241231","","RO229","VAV","","","","","","","1","","","","RO234",""
"WA8","HMP FAILOVER PRISON 1","Y58","QOX","ROLLESTONE CAMP","ROLLESTONE CROSSROADS","SHREWTON","SALISBURY","","SP3 4DS","20200401","20241231","","","","","","","","","","1","","","","RO175",""
"WAA","WOODBRIDGE CUSTODY CENTRE","Y61","T6Y0W","GRUNDISBURGH ROAD","","","WOODBRIDGE","","IP12 4HG","20141001","20241231","","RO229","VAV","","","","","","","1","","","","RO234",""
"WAD","WALSALL SARC","Y60","QUA","2A IDA ROAD","","","WALSALL","","WS2 9SR","20191001","","","","","","","","","","","1","","","","RO236",""
"WAE","WHICKHAM CUSTODY CENTRE","Y63","QHM","FRONT STREET","WHICKHAM","","NEWCASTLE UPON TYNE","","NE16 4HE","20141001","","","RO229","VAR","","","","","","","1","","","","RO234",""
"WAF","KINGSTON CUSTODY CENTRE","Y56","QWE","5-7 HIGH STREET","","","KINGSTON UPON THAMES","","KT1 1LB","20141001","","","RO229","VJ5","","","","","","","1","","","","RO234",""
"WAH","HMP PENTONVILLE","Y56","Z9B2Z","NORTH WALL GATE","PENTONVILLE","CALEDONIAN ROAD","LONDON","","N7 8TT","20141001","","","","","","","","","","","1","","","","RO175",""
"WAJ","MEDWAY STC","Y59","QKS","SIR EVELYN ROAD","","","ROCHESTER","","ME1 3YB","20141001","20241231","","RO83","","","","","","","","1","","","","RO230",""
"WAL","BARKING CUSTODY CENTRE","Y56","QMF","2 RIPPLE ROAD","","","BARKING","","IG11 7NF","20141001","20241231","","RO229","VJ5","","","","","","","1","","","","RO234",""
"WAP","WIMBLEDON CUSTODY CENTRE","Y56","QWE","WIMBLEDON POLICE STATION","15-23 QUEENS ROAD","WIMBLEDON","LONDON","","SW19 8NN","20141001","","","RO229","VJ5","","","","","","","1","","","","RO234",""
"WAR","SOUTHAMPTON COMBINED COURT CENTRE","Y59","QRL","COURTS OF JUSTICE","LONDON ROAD","","SOUTHAMPTON","","SO15 2XQ","20200401","","","RO229","","","","","","","","1","","","","RO235",""
"WAW","TEDDINGTON CUSTODY CENTRE","Y56","QWE","18 PARK ROAD","","","TEDDINGTON","","TW11 0AQ","20141001","20241231","","RO229","VJ5","","","","","","","1","","","","RO234",""
"WAX","HUDDERSFIELD CUSTODY CENTRE","Y63","QWO","CASTLEGATE POLICE STATION","CASTLEGATE","","HUDDERSFIELD","","HD1 2NJ","20141001","","","RO229","VDT","","","","","","","1","","","","RO234",""
"WC0","WILLESDEN MAGISTRATES COURT","Y56","Z9B2Z","448 HIGH ROAD","","","LONDON","","NW10 2DZ","20191001","","","RO229","","","","","","","","1","","","","RO235",""
"WC5","THE VERNE IMMIGRATION REMOVAL CENTRE","Y58","QVV","THE VERNE","","","PORTLAND","","DT5 1EQ","20141001","20241231","","RO83","","","","","","","","1","","","","RO232",""
"WC6","PETERLEE CUSTODY CENTRE","Y63","QHM","ST. AIDANS WAY","","","PETERLEE","","SR8 1QR","20141001","","","RO229","VAA","","","","","","","1","","","","RO234",""
"WC8","TELFORD POLICE STATION","Y60","QOC","DIVISIONAL HEADQUARTERS","MALINSGATE POLICE STATION","MALINSGATE","TELFORD","","TF3 4HW","20170401","","","RO229","WLX","","","","","","","1","","","","RO234",""
"WC9","MANCHESTER & SALFORD MAGISTRATES COURT","Y62","QOP","CROWN SQUARE","","","MANCHESTER","","M60 1PR","20160401","","","RO229","","","","","","","","1","","","","RO235",""
"WCC","HMP KIRKHAM","Y62","QE1","FRECKLETON ROAD","KIRKHAM","","PRESTON","","PR4 2RN","20141001","","","","","","","","","","","1","","","","RO175",""
"WCD","PLYMOUTH COMBINED COURT","Y58","QJK","THE LAW COURTS","ARMADA WAY","","PLYMOUTH","","PL1 2ER","20191001","","","RO229","","","","","","","","1","","","","RO235",""
"WCE","HATFIELD CUSTODY CENTRE","Y61","S1Y5D","COMET WAY","","","HATFIELD","","AL10 9SJ","20141001","","","RO229","VAF","","","","","","","1","","","","RO234",""
"WCH","FELTHAM CUSTODY CENTRE","Y56","Z9B2Z","34 HANWORTH ROAD","","","FELTHAM","","TW13 5BD","20141001","","","RO229","VJ5","","","","","","","1","","","","RO234",""
"WCJ","KEMPSTON CUSTODY CENTRE (COUNTY DIVISION)","Y61","S1Y5D","HALSEY ROAD","KEMPSTON","","BEDFORD","","MK42 8AX","20141001","","","RO229","VA1","","","","","","","1","","","","RO234",""
"WCK","BARNET CUSTODY CENTRE","Y56","Z9B2Z","26-32 HIGH STREET","","","BARNET","","EN5 5RU","20141001","20241231","","RO229","VJ5","","","","","","","1","","","","RO234",""
"WCL","COLCHESTER CUSTODY CENTRE","Y61","D7T5G","10 SOUTHWAY","","","COLCHESTER","","CO3 3BU","20141001","","","RO229","WCM","","","","","","","1","","","","RO234",""
"WCM","ESSEX CONSTABULARY POLICE HEADQUARTERS","Y61","D7T5G","PO BOX 2","SPRINGFIELD","","CHELMSFORD","","CM2 6DA","20030401","","","","","","","","","","","1","","","","RO233",""
"WCQ","MOLD CUSTODY CENTRE","","","KING STREET","","","MOLD","","CH7 1EF","20141001","","","RO229","VK5","","","","","","","1","","","","RO234",""
"WCR","HAVERHILL CUSTODY CENTRE","Y61","T6Y0W","SWAN LANE","","","HAVERHILL","","CB9 9EQ","20141001","20241231","","RO229","VAV","","","","","","","1","","","","RO234",""
"WCW","GLOUCESTER CROWN COURT","Y58","QR1","LONGSMITH STREET","","","GLOUCESTER","","GL1 2TS","20141001","","","RO229","","","","","","","","1","","","","RO235",""
"WCX","KIDDERMINSTER MAGISTRATES' COURT","Y60","QGH","COMBERTON PLACE","","","KIDDERMINSTER","","DY10 1QQ","20191001","","","RO229","","","","","","","","1","","","","RO235",""
"WCY","CHESTER MAGISTRATES COURT","Y62","QYG","GROSVENOR STREET","","","CHESTER","","CH1 2XA","20171001","","","RO229","","","","","","","","1","","","","RO235",""
"WD0","KENNINGTON CUSTODY CENTRE","Y56","QKK","VAUXHALL POLICE STATION","49-51 KENNINGTON ROAD","","LONDON","","SE1 7QA","20141001","","","RO229","VJ5","","","","","","","1","","","","RO234",""
"WD4","SOUTHEND MAGISTRATES' COURT","Y61","D7T5G","THE COURT HOUSE","VICTORIA AVENUE","","SOUTHEND-ON-SEA","","SS2 6EU","20191001","","","RO229","","","","","","","","1","","","","RO235",""
"WD5","HAVERFORDWEST CUSTODY CENTRE","","","HAVERFORDWEST POLICE STATION","MERLINS HILL","","HAVERFORDWEST","","SA61 1PE","20141001","","","RO229","WW5","","","","","","","1","","","","RO234",""
"WD6","YARL'S WOOD REMOVAL CENTRE","Y61","S1Y5D","TWINWOODS BUSINESS PARK","THURLEIGH ROAD","MILTON ERNEST","BEDFORD","","MK44 1FD","20141001","","","RO83","","","","","","","","1","","","","RO232",""
"WDA","BROMBOROUGH CUSTODY CENTRE","Y62","QYG","BROMBOROUGH VILLAGE ROAD","","","WIRRAL","","CH62 7ER","20141001","20241231","","RO229","VAM","","","","","","","1","","","","RO234",""
"WDC","HMP/ YOI DRAKE HALL","Y60","QNC","DRAKE HALL","ECCLESHALL","","STAFFORD","","ST21 6LQ","20141001","","","RO83","","","","","","","","1","","","","RO228",""
"WDE","HAMMERSMITH CUSTODY CENTRE","Y56","Z9B2Z","HAMMERSMITH POLICE STATION","226 SHEPHERDS BUSH ROAD","","LONDON","","W6 7NX","20141001","","","RO229","VER","","","","","","","1","","","","RO234",""
"WDK","GLOUCESTER CITY CUSTODY CENTRE","Y58","QR1","BEARLAND","","","GLOUCESTER","","GL1 2JP","20141001","","","RO229","VAC","","","","","","","1","","","","RO234",""
"WDL","COPPERFIELD HOUSE CUSTODY CENTRE","Y56","QKK","CHARLES DICKENS TERRACE","MAPLE ROAD","","LONDON","","SE20 8RE","20141001","20241231","","RO229","VJ5","","","","","","","1","","","","RO234",""
"WDM","STAPLE HILL CUSTODY CENTRE (DISTRICT HQ)","Y58","QUY","BROAD STREET","STAPLE HILL","","BRISTOL","","BS16 5LX","20141001","20241231","","RO229","VA0","","","","","","","1","","","","RO234",""
"WDN","BOLTON MAGISTRATES COURT","Y62","QOP","BLACKHORSE STREET","","","BOLTON","","BL1 1SU","20160401","","","RO229","","","","","","","","1","","","","RO235",""
"WDR","MAINDEE CUSTODY CENTRE","","","81 CHEPSTOW ROAD","","","NEWPORT","","NP19 8XD","20141001","20241231","","RO229","VHL","","","","","","","1","","","","RO234",""
"WDV","BEXLEYHEATH CUSTODY CENTRE","Y56","QKK","2 ARNSBERG WAY","","","BEXLEYHEATH","","DA7 4QS","20141001","","","RO229","VJ5","","","","","","","1","","","","RO234",""
"WDY","GILLBRIDGE AVENUE CUSTODY CENTRE","Y63","QHM","GILL BRIDGE AVENUE","","","SUNDERLAND","","SR1 3AW","20141001","20241231","","RO229","VAR","","","","","","","1","","","","RO234",""
"WE0","DOLGELLAU CUSTODY CENTRE","","","BARMOUTH ROAD","","","DOLGELLAU","","LL40 2YT","20141001","20241231","","RO229","VK5","","","","","","","1","","","","RO234",""
"WEA","BRIDPORT CUSTODY CENTRE","Y58","QVV","BRIDPORT POLICE STATION","TANNERY ROAD","","BRIDPORT","","DT6 3TP","20141001","","","RO229","VA9","","","","","","","1","","","","RO234",""
"WEC","HMP LONG LARTIN","Y60","QGH","SOUTH LITTLETON","","","EVESHAM","","WR11 8TZ","20141001","","","","","","","","","","","1","","","","RO175",""
"WEF","DAGENHAM CUSTODY CENTRE","Y56","QMF","POLICE STATION","RAINHAM ROAD SOUTH","","DAGENHAM","","RM10 7TU","20141001","","","RO229","VJ5","","","","","","","1","","","","RO234",""
"WEJ","CHICHESTER CUSTODY CENTRE","Y59","S9B9J","POLICE STATION","KINGSHAM ROAD","","CHICHESTER","","PO19 8AD","20141001","","","RO229","VAX","","","","","","","1","","","","RO234",""
"WEM","GREAT YARMOUTH CUSTODY CENTRE","Y61","T6Y0W","THAMESFIELD WAY","","","GREAT YARMOUTH","","NR31 0DN","20141001","","","RO229","VAN","","","","","","","1","","","","RO234",""
"WEN","SWANWICK LODGE SCH","Y59","QRL","GLEN ROAD","SWANWICK","","SOUTHAMPTON","","SO31 7HD","20141001","","","RO83","","","","","","","","1","","","","RO231",""
"WEQ","PLUMSTEAD CUSTODY CENTRE","Y56","QKK","PLUMSTEAD POLICE STATION","200 PLUMSTEAD HIGH STREET","","LONDON","","SE18 1JY","20141001","","","RO229","VJ5","","","","","","","1","","","","RO234",""
"WER","FLEETWOOD CUSTODY CENTRE","Y62","QE1","NORTH CHURCH STREET","","","FLEETWOOD","","FY7 6HJ","20141001","","","RO229","VAJ","","","","","","","1","","","","RO234",""
"WET","PETERBOROUGH MAGISTRATES' COURT","Y61","S1Y5D","BRIDGE STREET","","","PETERBOROUGH","","PE1 1ED","20191001","","","RO229","","","","","","","","1","","","","RO235",""
"WEV","EAST GRINSTEAD CUSTODY CENTRE","Y59","S9B9J","CHEQUER MEAD COMMUNITY ARTS CENTRE","DE LA WARR ROAD","","EAST GRINSTEAD","","RH19 3BS","20141001","","","RO229","VAX","","","","","","","1","","","","RO234",""
"WEX","NEW MALDEN CUSTODY CENTRE","Y56","QWE","C I TOWER","ST. GEORGES SQUARE","HIGH STREET","NEW MALDEN","","KT3 4DN","20141001","20241231","","RO229","VJ5","","","","","","","1","","","","RO234",""
"WEY","CORBY CUSTODY CENTRE","Y60","QPM","ELIZABETH STREET","","","CORBY","","NN17 1SH","20141001","20241231","","RO229","VAQ","","","","","","","1","","","","RO234",""
"WF3","FRED PERRY HOUSE CUSTODY CENTRE","Y62","QOP","EDWARD STREET","","","STOCKPORT","","SK1 3UR","20141001","20241231","","RO229","VAD","","","","","","","1","","","","RO234",""
"WF8","PENISTONE CUSTODY CENTRE","Y63","QF7","PENISTONE POLICE STATION","1 BRIDGE STREET","PENISTONE","SHEFFIELD","","S36 6AJ","20141001","","","RO229","VAT","","","","","","","1","","","","RO234",""
"WF9","HMP/ YOI PARC","","","HEOL HOPCYN JOHN","COITY","","BRIDGEND","","CF35 6AP","20141001","","","RO83","","","","","","","","1","","","","RO228",""
"WFC","BRIDGWATER CUSTODY CENTRE","Y58","QSL","POLICE CENTRE","EXPRESS PARK","BRISTOL ROAD","BRIDGWATER","","TA6 4RR","20141001","","","RO229","VA0","","","","","","","1","","","","RO234",""
"WFD","SOLIHULL CUSTODY CENTRE","Y60","QHL","HOMER ROAD","","","SOLIHULL","","B91 3QL","20141001","","","RO229","VPT","","","","","","","1","","","","RO234",""
"WFE","CARDIFF BAY CUSTODY CENTRE","","","JAMES STREET","","","CARDIFF","","CF10 5EW","20141001","","","RO229","VX2","","","","","","","1","","","","RO234",""
"WFF","HMP LOW NEWTON","Y63","QHM","FINCHALE AVENUE","BRASSIDE","","DURHAM","","DH1 5YA","20141001","","","","","","","","","","","1","","","","RO175",""
"WFG","SOUTH SHIELDS CUSTODY CENTRE","Y63","QHM","MILLBANK","STATION ROAD","","SOUTH SHIELDS","","NE33 1RR","20141001","","","RO229","VAR","","","","","","","1","","","","RO234",""
"WFH","MIDDLESBROUGH POLICE HEADQUARTERS","Y63","QHM","BRIDGE STREET WEST","","","MIDDLESBROUGH","","TS2 1AB","20180401","","","","","","","","","","","1","","","","RO233",""
"WFJ","ST ALBANS CUSTODY CENTRE","Y61","S1Y5D","CIVIC CENTRE","ST. PETERS STREET","","ST. ALBANS","","AL1 3JE","20141001","","","RO229","VAF","","","","","","","1","","","","RO234",""
"WFL","AYLESBURY CUSTODY SUITE","Y59","S0E4D","DIVISIONAL HEADQUARTERS","WENDOVER ROAD","","AYLESBURY","","HP21 7LA","20200401","","","RO229","VAY","","","","","","","1","","","","RO234",""
"WFM","SOUTHEND CUSTODY CENTRE","Y61","D7T5G","VICTORIA AVENUE","","","SOUTHEND-ON-SEA","","SS2 6ES","20141001","","","RO229","WCM","","","","","","","1","","","","RO234",""
"WFN","ELTHAM CUSTODY CENTRE","Y56","QKK","20 WELL HALL ROAD","ELTHAM","","LONDON","","SE9 6SF","20141001","20241231","","RO229","VJ5","","","","","","","1","","","","RO234",""
"WFQ","WILLENHALL CUSTODY CENTRE","Y60","QUA","JOHN STREET","","","WILLENHALL","","WV13 1PJ","20141001","20241231","","RO229","VPT","","","","","","","1","","","","RO234",""
"WFR","LLANELLI CUSTODY CENTRE","","","HEOL AUR","DAFEN INDUSTRIAL ESTATE","DAFEN","LLANELLI","","SA14 8QN","20141001","","","RO229","WW5","","","","","","","1","","","","RO234",""
"WFT","BRECON CUSTODY CENTRE","","","BRECON POLICE STATION","PLAS Y FFYNNON","CAMBRIAN WAY","BRECON","","LD3 7HP","20141001","","","RO229","WW5","","","","","","","1","","","","RO234",""
"WFV","HMP KENNET","Y62","QYG","PARKBOURN","MAGHULL","","LIVERPOOL","","L31 1HX","20141001","20250731","","","","","","","","","","1","","","","RO175",""
"WFY","HMP WHATTON","Y60","QT1","NEW LANE","WHATTON","","NOTTINGHAM","","NG13 9FQ","20141001","","","","","","","","","","","1","","","","RO175",""
"WG0","UXBRIDGE CUSTODY CENTRE","Y56","Z9B2Z","1 WARWICK PLACE","","","UXBRIDGE","","UB8 1PG","20030401","","","RO229","VJ5","","","","","","","1","","","","RO234",""
"WG3","HMP BRONZEFIELD","Y59","S9B9J","WOODTHORPE ROAD","","","ASHFORD","","TW15 3JZ","20141001","","","","","","","","","","","1","","","","RO175",""
"WG4","HMP ROCHESTER","Y59","QKS","1 FORT ROAD","","","ROCHESTER","","ME1 3QS","20141001","","","","","","","","","","","1","","","","RO175",""
"WG6","HMP COLDINGLEY","Y59","S9B9J","SHAFTESBURY ROAD","BISLEY","","WOKING","","GU24 9EX","20141001","","","","","","","","","","","1","","","","RO175",""
"WG8","HILLSIDE SECURE CENTRE","","","BURNSIDE","","","NEATH","","SA11 1UL","20150401","","","RO83","","","","","","","","1","","","","RO231",""
"WGC","HMP DOWNVIEW","Y59","S9B9J","SUTTON LANE","","","SUTTON","","SM2 5PD","20141001","","","","","","","","","","","1","","","","RO175",""
"WGD","WHITLEY BAY CUSTODY CENTRE","Y63","QHM","UNIT 21","PARK VIEW SHOPPING CENTRE","PARK AVENUE","WHITLEY BAY","","NE26 2TJ","20141001","","","RO229","VAR","","","","","","","1","","","","RO234",""
"WGF","BOLTON CENTRAL CUSTODY CENTRE","Y62","QOP","10 SCHOLEY STREET","","","BOLTON","","BL2 1HX","20141001","","","RO229","VAD","","","","","","","1","","","","RO234",""
"WGG","LEAMINGTON CUSTODY CENTRE","Y60","QWU","NEWBOLD TERRACE","","","LEAMINGTON SPA","","CV32 4EA","20141001","","","RO229","WND","","","","","","","1","","","","RO234",""
"WGM","HMP/ YOI DONCASTER","Y63","QF7","MARSHGATE","","","DONCASTER","","DN5 8UX","20141001","","","RO83","","","","","","","","1","","","","RO228",""
"WGN","HOVE CUSTODY CENTRE","Y59","S9B9J","HOLLAND ROAD","","","HOVE","","BN3 1JY","20141001","20241231","","RO229","VAX","","","","","","","1","","","","RO234",""
"WGR","WANDSWORTH CUSTODY CENTRE","Y56","QWE","146 WANDSWORTH HIGH STREET","","","LONDON","","SW18 4JJ","20141001","","","RO229","VJ5","","","","","","","1","","","","RO234",""
"WGT","MORECAMBE CUSTODY CENTRE","Y62","QE1","21 POULTON SQUARE","","","MORECAMBE","","LA4 5PZ","20141001","","","RO229","VAJ","","","","","","","1","","","","RO234",""
"WGW","HMP NORTH SEA CAMP","Y60","QJM","CROPPERS LANE","FREISTON","","BOSTON","","PE22 0QX","20141001","","","","","","","","","","","1","","","","RO175",""
"WH0","MIDDLEWICH CUSTODY SUITE","Y62","QYG","POCHIN WAY","","","MIDDLEWICH","","CW10 0GY","20161001","","","RO229","VA3","","","","","","","1","","","","RO234",""
"WH7","FARRINGDON HALL CUSTODY CENTRE","Y63","QHM","PRIMATE ROAD","","","SUNDERLAND","","SR3 1TQ","20141001","20241231","","RO229","VAR","","","","","","","1","","","","RO234",""
"WH8","WALWORTH CUSTODY CENTRE","Y56","QKK","12-28 MANOR PLACE","","","LONDON","","SE17 3BB","20141001","","","RO229","VJ5","","","","","","","1","","","","RO234",""
"WH9","KEYNSHAM CUSTODY CENTRE","Y58","QOX","ASHMEAD ROAD","KEYNSHAM","","BRISTOL","","BS31 1SX","20141001","","","RO229","VA0","","","","","","","1","","","","RO234",""
"WHD","CAMBRIDGE MAGISTRATES' COURT","Y61","S1Y5D","12 ST. ANDREWS STREET","","","CAMBRIDGE","","CB2 3AX","20191001","","","RO229","","","","","","","","1","","","","RO235",""
"WHG","LLANDUDNO CUSTODY CENTRE","","","OXFORD ROAD","","","LLANDUDNO","","LL30 1DH","20141001","","","RO229","VK5","","","","","","","1","","","","RO234",""
"WHK","WEEKLY WOODS CUSTODY CENTRE","Y60","QPM","CHERRY HALL ROAD","NORTH KETTERING BUSINESS PARK","","KETTERING","","NN14 1UE","20191001","","","RO229","","","","","","","","1","","","","RO235",""
"WHL","BROMLEY MAGISTRATES' COURT","Y56","QKK","THE COURT HOUSE","1 LONDON ROAD","","BROMLEY","","BR1 1RA","20141001","","","RO229","","","","","","","","1","","","","RO235",""
"WHM","DUDLEY CUSTODY CENTRE","Y60","QUA","NEW STREET","","","DUDLEY","","DY1 1LZ","20141001","20250331","","RO229","VPT","","","","","","","1","","","","RO234",""
"WHN","LUTON CROWN COURT","Y61","S1Y5D","7 GEORGE STREET","","","LUTON","","LU1 2AA","20191001","","","RO229","","","","","","","","1","","","","RO235",""
"WHP","HMP ONLEY","Y60","QPM","WILLOUGHBY","","","RUGBY","","CV23 8AP","20141001","","","","","","","","","","","1","","","","RO175",""
"WHR","SWANSEA CUSTODY CENTRE","","","GROVE PLACE","","","SWANSEA","","SA1 5EA","20141001","","","RO229","VX2","","","","","","","1","","","","RO234",""
"WHT","ABERGAVENNY CUSTODY CENTRE","","","TUDOR STREET","","","ABERGAVENNY","","NP7 5YL","20141001","20250331","","RO229","VHL","","","","","","","1","","","","RO234",""
"WHV","HMP HIGHPOINT NORTH","Y61","T6Y0W","STRADISHALL","","","NEWMARKET","","CB8 9YN","20141001","","","","","","","","","","","1","","","","RO175",""
"WHX","BATH CUSTODY CENTRE (DISTRICT HQ)","Y58","QOX","3-4 MANVERS STREET","","","BATH","","BA1 1JQ","20141001","","","RO229","VA0","","","","","","","1","","","","RO234",""
"WHY","HMP DOVEGATE","Y60","QNC","DOVEGATE","","","UTTOXETER","","ST14 8XR","20141001","","","","","","","","","","","1","","","","RO175",""
"WJ6","HMP USK","","","47 MARYPORT STREET","","","USK","","NP15 1XP","20141001","","","","","","","","","","","1","","","","RO175",""
"WJ7","WATLING STREET POLICE STATION","Y60","QNC","WATLING HOUSE","WATLING STREET","GAILEY","STAFFORD","","ST19 5PR","20170401","","","RO229","WTG","","","","","","","1","","","","RO234",""
"WJ8","HMP NORTHUMBERLAND","Y63","QHM","ACKLINGTON","","","MORPETH","","NE65 9XG","20141001","","","","","","","","","","","1","","","","RO175",""
"WJ9","HMP WYMOTT","Y62","QE1","ULNES WALTON LANE","","","LEYLAND","","PR26 8LW","20141001","","","","","","","","","","","1","","","","RO175",""
"WJA","HMP/YOI/RC GLEN PARVA","Y60","QK1","10 TIGERS ROAD","","","WIGSTON","","LE18 4TN","20141001","20230228","","RO83","","","","","","","","1","","","","RO228",""
"WJD","DERBY CUSTODY CENTRE","Y60","QJ2","ST MARY'S WHARF","PRIME PARK WAY","","DERBY","","DE1 3AB","20150401","","","RO229","VA7","","","","","","","1","","","","RO234",""
"WJE","BURTON POLICE STATION","Y60","QNC","HORNINGLOW STREET","","","BURTON-ON-TRENT","","DE14 1PA","20170401","","","RO229","WTG","","","","","","","1","","","","RO234",""
"WJF","CARLISLE CUSTODY CENTRE","Y63","QHM","BRUNEL WAY","DURRANHILL INDUSTRIAL ESTATE","","CARLISLE","","CA1 3NQ","20150401","","","RO229","VA6","","","","","","","1","","","","RO234",""
"WJJ","WEST END CENTRAL CUSTODY CENTRE","Y56","Z9B2Z","27 SAVILE ROW","","","LONDON","","W1S 2EX","20141001","20250331","","RO229","VJ5","","","","","","","1","","","","RO234",""
"WJK","HMP BERWYN","","","139 BRIDGE ROAD","WREXHAM INDUSTRIAL ESTATE","","WREXHAM","","LL13 9QE","20170227","","","","","","","","","","","1","","","","RO175",""
"WJL","HMP/ YOI HOLLESLEY BAY","Y61","T6Y0W","RECTORY ROAD","HOLLESLEY","","WOODBRIDGE","","IP12 3JW","20141001","","","RO83","","","","","","","","1","","","","RO228",""
"WJP","SOUTHAMPTON POLICE CUSTODY SUITE","Y59","QRL","SOUTHERN ROAD","","","SOUTHAMPTON","","SO15 1AN","20171001","","","RO229","VAE","","","","","","","1","","","","RO234",""
"WJQ","EMPRESS STATE BUILDING CUSTODY CENTRE","Y56","Z9B2Z","15TH FLOOR","EMPRESS STATE BUILDING","EMPRESS APPROACH","LONDON","","SW6 1TR","20141001","","","RO229","VJ5","","","","","","","1","","","","RO234",""
"WJV","BANBURY CUSTODY SUITE","Y59","S0E4D","BANBURY POLICE STATION","WARWICK ROAD","","BANBURY","","OX16 2AE","20200401","","","RO229","VAY","","","","","","","1","","","","RO234",""
"WJW","STOKE ON TRENT SARC","Y60","QNC","CORBRIDGE COMMUNITY HEALTH CENTRE","CHURCH TERRACE","","STOKE-ON-TRENT","","ST6 2JN","20191001","","","","","","","","","","","1","","","","RO236",""
"WK0","TRURO COMBINED COURT","Y58","QT6","COURTS OF JUSTICE","EDWARD STREET","","TRURO","","TR1 2PB","20191001","","","RO229","","","","","","","","1","","","","RO235",""
"WK2","STAFFORD POLICE STATION","Y60","QNC","STAFFORDSHIRE POLICE","EASTGATE STREET","","STAFFORD","","ST16 2DQ","20170401","20250331","","RO229","WTG","","","","","","","1","","","","RO234",""
"WK3","YSTRADGYNLAIS CUSTODY CENTRE","","","STATION ROAD","YSTRADGYNLAIS","","SWANSEA","","SA9 1NZ","20141001","","","RO229","WW5","","","","","","","1","","","","RO234",""
"WK7","ASHTON CUSTODY CENTRE","Y62","QOP","MANCHESTER ROAD","","","ASHTON-UNDER-LYNE","","OL7 0BQ","20141001","","","RO229","VAD","","","","","","","1","","","","RO234",""
"WK8","SUTTON COLDFIELD CUSTODY CENTRE","Y60","QHL","LICHFIELD ROAD","","","SUTTON COLDFIELD","","B74 2NR","20141001","20250331","","RO229","VPT","","","","","","","1","","","","RO234",""
"WK9","HMYOI HATFIELD","Y63","QF7","THORNE ROAD","HATFIELD","","DONCASTER","","DN7 6EL","20141001","","","RO83","","","","","","","","1","","","","RO228",""
"WKA","SPALDING CUSTODY CENTRE","Y60","QJM","POLICE STATION","WESTLODE STREET","","SPALDING","","PE11 2AF","20141001","","","RO229","VAL","","","","","","","1","","","","RO234",""
"WKC","SUTTON CUSTODY CENTRE","Y56","QWE","POLICE STATION","6 CARSHALTON ROAD","","SUTTON","","SM1 4RF","20141001","","","RO229","VJ5","","","","","","","1","","","","RO234",""
"WKD","SALISBURY LAW COURTS","Y58","QOX","THE COURT HOUSE","WILTON ROAD","","SALISBURY","","SP2 7EP","20191001","","","RO229","","","","","","","","1","","","","RO235",""
"WKG","NEWQUAY CUSTODY CENTRE","Y58","QT6","POLICE STATION","TOLCARNE ROAD","","NEWQUAY","","TR7 1DD","20030401","","","RO229","VA8","","","","","","","1","","","","RO234",""
"WKJ","SOUTHWARK CROWN COURT","Y56","QKK","1 ENGLISH GROUNDS","","","LONDON","","SE1 2HU","20191001","","","RO229","","","","","","","","1","","","","RO235",""
"WKK","WALTHAMSTOW TOWN CENTRE POLICE OFFICE","Y56","QMF","191-193 HIGH STREET","WALTHAMSTOW","","LONDON","","E17 7BX","20141001","20250331","","RO229","VJ5","","","","","","","1","","","","RO234",""
"WKM","BRAINTREE CUSTODY CENTRE","Y61","D7T5G","POLICE STATION","BLYTHS MEADOW","","BRAINTREE","","CM7 3DJ","20141001","","","RO229","WCM","","","","","","","1","","","","RO234",""
"WKN","NORTH TYNESIDE AREA COMMAND HQ","Y63","QHM","MIDDLE ENGINE LANE","","","WALLSEND","","NE28 9NT","20150401","","","RO229","VAR","","","","","","","1","","","","RO234",""
"WKQ","ABERDARE CUSTODY CENTRE","","","CROSS STREET","","","ABERDARE","","CF44 7EG","20141001","","","RO229","VX2","","","","","","","1","","","","RO234",""
"WKR","BOLTON CROWN COURT","Y62","QOP","BLACKHORSE STREET","","","BOLTON","","BL1 1SU","20141001","","","RO229","","","","","","","","1","","","","RO235",""
"WKT","ROCHDALE CUSTODY CENTRE","Y62","QOP","THE HOLME","THE ESPLANADE","","ROCHDALE","","OL16 1AG","20141001","","","RO229","VAD","","","","","","","1","","","","RO234",""
"WKV","KILLINGBECK CUSTODY CENTRE","Y63","QWO","FOUNDRY LANE","SEACROFT","","LEEDS","","LS14 6NN","20141001","20250331","","RO229","VDT","","","","","","","1","","","","RO234",""
"WKX","DOVER IMMIGRATION REMOVAL CENTRE","Y59","QKS","THE CITADEL","WESTERN HEIGHTS","","DOVER","","CT17 9DR","20141001","20241231","","RO83","","","","","","","","1","","","","RO232",""
"WL1","LINCOLNSHIRE SARC","Y60","QJM","SPRING LODGE","12 DEAN ROAD","","LINCOLN","","LN2 4DR","20191001","","","","","","","","","","","1","","","","RO236",""
"WL2","CHELMSFORD CUSTODY CENTRE","Y61","D7T5G","POLICE STATION","NEW STREET","","CHELMSFORD","","CM1 1NF","20141001","","","RO229","WCM","","","","","","","1","","","","RO234",""
"WL4","HMP SWALESIDE","Y59","QKS","BRABAZON ROAD","EASTCHURCH","","SHEERNESS","","ME12 4AX","20141001","","","","","","","","","","","1","","","","RO175",""
"WL5","HERTFORD CUSTODY CENTRE","Y61","S1Y5D","HERTFORD POLICE STATION","HALE ROAD","","HERTFORD","","SG13 8FL","20141001","","","RO229","VAF","","","","","","","1","","","","RO234",""
"WL6","EXETER MAGISTRATES' COURT - NORTH AND EAST DEVON","Y58","QJK","THE COURT HOUSE","HEAVITREE ROAD","","EXETER","","EX1 2LS","20141001","20250531","","RO229","","","","","","","","1","","","","RO235",""
"WL7","PORT TALBOT CUSTODY CENTRE","","","STATION ROAD","","","PORT TALBOT","","SA13 1JB","20141001","20250331","","RO229","VX2","","","","","","","1","","","","RO234",""
"WL8","EASTBOURNE CUSTODY CENTRE","Y59","S9B9J","GROVE ROAD","","","EASTBOURNE","","BN21 4TW","20141001","","","RO229","VAX","","","","","","","1","","","","RO234",""
"WL9","MILDENHALL CUSTODY CENTRE","Y61","T6Y0W","POLICE STATION","RAINGATE STREET","","BURY ST. EDMUNDS","","IP33 2AP","20141001","","","RO229","VAV","","","","","","","1","","","","RO234",""
"WLA","RAYLEIGH CUSTODY CENTRE","Y61","D7T5G","RAYLEIGH POLICE STATION","119 HIGH STREET","","RAYLEIGH","","SS6 7QB","20141001","","","RO229","WCM","","","","","","","1","","","","RO234",""
"WLC","HOLBORN CUSTODY CENTRE","Y56","Z9B2Z","10 LAMBS CONDUIT STREET","","","LONDON","","WC1N 3NR","20141001","","","RO229","VJ5","","","","","","","1","","","","RO234",""
"WLE","LANCASTER CUSTODY CENTRE","Y62","QE1","LANCASTER POLICE STATION","THURNHAM STREET","","LANCASTER","","LA1 1YB","20141001","","","RO229","VAJ","","","","","","","1","","","","RO234",""
"WLF","EUSTON STREET CUSTODY CENTRE","Y60","QK1","EUSTON STREET","","","LEICESTER","","LE2 7SZ","20150401","20250331","","RO229","VAK","","","","","","","1","","","","RO234",""
"WLG","BURY CUSTODY CENTRE","Y62","QOP","BURY DIVISIONAL HEADQUARTERS","DUNSTER ROAD","","BURY","","BL9 0RD","20141001","","","RO229","VAD","","","","","","","1","","","","RO234",""
"WLH","READING CROWN COURT","Y59","S0E4D","THE OLD SHIRE HALL","THE FORBURY","","READING","","RG1 3EH","20200401","","","RO229","","","","","","","","1","","","","RO235",""
"WLJ","BIRMINGHAM MAGISTRATES' COURT","Y60","QHL","VICTORIA LAW COURTS","CORPORATION STREET","","BIRMINGHAM","","B4 6QA","20191001","","","RO229","","","","","","","","1","","","","RO235",""
"WLK","LEIGH CUSTODY CENTRE","Y62","QOP","CHAPEL STREET","","","LEIGH","","WN7 2PS","20141001","20250331","","RO229","VAD","","","","","","","1","","","","RO234",""
"WLL","ATKINSON UNIT SCH","Y58","QJK","ATKINSON CLOSE","BEACON LANE","","EXETER","","EX4 8NA","20141001","","","RO83","","","","","","","","1","","","","RO231",""
"WLP","UXBRIDGE MAGISTRATES COURT","Y56","Z9B2Z","HAREFIELD ROAD","","","UXBRIDGE","","UB8 1PQ","20191001","","","RO229","","","","","","","","1","","","","RO235",""
"WLQ","STRATFORD CUSTODY CENTRE","Y56","QMF","STRATFORD POLICE STATION","18 WEST HAM LANE","STRATFORD","LONDON","","E15 4SG","20141001","","","RO229","VJ5","","","","","","","1","","","","RO234",""
"WLR","THE EMERALD CENTRE","Y61","S1Y5D","BEDFORD HEALTH VILLAGE","THE ENHANCED SERVICES CENTRE","3 KIMBOLTON ROAD","BEDFORD","","MK40 2NT","20160401","20250731","","","","","","","","","","1","","","","RO236",""
"WLT","WOOD GREEN CUSTODY CENTRE","Y56","Z9B2Z","347 HIGH ROAD","WOOD GREEN","","LONDON","","N22 8JA","20141001","","","RO229","VJ5","","","","","","","1","","","","RO234",""
"WLV","HMP LINCOLN","Y60","QJM","GREETWELL ROAD","","","LINCOLN","","LN2 4BD","20141001","","","","","","","","","","","1","","","","RO175",""
"WLX","WEST MERCIA CONSTABULARY POLICE HEADQUARTERS","Y60","QGH","HINDLIP HALL","HINDLIP","","WORCESTER","","WR3 8SP","20030401","","","","","","","","","","","1","","","","RO233",""
"WLY","PADDINGTON GREEN CUSTODY CENTRE","Y56","Z9B2Z","2-4 HARROW ROAD","","","LONDON","","W2 1XJ","20141001","20250331","","RO229","VJ5","","","","","","","1","","","","RO234",""
"WM2","MANCHESTER CROWN COURT (CROWN SQUARE)","Y62","QOP","CROWN SQUARE","","","MANCHESTER","","M3 3FL","20160401","","","RO229","","","","","","","","1","","","","RO235",""
"WM5","CAERPHILLY CUSTODY CENTRE","","","POLICE STATION","62 CARDIFF ROAD","","CAERPHILLY","","CF83 1JQ","20141001","","","RO229","VHL","","","","","","","1","","","","RO234",""
"WM6","HMP MANCHESTER","Y62","QOP","SOUTHALL STREET","","","MANCHESTER","","M60 9AH","20141001","","","","","","","","","","","1","","","","RO175",""
"WM8","SOUTH WOODHAM FERRERS CUSTODY CENTRE","Y61","D7T5G","TYLERS RIDE","SOUTH WOODHAM FERRERS","","CHELMSFORD","","CM3 5XD","20141001","20250331","","RO229","WCM","","","","","","","1","","","","RO234",""
"WMA","HARROGATE CUSTODY CENTRE","Y63","QOQ","HARROGATE POLICE STATION","BECKWITH HEAD ROAD","BECKWITH","HARROGATE","","HG3 1FR","20141001","","","RO229","VAP","","","","","","","1","","","","RO234",""
"WMD","SOUTHWARK CUSTODY CENTRE","Y56","QKK","SOUTHWARK POLICE STATION","323 BOROUGH HIGH STREET","","LONDON","","SE1 1JL","20141001","","","RO229","VJ5","","","","","","","1","","","","RO234",""
"WME","CARMARTHEN CUSTODY CENTRE","","","FRIARS PARK","","","CARMARTHEN","","SA31 3AW","20141001","20250331","","RO229","WW5","","","","","","","1","","","","RO234",""
"WMF","RAINSBROOK STC","Y60","QPM","ONLEY PARK","WILLOUGHBY","","RUGBY","","CV23 8SY","20141001","20241231","","RO83","","","","","","","","1","","","","RO230",""
"WMJ","ALDINE SCH","Y63","QF7","ALDINE HOUSE","75 LIMB LANE","DORE","SHEFFIELD","","S17 3ES","20141001","","","RO83","","","","","","","","1","","","","RO231",""
"WMK","NUNEATON CUSTODY CENTRE","Y60","QWU","WARWICKSHIRE JUSTICE CENTRE","VICARAGE STREET","","NUNEATON","","CV11 4JU","20141001","","","RO229","WND","","","","","","","1","","","","RO234",""
"WML","CHEADLE HEATH CUSTODY CENTRE","Y62","QOP","SPECTRUM WAY","CHEADLE","","STOCKPORT","","SK3 0SA","20141001","","","RO229","VAD","","","","","","","1","","","","RO234",""
"WMM","HMP GARTREE","Y60","QK1","GALLOW FIELD ROAD","","","MARKET HARBOROUGH","","LE16 7RP","20141001","","","","","","","","","","","1","","","","RO175",""
"WMN","HENDON MAGISTRATES COURT","Y56","Z9B2Z","COURT HOUSE","THE HYDE","","LONDON","","NW9 7BY","20191001","","","RO229","","","","","","","","1","","","","RO235",""
"WMP","LAVENDER HILL CUSTODY CENTRE","Y56","QWE","LAVENDER HILL POLICE STATION","176 LAVENDER HILL","","LONDON","","SW11 1JX","20141001","","","RO229","VJ5","","","","","","","1","","","","RO234",""
"WMV","DARLINGTON CUSTODY CENTRE","Y63","QHM","POLICE STATION","6 ST. CUTHBERTS WAY","","DARLINGTON","","DL1 5LB","20141001","","","RO229","VAA","","","","","","","1","","","","RO234",""
"WMW","WAREHAM CUSTODY CENTRE","Y58","QVV","WORGRET ROAD","","","WAREHAM","","BH20 4PW","20141001","20250331","","RO229","VA9","","","","","","","1","","","","RO234",""
"WMX","HMP FRANKLAND","Y63","QHM","BRASSIDE","","","DURHAM","","DH1 5YD","20141001","","","","","","","","","","","1","","","","RO175",""
"WMY","EALING CUSTODY CENTRE","Y56","Z9B2Z","67-69 UXBRIDGE ROAD","EALING","","LONDON","","W5 5SJ","20141001","20250331","","RO229","VJ5","","","","","","","1","","","","RO234",""
"WN0","SALFORDS CUSTODY CENTRE","Y59","S9B9J","UNIT 1","SALBROOK ROAD INDUSTRIAL ESTATE","SALBROOK ROAD","REDHILL","","RH1 5GJ","20141001","","","RO229","VAW","","","","","","","1","","","","RO234",""
"WN3","HARLOW CUSTODY CENTRE","Y61","D7T5G","THE HIGH","SOUTH GATE","","HARLOW","","CM20 1HG","20141001","","","RO229","WCM","","","","","","","1","","","","RO234",""
"WN4","BURY ST EDMUNDS CUSTODY CENTRE (RAINGATE ST)","Y61","T6Y0W","POLICE STATION","RAINGATE STREET","","BURY ST. EDMUNDS","","IP33 2AP","20141001","","","RO229","VAV","","","","","","","1","","","","RO234",""
"WN7","WOOD GREEN CROWN COURT","Y56","Z9B2Z","LORDSHIP LANE","","","LONDON","","N22 5LF","20191001","","","RO229","","","","","","","","1","","","","RO235",""
"WNC","WEST BAR CUSTODY CENTRE","Y63","QF7","WESTBAR GREEN","","","SHEFFIELD","","S1 2DA","20141001","20250331","","RO229","VAT","","","","","","","1","","","","RO234",""
"WND","WARWICKSHIRE CONSTABULARY POLICE HEADQUARTERS","Y60","QWU","PO BOX 4","LEEK WOOTTON","","WARWICK","","CV35 7QB","20030401","","","","","","","","","","","1","","","","RO233",""
"WNF","BILSTON CUSTODY CENTRE","Y60","QUA","RAILWAY STREET","","","BILSTON","","WV14 7DE","20141001","","","RO229","VPT","","","","","","","1","","","","RO234",""
"WNG","MARTLESHAM CUSTODY CENTRE","Y61","T6Y0W","PORTAL AVENUE","MARTLESHAM HEATH","","IPSWICH","","IP5 3QS","20141001","","","RO229","VAV","","","","","","","1","","","","RO234",""
"WNJ","CATFORD CUSTODY CENTRE","Y56","QKK","333 BROMLEY ROAD","","","LONDON","","SE6 2RP","20141001","20250331","","RO229","VJ5","","","","","","","1","","","","RO234",""
"WNP","CHRISTCHURCH CUSTODY CENTRE","Y58","QVV","BARRACK ROAD","","","CHRISTCHURCH","","BH23 1PN","20141001","20250331","","RO229","VA9","","","","","","","1","","","","RO234",""
"WNQ","HORNSEY CUSTODY CENTRE","Y56","Z9B2Z","98 TOTTENHAM LANE","HORNSEY","","LONDON","","N8 7EJ","20141001","20250331","","RO229","VJ5","","","","","","","1","","","","RO234",""
"WNV","HMP BUCKLEY HALL","Y62","QOP","BUCKLEY FARM LANE","","","ROCHDALE","","OL12 9DP","20141001","","","","","","","","","","","1","","","","RO175",""
"WNW","BARRY CUSTODY CENTRE","","","GLADSTONE ROAD","","","BARRY","","CF63 1TD","20141001","","","RO229","VX2","","","","","","","1","","","","RO234",""
"WNX","CEDARS PRE DEPARTURE ACCOMMODATION","Y59","S9B9J","BRIGHTON ROAD","PEASE POTTAGE","","CRAWLEY","","RH11 9AD","20150401","20241231","","RO83","","","","","","","","1","","","","RO232",""
"WNY","BELVEDERE CUSTODY CENTRE","Y56","QKK","2 NUXLEY ROAD","","","BELVEDERE","","DA17 5JF","20141001","20250331","","RO229","VJ5","","","","","","","1","","","","RO234",""
"WP0","LEICESTERSHIRE SARC","Y60","QK1","JUNIPER LODGE","71 ST. OSWALD ROAD","","LEICESTER","","LE3 6RJ","20191001","","","","","","","","","","","1","","","","RO236",""
"WP1","THE OASIS CENTRE","Y61","S1Y5D","RIVERGATE PRIMARY CARE CENTRE","VIERSEN PLATZ","","PETERBOROUGH","","PE1 1SE","20160401","","","","","","","","","","","1","","","","RO236",""
"WP2","STEVENAGE CUSTODY CENTRE","Y61","S1Y5D","LYTTON WAY","","","STEVENAGE","","SG1 1HF","20141001","","","RO229","VAF","","","","","","","1","","","","RO234",""
"WP3","HMP DURHAM","Y63","QHM","19B OLD ELVET","","","DURHAM","","DH1 3HU","20141001","","","","","","","","","","","1","","","","RO175",""
"WP4","HEATHROW CUSTODY CENTRE","Y56","Z9B2Z","HEATHROW POLICE STATION UNIT 3","POLAR PARK","BATH ROAD","WEST DRAYTON","","UB7 0DG","20141001","","","RO229","VJ5","","","","","","","1","","","","RO234",""
"WP5","HMP WANDSWORTH","Y56","QWE","PO BOX 757","HEATHFIELD ROAD","WANDSWORTH","LONDON","","SW18 3HS","20141001","","","","","","","","","","","1","","","","RO175",""
"WP6","KINGSTON-UPON-THAMES CROWN COURT","Y56","QWE","6-8 PENRHYN ROAD","","","KINGSTON UPON THAMES","","KT1 2BB","20141001","","","RO229","","","","","","","","1","","","","RO235",""
"WP7","CHIPPENHAM CUSTODY CENTRE","Y58","QOX","MONKTON PARK","","","CHIPPENHAM","","SN15 1ER","20141001","","","RO229","VXW","","","","","","","1","","","","RO234",""
"WP8","LODDON VALLEY CUSTODY SUITE","Y59","S0E4D","RUSHEY WAY","LOWER EARLEY","","READING","","RG6 4PS","20200401","","","RO229","VAY","","","","","","","1","","","","RO234",""
"WPA","WEST WICKHAM POLICE OFFICE","Y56","QKK","9 HIGH STREET","","","WEST WICKHAM","","BR4 0LP","20141001","20250331","","RO229","VJ5","","","","","","","1","","","","RO234",""
"WPF","MOSS WAY CUSTODY CENTRE","Y63","QF7","MOSS WAY POLICE STATION","MOSS WAY","","SHEFFIELD","","S20 7XX","20141001","","","RO229","VAT","","","","","","","1","","","","RO234",""
"WPG","HAMMERSMITH CUSTODY CENTRE","Y56","Z9B2Z","HAMMERSMITH POLICE STATION","226 SHEPHERDS BUSH ROAD","","LONDON","","W6 7NX","20141001","","","RO229","VJ5","","","","","","","1","","","","RO234",""
"WPJ","HMP ALTCOURSE","Y62","QYG","HIGHER LANE","FAZAKERLEY","","LIVERPOOL","","L9 7LH","20141001","","","","","","","","","","","1","","","","RO175",""
"WPK","AMMANFORD CUSTODY CENTRE","","","AMMANFORD POLICE STATION","FOUNDRY ROAD","","AMMANFORD","","SA18 2LS","20141001","","","RO229","WW5","","","","","","","1","","","","RO234",""
"WPM","ALTRINCHAM CUSTODY CENTRE","Y62","QOP","BARRINGTON ROAD","","","ALTRINCHAM","","WA14 1HZ","20141001","20250331","","RO229","VAD","","","","","","","1","","","","RO234",""
"WPN","NORTH KENT CUSTODY CENTRE","Y59","QKS","NORTH KENT POLICE STATION","THAMES WAY","NORTHFLEET","GRAVESEND","","DA11 8BD","20141001","","","RO229","VHH","","","","","","","1","","","","RO234",""
"WPP","POOLE MAGISTRATES COURT","Y58","QVV","LAW COURTS","SANDBANKS ROAD","","POOLE","","BH15 2NS","20200401","","","RO229","","","","","","","","1","","","","RO235",""
"WPQ","COLWYN BAY CUSTODY CENTRE","","","POLICE STATION","RHIW ROAD","","COLWYN BAY","","LL29 7TG","20141001","","","RO229","VK5","","","","","","","1","","","","RO234",""
"WPR","HARROW CROWN COURT","Y56","Z9B2Z","HAILSHAM DRIVE","","","HARROW","","HA1 4TU","20191001","","","RO229","","","","","","","","1","","","","RO235",""
"WPT","HMP RISLEY","Y62","QYG","WARRINGTON ROAD","RISLEY","","WARRINGTON","","WA3 6BP","20141001","","","","","","","","","","","1","","","","RO175",""
"WPV","BATH MAGISTRATES' COURT","Y58","QOX","NORTH PARADE ROAD","","","BATH","","BA1 5AF","20141001","","","RO229","","","","","","","","1","","","","RO235",""
"WPY","SKELMERSDALE CUSTODY CENTRE","Y62","QE1","POLICE STATION","SOUTHWAY","","SKELMERSDALE","","WN8 6NH","20141001","","","RO229","VAJ","","","","","","","1","","","","RO234",""
"WQ0","HEXHAM CUSTODY CENTRE","Y63","QHM","POLICE STATION","SHAFTOE LEAZES","","HEXHAM","","NE46 3DG","20141001","","","RO229","VAR","","","","","","","1","","","","RO234",""
"WQ2","MORTON HALL IMMIGRATION REMOVAL CENTRE","Y60","QJM","SWINDERBY","","","LINCOLN","","LN6 9PT","20141001","20241231","","RO83","","","","","","","","1","","","","RO232",""
"WQ3","CENTRAL CRIMINAL COURT (OLD BAILEY)","Y56","QMF","OLD BAILEY","","","LONDON","","EC4M 7EH","20191001","","","RO229","","","","","","","","1","","","","RO235",""
"WQ4","HOLYHEAD CUSTODY CENTRE","","","POLICE STATION","STANLEY STREET","","HOLYHEAD","","LL65 1HL","20141001","","","RO229","VK5","","","","","","","1","","","","RO234",""
"WQ8","CANTON CUSTODY CENTRE","","","194 COWBRIDGE ROAD EAST","","","CARDIFF","","CF5 1GW","20141001","20250331","","RO229","VX2","","","","","","","1","","","","RO234",""
"WQ9","STANSTED AIRPORT CUSTODY CENTRE","Y61","D7T5G","ENTERPRISE HOUSE","BASSINGBOURN ROAD","LONDON STANSTED AIRPORT","STANSTED","","CM24 1PS","20141001","","","RO229","WCM","","","","","","","1","","","","RO234",""
"WQA","BRITISH TRANSPORT POLICE C DIVISION","Y62","QOP","SUITE 2B","1 PORTLAND STREET","","MANCHESTER","","M1 3BE","20141001","","","","","","","","","","","1","","","","RO233",""
"WQC","HMP THAMESIDE","Y56","QKK","GRIFFIN MANOR WAY","THAMESMEAD","","LONDON","","SE28 0FJ","20141001","","","","","","","","","","","1","","","","RO175",""
"WQE","EASTERN POLICE INVESTIGATION CENTRE","Y59","QRL","MERLIN PARK","AIRPORT SERVICE ROAD","","PORTSMOUTH","","PO3 5GE","20171001","","","RO229","VAE","","","","","","","1","","","","RO234",""
"WQG","HARTLEPOOL DISTRICT POLICE HQ","Y63","QHM","AVENUE ROAD","","","HARTLEPOOL","","TS24 8BB","20180401","","","RO229","VA5","","","","","","","1","","","","RO234",""
"WQH","TORQUAY CUSTODY CENTRE","Y58","QJK","SOUTH STREET","","","TORQUAY","","TQ2 5AH","20141001","","","RO229","VA8","","","","","","","1","","","","RO234",""
"WQJ","ARNOLD CUSTODY CENTRE","Y60","QT1","HIGH STREET","ARNOLD","","NOTTINGHAM","","NG5 7DS","20141001","20250531","","RO229","WQT","","","","","","","1","","","","RO234",""
"WQL","HMP / YOI STYAL","Y62","QYG","STYAL ROAD","STYAL","","WILMSLOW","","SK9 4HR","20141001","","","RO83","","","","","","","","1","","","","RO228",""
"WQM","CENTRAL BIRMINGHAM CUSTODY CENTRE","Y60","QHL","STEELHOUSE LANE","","","BIRMINGHAM","","B4 6NW","20141001","20250531","","RO229","VPT","","","","","","","1","","","","RO234",""
"WQP","HMP WOODHILL","Y61","S1Y5D","TATTENHOE STREET","WOODHILL","","MILTON KEYNES","","MK4 4DA","20141001","","","","","","","","","","","1","","","","RO175",""
"WQQ","CHESTERFIELD MAGISTRATES' COURT","Y60","QJ2","CHESTERFIELD JUSTICE CENTRE","THE COURT HOUSE","TAPTON LANE","CHESTERFIELD","","S41 7TW","20191001","","","RO229","","","","","","","","1","","","","RO235",""
"WQR","OXFORD COMBINED COURT CENTRE","Y59","S0E4D","ST. ALDATES","","","OXFORD","","OX1 1TL","20141001","","","RO229","","","","","","","","1","","","","RO235",""
"WQT","NOTTINGHAMSHIRE CONSTABULARY POLICE HEADQUARTERS","Y60","QT1","SHERWOOD LODGE","ARNOLD","","NOTTINGHAM","","NG5 8PP","20030401","","","","","","","","","","","1","","","","RO233",""
"WQW","HMP HOLME HOUSE","Y63","QHM","HOLME HOUSE ROAD","","","STOCKTON-ON-TEES","","TS18 2QU","20141001","","","","","","","","","","","1","","","","RO175",""
"WQY","COLNBROOK IMMIGRATION REMOVAL CENTRE","Y56","Z9B2Z","COLNBROOK BY PASS","HARMONDSWORTH","","WEST DRAYTON","","UB7 0FX","20141001","","","RO83","","","","","","","","1","","","","RO232",""
"WR0","YSTRAD MYNACH CUSTODY CENTRE","","","CAERPHILLY ROAD","YSTRAD MYNACH","","HENGOED","","CF82 7EP","20141001","","","RO229","VHL","","","","","","","1","","","","RO234",""
"WR1","BARNSTAPLE CUSTODY CENTRE","Y58","QJK","SEVEN BRETHREN BANK","STICKLEPATH","","BARNSTAPLE","","EX31 2AS","20030401","","","RO229","VA8","","","","","","","1","","","","RO234",""
"WR2","RUGBY CUSTODY CENTRE","Y60","QWU","NEWBOLD ROAD","","","RUGBY","","CV21 2DH","20141001","","","RO229","WND","","","","","","","1","","","","RO234",""
"WR3","LEYLAND CUSTODY CENTRE","Y62","QE1","LANCASTER GATE","","","LEYLAND","","PR25 2EX","20141001","","","RO229","VAJ","","","","","","","1","","","","RO234",""
"WR4","SWINDON COMBINED COURT","Y58","QOX","THE LAW COURTS","ISLINGTON STREET","","SWINDON","","SN1 2HG","20191001","","","RO229","","","","","","","","1","","","","RO235",""
"WR5","STOKE NEWINGTON CUSTODY CENTRE","Y56","QMF","33 STOKE NEWINGTON HIGH STREET","STOKE NEWINGTON","","LONDON","","N16 8DS","20141001","","","RO229","VJ5","","","","","","","1","","","","RO234",""
"WR6","LLANGEFNI CUSTODY CENTRE","","","POLICE STATION","INDUSTRIAL ESTATE ROAD","","LLANGEFNI","","LL77 7JA","20141001","","","RO229","VK5","","","","","","","1","","","","RO234",""
"WR8","HMP LEICESTER","Y60","QK1","116 WELFORD ROAD","","","LEICESTER","","LE2 7AJ","20141001","","","","","","","","","","","1","","","","RO175",""
"WRC","HMP/ YOI EASTWOOD PARK","Y58","QUY","FALFIELD","","","WOTTON-UNDER-EDGE","","GL12 8DB","20141001","","","RO83","","","","","","","","1","","","","RO228",""
"WRD","STOWMARKET CUSTODY CENTRE","Y61","T6Y0W","POLICE STATION","NEEDHAM ROAD","","STOWMARKET","","IP14 2QU","20141001","","","RO229","VAV","","","","","","","1","","","","RO234",""
"WRF","HMP WEALSTUN","Y63","QWO","WALTON ROAD","THORP ARCH","","WETHERBY","","LS23 7AZ","20141001","","","","","","","","","","","1","","","","RO175",""
"WRG","LITTLE PARK STREET CUSTODY CENTRE","Y60","QWU","LITTLE PARK STREET","","","COVENTRY","","CV1 2JX","20141001","","","RO229","VPT","","","","","","","1","","","","RO234",""
"WRH","BERWICK CUSTODY CENTRE","Y63","QHM","38 CHURCH STREET","","","BERWICK-UPON-TWEED","","TD15 1DZ","20141001","","","RO229","VAR","","","","","","","1","","","","RO234",""
"WRK","FOLKESTONE CUSTODY CENTRE","Y59","QKS","BOUVERIE HOUSE","BOUVERIE ROAD WEST","","FOLKESTONE","","CT20 2SG","20141001","","","RO229","VHH","","","","","","","1","","","","RO234",""
"WRM","WELLINGBOROUGH CUSTODY CENTRE","Y60","QPM","POLICE STATION","MIDLAND ROAD","","WELLINGBOROUGH","","NN8 1HF","20141001","","","RO229","VAQ","","","","","","","1","","","","RO234",""
"WRP","WEETWOOD CUSTODY CENTRE","Y63","QWO","300 OTLEY ROAD","","","LEEDS","","LS16 6RG","20141001","20250531","","RO229","VDT","","","","","","","1","","","","RO234",""
"WRQ","WALTHAM FOREST CUSTODY CENTRE","Y56","QMF","BOREHAM CLOSE","LEYTON","","LONDON","","E11 1FE","20030401","","","RO229","VJ5","","","","","","","1","","","","RO234",""
"WRR","SNOWHILL CUSTODY CENTRE","Y56","QMF","5 SNOW HILL","","","LONDON","","EC1A 2DP","20141001","20250531","","RO229","VA4","","","","","","","1","","","","RO234",""
"WRV","NEWTON LE WILLOWS CUSTODY CENTRE","Y62","QYG","52-54 MARKET STREET","EARLESTOWN","","NEWTON-LE-WILLOWS","","WA12 9BW","20141001","","","RO229","VAM","","","","","","","1","","","","RO234",""
"WRW","KILBURN CUSTODY CENTRE","Y56","Z9B2Z","38 SALUSBURY ROAD","KILBURN","","LONDON","","NW6 6NN","20141001","","","RO229","VJ5","","","","","","","1","","","","RO234",""
"WRX","LUTON AND SOUTH BEDFORDSHIRE MAGISTRATES' COURT","Y61","S1Y5D","STUART STREET","","","LUTON","","LU1 5BL","20191001","","","RO229","","","","","","","","1","","","","RO235",""
"WRY","KEYHAM LANE CUSTODY CENTRE","Y60","QK1","HAMILTON POLICE STATION","COLIN GRUNDY DRIVE","HAMILTON","LEICESTER","","LE5 1FY","20150401","","","RO229","VAK","","","","","","","1","","","","RO234",""
"WT0","WORTHING CUSTODY SUITE (DURRINGTON LANE)","Y59","S9B9J","CENTENARY HOUSE","DURRINGTON LANE","","WORTHING","","BN13 2PQ","20200401","","","RO229","VAX","","","","","","","1","","","","RO234",""
"WT1","OAKHILL STC","Y61","S1Y5D","CHALGROVE FIELD","OAKHILL","","MILTON KEYNES","","MK5 6AJ","20141001","","","RO83","","","","","","","","1","","","","RO230",""
"WT2","FOREST GATE CUSTODY CENTRE","Y56","QMF","350-360 ROMFORD ROAD","FOREST GATE","","LONDON","","E7 8BS","20141001","","","RO229","VJ5","","","","","","","1","","","","RO234",""
"WT3","HMP GRENDON","Y59","S0E4D","GRENDON UNDERWOOD","","","AYLESBURY","","HP18 0TL","20141001","","","","","","","","","","","1","","","","RO175",""
"WT4","BARNSTAPLE MAGISTRATES', COUNTY AND FAMILY COURT","Y58","QJK","NORTH WALK","","","BARNSTAPLE","","EX31 1DX","20141001","","","RO229","","","","","","","","1","","","","RO235",""
"WT5","WESTMINSTER MAGISTRATES COURT","Y56","Z9B2Z","181 MARYLEBONE ROAD","","","LONDON","","NW1 5BR","20160401","","","RO229","","","","","","","","1","","","","RO235",""
"WT6","EXETER COMBINED COURT CENTRE","Y58","QJK","SOUTHERNHAY GARDENS","","","EXETER","","EX1 1UH","20141001","","","RO229","","","","","","","","1","","","","RO235",""
"WT7","THE FERNS","Y61","T6Y0W","UNIT 10 DELTA TERRACE","WEST ROAD","RANSOMES EURO PARK","IPSWICH","","IP3 9FH","20160401","","","","","","","","","","","1","","","","RO236",""
"WT8","HUNTINGDON CUSTODY CENTRE","Y61","S1Y5D","POLICE STATION","FERRARS ROAD","","HUNTINGDON","","PE29 3DQ","20141001","","","RO229","VA2","","","","","","","1","","","","RO234",""
"WT9","ALDRIDGE CUSTODY CENTRE","Y60","QUA","ANCHOR ROAD","ALDRIDGE","","WALSALL","","WS9 8PN","20141001","20250531","","RO229","VPT","","","","","","","1","","","","RO234",""
"WTA","WEST HAM CUSTODY CENTRE","Y56","QMF","ALAN HOCKEN WAY","","","LONDON","","E15 3AT","20141001","","","RO229","VER","","","","","","","1","","","","RO234",""
"WTC","CHELTENHAM TOWN CENTRE CUSTODY CENTRE","Y58","QR1","HOLLAND HOUSE","LANSDOWN ROAD","","CHELTENHAM","","GL51 6QH","20141001","","","RO229","VAC","","","","","","","1","","","","RO234",""
"WTD","CROYDON CUSTODY CENTRE","Y56","QWE","POLICE STATION","71 PARK LANE","","CROYDON","","CR9 1BP","20141001","","","RO229","VJ5","","","","","","","1","","","","RO234",""
"WTE","WREXHAM CUSTODY CENTRE","","","BODHYFRYD","","","WREXHAM","","LL12 7BW","20141001","20250531","","RO229","VK5","","","","","","","1","","","","RO234",""
"WTF","CAMBORNE CUSTODY CENTRE","Y58","QT6","POLICE STATION","SOUTH TERRACE","","CAMBORNE","","TR14 8SY","20141001","","","RO229","VA8","","","","","","","1","","","","RO234",""
"WTG","STAFFORDSHIRE CONSTABULARY POLICE HEADQUARTERS","Y60","QNC","WESTON ROAD","","","STAFFORD","","ST18 0YY","20030401","","","","","","","","","","","1","","","","RO233",""
"WTH","HMYOI AYLESBURY","Y59","S0E4D","BIERTON ROAD","","","AYLESBURY","","HP20 1EH","20141001","","","RO83","","","","","","","","1","","","","RO228",""
"WTK","BEXLEY MAGISTRATES' COURT","Y56","QKK","NORWICH PLACE","","","BEXLEYHEATH","","DA6 7ND","20141001","","","RO229","","","","","","","","1","","","","RO235",""
"WTL","SHREWSBURY POLICE STATION","Y60","QOC","POLICE STATION","CLIVE ROAD","MONKMOOR","SHREWSBURY","","SY2 5RW","20170401","","","RO229","WLX","","","","","","","1","","","","RO234",""
"WTM","HMP/YOI FELTHAM A","Y56","Z9B2Z","BEDFONT ROAD","","","FELTHAM","","TW13 4ND","20141001","","","RO83","","","","","","","","1","","","","RO228",""
"WTN","WYMONDHAM CUSTODY CENTRE","Y61","T6Y0W","11 PENFOLD DRIVE","","","WYMONDHAM","","NR18 0WZ","20141001","","","RO229","VAN","","","","","","","1","","","","RO234",""
"WTP","WIGAN COUNTY COURT AND FAMILY COURT","Y62","QOP","DARLINGTON STREET","","","WIGAN","","WN1 1DW","20160401","","","RO229","","","","","","","","1","","","","RO235",""
"WTT","GATESHEAD EAST CUSTODY CENTRE","Y63","QHM","POLICE STATION","HIGH WEST STREET","","GATESHEAD","","NE8 1BN","20141001","","","RO229","VAR","","","","","","","1","","","","RO234",""
"WTV","HMP THE VERNE","Y58","QVV","THE VERNE","","","PORTLAND","","DT5 1EQ","20171001","","","","","","","","","","","1","","","","RO175",""
"WTW","BAMBER BRIDGE CUSTODY CENTRE","Y62","QE1","244 STATION ROAD","BAMBER BRIDGE","","PRESTON","","PR5 6EA","20141001","","","RO229","VAJ","","","","","","","1","","","","RO234",""
"WTX","HMP FORD","Y59","S9B9J","FORD ROAD","FORD","","ARUNDEL","","BN18 0BX","20141001","","","","","","","","","","","1","","","","RO175",""
"WTY","SPENNYMOOR POLICE STATION","Y63","QHM","POLICE STATION","WESLEYAN ROAD","","SPENNYMOOR","","DL16 6FB","20170401","","","RO229","VAA","","","","","","","1","","","","RO234",""
"WV0","BOSTON CUSTODY CENTRE","Y60","QJM","POLICE STATION","LINCOLN LANE","","BOSTON","","PE21 8QS","20141001","","","RO229","VAL","","","","","","","1","","","","RO234",""
"WV1","TAMESIDE MAGISTRATES' COURT","Y62","QOP","HENRY SQUARE","","","ASHTON-UNDER-LYNE","","OL6 7TP","20160401","","","RO229","","","","","","","","1","","","","RO235",""
"WV4","NEWPORT POLICE CUSTODY SUITE","Y59","QRL","NEWPORT POLICE STATION","HIGH STREET","","NEWPORT","","PO30 1SZ","20171001","","","RO229","VAE","","","","","","","1","","","","RO234",""
"WV5","ST ALBANS CROWN COURT","Y61","S1Y5D","4 BRICKET ROAD","","","ST. ALBANS","","AL1 3JW","20191001","","","RO229","","","","","","","","1","","","","RO235",""
"WV6","LOWESTOFT CUSTODY CENTRE","Y61","T6Y0W","POLICE STATION","OLD NELSON STREET","","LOWESTOFT","","NR32 1PE","20141001","","","RO229","VAV","","","","","","","1","","","","RO234",""
"WV7","NEWTON ABBOT MAGISTRATES' COURT","Y58","QJK","NEWFOUNDLAND WAY","","","NEWTON ABBOT","","TQ12 1NG","20191001","","","RO229","","","","","","","","1","","","","RO235",""
"WV9","HMP ASHFIELD","Y58","QUY","SHORTWOOD ROAD","PUCKLECHURCH","","BRISTOL","","BS16 9QJ","20141001","","","","","","","","","","","1","","","","RO175",""
"WVD","HMP SUDBURY","Y60","QJ2","SUDBURY","","","ASHBOURNE","","DE6 5HW","20141001","","","","","","","","","","","1","","","","RO175",""
"WVE","HMP/RC CARDIFF","","","KNOX ROAD","","","CARDIFF","","CF24 0UG","20141001","20241231","","RO83","","","","","","","","1","","","","RO232",""
"WVH","CARDIGAN CUSTODY CENTRE","","","PRIORY STREET","","","CARDIGAN","","SA43 1BZ","20141001","20250531","","RO229","WW5","","","","","","","1","","","","RO234",""
"WVJ","CHARING CROSS CUSTODY CENTRE","Y56","Z9B2Z","CHARING CROSS POLICE STATION","AGAR STREET","","LONDON","","WC2N 4JP","20141001","","","RO229","VJ5","","","","","","","1","","","","RO234",""
"WVM","WORKSOP CUSTODY CENTRE","Y60","QT1","BASSETLAW DIVISIONAL HEADQUARTERS","POTTER STREET","","WORKSOP","","S80 2AL","20141001","","","RO229","WQT","","","","","","","1","","","","RO234",""
"WVN","WISBECH CUSTODY CENTRE","Y61","S1Y5D","POLICE STATION","NENE PARADE","","WISBECH","","PE13 3BT","20141001","","","RO229","VA2","","","","","","","1","","","","RO234",""
"WVP","HMP WINCHESTER","Y59","QRL","ROMSEY ROAD","","","WINCHESTER","","SO22 5DF","20141001","","","","","","","","","","","1","","","","RO175",""
"WVQ","GUILFORD CUSTODY SUITE","Y59","S9B9J","GUILDFORD POLICE STATION","MARGARET ROAD","","GUILDFORD","","GU1 4PZ","20141001","","","RO229","VAW","","","","","","","1","","","","RO234",""
"WVW","HATFIELD MAGISTRATES' COURT","Y61","S1Y5D","COMET WAY","","","HATFIELD","","AL10 9SJ","20191001","","","RO229","","","","","","","","1","","","","RO235",""
"WVX","HMP LEEDS","Y63","QWO","GLOUCESTER TERRACE","ARMLEY","","LEEDS","","LS12 2TJ","20141001","","","","","","","","","","","1","","","","RO175",""
"WW0","HMP HUMBER","Y63","QOQ","THE WOLDS","EVERTHORPE","","BROUGH","","HU15 2JZ","20141001","","","","","","","","","","","1","","","","RO175",""
"WW1","HMP HIGH DOWN","Y59","S9B9J","HIGHDOWN LANE","","","SUTTON","","SM2 5PJ","20141001","","","","","","","","","","","1","","","","RO175",""
"WW3","STEVENAGE MAGISTRATES' COURT","Y61","S1Y5D","THE COURT HOUSE","DANESGATE","","STEVENAGE","","SG1 1XH","20191001","","","RO229","","","","","","","","1","","","","RO235",""
"WW4","FULFORD ROAD CUSTODY CENTRE","Y63","QOQ","POLICE STATION","FULFORD ROAD","","YORK","","YO10 4BY","20141001","","","RO229","VAP","","","","","","","1","","","","RO234",""
"WW5","DYFED-POWYS CONSTABULARY HEADQUARTERS","","","PO BOX 99","LLANGUNNOR","","CARMARTHEN","","SA31 2PF","20030401","","","","","","","","","","","1","","","","RO233",""
"WW6","WARRINGTON WEST CUSTODY CENTRE","Y62","QYG","MEETING LANE","PENKETH","","WARRINGTON","","WA5 2BG","20141001","","","RO229","VA3","","","","","","","1","","","","RO234",""
"WW9","ABERYSTWYTH CUSTODY CENTRE","","","DIVISIONAL POLICE HEADQUARTERS","PARK AVENUE","","ABERYSTWYTH","","SY23 1PH","20141001","","","RO229","WW5","","","","","","","1","","","","RO234",""
"WWA","HMP/ YOI NEW HALL","Y63","QWO","NEW HALL WAY","FLOCKTON","","WAKEFIELD","","WF4 4XX","20141001","","","RO83","","","","","","","","1","","","","RO228",""
"WWC","PRESTATYN CUSTODY CENTRE","","","VICTORIA ROAD","","","PRESTATYN","","LL19 7TD","20141001","","","RO229","VK5","","","","","","","1","","","","RO234",""
"WWD","HMP/YOI MOORLAND","Y63","QF7","BAWTRY ROAD","HATFIELD WOODHOUSE","","DONCASTER","","DN7 6BW","20141001","","","RO83","","","","","","","","1","","","","RO228",""
"WWG","HALESWORTH CUSTODY CENTRE","Y61","T6Y0W","NORWICH ROAD","","","HALESWORTH","","IP19 8HJ","20141001","","","RO229","VAV","","","","","","","1","","","","RO234",""
"WWJ","KIDDERMINSTER POLICE STATION","Y60","QGH","HABBERLEY ROAD","","","KIDDERMINSTER","","DY11 6AN","20170401","","","RO229","WLX","","","","","","","1","","","","RO234",""
"WWK","BLACKBURN CUSTODY CENTRE","Y62","QE1","POLICE STATION","GREENBANK BUSINESS PARK","WHITEBIRK DRIVE","BLACKBURN","","BB1 3HP","20141001","","","RO229","VAJ","","","","","","","1","","","","RO234",""
"WWL","BOOTLE STREET CUSTODY CENTRE","Y62","QOP","BOOTLE STREET","","","MANCHESTER","","M2 5GU","20141001","20250531","","RO229","VAD","","","","","","","1","","","","RO234",""
"WWM","TOTTENHAM CUSTODY CENTRE","Y56","Z9B2Z","398 HIGH ROAD","","","LONDON","","N17 9JB","20141001","","","RO229","VJ5","","","","","","","1","","","","RO234",""
"WWQ","MAIDENHEAD CUSTODY SUITE","Y59","S0E4D","BRIDGE ROAD","","","MAIDENHEAD","","SL6 8LP","20200401","","","RO229","VAY","","","","","","","1","","","","RO234",""
"WWR","STREATHAM CUSTODY CENTRE","Y56","QKK","101 STREATHAM HIGH ROAD","","","LONDON","","SW16 1HJ","20141001","20250531","","RO229","VJ5","","","","","","","1","","","","RO234",""
"WWS","MITCHAM CUSTODY CENTRE","Y56","QWE","58 CRICKET GREEN","","","MITCHAM","","CR4 4LA","20141001","","","RO229","VJ5","","","","","","","1","","","","RO234",""
"WWT","HMP SWANSEA","","","200 OYSTERMOUTH ROAD","","","SWANSEA","","SA1 3SR","20141001","","","","","","","","","","","1","","","","RO175",""
"WWV","TRURO MAGISTRATES' COURT","Y58","QT6","TREMORVAH WOOD LANE","","","TRURO","","TR1 1HZ","20191001","","","RO229","","","","","","","","1","","","","RO235",""
"WWY","DARWEN CUSTODY CENTRE","Y62","QE1","UNION STREET","","","DARWEN","","BB3 0DA","20141001","","","RO229","VAJ","","","","","","","1","","","","RO234",""
"WX4","TAUNTON MAGISTRATES' COURT, TRIBUNALS AND FAMILY HEARING CENTRE","Y58","QSL","ST. JOHNS ROAD","","","TAUNTON","","TA1 4AX","20191001","","","RO229","","","","","","","","1","","","","RO235",""
"WX5","LEVERTON SCH","Y61","D7T5G","DARK LANE","GREAT WARLEY","","BRENTWOOD","","CM14 5LL","20141001","20241231","","RO83","","","","","","","","1","","","","RO231",""
"WX8","ELY CUSTODY CENTRE","Y61","S1Y5D","NUTHOLT LANE","","","ELY","","CB7 4PL","20141001","","","RO229","VA2","","","","","","","1","","","","RO234",""
"WX9","DERBYSHIRE SARC","Y60","QJ2","MILLFIELD HOUSE","HALL STREET","","ALFRETON","","DE55 7BU","20191001","","","","","","","","","","","1","","","","RO236",""
"WXA","HMP LITTLEHEY","Y61","S1Y5D","PERRY","","","HUNTINGDON","","PE28 0SR","20141001","","","","","","","","","","","1","","","","RO175",""
"WXC","BLACKPOOL CUSTODY CENTRE","Y62","QE1","GERRY RICHARDSON WAY","","","BLACKPOOL","","FY4 4FG","20141001","","","RO229","VAJ","","","","","","","1","","","","RO234",""
"WXD","CHELMSFORD CROWN COURT","Y61","D7T5G","3 NEW STREET","","","CHELMSFORD","","CM1 1NT","20191001","","","RO229","","","","","","","","1","","","","RO235",""
"WXF","MANCHESTER CROWN COURT (MINSHULL STREET)","Y62","QOP","THE COURT HOUSE","MINSHULL STREET","","MANCHESTER","","M1 3FS","20141001","","","RO229","","","","","","","","1","","","","RO235",""
"WXH","ISLINGTON CUSTODY CENTRE","Y56","Z9B2Z","ISLINGTON POLICE STATION","2 TOLPUDDLE STREET","ISLINGTON","LONDON","","N1 0YY","20141001","","","RO229","VJ5","","","","","","","1","","","","RO234",""
"WXJ","SUDBURY CUSTODY CENTRE","Y61","T6Y0W","ACTON LANE","","","SUDBURY","","CO10 1QN","20141001","20250531","","RO229","VAV","","","","","","","1","","","","RO234",""
"WXN","NORTHALLERTON CUSTODY CENTRE","Y63","QOQ","72 HIGH STREET","","","NORTHALLERTON","","DL7 8ES","20141001","20250531","","RO229","VAP","","","","","","","1","","","","RO234",""
"WXP","RIPLEY CUSTODY CENTRE","Y60","QJ2","WYATTS WAY","BUTTERLEY","","RIPLEY","","DE5 3SU","20141001","","","RO229","VA7","","","","","","","1","","","","RO234",""
"WXQ","WASHINGTON CUSTODY CENTRE","Y63","QHM","THE GALLERIES","","","WASHINGTON","","NE38 7RY","20141001","20250531","","RO229","VAR","","","","","","","1","","","","RO234",""
"WXR","SKIPTON CUSTODY CENTRE","Y63","QWO","POLICE STATION","OTLEY ROAD","","SKIPTON","","BD23 1EZ","20141001","","","RO229","VAP","","","","","","","1","","","","RO234",""
"WXT","MILFORD HAVEN CUSTODY CENTRE","","","UNIT 4A","CEDAR COURT","HAVENS HEAD BUSINESS PARK","MILFORD HAVEN","","SA73 3LS","20141001","","","RO229","WW5","","","","","","","1","","","","RO234",""
"WXW","HORSHAM CUSTODY CENTRE","Y59","S9B9J","HURST ROAD","","","HORSHAM","","RH12 2DJ","20141001","","","RO229","VAX","","","","","","","1","","","","RO234",""
"WXX","HMP CHANNINGS WOOD","Y58","QJK","DENBURY","","","NEWTON ABBOT","","TQ12 6DW","20141001","","","","","","","","","","","1","","","","RO175",""
"WXY","BARKINGSIDE CUSTODY CENTRE","Y56","QMF","1 HIGH STREET","BARKINGSIDE","","ILFORD","","IG6 1QB","20141001","","","RO229","VJ5","","","","","","","1","","","","RO234",""
"WY0","MARGATE CUSTODY CENTRE","Y59","QKS","ODELL HOUSE","FORT HILL","","MARGATE","","CT9 1HL","20141001","","","RO229","VHH","","","","","","","1","","","","RO234",""
"WY1","BRIDEWELL CUSTODY SUITE","Y60","QT1","WILFORD STREET","","","NOTTINGHAM","","NG2 1EE","20180401","20250531","","RO229","WQT","","","","","","","1","","","","RO234",""
"WY4","HMYOI THORN CROSS","Y62","QYG","ARLEY ROAD","APPLETON","","WARRINGTON","","WA4 4RL","20141001","","","RO83","","","","","","","","1","","","","RO228",""
"WY5","THE GLADE SARC","Y60","QGH","THE GLADE","BRANSFORD","","WORCESTER","","WR6 5JD","20191001","","","","","","","","","","","1","","","","RO236",""
"WY6","GIPSY HILL CUSTODY CENTRE","Y56","QKK","GIPSY HILL POLICE STATION","66 CENTRAL HILL","GIPSY HILL","LONDON","","SE19 1DT","20141001","","","RO229","VJ5","","","","","","","1","","","","RO234",""
"WY7","GATWICK CUSTODY CENTRE","Y59","S9B9J","POLICE STATION","PERIMETER ROAD NORTH","LONDON GATWICK AIRPORT","GATWICK","","RH6 0JE","20141001","","","RO229","VAX","","","","","","","1","","","","RO234",""
"WY9","TONBRIDGE CUSTODY CENTRE","Y59","QKS","1 PEMBURY ROAD","","","TONBRIDGE","","TN9 2HS","20141001","","","RO229","VHH","","","","","","","1","","","","RO234",""
"WYE","PORTSMOUTH MAGISTRATES COURT","Y59","QRL","LAW COURTS","WINSTON CHURCHILL AVENUE","","PORTSMOUTH","","PO1 2DQ","20200401","","","RO229","","","","","","","","1","","","","RO235",""
"WYF","HMYOI WERRINGTON","Y60","QNC","ASH BANK ROAD","WERRINGTON","","STOKE-ON-TRENT","","ST9 0DX","20141001","","","RO83","","","","","","","","1","","","","RO228",""
"WYJ","WEDNESBURY CUSTODY CENTRE","Y60","QUA","53 HOLYHEAD ROAD","","","WEDNESBURY","","WS10 7DF","20141001","","","RO229","VPT","","","","","","","1","","","","RO234",""
"WYK","FISHGUARD CUSTODY CENTRE","","","BRODOG LANE","","","FISHGUARD","","SA65 9NB","20141001","20250531","","RO229","WW5","","","","","","","1","","","","RO234",""
"WYL","VINNEY GREEN SCH","Y58","QUY","EMERSONS GREEN LANE","EMERSONS GREEN","","BRISTOL","","BS16 7AA","20141001","","","RO83","","","","","","","","1","","","","RO231",""
"WYM","CAERNARFON CUSTODY CENTRE","","","POLICE STATION","MAESINCLA LANE","","CAERNARFON","","LL55 1BU","20141001","","","RO229","VK5","","","","","","","1","","","","RO234",""
"WYN","ADEL BECK SCH","Y63","QWO","EAST MOOR LANE","ADEL","","LEEDS","","LS16 8EB","20141001","","","RO83","","","","","","","","1","","","","RO231",""
"WYP","CLAYFIELDS SCH","Y60","QT1","18-20 MOORBRIDGE LANE","STAPLEFORD","","NOTTINGHAM","","NG9 8GU","20141001","","","RO83","","","","","","","","1","","","","RO231",""
"WYT","NORTH SOMERSET MAGISTRATES' COURT","Y58","QUY","THE HEDGES","ST. GEORGES","","WESTON-SUPER-MARE","","BS22 7BB","20141001","","","RO229","","","","","","","","1","","","","RO235",""
"WYV","LITTLEHAMPTON CUSTODY CENTRE","Y59","S9B9J","COUNTY BUILDINGS","EAST STREET","","LITTLEHAMPTON","","BN17 6AR","20141001","","","RO229","VAX","","","","","","","1","","","","RO234",""
"WYW","CHACE AVENUE CUSTODY CENTRE","Y60","QWU","POLICE STATION","CHACE AVENUE","","COVENTRY","","CV3 3PS","20141001","","","RO229","VPT","","","","","","","1","","","","RO234",""
"WYX","MAIDSTONE COMBINED COURT CENTRE","Y59","QKS","BARKER ROAD","","","MAIDSTONE","","ME16 8EQ","20141001","","","RO229","","","","","","","","1","","","","RO235",""
"WYY","ORMSKIRK CUSTODY CENTRE","Y62","QE1","1 DERBY STREET/BURSCOUGH STREET","","","ORMSKIRK","","L39 2BY","20141001","20250531","","RO229","VAJ","","","","","","","1","","","","RO234",""
"X2H9Z","SHEFFIELD SARC","Y63","QF7","126 OCCUPATION LANE","","","SHEFFIELD","","S12 4PQ","20220401","","","","","","","","","","","1","","","","RO236",""
"X3B4X","ETAL LANE POLICE CUSTODY","Y63","QHM","POLICE STATION","ETAL LANE","","NEWCASTLE UPON TYNE","","NE5 4AW","20221001","","","RO229","VAR","","","","","","","1","","","","RO234",""
"Y1D3W","SUSSEX SARC - MOUNTAIN HEALTHCARE LIMITED","Y59","S9B9J","THE SATURN CENTRE","CRAWLEY HOSPITAL","WEST GREEN DRIVE","CRAWLEY","","RH11 7DH","20220401","","","","","","","","","","","1","","","","RO236",""
"Z3N7F","NORTH YORKSHIRE SARC - MOUNTAIN HEALTHCARE LIMITED","Y63","QOQ","BRIDGE HOUSE","48 BRIDGE ROAD","BISHOPTHORPE","YORK","","YO23 2RR","20220401","","","","","","","","","","","1","","","","RO236",""
"Z4J0U","THE HAVENS","Y56","QKK","KINGS COLLEGE HOSPITAL","DENMARK HILL","","LONDON","","SE5 9RS","20220401","","","","","","","","","","","1","","","","RO236",""
