"U00000","WEST NORWICH PCN","26A","NHS NORFOLK AND SUFFOLK ICB - 26A","20240401","","THE WINDMILL SURGERY","LONDON ROAD","","WYMONDHAM","","NR18 0AF"
"U00070","WEST MERTON PCN","36L","NHS SOUTH WEST LONDON ICB - 36L","20191001","","TREVELYAN HOUSE","160 TOOTING HIGH STREET","","LONDON","","SW17 0RT"
"U00147","WILLOWS HEALTH PCN","04C","NHS LEICESTER, LEICESTERSHIRE AND RUTLAND ICB - 04C","20191001","","184 COLEMAN ROAD","","","LEICESTER","","LE5 4LJ"
"U00203","ECCLES & IRLAM PCN","01G","NHS GREATER MANCHESTER ICB - 01G","20191001","","ECCLES GATEWAY","28 BARTON LANE","ECCLES","MANCHESTER","","M30 0TU"
"U00254","BLACKHEATH AND CHARLTON PCN","72Q","NHS SOUTH EAST LONDON ICB - 72Q","20191001","","LEVEL 2 THE GREENWICH CENTRE","12 LAMBARDE SQUARE","GREENWICH","LONDON","","SE10 9GB"
"U00351","SOLIHULL SOUTH CENTRAL PCN","15E","NHS BIRMINGHAM AND SOLIHULL ICB - 15E","20191001","","RICHMOND MEDICAL CENTRE","179 RICHMOND ROAD","OLTON","SOLIHULL","","B92 7SA"
"U00367","HAVERING SOUTH PCN","A3A8R","NHS NORTH EAST LONDON ICB - A3A8R","20191001","","WOOD LANE MEDICAL CENTRE","39 WOOD LANE","","HORNCHURCH","","RM12 5HX"
"U00402","CONNEXUS PCN","15C","NHS BRISTOL, NORTH SOMERSET AND SOUTH GLOUCESTERSHIRE ICB - 15C","20191001","","STOCKWOOD MEDICAL CENTRE","HOLLWAY ROAD","STOCKWOOD","BRISTOL","","BS14 8PT"
"U00567","PHOENIX @ PANACEA NEL PCN","03H","NHS HUMBER AND NORTH YORKSHIRE ICB - 03H","20191001","20200331","SCARTHO MEDICAL PRACTICE","SPRINGFIELD RD, SCARTHO","","GRIMSBY","","DN33 3JF"
"U00639","CARLISLE RURAL PCN","01H","NHS NORTH EAST AND NORTH CUMBRIA ICB - 01H","20191001","20260331","BRAMPTON MEDICAL PRACTICE","4 MARKET PLACE","BRAMPTON","BRAMPTON","","CA8 1NL"
"U00760","NORTH SEDGEMOOR PCN","11X","NHS SOMERSET ICB - 11X","20191001","","AXBRIDGE SURGERY","HOULGATE WAY","","AXBRIDGE","","BS26 2BJ"
"U01092","CISSBURY INTEGRATED CARE PCN","70F","NHS SURREY AND SUSSEX ICB - 70F","20191001","","UNIT 8-11","ORCHARD INDUSTRIAL ESTATE","10-12 FITZALAN ROAD","ARUNDEL","","BN18 9JS"
"U01096","LOUGHTON BUCKHURST HILL & CHIGWELL PCN","07H","NHS ESSEX ICB - 07H","20191001","","49 BUCKHURST WAY CLINIC","BUCKHURST WAY","","BUCKHURST HILL","","IG9 6HP"
"U01150","WELWYN GARDEN CITY AND VILLAGES PCN","06K","NHS CENTRAL EAST ICB - 06K","20191001","20210331","PEARTREE LANE SURGERY","110 PEARTREE LANE","","WELWYN GARDEN CITY","","AL7 3UJ"
"U01198","SOUTH (IW) PCN","D9Y0V","NHS HAMPSHIRE AND ISLE OF WIGHT ICB - D9Y0V","20191001","","BROADWAY","","","SANDOWN","","PO36 9GA"
"U01315","FAVERSHAM PCN","91Q","NHS KENT AND MEDWAY ICB - 91Q","20191001","20220331","THE FAVERSHAM HEALTH CTR","BANK STREET","","FAVERSHAM","","ME13 8QR"
"U01367","WALLINGFORD & SURROUNDS PCN","10Q","NHS THAMES VALLEY ICB - 10Q","20191001","","THE HEALTH CENTRE","WAYSIDE GREEN","WOODCOTE","READING","","RG8 0QL"
"U01577","WALSALL WEST 2 PCN","D2P2L","NHS BLACK COUNTRY ICB - D2P2L","20191001","","WILLENHALL HEALTH CENTRE","CROFT STREET","","WILLENHALL","","WV13 2DR"
"U01630","STALYBRIDGE, DUKINFIELD & MOSSLEY PCN","01Y","NHS GREATER MANCHESTER ICB - 01Y","20191001","","STALYBRIDGE RESOURCE CENTRE","1ST FLOOR","2 WATERLOO ROAD","STALYBRIDGE","","SK15 2AU"
"U01680","MALTBY WICKERSLEY PCN","03L","NHS SOUTH YORKSHIRE ICB - 03L","20191001","","BLYTH ROAD MEDICAL CENTRE","8 BLYTH ROAD","MALTBY","ROTHERHAM","","S66 8JD"
"U01901","CHORLEY CENTRAL PCN","00X","NHS LANCASHIRE AND SOUTH CUMBRIA ICB - 00X","20191001","","24-26 GILLIBRAND STREET","","","CHORLEY","","PR7 2EJ"
"U01916","CYGNET PCN","14Y","NHS THAMES VALLEY ICB - 14Y","20191001","","TOWER HOUSE SURGERY","169 WEST WYCOMBE ROAD","","HIGH WYCOMBE","","HP12 3AF"
"U01989","DURHAM WEST PCN","84H","NHS NORTH EAST AND NORTH CUMBRIA ICB - 84H","20191001","","ADRIAN CLARK HOUSE","SAWMILLS LNE","MEADOWFIELD","DURHAM","","DH7 8NH"
"U02049","SOUTH TANDRIDGE PCN","92A","NHS SURREY AND SUSSEX ICB - 92A","20191001","","THE SURGERY","TANNERS MEADOW","BROCKHAM","BETCHWORTH","","RH3 7NJ"
"U02275","HYDE PCN","01Y","NHS GREATER MANCHESTER ICB - 01Y","20191001","","42-44 HOWARD PLACE","","","HYDE","","SK14 2TA"
"U02453","SOUTHEND WEST CENTRAL PCN","99G","NHS ESSEX ICB - 99G","20191001","","50 VALKYRIE ROAD","","","WESTCLIFF-ON-SEA","","SS0 8BU"
"U02454","NIGHTINGALE PCN","36L","NHS SOUTH WEST LONDON ICB - 36L","20191001","","BALHAM PARK SURGERY","236 BALHAM HIGH ROAD","BALHAM","LONDON","","SW17 7AW"
"U02610","EAST CORNWALL PCN","11N","NHS CORNWALL AND THE ISLES OF SCILLY ICB - 11N","20191001","","TREVOL BUSINESS PARK","","","TORPOINT","","PL11 2TB"
"U02669","BERKELEY VALE PCN","11M","NHS GLOUCESTERSHIRE ICB - 11M","20191001","","THE CHIPPING SURGERY","SYMN LANE","","WOTTON-UNDER-EDGE","","GL12 7BD"
"U02671","GREATER MIDDLESBROUGH PCN","16C","NHS NORTH EAST AND NORTH CUMBRIA ICB - 16C","20191001","","CROPTON WAY","COULBY NEWHAM","","MIDDLESBROUGH","","TS8 0TL"
"U02678","WINSFORD PCN","27D","NHS CHESHIRE AND MERSEYSIDE ICB - 27D","20191001","","SANDISON EASSON & CO","REX BUILDINGS","ALDERLEY ROAD","WILMSLOW","","SK9 1HY"
"U02731","IGPC PCN","99A","NHS CHESHIRE AND MERSEYSIDE ICB - 99A","20191001","","BELLE VALE HEALTH CENTRE","HEDGEFIELD ROAD","","LIVERPOOL","","L25 2XE"
"U02739","WHITLEY BAY PCN","99C","NHS NORTH EAST AND NORTH CUMBRIA ICB - 99C","20191001","","49 MARINE AVENUE","","","WHITLEY BAY","","NE26 1NA"
"U02749","CENTRAL BOURNEMOUTH PCN","11J","NHS DORSET ICB - 11J","20191001","","JAMES FISHER MEDICAL CENTRE","4 TOLPUDDLE GARDENS","MUSCLIFFE","BOURNEMOUTH","","BH9 3LQ"
"U02795","NORTH 2 ISLINGTON PCN","93C","NHS WEST AND NORTH LONDON ICB - 93C","20210501","","18 DARTMOUTH PARK HILL","","","LONDON","","NW5 1HL"
"U02961","SOUTH WESTMINSTER PCN","W2U3Z","NHS WEST AND NORTH LONDON ICB - W2U3Z","20191001","","46-50 LUPUS STREET","","","LONDON","","SW1V 3EB"
"U03055","ALDERSHOT PCN","D9Y0V","NHS HAMPSHIRE AND ISLE OF WIGHT ICB - D9Y0V","20191001","","ALDERSHOT CENTRE FOR HEALTH","HOSPITAL HILL","","ALDERSHOT","","GU11 1AY"
"U03153","BROUGHTON HEALTH ALLIANCE PCN","01G","NHS GREATER MANCHESTER ICB - 01G","20191001","","LITTLE HULTON HEALTH CENTRE","HAYSBROOK AVENUE","WORSLEY","MANCHESTER","","M28 0AY"
"U03186","THE LEICESTER FOXES PCN","04C","NHS LEICESTER, LEICESTERSHIRE AND RUTLAND ICB - 04C","20191001","","91 ST PETERS ROAD","","","LEICESTER","","LE2 1DJ"
"U03298","RICHMONDSHIRE PCN","42D","NHS HUMBER AND NORTH YORKSHIRE ICB - 42D","20191001","","THE HAREWOOD MED PRACTICE","42 RICHMOND ROAD","","CATTERICK GARRISON","","DL9 3JD"
"U03364","HAYWARDS HEATH VILLAGES PCN","70F","NHS SURREY AND SUSSEX ICB - 70F","20191001","","99 STATION ROAD","","","REDHILL","","RH1 1EB"
"U03379","RANWORTH PCN","06T","NHS ESSEX ICB - 06T","20200401","20260331","103 PIER AVENUE","","","CLACTON-ON-SEA","","CO15 1NJ"
"U03551","MOTTINGHAM, DOWNHAM & CHISLEHURST PCN","72Q","NHS SOUTH EAST LONDON ICB - 72Q","20191001","","145 WHITE HORSE HILL","","","CHISLEHURST","","BR7 6DH"
"U03653","FAIRLOP PCN","A3A8R","NHS NORTH EAST LONDON ICB - A3A8R","20191001","","THE VINTRY","53-63 REDBRIDGE LANE EAST","","ILFORD","","IG4 5EY"
"U03810","ISLAND CITY PCN","10R","NHS HAMPSHIRE AND ISLE OF WIGHT ICB - 10R","20191001","","LAKE ROAD PRACTICE","NUTFIELD PLACE","","PORTSMOUTH","","PO1 4JT"
"U03824","VENN PCN","03F","NHS HUMBER AND NORTH YORKSHIRE ICB - 03F","20191001","","SUTTON MANOR SURGERY","ST IVES CLOSE","BRANSHOLME","HULL","","HU7 4PT"
"U03826","YORK EAST PCN","03Q","NHS HUMBER AND NORTH YORKSHIRE ICB - 03Q","20200401","","SOUTHFIELDS ROAD","STRENSALL","","YORK","","YO32 5UA"
"U03864","NORTH CORNWALL COAST PCN","11N","NHS CORNWALL AND THE ISLES OF SCILLY ICB - 11N","20191201","","WADEBRIDGE AND CAMEL ESTUARY PRACTI","BROOKLYN","","WADEBRIDGE","","PL27 7BS"
"U03892","FELIXSTOWE PCN","06L","NHS NORFOLK AND SUFFOLK ICB - 06L","20191001","20200531","HOWARD HOUSE SURGERY","31 ORWELL ROAD","","FELIXSTOWE","","IP11 7DD"
"U03989","READING HOLYBROOK PCN","15A","NHS THAMES VALLEY ICB - 15A","20191001","","MILMAN ROAD HEALTH CENTRE","50 MILMAN ROAD","","READING","","RG2 0AR"
"U04079","WEST READING VILLAGES PCN","15A","NHS THAMES VALLEY ICB - 15A","20191001","","THE MORTIMER SURGERY","72 VICTORIA ROAD","MORTIMER COMMON","READING","","RG7 3SQ"
"U04154","NORTH NORFOLK 4 PCN","26A","NHS NORFOLK AND SUFFOLK ICB - 26A","20191001","","C/O NNPC","FIRST FLOOR ALKMAAR HOUSE","7 ALKMAAR WAY","NORWICH","","NR6 6BF"
"U04443","SS9 PCN","99G","NHS ESSEX ICB - 99G","20191001","20250331","THE PALL MALL SURGERY","LEIGH PRIMARY CARE CENTRE","918 LONDON ROAD","LEIGH-ON-SEA","","SS9 3NG"
"U04503","MILLTOWN ALLIANCE","00Y","NHS GREATER MANCHESTER ICB - 00Y","20240701","20240702","FEATHERSTALL ROAD SOUTH","","","OLDHAM","","OL9 7AY"
"U04545","SOUTHEND EAST PCN","99G","NHS ESSEX ICB - 99G","20191001","","99 TYRONE ROAD","","","SOUTHEND-ON-SEA","","SS1 3HD"
"U04648","BRUNEL HEALTH GROUP PCN6","92G","NHS BATH AND NORTH EAST SOMERSET, SWINDON AND WILTSHIRE ICB - 92G","20230401","","SHAW VILLAGE CENTRE","RAMLEAZE DRIVE","SHAW","SWINDON","","SN5 5PX"
"U04725","HAYWARDS HEATH CENTRAL PCN","70F","NHS SURREY AND SUSSEX ICB - 70F","20191001","","NEWTONS SURGERY","THE HEALTH CNTRE","HEATH RD","HAYWARDS HEATH","","RH16 3BB"
"U04748","ANGMERING COPPICE FITZALAN (ACF) PCN","70F","NHS SURREY AND SUSSEX ICB - 70F","20201001","","FITZALAN ROAD","","","LITTLEHAMPTON","","BN17 5JR"
"U04784","WARWICKSHIRE EAST PCN","B2M3M","NHS COVENTRY AND WARWICKSHIRE ICB - B2M3M","20191001","","GAINSBOROUGH HALL","18-22 RUSSELL STREET","","LEAMINGTON SPA","","CV32 5QB"
"U04862","WHITE HORSE PCN","10Q","NHS THAMES VALLEY ICB - 10Q","20191001","","THE FARINGDON MEDICAL CENTRE","VOLUNTEER WAY","","FARINGDON","","SN7 7YU"
"U04901","STONE & ECCLESHALL PCN","05V","NHS STAFFORDSHIRE AND STOKE-ON-TRENT ICB - 05V","20191001","","STAFFORD HEALTH & WELLBEING CENTRE","WHITGREAVE COURT","","STAFFORD","","ST16 3EB"
"U04914","PRESTON EAST PCN","01E","NHS LANCASHIRE AND SOUTH CUMBRIA ICB - 01E","20191001","20210401","BERRY LANE MEDICAL CENTRE","BERRY LANE, LONGRIDGE","","PRESTON","","PR3 3JJ"
"U04973","GARDEN CITY PCN","91Q","NHS KENT AND MEDWAY ICB - 91Q","20191001","","BEAN VILLAGE SURGERY","SOUTHFLEET ROAD","","SWANSCOMBE","","DA10 0BF"
"U05001","LARWOOD & BAWTRY PCN","02Q","NHS NOTTINGHAM AND NOTTINGHAMSHIRE ICB - 02Q","20191001","","LARWOOD SURGERY","56 LARWOOD AVE","WORKSOP","WORKSOP","","S81 0HH"
"U05048","NORTH HARDWICK AND BOLSOVER PCN","15M","NHS DERBY AND DERBYSHIRE ICB - 15M","20191001","","EMMETT CARR SURGERY","ABBEY PLACE","RENISHAW","SHEFFIELD","","S21 3TY"
"U05340","THREE VALLEYS HEALTH PCN","92G","NHS BATH AND NORTH EAST SOMERSET, SWINDON AND WILTSHIRE ICB - 92G","20191001","","STCHAD'S SURGERY","GULLOCK TYNING","MIDSOMER NORTON","RADSTOCK","","BA3 2UH"
"U05433","SOUTH NORFOLK HIP PCN","26A","NHS NORFOLK AND SUFFOLK ICB - 26A","20191001","","HEATHGATE MEDICAL PRACTICE","THE STREET","PORINGLAND","NORWICH","","NR14 7JT"
"U05451","HACKNEY MARSHES PCN","A3A8R","NHS NORTH EAST LONDON ICB - A3A8R","20191001","","CITY AND HACKNEY GP CONFEDERATION","2ND FLOOR, THE LAWSON PRACTICE","85 NUTTALL STREET","LONDON","","N1 5HZ"
"U05458","SUNDERLAND CENTRAL PCN","00P","NHS NORTH EAST AND NORTH CUMBRIA ICB - 00P","20191001","","SPRINGWELL MEDICAL GROUP","JACK COHEN HEALTH CENTRE","SPRINGWELL ROAD","SUNDERLAND","","SR3 4HG"
"U05468","KETTERING CENTRAL PCN","78H","NHS NORTHAMPTONSHIRE ICB - 78H","20260401","","PROSPECT HOUSE","121 LOWER STREET","","KETTERING","","NN16 8DN"
"U05510","MALLING PCN","91Q","NHS KENT AND MEDWAY ICB - 91Q","20191001","","THORNHILLS MED PRACT","LARKFIELD HEALTH CENTRE","MARTIN SQUARE","AYLESFORD","","ME20 6QJ"
"U05512","WEST NORTHUMBERLAND PCN","00L","NHS NORTH EAST AND NORTH CUMBRIA ICB - 00L","20191001","","THE SELE MEDICAL PRACTICE","HEXHAM PRIMARY CARE CENTRE","CORBRIDGE ROAD","HEXHAM","","NE46 1QJ"
"U05517","HWL NETWORK PCN","00T","NHS GREATER MANCHESTER ICB - 00T","20191001","","BOLTON HUB","BOLD STREET","","BOLTON","","BL1 1LS"
"U05632","SEAFORD PCN","97R","NHS SURREY AND SUSSEX ICB - 97R","20191001","","SEAFORD HEALTH CENTRE","DANE ROAD","","SEAFORD","","BN25 1DH"
"U05642","MILLENNIUM PCN","04C","NHS LEICESTER, LEICESTERSHIRE AND RUTLAND ICB - 04C","20191001","20240331","THE SURGERY","2 BAXTERS CLOSE","BEAUMONT LEYS","LEICESTER","","LE4 0QR"
"U05679","SPARCELLS PCN","92G","NHS BATH AND NORTH EAST SOMERSET, SWINDON AND WILTSHIRE ICB - 92G","20220401","","MIDWINTER CLOSE","PEATMOOR","","SWINDON","","SN5 5AN"
"U05734","HANLEY, BUCKNALL & BENTILEE PCN","05W","NHS STAFFORDSHIRE AND STOKE-ON-TRENT ICB - 05W","20191001","","MOORCROFT MEDICAL CENTRE","10 BOTTESLOW STREET","","STOKE-ON-TRENT","","ST1 3NJ"
"U05784","BROMPTON HEALTH PCN","W2U3Z","NHS WEST AND NORTH LONDON ICB - W2U3Z","20191001","","THE REDCLIFFE SURGERY","10 REDCLIFFE STREET","","LONDON","","SW10 9DT"
"U05796","LEICESTER HEALTH FOCUS PCN","04C","NHS LEICESTER, LEICESTERSHIRE AND RUTLAND ICB - 04C","20191001","20220331","39 HOCKLEY FARM ROAD","","","LEICESTER","","LE3 1HN"
"U05885","SOUTH CAMDEN PCN","93C","NHS WEST AND NORTH LONDON ICB - 93C","20191001","","THE HOLBORN MEDICAL CENTRE","64-66 LAMB'S CONDUIT STREET","HOLBORN","LONDON","","WC1N 3NA"
"U05891","STOUR ESTUARY PCN","06T","NHS ESSEX ICB - 06T","20260401","","419 MAIN ROAD","","","HARWICH","","CO12 4EX"
"U05906","LEYLAND PCN","00X","NHS LANCASHIRE AND SOUTH CUMBRIA ICB - 00X","20191001","","WORDEN MEDICAL CENTRE","WEST PADDOCK","","LEYLAND","","PR25 1HR"
"U06000","KNUTSFORD PCN","27D","NHS CHESHIRE AND MERSEYSIDE ICB - 27D","20191001","","MOBBERLEY ROAD","","","KNUTSFORD","","WA16 8HR"
"U06079","ABBEY HEALTH PCN","06N","NHS CENTRAL EAST ICB - 06N","20191001","","THE MALTINGS SURGERY","8-14 VICTORIA STREET","","ST. ALBANS","","AL1 3JB"
"U06092","GREENWOOD PCN","X2C4Y","NHS WEST YORKSHIRE ICB - X2C4Y","20191001","","5 COBCROFT ROAD","FARTOWN","","HUDDERSFIELD","","HD2 2RU"
"U06180","NORTH SOUTHWARK PCN","72Q","NHS SOUTH EAST LONDON ICB - 72Q","20191001","","SPA MEDICAL CENTRE","50 OLD JAMAICA ROAD","","LONDON","","SE16 4BL"
"U06243","TILBURY AND CHADWELL PCN","07G","NHS ESSEX ICB - 07G","20191001","","MEDIC HOUSE","OTTAWA ROAD","","TILBURY","","RM18 7RJ"
"U06256","HIPC (HOLISTIC PATIENT CENTRED CARE) PCN","05W","NHS STAFFORDSHIRE AND STOKE-ON-TRENT ICB - 05W","20191001","","CORBRIDGE COMMUNITY HEALTH CENTRE","CHURCH TERRACE","COBRIDGE","STOKE-ON-TRENT","","ST6 2JN"
"U06272","UNITY HEALTH PCN","03Q","NHS HUMBER AND NORTH YORKSHIRE ICB - 03Q","20250401","","KIMBERLOW RISE","","","YORK","","YO10 5LA"
"U06387","NEXUS (DEVON) PCN","15N","NHS DEVON ICB - 15N","20191001","","MOUNT PLEASANT HEALTH CENTRE","MOUNT PLEASANT ROAD","","EXETER","","EX4 7BW"
"U06437","BYRON PCN","52R","NHS NOTTINGHAM AND NOTTINGHAMSHIRE ICB - 52R","20191001","","PICS NOTTINGHAM NORTH & EAST LTD","H4 ASH TREE COURT, MELLORS WAY","NOTTINGHAM BUSINESS PARK","NOTTINGHAM","","NG8 6PY"
"U06438","PCCO PCN","15M","NHS DERBY AND DERBYSHIRE ICB - 15M","20191001","","LISTER HOUSE SURGERY","207 ST THOMAS ROAD","","DERBY","","DE23 8RJ"
"U06486","STOKES PCN","15C","NHS BRISTOL, NORTH SOMERSET AND SOUTH GLOUCESTERSHIRE ICB - 15C","20191001","","BRADLEY STOKE SURGERY","BROOK WAY","BRADLEY STOKE","BRISTOL","","BS32 9DS"
"U06610","DUDLEY AND NETHERTON PCN","D2P2L","NHS BLACK COUNTRY ICB - D2P2L","20191001","","NETHERTON HEALTH CENTRE","HALESOWEN ROAD","NETHERTON","DUDLEY","","DY2 9PU"
"U06780","BARNET PCN 7","93C","NHS WEST AND NORTH LONDON ICB - 93C","20250401","","234 BURNT OAK BROADWAY","","","EDGWARE","","HA8 0AP"
"U06816","EXETER CITY PCN","15N","NHS DEVON ICB - 15N","20191001","","ST LEONARDS PRACTICE","ATHELSTAN ROAD","","EXETER","","EX1 1SB"
"U06871","BURGESS HILL & VILLAGES PCN","70F","NHS SURREY AND SUSSEX ICB - 70F","20191001","","MID SUSSEX HEALTH CARE","TRINITY ROAD","HURSTPIERPOINT","HASSOCKS","","BN6 9UQ"
"U06978","NEWHAM NORTH EAST 2 PCN","A3A8R","NHS NORTH EAST LONDON ICB - A3A8R","20191001","","19 WORDSWORTH AVENUE","MANOR PARK","","LONDON","","E12 6SU"
"U06993","NORTH NORWICH NEIGHBOURHOOD PCN","","","20190401","20190930","ROUEN HOUSE","ROUEN ROAD","","NORWICH","","NR1 1RB"
"U07003","RUMWORTH PCN","00T","NHS GREATER MANCHESTER ICB - 00T","20191001","","BOLTON HUB","BOLD STREET","","BOLTON","","BL1 1LS"
"U07032","NORTH STOCKTON PCN","16C","NHS NORTH EAST AND NORTH CUMBRIA ICB - 16C","20191001","","TENNANT STREET MEDICAL PRACTICE","TENNANT STREET","","STOCKTON-ON-TEES","","TS18 2AT"
"U07140","APL BEXLEY PCN","72Q","NHS SOUTH EAST LONDON ICB - 72Q","20191001","","219 ERITH ROAD","","","BEXLEYHEATH","","DA7 6HZ"
"U07169","SHOREDITCH PARK PCN","A3A8R","NHS NORTH EAST LONDON ICB - A3A8R","20191001","","CITY AND HACKNEY GP CONFEDERATION","2ND FLOOR, THE LAWSON PRACTICE","85 NUTTALL STREET","LONDON","","N1 5HZ"
"U07199","EAST & CENTRAL BRIGHTON 1 PCN","09D","NHS SURREY AND SUSSEX ICB - 09D","20191001","20210331","WELLSBOURNE HEALTH CENTRE","179 WHITEHAWK ROAD","","BRIGHTON","","BN2 5FL"
"U07392","NORTH CONNECT PCN","W2U3Z","NHS WEST AND NORTH LONDON ICB - W2U3Z","20191001","","BELMONT HOUSE","148 BELMONT ROAD","","UXBRIDGE","","UB8 1HE"
"U07449","PORTSDOWN PCN","10R","NHS HAMPSHIRE AND ISLE OF WIGHT ICB - 10R","20191001","","KINGSTON CRESCENT SURGERY","92 KINGSTON CRESCENT","","PORTSMOUTH","","PO2 8AL"
"U07506","ARDWICK AND LONGSIGHT PCN","14L","NHS GREATER MANCHESTER ICB - 14L","20191001","","THE VALLANCE MEDICAL CENTRE","BRUNSWICK STREET","","MANCHESTER","","M13 9UJ"
"U07605","BARNET 1W PCN","93C","NHS WEST AND NORTH LONDON ICB - 93C","20191001","","EVERGLADE MEDICAL PRACTICE","THE CONCOURSE","","LONDON","","NW9 5XT"
"U07607","CENTRAL SUTTON PCN","36L","NHS SOUTH WEST LONDON ICB - 36L","20191001","","OLD COURT HOUSE SURGERY","4 THROWLEY WAY","","SUTTON","","SM1 4AF"
"U07648","ASHFORD RURAL PCN","91Q","NHS KENT AND MEDWAY ICB - 91Q","20191001","","RUCKINGE ROAD","HAMSTREET","","ASHFORD","","TN26 2NJ"
"U07776","CHESTER EAST PCN","27D","NHS CHESHIRE AND MERSEYSIDE ICB - 27D","20191001","","PARK MEDICAL CENTRE","SHAVINGTON AVENUE","NEWTON LANE","CHESTER","","CH2 3RD"
"U07789","COVENTRY NORTH PCN","B2M3M","NHS COVENTRY AND WARWICKSHIRE ICB - B2M3M","20191001","","PARK LEYS MEDICAL PRACTICE","BENNETTS ROAD SOUTH","","COVENTRY","","CV6 2FL"
"U07842","EAST CLEVELAND PCN","16C","NHS NORTH EAST AND NORTH CUMBRIA ICB - 16C","20191001","","HILLSIDE PRACTICE","WINDERMERE DRIVE","SKELTON-IN-CLEVELAND","SALTBURN-BY-THE-SEA","","TS12 2TG"
"U07902","BRACKLEY & TOWCESTER PCN","78H","NHS NORTHAMPTONSHIRE ICB - 78H","20191001","","BRACKLEY MEDICAL CENTRE","77 HALSE ROAD","","BRACKLEY","","NN13 6EQ"
"U08057","WELWYN ALLIED PCN","06K","NHS CENTRAL EAST ICB - 06K","20260801","","HALL GROVE GROUP PRACTICE","4 HALL GROVE","","WELWYN GARDEN CITY","","AL7 4PL"
"U08085","EDEN (CUMBRIA) PCN","01H","NHS NORTH EAST AND NORTH CUMBRIA ICB - 01H","20191001","","BIRBECK MEDICAL GROUP","PENRITH HEALTH CENTRE","BRIDGE LANE","PENRITH","","CA11 8HW"
"U08086","PENDLE WEST PCN","01A","NHS LANCASHIRE AND SOUTH CUMBRIA ICB - 01A","20191001","","YARNSPINNERS PRIMARY HC CENTRE","CARR ROAD","","NELSON","","BB9 7SR"
"U08206","ACROSS LEICESTER PCN","04C","NHS LEICESTER, LEICESTERSHIRE AND RUTLAND ICB - 04C","20240401","","25 SEVERN STREET","","","LEICESTER","","LE2 0NN"
"U08229","SOLAS PCN","71E","NHS LINCOLNSHIRE ICB - 71E","20200701","20230630","MAIN ROAD","STICKNEY","","BOSTON","","PE22 8AA"
"U08235","REGIS HEALTHCARE PCN","70F","NHS SURREY AND SUSSEX ICB - 70F","20191001","","109 FLANSHAM PARK","","","BOGNOR REGIS","","PO22 6DH"
"U08248","BRIGANTES PCN","03R","NHS WEST YORKSHIRE ICB - 03R","20191001","","OUTWOOD PARK MEDICAL CENTRE","POTOVENS LANE","OUTWOOD","WAKEFIELD","","WF1 2PE"
"U08561","SOUTHAMPTON LIVING WELL PARTNERSHIP PCN","D9Y0V","NHS HAMPSHIRE AND ISLE OF WIGHT ICB - D9Y0V","20191001","","WESTON LANE CENTRE FOR HEALTHY LIVI","WESTON LANE","WESTON","SOUTHAMPTON","","SO19 9GH"
"U08578","NEW CROSS ALLIANCE PCN","A3A8R","NHS NORTH EAST LONDON ICB - A3A8R","20201001","","1 TOMSWOOD HILL","","","ILFORD","","IG6 2HG"
"U08579","HARPENDEN HEALTH PCN","06N","NHS CENTRAL EAST ICB - 06N","20191001","","DAVENPORT HOUSE","BOWERS WAY","","HARPENDEN","","AL5 4HX"
"U08711","GRAVESEND ALLIANCE PCN","91Q","NHS KENT AND MEDWAY ICB - 91Q","20191001","","FLEET HEALTH","VALE ROAD","NORTHFLEET","GRAVESEND","","DA11 8BZ"
"U08744","SITTINGBOURNE WEST PCN","10D","NHS SWALE CCG","20191001","20200331","GROVEHURST SURGERY","GROVEHURST RD, KEMSLEY","","SITTINGBOURNE","","ME10 2ST"
"U08803","BROMLEY BY BOW AND STEPNEY HEALTH CIC PCN","A3A8R","NHS NORTH EAST LONDON ICB - A3A8R","20191001","","FIRST FLOOR","11 SELSEY STREET","","LONDON","","E14 7LJ"
"U08925","STAFFORD CENTRAL PCN","05V","NHS STAFFORDSHIRE AND STOKE-ON-TRENT ICB - 05V","20191001","","WEEPING CROSS HEALTH CENTRE","BODMIN AVE","WEEPING CROSS","STAFFORD","","ST17 0EG"
"U09057","HYNDBURN RURAL PCN","01A","NHS LANCASHIRE AND SOUTH CUMBRIA ICB - 01A","20191001","","EMPIRE WAY","","","BURNLEY","","BB12 6HA"
"U09071","GPNET5 PCN","36L","NHS SOUTH WEST LONDON ICB - 36L","20191001","","188 LOWER ADDISCOMBE ROAD","ADDISCOMBE","","CROYDON","","CR0 6AH"
"U09072","PRESTON PARK COMMUNITY PCN","09D","NHS SURREY AND SUSSEX ICB - 09D","20191001","","STANFORD MEDICAL CENTRE","175 PRESTON ROAD","","BRIGHTON","","BN1 6AG"
"U09081","FALMOUTH AND PENRYN PCN","11N","NHS CORNWALL AND THE ISLES OF SCILLY ICB - 11N","20191001","","THE PENRYN SURGERY","SARACEN WAY","","PENRYN","","TR10 8HX"
"U09100","GREATER PRESTON PCN","01E","NHS LANCASHIRE AND SOUTH CUMBRIA ICB - 01E","20191001","","THE PARK MEDICAL PRACTICE","COTTAM LANE SURGERY, COTTAM LANE","ASHTON-ON-RIBBLE","PRESTON","","PR2 1JR"
"U09187","GRAND UNION PCN","78H","NHS NORTHAMPTONSHIRE ICB - 78H","20191001","","ABINGTON PARK SURGERY","CHRISTCHURCH MEDICAL CENTRE","ARDINGTON ROAD","NORTHAMPTON","","NN1 5LT"
"U09193","TOWER HAMLETS NETWORK 8 PCN","A3A8R","NHS NORTH EAST LONDON ICB - A3A8R","20191001","","HEALTHY ISLAND PARTNERSHIP LTD","DOCKLANDS MEDICAL CENTRE","100 SPINDRIFT AVENUE","LONDON","","E14 9WU"
"U09275","TAUNTON DEANE WEST PCN","11X","NHS SOMERSET ICB - 11X","20191001","","MANTLE STREET","","","WELLINGTON","","TA21 8BD"
"U09404","TRIDENT PCN","M1J4Y","NHS CENTRAL EAST ICB - M1J4Y","20260401","","KINGSBURY COURT SURGERY","CHURCH STREET","","DUNSTABLE","","LU5 4RS"
"U09521","OADBY & WIGSTON PCN","03W","NHS LEICESTER, LEICESTERSHIRE AND RUTLAND ICB - 03W","20191001","","103 ROSEMEAD DRIVE","OADBY","","LEICESTER","","LE2 5PP"
"U09529","ROTHERHAM CENTRAL NORTH PCN","03L","NHS SOUTH YORKSHIRE ICB - 03L","20191001","","GREENSIDE SURGERY","5 GREENSIDE","GREASBROUGH","ROTHERHAM","","S61 4PT"
"U09531","CHILTERN HILLS PCN","M1J4Y","NHS CENTRAL EAST ICB - M1J4Y","20191001","","CADDINGTON SURGERY","33 MANOR ROAD","CADDINGTON","LUTON","","LU1 4EE"
"U09643","RUNCORN PCN","01F","NHS CHESHIRE AND MERSEYSIDE ICB - 01F","20191001","","MURDISHAW HEALTH CENTRE","GORSEWOOD ROAD","MURDISHAW","RUNCORN","","WA7 6ES"
"U09727","DENGIE & SOUTH WOODHAM FERRERS PCN","06Q","NHS ESSEX ICB - 06Q","20191001","","WILLIAM FISHER MEDICAL CENTRE","HIGH STREET","","SOUTHMINSTER","","CM0 7AY"
"U09738","CAMBRIDGE NORTH VILLAGES PCN","06H","NHS CENTRAL EAST ICB - 06H","20191001","","FIRS HOUSE SURGERY","STATION ROAD","IMPINGTON","CAMBRIDGE","","CB24 9NP"
"U09772","RED KITE HEALTHCARE PCN","78H","NHS NORTHAMPTONSHIRE ICB - 78H","20191001","","LINDEN MEDICAL CENTRE","54 LINDEN AVENUE","","KETTERING","","NN15 7NX"
"U09847","NORTH COTSWOLDS PCN","11M","NHS GLOUCESTERSHIRE ICB - 11M","20191001","","MANN COTTAGE","FOUR SHIRES MEDICAL CENTRE","STOW ROAD","MORETON-IN-MARSH","","GL56 0DS"
"U09883","FARNWORTH & KEARSLEY PCN","00T","NHS GREATER MANCHESTER ICB - 00T","20191001","","BOLTON HUB","BOLD STREET","","BOLTON","","BL1 1LS"
"U09893","SPIRES PCN","10Q","NHS THAMES VALLEY ICB - 10Q","20230401","","MANZIL WAY","","","OXFORD","","OX4 1XB"
"U09980","NORTHUMBRIA PCN","00L","NHS NORTH EAST AND NORTH CUMBRIA ICB - 00L","20220401","","7-8 SILVER FOX WAY","COBALT BUSINESS PARK","","NEWCASTLE UPON TYNE","","NE27 0QJ"
"U10033","NORTH EAST COASTAL PCN","06L","NHS NORFOLK AND SUFFOLK ICB - 06L","20191001","","LEISTON SURGERY","MAIN STREET","","LEISTON","","IP16 4ES"
"U10128","SHEPPEY PCN","91Q","NHS KENT AND MEDWAY ICB - 91Q","20191001","","SHEERNESS HEALTH CENTRE","250-262 HIGH STREET","","SHEERNESS","","ME12 1UP"
"U10200","DARTFORD CENTRAL PCN","91Q","NHS KENT AND MEDWAY ICB - 91Q","20191001","","ST. EDMUNDS ROAD","","","DARTFORD","","DA1 5ND"
"U10335","BRUNEL PCN","10R","NHS HAMPSHIRE AND ISLE OF WIGHT ICB - 10R","20191001","","UNIVERSITY SURGERY","NUFFIELD CENTRE","ST. MICHAELS ROAD","PORTSMOUTH","","PO1 2BH"
"U10339","HARROW COLLABORATIVE PCN","W2U3Z","NHS WEST AND NORTH LONDON ICB - W2U3Z","20191001","","48 HARROW VIEW","","","HARROW","","HA1 1RQ"
"U10386","WALLSEND PCN","99C","NHS NORTH EAST AND NORTH CUMBRIA ICB - 99C","20191001","","BEWICKE MEDICAL CENTRE","51 TYNEMOUTH ROAD","","WALLSEND","","NE28 0AD"
"U10430","SUDBURY PCN","07K","NHS NORFOLK AND SUFFOLK ICB - 07K","20191001","20260731","HARDWICKE HOUSE","STOUR STREET","","SUDBURY","","CO10 2AY"
"U10439","PONTEFRACT AND KNOTTINGLEY PCN","03R","NHS WEST YORKSHIRE ICB - 03R","20191001","","PARK DALE","","","CASTLEFORD","","WF10 2QP"
"U10555","SWAFFHAM & DOWNHAM MARKET PCN","26A","NHS NORFOLK AND SUFFOLK ICB - 26A","20191001","","LITCHAM HEALTH CENTRE","MANOR DRIVE","LITCHAM","KING'S LYNN","","PE32 2NW"
"U10602","WEST NORFOLK COASTAL PCN","26A","NHS NORFOLK AND SUFFOLK ICB - 26A","20191001","","GREAT MASSINGHAM SURGERY","STATION ROAD","GREAT MASSINGHAM","KING'S LYNN","","PE32 2JQ"
"U10684","CHARD, ILMINSTER & LANGPORT (CLICK) PCN","11X","NHS SOMERSET ICB - 11X","20191001","","LANGPORT SURGERY","NORTH STREET","","LANGPORT","","TA10 9RH"
"U10730","KIRKBY PCN","01J","NHS CHESHIRE AND MERSEYSIDE ICB - 01J","20191001","","SOUTHDENE PCRC","BEWLEY DRIVE","","LIVERPOOL","","L32 9PF"
"U10743","KENILWORTH AND WARWICK PCN","B2M3M","NHS COVENTRY AND WARWICKSHIRE ICB - B2M3M","20191001","","GAINSBOROUGH HALL","18-22 RUSSELL STREET","","LEAMINGTON SPA","","CV32 5QB"
"U10748","NEWGATE MEDICAL GROUP PCN","02Q","NHS NOTTINGHAM AND NOTTINGHAMSHIRE ICB - 02Q","20191001","","NEWGATE MEDICAL GROUP","THE HEALTH CENTRE","NEWGATE STREET","WORKSOP","","S80 1HP"
"U10791","CHORLEY AND SOUTH RIBBLE NETWORK PCN","00X","NHS LANCASHIRE AND SOUTH CUMBRIA ICB - 00X","20191001","","ADLINGTON MEDICAL CENTRE","22-24 BABYLON LANE","ANDERTON","CHORLEY","","PR6 9NW"
"U10827","TRINITY HEALTH GROUP PCN","03R","NHS WEST YORKSHIRE ICB - 03R","20191001","","MAYBUSH MEDICAL CENTRE","BELLE ISLE HEALTH PARK","PORTOBELLO ROAD","WAKEFIELD","","WF1 5PN"
"U10834","REDDITCH & BROMSGROVE NIGHTINGALES PCN","18C","NHS HEREFORDSHIRE AND WORCESTERSHIRE ICB - 18C","20191001","","WINYATES HEALTH CENTRE","WINYATES WAY","","REDDITCH","","B98 0NR"
"U10847","EYNSHAM & WITNEY PCN","10Q","NHS THAMES VALLEY ICB - 10Q","20191001","","THE NUFFIELD HEALTH CENTRE","WELCH WAY","","WITNEY","","OX28 6JQ"
"U10870","WALTON PRACTICES CONFEDERATION PCN","92A","NHS SURREY AND SUSSEX ICB - 92A","20200401","","SOUTHVIEW COURT","GUILDFORD ROAD","","WOKING","","GU22 7RR"
"U10995","RURAL WEST PCN","D9Y0V","NHS HAMPSHIRE AND ISLE OF WIGHT ICB - D9Y0V","20191001","","WATERSHIP DOWN HEALTH","KINGSCLERE HC, NORTH STREET","KINGSCLERE","NEWBURY","","RG20 5QX"
"U10998","BACHS PCN","52R","NHS NOTTINGHAM AND NOTTINGHAMSHIRE ICB - 52R","20191001","20240930","NCGPA PCN 3","79A UPPER PARLIAMENT STREET","","NOTTINGHAM","","NG1 6LD"
"U11059","LEWISHAM CARE PARTNERSHIP PCN","72Q","NHS SOUTH EAST LONDON ICB - 72Q","20191001","","ST JOHNS MEDICAL CENTRE","56-60 LOAMPIT HILL","LEWISHAM","LONDON","","SE13 7SX"
"U11103","YEOVIL PCN","11X","NHS SOMERSET ICB - 11X","20191001","","OAKLANDS SURGERY","BIRCHFIELD ROAD","","YEOVIL","","BA21 5RL"
"U11112","WANSBECK PCN","00L","NHS NORTH EAST AND NORTH CUMBRIA ICB - 00L","20191001","","SEATON PARK MEDICAL GROUP","NORHAM ROAD","","ASHINGTON","","NE63 0NG"
"U11176","DENE AND STOUR VALLEYS PCN","B2M3M","NHS COVENTRY AND WARWICKSHIRE ICB - B2M3M","20191001","","GAINSBOROUGH HALL","18-22 RUSSELL STREET","","LEAMINGTON SPA","","CV32 5QB"
"U11181","WINCHESTER RURAL SOUTH PCN","D9Y0V","NHS HAMPSHIRE AND ISLE OF WIGHT ICB - D9Y0V","20191001","","THE SURGERY","LOWER LANE","BISHOPS WALTHAM","SOUTHAMPTON","","SO32 1GR"
"U11211","BARKING & DAGENHAM WEST PCN","A3A8R","NHS NORTH EAST LONDON ICB - A3A8R","20191001","","THE WHITE HOUSE SURGERY","12 MOVERS LANE","","BARKING","","IG11 7UN"
"U11269","RIBBLESDALE PCN","01A","NHS LANCASHIRE AND SOUTH CUMBRIA ICB - 01A","20191001","","RAILWAY VIEW ROAD","","","CLITHEROE","","BB7 2JG"
"U11373","NEWHAM CENTRAL PCN","A3A8R","NHS NORTH EAST LONDON ICB - A3A8R","20191001","","VICARAGE LANE HEALTH CENTRE","10 VICARAGE LANE","","LONDON","","E15 4ES"
"U11393","WETHERBY PCN","15F","NHS WEST YORKSHIRE ICB - 15F","20191001","","CROSSLEY STREET SURGERY","CROSSLEY STREET","","WETHERBY","","LS22 6RT"
"U11490","FAVERSHAM PCN","91Q","NHS KENT AND MEDWAY ICB - 91Q","20250801","","NEWTON PLACE SURGERY","NEWTON ROAD","","FAVERSHAM","","ME13 8FH"
"U11559","HARNESS SOUTH PCN","W2U3Z","NHS WEST AND NORTH LONDON ICB - W2U3Z","20200401","","10 KINGFISHER WAY","","","LONDON","","NW10 8TF"
"U11602","HORWICH NETWORK PCN","00T","NHS GREATER MANCHESTER ICB - 00T","20191001","","BOLTON COMMUNITY PRACTICE","WATERS MEETING HC","","BOLTON","","BL1 8TT"
"U11614","WARWICKSHIRE RURAL PCN","B2M3M","NHS COVENTRY AND WARWICKSHIRE ICB - B2M3M","20200401","","27 PARKFIELD ROAD","COLESHILL","","BIRMINGHAM","","B46 3LD"
"U11625","LAUNCESTON AND TAMAR VALLEY PCN","11N","NHS CORNWALL AND THE ISLES OF SCILLY ICB - 11N","20210501","","CALLINGTON HEALTH CENTRE","HAYE ROAD","","CALLINGTON","","PL17 7AW"
"U11684","RAMSGATE PCN","91Q","NHS KENT AND MEDWAY ICB - 91Q","20191001","","THE GRANGE PRACTICE","THE MONTEFIORE MEDICAL CENTRE","DUMPTON PARK DRIVE","RAMSGATE","","CT11 8AD"
"U11690","RIVERVIEW HEALTH PCN","72Q","NHS SOUTH EAST LONDON ICB - 72Q","20191001","","FERRYVIEW HEALTH CENTRE","25 JOHN WILSON STREET","WOOLWICH","LONDON","","SE18 6PZ"
"U11694","BMC PCN","06H","NHS CENTRAL EAST ICB - 06H","20191001","","CRAIG STREET","","","PETERBOROUGH","","PE1 2EJ"
"U11746","SWB NEWCOMEN PCN","D2P2L","NHS BLACK COUNTRY ICB - D2P2L","20191001","","GLEBEFIELDS SURGERY","ST MARKS ROAD","","TIPTON","","DY4 0SN"
"U11781","WEST BERKSHIRE RURAL PCN","15A","NHS THAMES VALLEY ICB - 15A","20191001","","HUNGERFORD SURGERY","THE CROFT","","HUNGERFORD","","RG17 0HY"
"U11864","WOODSLEY PCN","15F","NHS WEST YORKSHIRE ICB - 15F","20191001","","CRAVEN ROAD MEDICAL PRACTICE","60 CRAVEN ROAD","","LEEDS","","LS6 2RX"
"U12169","NORTH BLABY PCN","03W","NHS LEICESTER, LEICESTERSHIRE AND RUTLAND ICB - 03W","20191001","","ENDERBY MEDICAL CENTRE","SHORTRIDGE LANE","ENDERBY","LEICESTER","","LE19 4LY"
"U12199","EAST HEREFORDSHIRE PCN","18C","NHS HEREFORDSHIRE AND WORCESTERSHIRE ICB - 18C","20191001","","SUIT 1","BERROWS BUSINESS CENTRE","BATH STREET","HEREFORD","","HR1 2HE"
"U12200","CANNOCK NORTH PCN","04Y","NHS STAFFORDSHIRE AND STOKE-ON-TRENT ICB - 04Y","20191001","","45 PRINCESS STREET","","","CANNOCK","","WS11 5JT"
"U12365","SEDGEFIELD NORTH PCN","84H","NHS NORTH EAST AND NORTH CUMBRIA ICB - 84H","20191001","","THE SURGERY","ASHMORE TERRACE","WHEATLEY HILL","DURHAM","","DH6 3NP"
"U12376","HEELEY PLUS PCN","03N","NHS SOUTH YORKSHIRE ICB - 03N","20191001","","636 GLEADLESS ROAD","","","SHEFFIELD","","S14 1PQ"
"U12413","EAST LINDSEY PCN","71E","NHS LINCOLNSHIRE ICB - 71E","20191001","","NORTH THORESBY SURGERY","HIGHFIELD ROAD","NORTH THORESBY","GRIMSBY","","DN36 5RT"
"U12548","REGENT HEALTH PCN","W2U3Z","NHS WEST AND NORTH LONDON ICB - W2U3Z","20191001","","LISSON GROVE HEALTH CENTRE","GATEFORTH STREET","","LONDON","","NW8 8EG"
"U12550","MPA PCN","91Q","NHS KENT AND MEDWAY ICB - 91Q","20230101","","1 MONINS ROAD","IWADE","","SITTINGBOURNE","","ME9 8TY"
"U12553","AEGROS HEALTH PCN","06Q","NHS ESSEX ICB - 06Q","20191001","","LITTLE WALTHAM SURGERY","30 BROOK HILL","LITTLE WALTHAM","CHELMSFORD","","CM3 3LL"
"U12563","RUSHCLIFFE PCN","52R","NHS NOTTINGHAM AND NOTTINGHAMSHIRE ICB - 52R","20191001","","PARTNERSHEALTHLLP","165 LOUGHBOROUGH ROAD","RUDDINGTON","NOTTINGHAM","","NG11 6LQ"
"U12587","HARNESS TEMPLE PCN","07P","NHS BRENT CCG","20191001","20200331","10 KINGFISHER WAY","","BRENTFIELD ROAD","LONDON","","NW10 8TF"
"U12754","SOUTH EAST OXFORD HEALTH ALLIANCE (SEOXHA) PCN","10Q","NHS THAMES VALLEY ICB - 10Q","20191001","","THE LEYS HEALTH CENTRE","DUNNOCK WAY","BLACKBIRD LEYS","OXFORD","","OX4 7EX"
"U12833","HEALTHIER SOUTH WIRRAL PCN","12F","NHS CHESHIRE AND MERSEYSIDE ICB - 12F","20191001","","THE ORCHARD SURGERY","BROMBOROUGH VILLAGE ROAD","","WIRRAL","","CH62 7EU"
"U12920","HARINGEY - NORTH WEST PCN","93C","NHS WEST AND NORTH LONDON ICB - 93C","20191001","","HIGHGATE GROUP PRACTICE","44 NORTH HILL","HIGHGATE","LONDON","","N6 4QA"
"U12949","SYNERGY HEALTH PCN","52R","NHS NOTTINGHAM AND NOTTINGHAMSHIRE ICB - 52R","20191001","","DR CLAIRE HATTON","LOWDHAM MEDICAL CENTRE","FRANCKLIN ROAD, LOWDHAM","NOTTINGHAM","","NG14 7BG"
"U12951","LEEK & BIDDULPH PCN","05G","NHS STAFFORDSHIRE AND STOKE-ON-TRENT ICB - 05G","20191001","","BIDDULPH PRIMARY CARE CENTRE","WHARF ROAD","BIDDULPH","STOKE-ON-TRENT","","ST8 6AG"
"U13032","FENS & BRECKS PCN","26A","NHS NORFOLK AND SUFFOLK ICB - 26A","20191001","","ST CLEMENTS SURGERY","CHURCHGATE WAY","TERRINGTON ST CLEMENT","KING'S LYNN","","PE34 4LZ"
"U13098","MILES PLATTING NEWTON HEATH & MOSTON PCN","14L","NHS GREATER MANCHESTER ICB - 14L","20191001","","97 MOSTON LANE EAST","","","MANCHESTER","","M40 3HD"
"U13205","WREKIN PCN","M2L0M","NHS SHROPSHIRE, TELFORD AND WREKIN ICB - M2L0M","20200601","","HOLLINSWOOD & PRIORSLEE MEDICAL PRA","DOWNEMEAD","","TELFORD","","TF3 2EW"
"U13245","PORTER VALLEY PCN","03N","NHS SOUTH YORKSHIRE ICB - 03N","20191001","","RUSTLINGS ROAD SURGERY","105 RUSTLINGS ROAD","","SHEFFIELD","","S11 7AB"
"U13456","YATE & FRAMPTON PCN","15C","NHS BRISTOL, NORTH SOMERSET AND SOUTH GLOUCESTERSHIRE ICB - 15C","20191001","","YATE WEST GATE CENTRE","21 WEST WALK","YATE","BRISTOL","","BS37 4AX"
"U13557","NORWICH PCN","26A","NHS NORFOLK AND SUFFOLK ICB - 26A","20191001","20240715","ROUEN HOUSE","ROUEN ROAD","","NORWICH","","NR1 1RB"
"U13621","SOUTH DALES PCN","15M","NHS DERBY AND DERBYSHIRE ICB - 15M","20220401","20250930","CLIFTON ROAD","","","ASHBOURNE","","DE6 1DR"
"U13655","SOUTH BIRMINGHAM ALLIANCE PCN","15E","NHS BIRMINGHAM AND SOLIHULL ICB - 15E","20191001","","1856 PERSHORE ROAD","KINGS NORTON","","BIRMINGHAM","","B30 3AS"
"U13680","ASPIRE MEDICAL PCN","91Q","NHS KENT AND MEDWAY ICB - 91Q","20231201","","WELLS ROAD","","","ROCHESTER","","ME2 2PW"
"U13720","GATESHEAD EAST PCN","13T","NHS NORTH EAST AND NORTH CUMBRIA ICB - 13T","20191001","","LONGRIGG MEDICAL CENTRE","2 LONGRIGG, LEAM LANE EST","FELLING","GATESHEAD","","NE10 8PH"
"U13761","THE RIDGE PCN","91Q","NHS KENT AND MEDWAY ICB - 91Q","20191001","","THE SURGERY","YEOMAN LANE","BEARSTED","MAIDSTONE","","ME14 4DS"
"U13771","PETERBOROUGH PARTNERSHIPS PCN","06H","NHS CENTRAL EAST ICB - 06H","20191001","","THORPE ROAD SURGERY","64 THORPE ROAD","","PETERBOROUGH","","PE3 6AP"
"U13952","CENTRAL WORTHING PRACTICES PCN","70F","NHS SURREY AND SUSSEX ICB - 70F","20191001","","5-11 BROADWATER BOULEVARD","","","WORTHING","","BN14 8JE"
"U13956","CHELTENHAM PERIPHERAL PCN","11M","NHS GLOUCESTERSHIRE ICB - 11M","20191001","","4 STOKE ROAD","BISHOPS CLEEVE","","CHELTENHAM","","GL52 8RP"
"U13990","RIPON & MASHAM PCN","42D","NHS HUMBER AND NORTH YORKSHIRE ICB - 42D","20191001","","49-51 LEEDS ROAD","","","HARROGATE","","HG2 8AY"
"U14006","VICTORIA PCN","01W","NHS GREATER MANCHESTER ICB - 01W","20191001","","REX BUILDINGS","ALDERLEY ROAD","","WILMSLOW","","SK9 1HY"
"U14045","EAST WARRINGTON PCN","02E","NHS CHESHIRE AND MERSEYSIDE ICB - 02E","20191001","","PADGATE MEDICAL CENTRE","12 STATION ROAD SOUTH","PADGATE","WARRINGTON","","WA2 0RX"
"U14062","WEST HOVE PCN","09D","NHS SURREY AND SUSSEX ICB - 09D","20191001","","PORTSLADE HEALTH CENTRE","CHURCH ROAD","PORTSLADE","BRIGHTON","","BN41 1LX"
"U14074","ASCOT PCN","U2G6B","NHS THAMES VALLEY ICB - U2G6B","20191001","","SUITE 4","THE LIGHTBOX","WILLOUGHBY ROAD","BRACKNELL","","RG12 8FB"
"U14261","POOLE BAY & BOURNEMOUTH PCN","11J","NHS DORSET ICB - 11J","20191001","","WESTBOURNE MEDICAL CENTRE","MILBURN ROAD","WESTBOURNE","BOURNEMOUTH","","BH4 9HJ"
"U14327","OLDHAM CENTRAL PCN","00Y","NHS GREATER MANCHESTER ICB - 00Y","20191001","","INTEGRATED CARE CENTRE","NEW RADCLIFFE STREET","","OLDHAM","","OL1 1NL"
"U14482","WEST-HILL HEALTH PCN","W2U3Z","NHS WEST AND NORTH LONDON ICB - W2U3Z","20191001","","209 HARROW ROAD","","","LONDON","","W2 5EH"
"U14615","EASINGTON CENTRAL PCN","84H","NHS NORTH EAST AND NORTH CUMBRIA ICB - 84H","20191001","","THE SURGERY","ASHMORE TERRACE","WHEATLEY HILL","DURHAM","","DH6 3NP"
"U14646","SUNDERLAND WEST 1 PCN","00P","NHS NORTH EAST AND NORTH CUMBRIA ICB - 00P","20191001","","THE BROADWAY MEDICAL PRACTICE","SPRINGWELL HEALTH CENTRE","SPRINGWELL ROAD","SUNDERLAND","","SR3 4HG"
"U14694","CENTRAL SLOUGH NETWORK PCN","U2G6B","NHS THAMES VALLEY ICB - U2G6B","20191001","","22 WHITBY ROAD","","","SLOUGH","","SL1 3DQ"
"U14816","HEALTHY CRAWLEY PCN","70F","NHS SURREY AND SUSSEX ICB - 70F","20191001","","POUND HILL MEDICAL GROUP","1 CRAWLEY LANE","POUND HILL","CRAWLEY","","RH10 7DX"
"U14878","NESTON & WILLASTON PCN","27D","NHS CHESHIRE AND MERSEYSIDE ICB - 27D","20191001","","NESTON SURGERY","MELLOCK LANE","LITTLE NESTON","NESTON","","CH64 4BN"
"U14922","CW UNITY PCN","B2M3M","NHS COVENTRY AND WARWICKSHIRE ICB - B2M3M","20191001","","UNIT 1, THE BOILER HOUSE","ELECTRIC WHARF","SANDY LNE","COVENTRY","","CV1 4JU"
"U15138","HERTFORD AND RURALS PCN","06K","NHS CENTRAL EAST ICB - 06K","20191001","","WARE ROAD SURGERY","77 WARE ROAD","","HERTFORD","","SG13 7EE"
"U15164","ANDOVER PCN","D9Y0V","NHS HAMPSHIRE AND ISLE OF WIGHT ICB - D9Y0V","20191001","","CHARLTON HILL SURGERY","CHARLTON ROAD","","ANDOVER","","SP10 3JY"
"U15166","PHOENIX (MID ESSEX) PCN","06Q","NHS ESSEX ICB - 06Q","20191001","20240331","PRINCES ROAD","","","MALDON","","CM9 5DF"
"U15230","ABINGDON CENTRAL PCN","10Q","NHS THAMES VALLEY ICB - 10Q","20191001","","THE ABINGDON SURGERY","65 STERT STREET","","ABINGDON","","OX14 3LB"
"U15334","HARINGEY - EAST CENTRAL PCN","93C","NHS WEST AND NORTH LONDON ICB - 93C","20191001","","WEST GREEN SURGERY","590-598 GREEN LANES","","LONDON","","N8 0RA"
"U15435","HEATONS GROUP NETWORK PCN","01W","NHS GREATER MANCHESTER ICB - 01W","20191001","","HEATON MOOR MEDICAL GROUP","32 HEATON MOOR ROAD","","STOCKPORT","","SK4 4NX"
"U15488","EAST BASILDON PCN","99E","NHS ESSEX ICB - 99E","20191001","","FELMORES END","PITSEA","","BASILDON","","SS13 1PN"
"U15552","SMALL HEATH PCN","15E","NHS BIRMINGHAM AND SOLIHULL ICB - 15E","20191001","","WEST HEATH MEDICAL CENTRE","194-196 WEST HEATH ROAD","WEST HEATH","BIRMINGHAM","","B31 3HB"
"U15644","LEIGHTON LINSLADE HEALTH CONNECTIONS PCN","M1J4Y","NHS CENTRAL EAST ICB - M1J4Y","20191001","","SALISBURY HOUSE SURGERY","LAKE STREET","","LEIGHTON BUZZARD","","LU7 1RS"
"U15646","NORWICH EAST PCN","26A","NHS NORFOLK AND SUFFOLK ICB - 26A","20240401","","REED HOUSE","PEACHMAN WAY","BROADLAND BUSINESS PARK","NORWICH","","NR7 0WF"
"U15814","SHAKESPEARE ROAD MEDICAL PRACTICE PCN","D9Y0V","NHS HAMPSHIRE AND ISLE OF WIGHT ICB - D9Y0V","20230101","","SHAKESPEARE HOUSE HEALTH CENTRE","SHAKESPEARE ROAD","","BASINGSTOKE","","RG24 9DT"
"U16004","ELY SOUTH PCN","06H","NHS CENTRAL EAST ICB - 06H","20191001","","STAPLOE MEDICAL CENTRE","BREWHOUSE LANE","SOHAM","ELY","","CB7 5JD"
"U16083","SOUTH CENTRAL EALING PCN","W2U3Z","NHS WEST AND NORTH LONDON ICB - W2U3Z","20191001","","26 FLORENCE ROAD","EALING","","LONDON","","W5 3TX"
"U16196","FOREST GREEN PCN","11M","NHS GLOUCESTERSHIRE ICB - 11M","20191001","","BROOK STREET","","","MITCHELDEAN","","GL17 0AU"
"U16318","RUGELEY & GREAT HAYWOOD PCN","04Y","NHS STAFFORDSHIRE AND STOKE-ON-TRENT ICB - 04Y","20191001","","CANNOCK CHASE CLINICAL ALLIANCE","C/O QUINTON PRAC, GREAT WYRLEY H/C","WARDLES LANE, GREAT WYRLEY","WALSALL","","WS6 6EW"
"U16338","NORTH & SOUTH GLOUCESTER (NSG) PCN","11M","NHS GLOUCESTERSHIRE ICB - 11M","20191001","","PARTON ROAD","PARTON ROAD","CHURCHDOWN","GLOUCESTER","","GL3 2JH"
"U16428","MIDDLETON PCN","01D","NHS GREATER MANCHESTER ICB - 01D","20191001","","ROCHDALE ROAD MEDICAL CENTRE","48A ROCHDALE ROAD","MIDDLETON","MANCHESTER","","M24 2PU"
"U16446","NORTH UTTLESFORD PCN","07H","NHS ESSEX ICB - 07H","20191001","","5 FERGUSON CLOSE","RADWINTER ROAD","","SAFFRON WALDEN","","CB11 3HY"
"U16464","FCP SERVICE - BARNSLEY PCN","02P","NHS SOUTH YORKSHIRE ICB - 02P","20191001","","OAKS PARK PRIMARY CARE CENTRE","THORNTON ROAD","","BARNSLEY","","S70 3NE"
"U16538","MERIDIAN HEALTH GROUP NEL PCN","03H","NHS HUMBER AND NORTH YORKSHIRE ICB - 03H","20191001","","PILGRIM PRIMARY CARE CENTRE","PELHAM ROAD","","IMMINGHAM","","DN40 1JW"
"U16600","4PCN (BNSSG) PCN","15C","NHS BRISTOL, NORTH SOMERSET AND SOUTH GLOUCESTERSHIRE ICB - 15C","20191001","","KINGSWOOD HEALTH CENTRE","ALMA ROAD","KINGSWOOD","BRISTOL","","BS15 4EJ"
"U16644","MILLOM PCN","01K","NHS LANCASHIRE AND SOUTH CUMBRIA ICB - 01K","20240401","","LAPSTONE ROAD","","","MILLOM","","LA18 4BY"
"U16737","POOLE NORTH PCN","11J","NHS DORSET ICB - 11J","20191001","","THE HARVEY PRACTICE","18 KIRKWAY","","BROADSTONE","","BH18 8EE"
"U16816","ASPEN PCN","11M","NHS GLOUCESTERSHIRE ICB - 11M","20191001","","ASPEN CENTRE","HORTON ROAD","","GLOUCESTER","","GL1 3PX"
"U16877","PEGASUS @ PANACEA NEL PCN","03H","NHS HUMBER AND NORTH YORKSHIRE ICB - 03H","20191001","20200331","CLEE MEDICAL CENTRE","323 GRIMSBY ROAD","","CLEETHORPES","","DN35 7XE"
"U16878","BEESTON PCN","15F","NHS WEST YORKSHIRE ICB - 15F","20191001","","LEEDS CITY MEDICAL PRACTICE","123 CEMETERY ROAD","BEESTON","LEEDS","","LS11 8LH"
"U16896","GOSPORT WEST PCN","D9Y0V","NHS HAMPSHIRE AND ISLE OF WIGHT ICB - D9Y0V","20191001","20220331","GOSPORT MEDICAL CENTRE","BURY ROAD","","GOSPORT","","PO12 3AQ"
"U16983","A34 WEST BERKSHIRE PCN","15A","NHS THAMES VALLEY ICB - 15A","20191001","","THE DOWNLAND PRACTICE","EAST LANE","CHIEVELEY","NEWBURY","","RG20 8UY"
"U17012","SOUTH LINCOLNSHIRE RURAL PCN","71E","NHS LINCOLNSHIRE ICB - 71E","20191001","","40 NORTH ROAD","","","BOURNE","","PE10 9BT"
"U17022","BRADFORD NORTH WEST PCN","36J","NHS WEST YORKSHIRE ICB - 36J","20191001","","LEYLANDS MEDICAL CENTRE","81 LEYLANDS LANE","HEATON","BRADFORD","","BD9 5PZ"
"U17081","ROMSEY & NORTH BADDESLEY PCN","D9Y0V","NHS HAMPSHIRE AND ISLE OF WIGHT ICB - D9Y0V","20191001","","ABBEYWELL SURGERY","THE ABBEY","","ROMSEY","","SO51 8EN"
"U17084","WALTHAM FOREST WALTHAMSTOW WEST PCN","A3A8R","NHS NORTH EAST LONDON ICB - A3A8R","20191001","","W F FEDERATED GP NETWORK LTD","500 LARKSHALL ROAD","","LONDON","","E4 9HH"
"U17153","WEST MENDIP PCN","11X","NHS SOMERSET ICB - 11X","20191001","","GLASTONBURY SURGERY","FEVERSHAM LANE","","GLASTONBURY","","BA6 9LP"
"U17156","MILLTOWN ALLIANCE PCN","00Y","NHS GREATER MANCHESTER ICB - 00Y","20191001","","WERNETH PRIMARY CARE CENTRE","FEATHERSTALL ROAD SOUTH","","OLDHAM","","OL9 7AY"
"U17168","SOUTH HARDWICK PCN","15M","NHS DERBY AND DERBYSHIRE ICB - 15M","20191001","","NORTH EASTERN DERBYSHIRE H/CARE LTD","ALLENDALE ROAD","WINGERWORTH","CHESTERFIELD","","S42 6PX"
"U17192","COBHAM AND OXSHOTT PCN","92A","NHS SURREY AND SUSSEX ICB - 92A","20231108","20231109","148-154 KINGSTON ROAD","","","LEATHERHEAD","","KT22 7PZ"
"U17435","APEX PCN LTD","71E","NHS LINCOLNSHIRE ICB - 71E","20191001","","THE WOODLAND MEDICAL PRACTICE","JASMIN ROAD","BIRCHWOOD","LINCOLN","","LN6 0QQ"
"U17794","SOUTHEND VICTORIA PCN","99G","NHS ESSEX ICB - 99G","20191001","","QUEENSWAY SURGERY","75 QUEENSWAY","","SOUTHEND-ON-SEA","","SS1 2AB"
"U17834","DARTFORD MODEL PCN","91Q","NHS KENT AND MEDWAY ICB - 91Q","20191001","","DARTFORD EAST HEALTH CENTRE","PILGRIMS WAY","OFF WATLING STREET","DARTFORD","","DA1 1QY"
"U17837","WYRE BRIDGE","02M","NHS LANCASHIRE AND SOUTH CUMBRIA ICB - 02M","20250401","","WILKINSON WAY","PREESALL","","POULTON-LE-FYLDE","","FY6 0FA"
"U17849","NEWCASTLE EAST PCN","13T","NHS NORTH EAST AND NORTH CUMBRIA ICB - 13T","20191001","","GRAINGER MEDICAL GROUP","ELSWICK HC","MELDON STREET","NEWCASTLE UPON TYNE","","NE4 6SH"
"U17969","FARNHAM PCN","92A","NHS SURREY AND SUSSEX ICB - 92A","20191001","","FARNHAM CENTRE FOR HEALTH","HALE ROAD","","FARNHAM","","GU9 9QS"
"U17992","BARROW TOGETHER PCN","01K","NHS LANCASHIRE AND SOUTH CUMBRIA ICB - 01K","20191001","","BRIDGEGATE MEDICAL CENTRE","WINCHESTER STREET","","BARROW-IN-FURNESS","","LA13 9SH"
"U18020","STOURBRIDGE, WOLLESCOTE & LYE PCN","D2P2L","NHS BLACK COUNTRY ICB - D2P2L","20191001","","2 LOWNDES ROAD","","","STOURBRIDGE","","DY8 3SS"
"U18195","KINGSTANDING, ERDINGTON & NECHELLS PCN","15E","NHS BIRMINGHAM AND SOLIHULL ICB - 15E","20191001","","199 SHADY LANE","","","BIRMINGHAM","","B44 9ER"
"U18267","ROSEWOOD PCN","52R","NHS NOTTINGHAM AND NOTTINGHAMSHIRE ICB - 52R","20191001","","PICS MID NOTTS LTD","H4 ASH TREE COURT, MELLORS WAY","NOTTINGHAM BUSINESS PARK","NOTTINGHAM","","NG8 6PY"
"U18315","AT MEDICS STREATHAM PCN","72Q","NHS SOUTH EAST LONDON ICB - 72Q","20191001","","STREATHAM HIGH PRACTICE","2-8 GRACEFIELD GARDENS","STREATHAM","LONDON","","SW16 2ST"
"U18398","HAMMERSMITH & FULHAM PARTNERSHIP PCN","W2U3Z","NHS WEST AND NORTH LONDON ICB - W2U3Z","20191001","","THE BUSH DOCTORS","16-17 THE LINKS, WEST 12 SHOP CTR","SHEPHERDS BUSH GREEN","LONDON","","W12 8PP"
"U18460","SOUTHPORT & FORMBY PCN","01V","NHS CHESHIRE AND MERSEYSIDE ICB - 01V","20210401","","107 LIVERPOOL ROAD","","","SOUTHPORT","","PR8 4DB"
"U18494","SOUTHAMPTON SEA CITY PCN","D9Y0V","NHS HAMPSHIRE AND ISLE OF WIGHT ICB - D9Y0V","20240401","","1 JOHNSON STREET","","","SOUTHAMPTON","","SO14 1LT"
"U18888","MVPS PCN","06N","NHS CENTRAL EAST ICB - 06N","20191001","20260331","BUSHEY HEALTH CENTRE","LONDON ROAD","","BUSHEY","","WD23 2NN"
"U18986","SOUTHAMPTON CENTRAL PCN","D9Y0V","NHS HAMPSHIRE AND ISLE OF WIGHT ICB - D9Y0V","20191001","","GRAHAM ROAD","","","SOUTHAMPTON","","SO14 0YG"
"U18990","MALDON & WITHAM PCN","06Q","NHS ESSEX ICB - 06Q","20191001","","THE WITHAM HEALTH CENTRE","4 MAYLAND ROAD","","WITHAM","","CM8 2UX"
"U19031","WELLINGBOROUGH & DISTRICT PCN","78H","NHS NORTHAMPTONSHIRE ICB - 78H","20191001","","THE MANNOCK MEDICAL CENTRE","IRTHLINGBOROUGH ROAD","","WELLINGBOROUGH","","NN8 1LT"
"U19037","NORTH SOLIHULL SOUTH PCN","15E","NHS BIRMINGHAM AND SOLIHULL ICB - 15E","20191001","20210331","MANOR HOUSE LANE SURGERY","1 MANOR HOUSE LANE","SOUTH YARDLEY","BIRMINGHAM","","B26 1PE"
"U19124","PORTSMOUTH NORTH PCN","10R","NHS HAMPSHIRE AND ISLE OF WIGHT ICB - 10R","20191001","","DRAYTON SURGERY","280 HAVANT ROAD","DRAYTON","PORTSMOUTH","","PO6 1PA"
"U19152","WELWYN GARDEN CITY A PCN","06K","NHS CENTRAL EAST ICB - 06K","20191001","","185 KNIGHTSFIELD","","","WELWYN GARDEN CITY","","AL8 7QG"
"U19169","CLIFTON & MEADOWS PCN","52R","NHS NOTTINGHAM AND NOTTINGHAMSHIRE ICB - 52R","20191001","","NCGPA PCN 8","NHS UPPER PARLIAMENT STREET","79A UPPER PARLIAMENT STREET","NOTTINGHAM","","NG1 6LD"
"U19348","WOLVERHAMPTON UNITY EAST PCN","D2P2L","NHS BLACK COUNTRY ICB - D2P2L","20191001","","PENNFIELDS MEDICAL CENTRE","UPPER ZOAR STREET","","WOLVERHAMPTON","","WV3 0JH"
"U19424","CHESSINGTON AND SURBITON PCN","36L","NHS SOUTH WEST LONDON ICB - 36L","20191001","","CLAREMONT MEDICAL CENTRE","2A GLENBUCK ROAD","","SURBITON","","KT6 6BS"
"U19471","MERIDIAN PCN","06H","NHS CENTRAL EAST ICB - 06H","20191001","","BOURN SURGERY","25 ALMS HILL","BOURN","CAMBRIDGE","","CB23 2SH"
"U19803","GP AT HAND PCN","W2U3Z","NHS WEST AND NORTH LONDON ICB - W2U3Z","20191001","","139 LILLIE ROAD","FULHAM","","LONDON","","SW6 7SX"
"U19808","LANCASTER PCN","01K","NHS LANCASHIRE AND SOUTH CUMBRIA ICB - 01K","20191001","","LANCASTER MEDICAL PRACTICE","8 DALTON SQUARE","","LANCASTER","","LA1 1PN"
"U19864","NORWICH NORTH PCN","26A","NHS NORFOLK AND SUFFOLK ICB - 26A","20240401","","MAGDALEN MEDICAL PRACTICE","LAWSON ROAD","","NORWICH","","NR3 4LF"
"U19923","WIMBORNE & FERNDOWN PCN","11J","NHS DORSET ICB - 11J","20191001","","RODWAYS CORNER","","","WIMBORNE","","BH21 1AP"
"U20036","HARINGEY - WEST CENTRAL PCN","93C","NHS WEST AND NORTH LONDON ICB - 93C","20191001","20220401","THE VALE PRACTICE","50 PARK ROAD","CROUCH END","LONDON","","N8 8SU"
"U20165","COCO PCN","92A","NHS SURREY AND SUSSEX ICB - 92A","20191001","","SOUTHVIEW MEDICAL PRACTICE","GUILDFORD ROAD","","WOKING","","GU22 7RR"
"U20256","SOUTH TYNESIDE EAST PCN","00N","NHS NORTH EAST AND NORTH CUMBRIA ICB - 00N","20191001","","S TYNESIDE HEALTH COLLABORATION","C/O STANHOPE PARADE MEDICAL CENTRE","GORDON STREET","SOUTH SHIELDS","","NE33 4JP"
"U20290","LOXFORD PCN","A3A8R","NHS NORTH EAST LONDON ICB - A3A8R","20191001","","THE VINTRY","53-63 REDBRIDGE LANE EAST","","ILFORD","","IG4 5EY"
"U20320","MAIDENHEAD PCN","U2G6B","NHS THAMES VALLEY ICB - U2G6B","20191001","","INSPIRED","EASTHAMPSTEAD ROAD","","BRACKNELL","","RG12 1YQ"
"U20349","NEWTON AND HAYDOCK PCN","01X","NHS CHESHIRE AND MERSEYSIDE ICB - 01X","20191001","","HAYDOCK MEDICAL CENTRE","WOODSIDE HEALTHCARE CENTRE","WOODSIDE ROAD, HAYDOCK","ST. HELENS","","WA11 0NA"
"U20350","FOUNDRY PCN","03N","NHS SOUTH YORKSHIRE ICB - 03N","20191001","","PITSMOOR SURGERY","151 BURNGREAVE ROAD","","SHEFFIELD","","S3 9DL"
"U20410","WHAM PCN","92A","NHS SURREY AND SUSSEX ICB - 92A","20191001","","NICS FEDERATION","SOUTHVIEW MEDICAL PRACTICE","GUILDFORD ROAD","WOKING","","GU22 7RR"
"U20454","WOLVERHAMPTON RWT PCN","D2P2L","NHS BLACK COUNTRY ICB - D2P2L","20191001","","THE ROYAL WOLVERHAMPTON NHS TRUST","NEW CROSS HOSPITAL","WOLVERHAMPTON ROAD","WOLVERHAMPTON","","WV10 0QP"
"U20639","DELTA PCN","06N","NHS CENTRAL EAST ICB - 06N","20191001","","KINGS LANGLEY SURGERY","THE NAP","","KINGS LANGLEY","","WD4 8ET"
"U20640","ST NEOTS PCN","06H","NHS CENTRAL EAST ICB - 06H","20191001","","CEDAR HOUSE SURGERY","14 HUNTINGDON STREET","","ST. NEOTS","","PE19 1BQ"
"U20827","RURAL WEST OXFORDSHIRE PCN","10Q","NHS THAMES VALLEY ICB - 10Q","20191001","","BURFORD SURGERY","59 SHEEP STREET","","BURFORD","","OX18 4LS"
"U20871","GOSPORT CENTRAL PCN","D9Y0V","NHS HAMPSHIRE AND ISLE OF WIGHT ICB - D9Y0V","20191001","","66-68 STOKE ROAD","","","GOSPORT","","PO12 1PA"
"U20931","KIDLINGTON, ISLIP, WOODSTOCK & YARNTON (KIWY) PCN","10Q","NHS THAMES VALLEY ICB - 10Q","20191001","","WEST BAR SURGERY","SOUTH BAR HOUSE","SOUTH BAR STREET","BANBURY","","OX16 9AD"
"U21059","NORTH DEVON COASTAL PCN","15N","NHS DEVON ICB - 15N","20191001","","CAEN HEALTH CENTRE","CAEN STREET","","BRAUNTON","","EX33 1LR"
"U21078","TADCASTER AND SELBY RURAL PCN","42D","NHS HUMBER AND NORTH YORKSHIRE ICB - 42D","20191001","","THE SURGERY","HIGH STREET","SOUTH MILFORD","LEEDS","","LS25 5AA"
"U21222","LEWISHAM ALLIANCE PCN","72Q","NHS SOUTH EAST LONDON ICB - 72Q","20191001","","20 LEE ROAD","","","LONDON","","SE3 9RT"
"U21248","TRIANGLE PCN","78H","NHS NORTHAMPTONSHIRE ICB - 78H","20191001","","ROTHWELL MEDICAL CENTRE","109 DESBOROUGH ROAD","ROTHWELL","KETTERING","","NN14 6JQ"
"U21268","HACKNEY DOWNS PCN","A3A8R","NHS NORTH EAST LONDON ICB - A3A8R","20191001","","CITY AND HACKNEY GP CONFEDERATION","2ND FLOOR, THE LAWSON PRACTICE","85 NUTTALL STREET","LONDON","","N1 5HZ"
"U21317","THE HAVENS PCN","97R","NHS SURREY AND SUSSEX ICB - 97R","20191001","","QUAYSIDE MEDICAL PRACTICE","CHAPEL STREET","","NEWHAVEN","","BN9 9PW"
"U21339","ARUN INTEGRATED CARE (AIC) PCN LTD","70F","NHS SURREY AND SUSSEX ICB - 70F","20191001","","UNIT 8-11","ORCHARD INDUSTRIAL ESTATE","10-12 FITZALAN ROAD","ARUNDEL","","BN18 9JS"
"U21359","SOUTH WORCS VALE OF EVESHAM HEALTH PCN","18C","NHS HEREFORDSHIRE AND WORCESTERSHIRE ICB - 18C","20191001","","DROTWICH MEDICAL CENTRE","OMBERSLEY STREET EAST","","DROITWICH","","WR9 8RD"
"U21400","PENDLE EAST PCN","01A","NHS LANCASHIRE AND SOUTH CUMBRIA ICB - 01A","20191001","","THE SURGERY","EDWARD STREET","EARBY","BARNOLDSWICK","","BB18 6QT"
"U21465","SHORE MEDICAL PCN","11J","NHS DORSET ICB - 11J","20191001","","MANSFIELD ROAD","","","POOLE","","BH14 0DJ"
"U21470","HERNE BAY PCN","91Q","NHS KENT AND MEDWAY ICB - 91Q","20191001","","THE PARK SURGERY","116 KINGS ROAD","","HERNE BAY","","CT6 5RE"
"U21547","SALISBURY PLAIN PCN","92G","NHS BATH AND NORTH EAST SOMERSET, SWINDON AND WILTSHIRE ICB - 92G","20200401","","FAIRFIELD","UPAVON","","PEWSEY","","SN9 6DZ"
"U21617","TYNTESFIELD PCN","15C","NHS BRISTOL, NORTH SOMERSET AND SOUTH GLOUCESTERSHIRE ICB - 15C","20191001","","TOWER HOUSE MEDICAL CTR","STOCKWAY SOUTH","NAILSEA","BRISTOL","","BS48 2XX"
"U21757","ORMSKIRK PCN","02G","NHS LANCASHIRE AND SOUTH CUMBRIA ICB - 02G","20191001","","MATTHEW RYDER CLINIC","20 DINGLE ROAD","UPHOLLAND","SKELMERSDALE","","WN8 0EN"
"U21926","HINDLEY PCN","02H","NHS GREATER MANCHESTER ICB - 02H","20191001","","PENNYGATE MEDICAL CENTRE","109 LADIES LANE","HINDLEY","WIGAN","","WN2 2QG"
"U21951","MENDIP PCN","11X","NHS SOMERSET ICB - 11X","20191001","","MENDIP COUNTRY PRACTICE","CHURCH STREET","COLEFORD","RADSTOCK","","BA3 5NQ"
"U21965","MEDWAY SOUTH PCN","91Q","NHS KENT AND MEDWAY ICB - 91Q","20191001","","WALDERSLADE VILLAGE SURGERY","62A ROBIN HOOD LANE","","CHATHAM","","ME5 9LD"
"U21972","COASTAL FAREHAM & GOSPORT PCN","D9Y0V","NHS HAMPSHIRE AND ISLE OF WIGHT ICB - D9Y0V","20191001","","BROOK LANE SURGERY","233A BROOK LANE","SARISBURY GREEN","SOUTHAMPTON","","SO31 7DQ"
"U22020","ST PAUL'S PCN","11M","NHS GLOUCESTERSHIRE ICB - 11M","20191001","","ROYAL WELL SURGERY","ST. PAULS MEDICAL CENTRE","121 SWINDON ROAD","CHELTENHAM","","GL50 4DP"
"U22092","STRAWBERRY HEALTH PCN","D9Y0V","NHS HAMPSHIRE AND ISLE OF WIGHT ICB - D9Y0V","20191001","","HAVANT HEALTH CENTRE","CIVIC CENTRE ROAD","","HAVANT","","PO9 2AQ"
"U22192","THE MARSH PCN","91Q","NHS KENT AND MEDWAY ICB - 91Q","20191001","","OAK HALL SURGERY","41-43 HIGH STREET","","NEW ROMNEY","","TN28 8BW"
"U22273","SOUTH RIBBLE MEDICAL GROUP PCN","01E","NHS LANCASHIRE AND SOUTH CUMBRIA ICB - 01E","20191001","20230331","ST. FILLANS MEDICAL CENTRE","2 LIVERPOOL ROAD","PENWORTHAM","PRESTON","","PR1 0AD"
"U22426","DEAN'S AND CENTRAL BRIGHTON PCN","09D","NHS SURREY AND SUSSEX ICB - 09D","20191001","","SCHOOL HOUSE SURGERY","HERTFORD ROAD","","BRIGHTON","","BN1 7GF"
"U22471","SMARTCARE CENTRAL PCN","15E","NHS BIRMINGHAM AND SOLIHULL ICB - 15E","20191001","","BIRMINGHAM SMARTCARE FEDERATION","HILL MEADS MEDICAL CENTRE","97 HILLMEADS ROAD","BIRMINGHAM","","B38 9NE"
"U22506","MODALITY LEWISHAM PCN","72Q","NHS SOUTH EAST LONDON ICB - 72Q","20191001","","JENNER HEALTH CENTRE","201-203 STANSTEAD ROAD","FOREST HILL","LONDON","","SE23 1HU"
"U23362","SOUTH ONE NEWHAM PCN","A3A8R","NHS NORTH EAST LONDON ICB - A3A8R","20191001","","STAR LANE MEDICAL CENTRE","121 STAR LANE","","LONDON","","E16 4QH"
"U23418","LIGA WIGAN PCN","02H","NHS GREATER MANCHESTER ICB - 02H","20191001","","ASHTON MEDICAL CENTRE","120 WIGAN ROAD","ASHTON-IN-MAKERFIELD","WIGAN","","WN4 9SU"
"U23535","REDHILL PHOENIX PCN","92A","NHS SURREY AND SUSSEX ICB - 92A","20191001","","THE SURGERY","TANNERS MEADOW","BROCKHAM","BETCHWORTH","","RH3 7NJ"
"U23544","SANDHILLS PCN","M1J4Y","NHS CENTRAL EAST ICB - M1J4Y","20220401","","NORTHCROFT","","","SANDY","","SG19 1JQ"
"U23546","APLOS HEALTH PCN","72Q","NHS SOUTH EAST LONDON ICB - 72Q","20191001","","WOOLSTONE MEDICAL CENTRE","WOOLSTONE ROAD","LEWISHAM","LONDON","","SE23 2SG"
"U23620","BANBURY CROSS PCN","10Q","NHS THAMES VALLEY ICB - 10Q","20191001","","WEST BAR SURGERY","SOUTH BAR HOUSE","SOUTH BAR STREET","BANBURY","","OX16 9AD"
"U23710","SEVERN HEALTH PCN","11M","NHS GLOUCESTERSHIRE ICB - 11M","20191001","","FIVE VALLEYS MEDICAL PRACTICE","1A KING STREET","","STROUD","","GL5 3BS"
"U23714","REDCAR COASTAL PCN","16C","NHS NORTH EAST AND NORTH CUMBRIA ICB - 16C","20191001","","COATHAM ROAD","","","REDCAR","","TS10 1SR"
"U23717","SEAFORTH & LITHERLAND PCN","01T","NHS CHESHIRE AND MERSEYSIDE ICB - 01T","20191001","20220331","BRIDGE ROAD MEDICAL CENTRE","66-88 BRIDGE ROAD","LITHERLAND","LIVERPOOL","","L21 6PH"
"U23742","BLACKBOURNE PCN","07K","NHS NORFOLK AND SUFFOLK ICB - 07K","20191001","","WOOLPIT HEALTH CENTRE","HEATH ROAD","WOOLPIT","BURY ST. EDMUNDS","","IP30 9QU"
"U23821","ARC BUCKS PCN","14Y","NHS THAMES VALLEY ICB - 14Y","20191001","","ELM ROAD","PENN","","HIGH WYCOMBE","","HP10 8LQ"
"U23862","STROUD COTSWOLD PCN","11M","NHS GLOUCESTERSHIRE ICB - 11M","20191001","","PAINWICK SURGERY","HOYLAND HOUSE","GYDE ROAD","STROUD","","GL6 6RD"
"U24190","BROWNLOW HEALTH PCN","99A","NHS CHESHIRE AND MERSEYSIDE ICB - 99A","20250401","","26 ARGYLE STREET","","","LIVERPOOL","","L1 5DL"
"U24241","DANAIS PCN","06N","NHS CENTRAL EAST ICB - 06N","20191001","20230630","BENNETTS END SURGERY","GATECROFT","","HEMEL HEMPSTEAD","","HP3 9LY"
"U24247","CENTRAL & WEST (IW) PCN","D9Y0V","NHS HAMPSHIRE AND ISLE OF WIGHT ICB - D9Y0V","20191001","","BROOKSIDE HEALTH CENTRE","QUEENS ROAD","","FRESHWATER","","PO40 9DT"
"U24388","CANTAB MEDICAL PRACTICES PCN","06H","NHS CENTRAL EAST ICB - 06H","20191001","","HUNTINGDON ROAD SURGERY","1 HUNTINGDON ROAD","","CAMBRIDGE","","CB3 0DB"
"U24481","SEVENOAKS PCN","91Q","NHS KENT AND MEDWAY ICB - 91Q","20191001","","AMHERST MEDICAL PRACTICE","21 ST BOTOLPHS ROAD","","SEVENOAKS","","TN13 3AQ"
"U24558","CHICHESTER ALLIANCE OF MEDICAL PRACTICES PCN","70F","NHS SURREY AND SUSSEX ICB - 70F","20191001","","UNIT 8-11","ORCHARD INDUSTRIAL ESTATE","10-12 FITZALAN ROAD","ARUNDEL","","BN18 9JS"
"U24727","POTTERS BAR PCN","06N","NHS CENTRAL EAST ICB - 06N","20191001","","HIGHVIEW MEDICAL CENTRE","THE ELMS","HIGH STREET","POTTERS BAR","","EN6 5DA"
"U24740","HOUNSLOW HEALTH PCN","W2U3Z","NHS WEST AND NORTH LONDON ICB - W2U3Z","20191001","","134 BATH ROAD","","","HOUNSLOW","","TW3 3ET"
"U24883","NORTH SHROPSHIRE PCN","M2L0M","NHS SHROPSHIRE, TELFORD AND WREKIN ICB - M2L0M","20191001","","THE CAXTON SURGERY","OSWALD ROAD","","OSWESTRY","","SY11 1RD"
"U24972","STUDENT & CENTRAL SHEFFIELD PCN","03N","NHS SOUTH YORKSHIRE ICB - 03N","20240401","","9 SUNDERLAND STREET","","","SHEFFIELD","","S11 8HN"
"U24977","CRAMLINGTON SEATON VALLEY PCN","00L","NHS NORTH EAST AND NORTH CUMBRIA ICB - 00L","20191001","","VILLAGE MEDICAL GROUP","THE VILLAGE SURGERY","DUDLEY LANE","CRAMLINGTON","","NE23 6US"
"U24992","HERITAGE PCN","72Q","NHS SOUTH EAST LONDON ICB - 72Q","20191001","","ESCREET GROVE SURGERY","ESCREET GROVE","","LONDON","","SE18 5TE"
"U24998","HAVERING LIBERTY PCN","A3A8R","NHS NORTH EAST LONDON ICB - A3A8R","20240701","","HORNCHURCH HEALTHCARE","58B BILLET LANE","","HORNCHURCH","","RM11 1XA"
"U25131","KILBURN PARTNERSHIP PCN","W2U3Z","NHS WEST AND NORTH LONDON ICB - W2U3Z","20191001","","65 SHOOT UP HILL","","","LONDON","","NW2 3PS"
"U25219","FIVE TOWNS PCN","03R","NHS WEST YORKSHIRE ICB - 03R","20191001","","KINGS MEDICAL PRACTICE","KINGS MEDICAL CENTRE","KING EDWARD STREET","NORMANTON","","WF6 2AZ"
"U25240","PEOPLE'S HEALTH PARTNERSHIP PCN","15E","NHS BIRMINGHAM AND SOLIHULL ICB - 15E","20191001","","1 ST. JAMES'S ROAD","HANDSWORTH","","BIRMINGHAM","","B21 0HL"
"U25251","WEYMOUTH & PORTLAND PCN","11J","NHS DORSET ICB - 11J","20191001","","CROSS ROAD SURGERY","CROSS ROAD","RODWELL","WEYMOUTH","","DT4 9QX"
"U25255","DEAL & SANDWICH PCN","91Q","NHS KENT AND MEDWAY ICB - 91Q","20191001","","CEDARS SURGERY","24 MARINE ROAD","WALMER","DEAL","","CT14 7DN"
"U25294","MELTON, SYSTON AND VALE PCN","03W","NHS LEICESTER, LEICESTERSHIRE AND RUTLAND ICB - 03W","20191001","","LATHAM HOUSE MEDICAL CENTRE","SAGE CROSS STREET","","MELTON MOWBRAY","","LE13 1NX"
"U25405","YATELEY PCN","D9Y0V","NHS HAMPSHIRE AND ISLE OF WIGHT ICB - D9Y0V","20191001","","51 FROGMORE ROAD","BLACKWATER","","CAMBERLEY","","GU17 0DD"
"U25489","BLYTH PCN","00L","NHS NORTH EAST AND NORTH CUMBRIA ICB - 00L","20191001","","MARINE MEDICAL GROUP","BLYTH HEALTH CENTRE","THOROTON STREET","BLYTH","","NE24 1DX"
"U25520","MID FURNESS PCN","01K","NHS LANCASHIRE AND SOUTH CUMBRIA ICB - 01K","20191001","","ULVERSTON HEALTH CENTRE","STANLEY STREET","","ULVERSTON","","LA12 7BT"
"U25545","WELL UP NORTH PCN","00L","NHS NORTH EAST AND NORTH CUMBRIA ICB - 00L","20191001","","WELL CLOSE SQUARE SURGERY","WELL CLOSE SQUARE","","BERWICK-UPON-TWEED","","TD15 1LL"
"U25572","DEVIZES PCN","92G","NHS BATH AND NORTH EAST SOMERSET, SWINDON AND WILTSHIRE ICB - 92G","20191001","","MARKET LAVINGTON SURGERY","THE HIGH STREET","MARKET LAVINGTON","DEVIZES","","SN10 4AQ"
"U25587","COMMUNITY CARE HALL GREEN PCN","15E","NHS BIRMINGHAM AND SOLIHULL ICB - 15E","20191001","","977-979 STRATFORD ROAD","HALL GREEN","","BIRMINGHAM","","B28 8BG"
"U25656","WALLASEY PCN","12F","NHS CHESHIRE AND MERSEYSIDE ICB - 12F","20191001","","BROADWAY","","","WALLASEY","","CH45 3NA"
"U25680","KESWICK & SOLWAY PCN","01H","NHS NORTH EAST AND NORTH CUMBRIA ICB - 01H","20191001","","LAWN TERRACE","SILLOTH ON SOLWAY","","WIGTON","","CA7 4AH"
"U25707","TONE VALLEY PCN","11X","NHS SOMERSET ICB - 11X","20191001","","LYNGFORD PARK SURGERY","FLETCHER CLOSE","","TAUNTON","","TA2 8SQ"
"U25735","SWB CITRUS PCN","D2P2L","NHS BLACK COUNTRY ICB - D2P2L","20191001","","PORTWAY LIFESTYLE CENTRE","NEWBURY LANE","","OLDBURY","","B69 1HE"
"U25799","SMASH PCN","27D","NHS CHESHIRE AND MERSEYSIDE ICB - 27D","20191001","","SANDISON EASSON & CO","REX BUILDINGS","ALDERLEY ROAD","WILMSLOW","","SK9 1HY"
"U25882","EREWASH PCN","15M","NHS DERBY AND DERBYSHIRE ICB - 15M","20191001","","60 DRAYCOTT ROAD","LONG EATON","SAWLEY","NOTTINGHAM","","NG10 3FR"
"U25891","SHELDON PCN","15E","NHS BIRMINGHAM AND SOLIHULL ICB - 15E","20250401","","16 CRABTREE DRIVE","","","BIRMINGHAM","","B37 5BU"
"U26054","RURAL AND NORTH PCN","05H","NHS WARWICKSHIRE NORTH CCG","20191001","20200331","27 PARKFIELD ROAD","","","COLESHILL","","B46 3LD"
"U26059","NEW FOREST PCN","D9Y0V","NHS HAMPSHIRE AND ISLE OF WIGHT ICB - D9Y0V","20191001","","LYNDHURST SURGERY","2 CHURCH LANE","","LYNDHURST","","SO43 7EW"
"U26254","TELDOC PCN","M2L0M","NHS SHROPSHIRE, TELFORD AND WREKIN ICB - M2L0M","20191001","","MALINSLEE SURGERY","CHURCH ROAD","MALINSLEE","TELFORD","","TF3 2JZ"
"U26345","SE SHROPSHIRE PCN","M2L0M","NHS SHROPSHIRE, TELFORD AND WREKIN ICB - M2L0M","20191001","","VAUGHAN ROAD","CLEOBURY MORTIMER","","KIDDERMINSTER","","DY14 8DB"
"U26379","HULME & CITY CENTRE SOUTH PCN","14L","NHS GREATER MANCHESTER ICB - 14L","20210801","","63 BOOTH STREET WEST","","","MANCHESTER","","M15 6PR"
"U26493","GREEN VALE HEALTH PCN","M1J4Y","NHS CENTRAL EAST ICB - M1J4Y","20230421","","FLITWICK SURGERY","HIGHLANDS","FLITWICK","BEDFORD","","MK45 1DZ"
"U26715","WOLVERHAMPTON SOUTH EAST PCN","D2P2L","NHS BLACK COUNTRY ICB - D2P2L","20191001","","HEALTH & BEYOND LTD","175 STEELHOUSE LANE","","WOLVERHAMPTON","","WV2 2AU"
"U26743","TONBRIDGE PCN","91Q","NHS KENT AND MEDWAY ICB - 91Q","20191001","","VICTORIA COURT","17-21 ASHFORD ROAD","","MAIDSTONE","","ME14 5DA"
"U26744","BARKING & DAGENHAM NEW WEST PCN","A3A8R","NHS NORTH EAST LONDON ICB - A3A8R","20191001","","VICTORIA MEDICAL CENTRE","1 QUEEN'S ROAD","","BARKING","","IG11 8GD"
"U26788","LYTHAM ST ANNES PCN","02M","NHS LANCASHIRE AND SOUTH CUMBRIA ICB - 02M","20191001","","ANSDELL MEDICAL CENTRE","ALBANY ROAD","","LYTHAM ST. ANNES","","FY8 4GW"
"U26808","SARUM NORTH PCN","92G","NHS BATH AND NORTH EAST SOMERSET, SWINDON AND WILTSHIRE ICB - 92G","20191001","","LUDGERSHALL HEALTH CENTRE","CENTRAL STREET","LUDGERSHALL","ANDOVER","","SP11 9RA"
"U26844","MOSAIC HEALTHCARE PCN","D9Y0V","NHS HAMPSHIRE AND ISLE OF WIGHT ICB - D9Y0V","20191001","","CROWN HEIGHTS MEDICAL CENTRE","2 DICKSON HOUSE","CROWN HEIGHTS, ALENCON LINK","BASINGSTOKE","","RG21 7AN"
"U26864","DURHAM COAST PCN","84H","NHS NORTH EAST AND NORTH CUMBRIA ICB - 84H","20191001","","THE SURGERY","ASHMORE TERRACE","WHEATLEY HILL","DURHAM","","DH6 3NP"
"U26878","BARRACK LANE & IVRY STREET PCN","06L","NHS NORFOLK AND SUFFOLK ICB - 06L","20191001","","IVRY ST MEDICAL PRACTICE","5 IVRY STREET","","IPSWICH","","IP1 3QW"
"U26939","HORSHAM CENTRAL PCN","70F","NHS SURREY AND SUSSEX ICB - 70F","20191001","","RIVERSIDE MEDICAL PRACTICE","48 WORTHING ROAD","","HORSHAM","","RH12 1UD"
"U26996","CITYVIEW PCN","03N","NHS SOUTH YORKSHIRE ICB - 03N","20191001","","30 ADDY STREET","","","SHEFFIELD","","S6 3FT"
"U26997","OXFORD CENTRAL PCN","10Q","NHS THAMES VALLEY ICB - 10Q","20191001","","JERICHO HEALTH CENTRE","NEW RADCLIFFE HOUSE","WALTON STREET","OXFORD","","OX2 6NW"
"U27026","GRAVESEND CENTRAL PCN","91Q","NHS KENT AND MEDWAY ICB - 91Q","20191001","","PELHAM MEDICAL PRACTICE","17 PELHAM ROAD","","GRAVESEND","","DA11 0HN"
"U27032","NORTH SOLIHULL NORTH PCN","15E","NHS BIRMINGHAM AND SOLIHULL ICB - 15E","20191001","20210331","THE CASTLE PRACTICE","2 HAWTHORNE ROAD","CASTLE BROMWICH","BIRMINGHAM","","B36 0HH"
"U27086","BD4+ PCN","36J","NHS WEST YORKSHIRE ICB - 36J","20191001","","BOWLING HALL MED PRACTICE","ROOLEY LANE","FARSLEY","BRADFORD","","BD4 7SS"
"U27128","PHOENIX SUNRISERS PCN","M1J4Y","NHS CENTRAL EAST ICB - M1J4Y","20191001","","5 NEVILLE ROAD","","","LUTON","","LU3 2JG"
"U27129","EDGBASTON PCN","15E","NHS BIRMINGHAM AND SOLIHULL ICB - 15E","20191001","","WEST HEATH MEDICAL CENTRE","194-196 WEST HEATH ROAD","WEST HEATH","BIRMINGHAM","","B31 3HB"
"U27139","HARINGEY - SOUTH WEST PCN","93C","NHS WEST AND NORTH LONDON ICB - 93C","20191001","","151 PARK ROAD","CROUCH END","","LONDON","","N8 8JD"
"U27258","EAST IPSWICH PCN","06L","NHS NORFOLK AND SUFFOLK ICB - 06L","20191001","","ORCHARD MEDICAL PRACTICE","ORCHARD STREET","","IPSWICH","","IP4 2PZ"
"U27349","ONE LIFE HARTLEPOOL PCN","16C","NHS NORTH EAST AND NORTH CUMBRIA ICB - 16C","20191001","","ONE LIFE HARTLEPOOL","PARK ROAD","","HARTLEPOOL","","TS24 7PW"
"U27362","BARKING & DAGENHAM EAST ONE PCN","A3A8R","NHS NORTH EAST LONDON ICB - A3A8R","20191001","","HEATHWAY MEDICAL CENTRE","BROAD STREET RESOURCE CENTRE","1-2 MORLAND ROAD","DAGENHAM","","RM10 9HU"
"U27366","BOURNVILLE AND NORTHFIELD PCN","15E","NHS BIRMINGHAM AND SOLIHULL ICB - 15E","20191001","","HIGHFIELD HOUSE","88 HIGHFIELD LANE","QUINTON","BIRMINGHAM","","B32 1QX"
"U27515","BOURNEMOUTH EAST COLLABORATIVE PCN","11J","NHS DORSET ICB - 11J","20191001","","LITTLEDOWN SURGERY","HAREWOOD CRESCENT","LITTLEDOWN","BOURNEMOUTH","","BH7 7BU"
"U27553","CENTRAL TELFORD PCN","05X","NHS TELFORD AND WREKIN CCG","20191001","20200531","THE HEALTH CENTRE","WREKIN DRIVE,DONNINGTON","","TELFORD","","TF2 8EA"
"U27585","SEVEN KINGS PCN","A3A8R","NHS NORTH EAST LONDON ICB - A3A8R","20191001","","THE VINTRY","53-63 REDBRIDGE LANE EAST","","ILFORD","","IG4 5EY"
"U27607","WOLVERHAMPTON TOTAL HEALTH PCN","D2P2L","NHS BLACK COUNTRY ICB - D2P2L","20191001","","THE NEWBRIDGE SURGERY","255 TETTENHALL ROAD","","WOLVERHAMPTON","","WV6 0DE"
"U27624","BAY PCN","01K","NHS LANCASHIRE AND SOUTH CUMBRIA ICB - 01K","20191001","","WEST END SURGERY","1 HEYSHAM ROAD","","MORECAMBE","","LA3 1DA"
"U27664","STROOD PCN","91Q","NHS KENT AND MEDWAY ICB - 91Q","20191001","","COURT VIEW SURGERY","2A DARNLEY ROAD","STROOD","ROCHESTER","","ME2 2HA"
"U27924","BENFLEET PCN","99F","NHS ESSEX ICB - 99F","20191001","","513 HIGH ROAD","","","BENFLEET","","SS7 5AD"
"U27932","WEB PCN","15N","NHS DEVON ICB - 15N","20191001","","HALDON HOUSE SURGERY","37-41 IMPERIAL ROAD","","EXMOUTH","","EX8 1DQ"
"U28163","WEST 3 PCN","03N","NHS SOUTH YORKSHIRE ICB - 03N","20191001","","THE CROOKES PRACTICE","203-205 SCHOOL ROAD","","SHEFFIELD","","S10 1GN"
"U28174","TAUNTON CENTRAL PCN","11X","NHS SOMERSET ICB - 11X","20191001","","FRENCH WEIR HEALTH CENTRE","FRENCH WEIR AVENUE","","TAUNTON","","TA1 1NW"
"U28178","UNITY (BEDFORD) PCN","M1J4Y","NHS CENTRAL EAST ICB - M1J4Y","20191001","","TEMPLARS WAY","SHARNBROOK","","BEDFORD","","MK44 1PZ"
"U28237","MIDDLEWOOD PCN","27D","NHS CHESHIRE AND MERSEYSIDE ICB - 27D","20191001","","WATERHOUSE SURGERY","WELLINGTON ROAD","BOLLINGTON","MACCLESFIELD","","SK10 5JH"
"U28255","EAST NORTHANTS PCN","78H","NHS NORTHAMPTONSHIRE ICB - 78H","20191001","","HARBOROUGH FIELD SURGERY","160 NEWTON ROAD","","RUSHDEN","","NN10 0GP"
"U28266","COLTE PARTNERSHIP (ARA) PCN","06T","NHS ESSEX ICB - 06T","20200401","20240930","ARDLEIGH SURGERY","THE STREET","ARDLEIGH","COLCHESTER","","CO7 7LD"
"U28348","HARTHILL EAST RIDING PCN","02Y","NHS HUMBER AND NORTH YORKSHIRE ICB - 02Y","20191001","","TRUST HEADQUARTERS","WILLERBY HILL, BEVERLEY ROAD","WILLERBY","HULL","","HU10 6ED"
"U28378","TOWNSHIPS 2 PCN","03N","NHS SOUTH YORKSHIRE ICB - 03N","20191001","","JAUNTY SPRINGS HEALTH CTR","53 JAUNTY WAY","","SHEFFIELD","","S12 3DZ"
"U28405","HIGH PEAK & BUXTON PCN","15M","NHS DERBY AND DERBYSHIRE ICB - 15M","20191001","","ARDEN HOUSE MEDICAL PRACTICE","SETT CLOSE","NEW MILLS","HIGH PEAK","","SK22 4AQ"
"U28474","THE BINGLEY BUBBLE PCN","36J","NHS WEST YORKSHIRE ICB - 36J","20191001","","BAILDON MEDICAL PRACTICE","10 NEWTON WAY","BAILDON","SHIPLEY","","BD17 5NH"
"U28765","ASOP PCN","07G","NHS ESSEX ICB - 07G","20191001","","22 HIGH STREET","AVELEY","","SOUTH OCKENDON","","RM15 4AD"
"U28791","BRUNEL HEALTH GROUP PCN4","92G","NHS BATH AND NORTH EAST SOMERSET, SWINDON AND WILTSHIRE ICB - 92G","20200131","","WESTROP SURGERY","NEWBURGH PLACE","HIGHWORTH","SWINDON","","SN6 7DN"
"U29000","WARRINGTON CENTRAL EAST PCN","02E","NHS CHESHIRE AND MERSEYSIDE ICB - 02E","20191001","","GREENBANK SURGERY","274 MANCHESTER ROAD","","WARRINGTON","","WA1 3RB"
"U29053","CITY SOUTH PCN","52R","NHS NOTTINGHAM AND NOTTINGHAMSHIRE ICB - 52R","20191001","","NCGPA PCN 7","79A UPPER PARLIAMENT STREET","","NOTTINGHAM","","NG1 6LD"
"U29197","PHOENIX PCN","15A","NHS THAMES VALLEY ICB - 15A","20210401","","6 LODDON HALL ROAD","TWYFORD","","READING","","RG10 9JA"
"U29246","TOTTON PCN","D9Y0V","NHS HAMPSHIRE AND ISLE OF WIGHT ICB - D9Y0V","20191001","","TESTVALE SURGERY","12 SALISBURY ROAD","TOTTON","SOUTHAMPTON","","SO40 3PY"
"U29398","THE MOTE & WALLIS HEALTH PRIMARY CARE NETWORK","91Q","NHS KENT AND MEDWAY ICB - 91Q","20250701","","THE MOTE MEDICAL PRACTICE","ST. SAVIOURS SURGERY","ST. SAVIOURS ROAD","MAIDSTONE","","ME15 9FL"
"U29424","HAVERING CREST PCN","A3A8R","NHS NORTH EAST LONDON ICB - A3A8R","20191001","","RAPHAEL HOUSE","VICTORIA CENTRE","PETTITS LANE","ROMFORD","","RM1 4HL"
"U29575","COVENTRY NAVIGATION 1 PCN","B2M3M","NHS COVENTRY AND WARWICKSHIRE ICB - B2M3M","20200101","","RATHBONE COURT","STONEY STANTON ROAD","","COVENTRY","","CV6 5EA"
"U29596","WEST FOREST OF DEAN PCN","11M","NHS GLOUCESTERSHIRE ICB - 11M","20241201","","C/O GDOC LTD","QUAYSIDE HOUSE","QUAY STREET","GLOUCESTER","","GL1 2TZ"
"U29677","EAST & CENTRAL BRIGHTON PCN","09D","NHS SURREY AND SUSSEX ICB - 09D","20210401","","THE SCHOOL CLINIC","MORLEY STREET","","BRIGHTON","","BN2 9DH"
"U29951","NANTWICH & RURAL PCN","27D","NHS CHESHIRE AND MERSEYSIDE ICB - 27D","20191001","","16 CHESHIRE STREET","AUDLEM","","CREWE","","CW3 0AH"
"U30079","BARNET 6 PCN","93C","NHS WEST AND NORTH LONDON ICB - 93C","20191001","","BARNET PCN 6","BARNET FEDERATED GPS CIC","311 BALLARDS LANE","LONDON","","N12 8LY"
"U30123","ELY NORTH PCN","06H","NHS CENTRAL EAST ICB - 06H","20191001","","ST GEORGES MEDICAL CENTRE","2A PARSONS LANE","LITTLEPORT","ELY","","CB6 1JU"
"U30170","TABA WIGAN PCN","02H","NHS GREATER MANCHESTER ICB - 02H","20191001","","THE SURGERY","1 COLDALHURST LANE","ASTLEY, TYLDESLEY","MANCHESTER","","M29 7BS"
"U30213","CROSS COUNTIES PCN","03W","NHS LEICESTER, LEICESTERSHIRE AND RUTLAND ICB - 03W","20191001","","SMEETON ROAD","KIBWORTH BEAUCHAMP","","LEICESTER","","LE8 0LG"
"U30256","SKYWARD PCN","B2M3M","NHS COVENTRY AND WARWICKSHIRE ICB - B2M3M","20210701","","UNIT 1","BOILER HOUSE","ELECTRIC WHARF","COVENTRY","","CV1 4JU"
"U30335","RAYLEIGH AND DISTRICT PCN","99F","NHS ESSEX ICB - 99F","20191001","","AUDLEY MILLS","57 EASTWOOD ROAD","","RAYLEIGH","","SS6 7JF"
"U30526","MAYDAY SOUTH PCN","36L","NHS SOUTH WEST LONDON ICB - 36L","20191001","","518 LONDON ROAD","","","THORNTON HEATH","","CR7 7HQ"
"U30563","FAREHAM & PORTCHESTER PCN","D9Y0V","NHS HAMPSHIRE AND ISLE OF WIGHT ICB - D9Y0V","20191001","","FAREHAM HEALTH CENTRE","CIVIC WAY","","FAREHAM","","PO16 7ER"
"U30587","DONCASTER NORTH PCN","02X","NHS SOUTH YORKSHIRE ICB - 02X","20191001","","PARK VIEW SURGERY","NEWTON LANE","","DONCASTER","","DN5 8DA"
"U30913","BEVERLEY PCN","02Y","NHS HUMBER AND NORTH YORKSHIRE ICB - 02Y","20191001","","NORTH BEVERLEY MEDICAL CENTRE","PIGHILL LANE","OFF WOODHALL WAY","BEVERLEY","","HU17 7JY"
"U31094","CHAW (CHELFORD, HANDFORTH, ALDERLEY EDGE, WILMSLOW) PCN","27D","NHS CHESHIRE AND MERSEYSIDE ICB - 27D","20191001","","WILMSLOW HEALTH CENTRE","CHAPEL LANE","","WILMSLOW","","SK9 5HX"
"U31169","SEVEN HILLS PCN","03N","NHS SOUTH YORKSHIRE ICB - 03N","20191001","","DARNALL PRIMARY CARE CTR","290 MAIN ROAD","DARNALL","SHEFFIELD","","S9 4QH"
"U31228","BURMANTOFTS, HAREHILLS & RICHMOND HILL PCN","15F","NHS WEST YORKSHIRE ICB - 15F","20191001","","BELLBROOKE AVENUE","","","LEEDS","","LS9 6AU"
"U31269","WEST LEEDS PCN","15F","NHS WEST YORKSHIRE ICB - 15F","20191001","","MANOR HOUSE GROUND FLOOR","23 ROBIN LANE","","PUDSEY","","LS28 7BR"
"U31305","SHAPE PCN","U2G6B","NHS THAMES VALLEY ICB - U2G6B","20191001","","450 BATH ROAD","","","SLOUGH","","SL1 6BB"
"U31313","SOUTH WARRINGTON PCN","02E","NHS CHESHIRE AND MERSEYSIDE ICB - 02E","20191001","","LATCHFORD MEDICAL CENTRE","5 THELWALL LNE","LATCHFORD","WARRINGTON","","WA4 1LJ"
"U31390","CREFFIELD MEDICAL GROUP PCN","06T","NHS ESSEX ICB - 06T","20191001","","CREFFIELD MEDICAL GROUP","15 CAVALRY ROAD","STANWAY","COLCHESTER","","CO2 7GH"
"U31420","BRECKLAND SURGERIES PCN","26A","NHS NORFOLK AND SUFFOLK ICB - 26A","20191001","","WATTON MEDICAL PRACTICE","24 GREGOR SHANKS WAY","WATTON","THETFORD","","IP25 6FA"
"U31504","ROSSENDALE WEST PCN","01A","NHS LANCASHIRE AND SOUTH CUMBRIA ICB - 01A","20191001","","THE SURGERY","7-9 MANCHESTER ROAD","HASLINGDEN","ROSSENDALE","","BB4 5SL"
"U31538","ROSEBANK PCN","11M","NHS GLOUCESTERSHIRE ICB - 11M","20191001","","ROSEBANK SURGERY","153B STROUD ROAD","","GLOUCESTER","","GL1 5JQ"
"U31548","HEALTH VISION PARTNERSHIP PCN","D2P2L","NHS BLACK COUNTRY ICB - D2P2L","20191001","","156 CRANKHALL LANE","","","WEDNESBURY","","WS10 0EB"
"U31619","TEESDALE PCN","84H","NHS NORTH EAST AND NORTH CUMBRIA ICB - 84H","20191001","","DURHAM DALES HEALTH FEDERATION","STATION VIEW MEDICAL CENTRE","29A ESCOMB ROAD","BISHOP AUCKLAND","","DL14 6AB"
"U31823","BURNLEY EAST PCN","01A","NHS LANCASHIRE AND SOUTH CUMBRIA ICB - 01A","20191001","","NORTHBRIDGE HOUSE","ELM STREET","","BURNLEY","","BB10 1PD"
"U31847","WAKEFIELD HEALTH ALLIANCE SOUTH PCN","03R","NHS WEST YORKSHIRE ICB - 03R","20191001","","PARK DALE","","","CASTLEFORD","","WF10 2QP"
"U31922","NEXUS MK PCN","M1J4Y","NHS CENTRAL EAST ICB - M1J4Y","20191001","","30 TEXEL CLOSE","OAKRIDGE PARK","","MILTON KEYNES","","MK14 6GL"
"U31970","TRURO PCN","11N","NHS CORNWALL AND THE ISLES OF SCILLY ICB - 11N","20191001","","TRURO HEALTH PARK","INFIRMARY HILL","","TRURO","","TR1 2JA"
"U32001","SEVERNVALE PCN","15C","NHS BRISTOL, NORTH SOMERSET AND SOUTH GLOUCESTERSHIRE ICB - 15C","20191001","","THORNBURY HEALTH CENTRE","EASTLAND ROAD","THORNBURY","BRISTOL","","BS35 1DP"
"U32116","SWB YOUR HEALTH PARTNERSHIP PCN","D2P2L","NHS BLACK COUNTRY ICB - D2P2L","20191001","","REGIS MEDICAL CENTRE","DARBY STREET","","ROWLEY REGIS","","B65 0BA"
"U32212","HARNESS STADIUM PCN","07P","NHS BRENT CCG","20191001","20200331","10 KINGFISHER WAY","","BRENTFIELD ROAD","LONDON","","NW10 8TF"
"U32323","MANSFIELD NORTH PCN","52R","NHS NOTTINGHAM AND NOTTINGHAMSHIRE ICB - 52R","20191001","","PICS MID NOTTS LTD","H4 ASH TREE COURT, MELLORS WAY","NOTTINGHAM BUSINESS PARK","NOTTINGHAM","","NG8 6PY"
"U32349","SOUTH WORCS WORCESTER CITY GP PCN","18C","NHS HEREFORDSHIRE AND WORCESTERSHIRE ICB - 18C","20191001","","ST. JOHNS HOUSE MEDICAL CENTRE","299 BROMYARD ROAD","","WORCESTER","","WR2 5FB"
"U32354","PARK AND ORCHARD PCN","70F","NHS SURREY AND SUSSEX ICB - 70F","20240901","","THE PARK SURGERY","ALBION WAY","","HORSHAM","","RH12 1BG"
"U32372","OUTER EXETER PCN","15N","NHS DEVON ICB - 15N","20191001","","IDE LANE SURGERY","IDE LANE","ALPHINGTON","EXETER","","EX2 8UP"
"U32760","PURBECK PCN","11J","NHS DORSET ICB - 11J","20191001","","SWANAGE MEDICAL PRACTICE","RAILWAY STATION APPROACH","","SWANAGE","","BH19 1HB"
"U32828","SHEEN & BARNES PCN","36L","NHS SOUTH WEST LONDON ICB - 36L","20191001","","SHEEN LANE HEALTH CENTRE","SHEEN LANE","EAST SHEEN","LONDON","","SW14 8LP"
"U32831","CANALSIDE PCN","01D","NHS GREATER MANCHESTER ICB - 01D","20191001","","WELLFIELD HEALTH CENTRE","116 OLDHAM ROAD","","ROCHDALE","","OL11 1AD"
"U32901","BRUNEL HEALTH GROUP PCN3","92G","NHS BATH AND NORTH EAST SOMERSET, SWINDON AND WILTSHIRE ICB - 92G","20191001","","WESTROP SURGERY","NEWBURGH PLACE","HIGHWORTH","SWINDON","","SN6 7DN"
"U32995","WHITSTABLE PCN","91Q","NHS KENT AND MEDWAY ICB - 91Q","20191001","","ESTUARY VIEW MEDICAL CENT","BOORMAN WAY","","WHITSTABLE","","CT5 3SE"
"U33024","ONE THORNTON HEATH PCN","36L","NHS SOUTH WEST LONDON ICB - 36L","20191001","","PARCHMORE MEDICAL CENTRE","97 PARCHMORE ROAD","","THORNTON HEATH","","CR7 8LY"
"U33065","HARNESS NORTH PCN","W2U3Z","NHS WEST AND NORTH LONDON ICB - W2U3Z","20200401","","10 KINGFISHER WAY","","","LONDON","","NW10 8TF"
"U33098","NUNEATON SOUTH PCN","B2M3M","NHS COVENTRY AND WARWICKSHIRE ICB - B2M3M","20191001","20220331","REDROOFS SURGERY","31 COTON ROAD","","NUNEATON","","CV11 5TW"
"U33192","SOAR VALLEY PCN","04V","NHS LEICESTER, LEICESTERSHIRE AND RUTLAND ICB - 04V","20191001","","CHARNWOOD GP NETWORK","ROSEBERY MEDICAL CENTRE","ROSEBERY STREET","LOUGHBOROUGH","","LE11 5DX"
"U33392","BARNET 2 PCN","93C","NHS WEST AND NORTH LONDON ICB - 93C","20191001","","BARNET PCN 2","BARNET FEDERATED GPS CIC","311 BALLARDS LANE","LONDON","","N12 8LY"
"U33451","SOUTH CRAWLEY PCN","70F","NHS SURREY AND SUSSEX ICB - 70F","20191001","","99 STATION ROAD","","","REDHILL","","RH1 1EB"
"U33522","HARLOW SOUTH PCN","07H","NHS ESSEX ICB - 07H","20191001","","LISTER MEDICAL CENTRE","LISTER HS","ABERCROMBIE WAY","HARLOW","","CM18 6YJ"
"U33566","GUILDFORD EAST PCN","92A","NHS SURREY AND SUSSEX ICB - 92A","20191001","","HASLEMERE DISTRICT HOSPITAL","CHURCH LANE","","HASLEMERE","","GU27 2BJ"
"U33593","RURAL NORTH CHICHESTER PCN","70F","NHS SURREY AND SUSSEX ICB - 70F","20191001","","SPIRO CLOSE","","","PULBOROUGH","","RH20 1FG"
"U33609","NGP PCN","W2U3Z","NHS WEST AND NORTH LONDON ICB - W2U3Z","20191001","","81 DANEMEAD GROVE","PETTS HILL","","NORTHOLT","","UB5 4NY"
"U33691","GATESHEAD INNER WEST PCN","13T","NHS NORTH EAST AND NORTH CUMBRIA ICB - 13T","20191001","","WHICKHAM COTTAGE PRACTICE","RECTORY LANE","WHICKHAM","NEWCASTLE UPON TYNE","","NE16 4PD"
"U33695","EDEN (LUTON) PCN","M1J4Y","NHS CENTRAL EAST ICB - M1J4Y","20191001","20220331","LEA VALE MEDICAL GROUP","LIVERPOOL ROAD HEALTH CENTRE","9 MERSEY PLACE, LIVERPOOL ROAD","LUTON","","LU1 1HH"
"U33832","MERIDIAN MEDICAL PCN","71E","NHS LINCOLNSHIRE ICB - 71E","20220401","","JAMES STREET FAMILY PRACTICE","49 JAMES STREET","","LOUTH","","LN11 0JN"
"U33954","GP CONNECT PCN","B2M3M","NHS COVENTRY AND WARWICKSHIRE ICB - B2M3M","20191001","","PARK HOUSE","2 ST. GEORGES ROAD","","COVENTRY","","CV1 2DL"
"U33963","BRISTOL INNER CITY PCN","15C","NHS BRISTOL, NORTH SOMERSET AND SOUTH GLOUCESTERSHIRE ICB - 15C","20191001","","THE WELLSPRING SURGERY","BEAM STREET","REDFIELD","BRISTOL","","BS5 9QY"
"U34072","HARLOW NORTH PCN","07H","NHS ESSEX ICB - 07H","20191001","","NUFFIELD HOUSE","THE STOW","","HARLOW","","CM20 3AX"
"U34146","JESMOND - LOWER GOSFORTH PCN","13T","NHS NORTH EAST AND NORTH CUMBRIA ICB - 13T","20191001","","17 OSBORNE ROAD","","","NEWCASTLE UPON TYNE","","NE2 2AH"
"U34184","WHITEWATER LODDON PCN","D9Y0V","NHS HAMPSHIRE AND ISLE OF WIGHT ICB - D9Y0V","20191001","","THE SURGERY","1 CHAPTER TERRACE","HARTLEY WINTNEY","HOOK","","RG27 8QJ"
"U34188","NEWHAM NORTH EAST 1 PCN","A3A8R","NHS NORTH EAST LONDON ICB - A3A8R","20191001","","NEWHAM HEALTH COLLABORATIVE(NHC)","VICARAGE LANE HC (1ST FLOOR)","10 VICARAGE LANE","LONDON","","E15 4ES"
"U34230","NEWTON WEST PCN","15N","NHS DEVON ICB - 15N","20191001","","THE HEALTH CENTRE","SCHOOL ROAD","KINGSKERSWELL","NEWTON ABBOT","","TQ12 5DJ"
"U34235","DOVER TOWN PCN","91Q","NHS KENT AND MEDWAY ICB - 91Q","20191001","","ST. JAMES SURGERY","2 HAROLD STREET","","DOVER","","CT16 1SF"
"U34375","GUILDFORD WEST & NORTH PCN","92A","NHS SURREY AND SUSSEX ICB - 92A","20250514","","APPLEGARTH AVENUE","","","GUILDFORD","","GU2 8LZ"
"U34388","CULM VALLEY PCN","15N","NHS DEVON ICB - 15N","20191001","","FORE STREET","SILVERTON","","EXETER","","EX5 4HZ"
"U34538","ATTENBOROUGH PCN","06N","NHS CENTRAL EAST ICB - 06N","20191001","","ATTENBOROUGH SURGERY","BUSHEY HC","LONDON RD","BUSHEY","","WD23 2NN"
"U34632","BRIDGEDALE SOUTH RIBBLE PCN","00X","NHS LANCASHIRE AND SOUTH CUMBRIA ICB - 00X","20191001","","RIVERSIDE MEDICAL CENTRE","194 VICTORIA ROAD","WALTON-LE-DALE","PRESTON","","PR5 4AY"
"U34667","GORTON AND LEVENSHULME PCN","14L","NHS GREATER MANCHESTER ICB - 14L","20191001","","C/O PRIMARY CARE MANCHESTER","VICTORIA MILL","10 LOWER VICKERS STREET","MANCHESTER","","M40 7LH"
"U34742","CENTRAL HALIFAX PCN","02T","NHS WEST YORKSHIRE ICB - 02T","20191001","","ELSIE WHITELEY INNOVATION CENTRE","HOPWOOD LANE","","HALIFAX","","HX1 5ER"
"U34807","GREAT WESTERN HEALTH CARE PCN","92G","NHS BATH AND NORTH EAST SOMERSET, SWINDON AND WILTSHIRE ICB - 92G","20191001","20230108","GREAT WESTERN HOSPITAL","MARLBOROUGH ROAD","","SWINDON","","SN3 6BB"
"U34811","WEST AND CENTRAL PCN","93C","NHS WEST AND NORTH LONDON ICB - 93C","20210501","","279 KILBURN HIGH ROAD","","","LONDON","","NW6 7JQ"
"U34816","BLACKBURN WEST PCN","00Q","NHS LANCASHIRE AND SOUTH CUMBRIA ICB - 00Q","20191001","","SUITE 27","BLACKBURN ENTERPRISE CENTRE","FURTHERGATE","BLACKBURN","","BB1 3HQ"
"U34826","CRANE VALLEY PCN","11J","NHS DORSET ICB - 11J","20191001","","TRICKETTS CROSS","CORBIN AVENUE","","FERNDOWN","","BH22 8AZ"
"U35004","CROWN PCN","M1J4Y","NHS CENTRAL EAST ICB - M1J4Y","20191001","","25 WITHAM COURT","BLETCHLEY","","MILTON KEYNES","","MK3 7QU"
"U35438","BARNET 4 PCN","93C","NHS WEST AND NORTH LONDON ICB - 93C","20191001","","LANE END MEDICAL GROUP","2 PENSHURST GARDENS","","EDGWARE","","HA8 9GJ"
"U35513","CELADINE HEALTH & METROCARE PCN","W2U3Z","NHS WEST AND NORTH LONDON ICB - W2U3Z","20191001","","BELMONT HOUSE","148 BELMONT ROAD","","UXBRIDGE","","UB8 1HE"
"U35724","MEIR PCN","05W","NHS STAFFORDSHIRE AND STOKE-ON-TRENT ICB - 05W","20191001","","LONGTON HEALTH CENTRE","DRAYTON ROAD","LONGTON","STOKE-ON-TRENT","","ST3 1EQ"
"U35821","KETTERING & SOUTH WEST RURAL PCN","78H","NHS NORTHAMPTONSHIRE ICB - 78H","20191001","","DRYLAND SURGERY","1 FIELD STREET","","KETTERING","","NN16 8JZ"
"U35939","KENDAL PCN","01K","NHS LANCASHIRE AND SOUTH CUMBRIA ICB - 01K","20191001","","THE GILLINGGATE CENTRE","GILLINGGATE","","KENDAL","","LA9 4JE"
"U35980","CENTRAL LIVERPOOL PCN","99A","NHS CHESHIRE AND MERSEYSIDE ICB - 99A","20191001","","VAUXHALL HEALTH CENTRE","111-117 LIMEKILN LANE","","LIVERPOOL","","L5 8XR"
"U35987","HINCKLEY CENTRAL PCN","04V","NHS LEICESTER, LEICESTERSHIRE AND RUTLAND ICB - 04V","20191001","","WILLOW VIEW","FIELDS FARM BUSINESS CENTRE","HINCKLEY ROAD","LEICESTER","","LE9 4LH"
"U36042","GORLESTON PCN","26A","NHS NORFOLK AND SUFFOLK ICB - 26A","20191001","","MILLWOOD SURGERY","MILL LANE","BRADWELL","GREAT YARMOUTH","","NR31 8HS"
"U36134","NEWCASTLE CENTRAL PCN","05G","NHS STAFFORDSHIRE AND STOKE-ON-TRENT ICB - 05G","20191001","","LYMEBROOK WAY","","","NEWCASTLE","","ST5 9GA"
"U36188","BECKENHAM PCN","72Q","NHS SOUTH EAST LONDON ICB - 72Q","20191001","","KELSEY PARK FARM HOUSE","379 CROYDON ROAD","","BECKENHAM","","BR3 3QL"
"U36231","ORION PCN","04C","NHS LEICESTER, LEICESTERSHIRE AND RUTLAND ICB - 04C","20220401","","FOSSE ROAD SOUTH","","","LEICESTER","","LE3 0LP"
"U36299","ALPHA PCN","06N","NHS CENTRAL EAST ICB - 06N","20191001","","ROTHSCHILD HOUSE SURGERY","CHAPEL STREET","","TRING","","HP23 6PU"
"U36452","LEAMINGTON SOUTH PCN","B2M3M","NHS COVENTRY AND WARWICKSHIRE ICB - B2M3M","20191001","20260331","GAINSBOROUGH HALL","18-22 RUSSELL STREET","","LEAMINGTON SPA","","CV32 5QB"
"U36510","COLNE UNION PCN","W2U3Z","NHS WEST AND NORTH LONDON ICB - W2U3Z","20191001","","BELMONT HOUSE","148 BELMONT ROAD","","UXBRIDGE","","UB8 1HE"
"U36512","WHITFIELD PCN","05W","NHS STAFFORDSHIRE AND STOKE-ON-TRENT ICB - 05W","20191001","","REX BUILDINGS","ALDERLEY ROAD","","WILMSLOW","","SK9 1HY"
"U36584","HARINGEY - N15/SOUTH EAST PCN","93C","NHS WEST AND NORTH LONDON ICB - 93C","20191001","","N15 PCN","9-10 HAVERGAL VILLAS","GREEN LANES","LONDON","","N15 3DY"
"U36651","M-WEB PCN","78H","NHS NORTHAMPTONSHIRE ICB - 78H","20191001","","WOODVIEW MEDICAL CENTRE","26 HOLMECROSS ROAD","","NORTHAMPTON","","NN3 8AW"
"U36652","CENTRAL WATFORD PCN","06N","NHS CENTRAL EAST ICB - 06N","20191001","","WATFORD HEALTH CENTRE","21 UPTON ROAD","","WATFORD","","WD18 0JP"
"U36687","ENFIELD SOUTH WEST PCN","93C","NHS WEST AND NORTH LONDON ICB - 93C","20191001","","THE WOODBERRY PRACTICE","1 WOODBERRY AVENUE","WINCHMORE HILL","LONDON","","N21 3LE"
"U36721","ARBENNEK HEALTH PCN","11N","NHS CORNWALL AND THE ISLES OF SCILLY ICB - 11N","20191001","","THE CLAYS PRACTICE","VICTORIA ROAD","ROCHE","ST. AUSTELL","","PL26 8JF"
"U36746","DONCASTER CENTRAL PCN","02X","NHS SOUTH YORKSHIRE ICB - 02X","20191001","","OAK TREE LODGE","TICKHILL ROAD","BALBY","DONCASTER","","DN4 8QN"
"U36776","FRESHNEY PELHAM NEL PCN","03H","NHS HUMBER AND NORTH YORKSHIRE ICB - 03H","20191001","","UNIT 1","CARTERGATE","","GRIMSBY","","DN31 1QZ"
"U36779","BRIXTON AND CLAPHAM PARK PCN","72Q","NHS SOUTH EAST LONDON ICB - 72Q","20191001","","HETHERINGTON GROUP PRACTICE","18 HETHERINGTON ROAD","","LONDON","","SW4 7NU"
"U36780","HEALTH VILLAGE/DEARNE VALLEY PCN","03L","NHS SOUTH YORKSHIRE ICB - 03L","20191001","","ROTHERHAM HEALTH VILLAGE","DONCASTER GATE","","ROTHERHAM","","S65 1DA"
"U36795","NORTH 1 ISLINGTON PCN","93C","NHS WEST AND NORTH LONDON ICB - 93C","20191001","","96 ST. JOHN'S WAY","","","LONDON","","N19 3RN"
"U36809","BRUNEL HEALTH GROUP PCN5","92G","NHS BATH AND NORTH EAST SOMERSET, SWINDON AND WILTSHIRE ICB - 92G","20230109","","NEWBURGH PLACE","HIGHWORTH","","SWINDON","","SN6 7DN"
"U36833","CHELTENHAM CENTRAL PCN","11M","NHS GLOUCESTERSHIRE ICB - 11M","20191001","","UNDERWOOD SURGERY","139 ST GEORGES ROAD","","CHELTENHAM","","GL50 3EQ"
"U36842","GREATER WEALDEN PCN","97R","NHS SURREY AND SUSSEX ICB - 97R","20191001","","MID DOWNS MEDICAL PRACT","MARBLES ROAD, NEWICK","","LEWES","","BN8 4LT"
"U36887","METROCARE PCN","08G","NHS HILLINGDON CCG","20191001","20200331","118 ELLIOTT AVENUE","","","RUISLIP","","HA4 9LZ"
"U37007","READING UNIVERSITY PCN","15A","NHS THAMES VALLEY ICB - 15A","20191001","","UNIVERSITY HEALTH CENTRE","9-11 NORTHCOURT AVENUE","","READING","","RG2 7HE"
"U37037","SHOREHAM AND SOUTHWICK PCN","70F","NHS SURREY AND SUSSEX ICB - 70F","20191001","","POND ROAD","","","SHOREHAM-BY-SEA","","BN43 5US"
"U37086","WEST END & MARYLEBONE PCN","W2U3Z","NHS WEST AND NORTH LONDON ICB - W2U3Z","20191001","","COVENT GARDEN MEDICAL CENTRE","ERIC KNAPP","47 SHORTS GARDENS","LONDON","","WC2H 9AA"
"U37262","CANBURY CHURCHILL ORCHARD BERRYLANDS PCN","36L","NHS SOUTH WEST LONDON ICB - 36L","20191001","","CANBURY MEDICAL CENTRE","1 ELM ROAD","","KINGSTON UPON THAMES","","KT2 6HR"
"U37286","TOWER NETWORK PCN","A3A8R","NHS NORTH EAST LONDON ICB - A3A8R","20191001","","NETWORK 3","WHITECHAPEL HEALTH CENTRE","44-56 HESSEL ST","LONDON","","E1 2LP"
"U37296","WEST KNOWSLEY PCN","01J","NHS CHESHIRE AND MERSEYSIDE ICB - 01J","20191001","","NORTH HUYTON PRIMARY CARE CENTRE","WOOLFALL HEATH AVENUE","","LIVERPOOL","","L36 3TN"
"U37297","NETWORK 4 (BNSSG) PCN","15C","NHS BRISTOL, NORTH SOMERSET AND SOUTH GLOUCESTERSHIRE ICB - 15C","20191001","","ORCHARD MEDICAL CENTRE","MACDONALD WALK","KINGSWOOD","BRISTOL","","BS15 8NJ"
"U37316","BRADFORD CITY 4 PCN","36J","NHS WEST YORKSHIRE ICB - 36J","20191001","","WHITEFIELD PLACE","","","BRADFORD","","BD8 9LB"
"U37339","SITTINGBOURNE PCN","91Q","NHS KENT AND MEDWAY ICB - 91Q","20200401","","MEMORIAL MEDICAL CENTRE","BELL ROAD","","SITTINGBOURNE","","ME10 4XX"
"U37341","FOUNDRY HEALTHCARE LEWES PCN","97R","NHS SURREY AND SUSSEX ICB - 97R","20191001","","SCHOOL HILL PRACTICE","33 HIGH STREET","","LEWES","","BN7 2LU"
"U37388","BRAMHALL AND CHEADLE HULME PCN LTD","01W","NHS GREATER MANCHESTER ICB - 01W","20191001","","1 ST. PETERS SQUARE","","","MANCHESTER","","M2 3DE"
"U37411","HAXBY HULL GROUP PCN","03F","NHS HUMBER AND NORTH YORKSHIRE ICB - 03F","20220501","","10 SCHOOL LANE","KINGSWOOD","","HULL","","HU7 3JQ"
"U37412","WEST DEVON PCN","15N","NHS DEVON ICB - 15N","20191001","","ABBEY SURGERY","28 PLYMOUTH ROAD","","TAVISTOCK","","PL19 8BU"
"U37593","SEDGEFIELD 1 PCN","84H","NHS NORTH EAST AND NORTH CUMBRIA ICB - 84H","20191001","","THE SURGERY","ASHMORE TERRACE","WHEATLEY HILL","DURHAM","","DH6 3NP"
"U37618","SOUTH SEFTON PCN","01T","NHS CHESHIRE AND MERSEYSIDE ICB - 01T","20220401","","1 WARREN ROAD","","","LIVERPOOL","","L23 6TZ"
"U37826","SOUTH TYNESIDE WEST PCN","00N","NHS NORTH EAST AND NORTH CUMBRIA ICB - 00N","20191001","","S TYNESIDE HEALTH COLLABORATION","C/O STANHOPE PARADE MEDICAL CENTRE","GORDON STREET","SOUTH SHIELDS","","NE33 4JP"
"U38045","NORTH LAMBETH PCN","72Q","NHS SOUTH EAST LONDON ICB - 72Q","20191001","","EBENEZER HOUSE","KENNINGTON LANE","","LONDON","","SE11 4HJ"
"U38064","NORTH & WEST HEREFORDSHIRE PCN","18C","NHS HEREFORDSHIRE AND WORCESTERSHIRE ICB - 18C","20191001","","SUIT 1","BERROWS BUSINESS CENTRE","BATH STREET","HEREFORD","","HR1 2HE"
"U38066","SARUM TRINITY PCN","92G","NHS BATH AND NORTH EAST SOMERSET, SWINDON AND WILTSHIRE ICB - 92G","20210401","","72 ENDLESS STREET","","","SALISBURY","","SP1 3UH"
"U38216","BRADFORD CITY 6 PCN","36J","NHS WEST YORKSHIRE ICB - 36J","20191001","","PARKSIDE MEDICAL PRACTICE","99 HORTON PARK AVENUE","","BRADFORD","","BD7 3EG"
"U38221","TOLSON CARE PARTNERSHIP PCN","X2C4Y","NHS WEST YORKSHIRE ICB - X2C4Y","20191001","","35A WESTGATE","","","HUDDERSFIELD","","HD1 1NY"
"U38271","ASHTON PCN","01Y","NHS GREATER MANCHESTER ICB - 01Y","20191001","","STAMFORD HOUSE","2 PRINCESS STREET","","ASHTON-UNDER-LYNE","","OL6 9QH"
"U38328","BROXBOURNE ALLIANCE PCN","06K","NHS CENTRAL EAST ICB - 06K","20200706","","VANCOUVER ROAD","","","BROXBOURNE","","EN10 6FD"
"U38486","CLAYPATH & UNIVERSITY MEDICAL GROUP PCN","84H","NHS NORTH EAST AND NORTH CUMBRIA ICB - 84H","20191001","","CLAYPATH & UNIVERSITY MEDICAL GROUP","26 GILESGATE","","DURHAM","","DH1 1QW"
"U38661","LINCOLN HEALTH PARTNERSHIP PCN","71E","NHS LINCOLNSHIRE ICB - 71E","20191001","","PORTLAND MEDICAL CENTRE","60 PORTLAND STREET","","LINCOLN","","LN5 7LB"
"U38731","MID DORSET PCN","11J","NHS DORSET ICB - 11J","20191001","","THE SURGERY","CATHERINES WELL","MILTON ABBAS","BLANDFORD FORUM","","DT11 0AT"
"U38734","SELSDON PURLEY & COULSDON HEALTH PCN","36L","NHS SOUTH WEST LONDON ICB - 36L","20191001","","SELSDON PARK MEDICAL PRACTICE","97 ADDINGTON RD","SELSDON","SOUTH CROYDON","","CR2 8LG"
"U39025","SUDBURY AND WEST SUFFOLK RURAL PCN","07K","NHS NORFOLK AND SUFFOLK ICB - 07K","20191001","","THE GUILDHALL SURGERY","HIGH STREET","CLARE","SUDBURY","","CO10 8NY"
"U39113","NEWCASTLE SOUTH PCN","05G","NHS STAFFORDSHIRE AND STOKE-ON-TRENT ICB - 05G","20191001","","VALE PLEASANT","SILVERDALE","","NEWCASTLE","","ST5 6PS"
"U39263","ELTHAM PCN","72Q","NHS SOUTH EAST LONDON ICB - 72Q","20191001","","71 SHERARD ROAD","","","LONDON","","SE9 6ER"
"U39345","UOS STUDENT PCN","03N","NHS SOUTH YORKSHIRE ICB - 03N","20191001","","UNIVERSITY HEALTH SERVICE","HEALTH CENTRE","53 GELL STREET","SHEFFIELD","","S3 7QP"
"U39446","EAST BEDFORD PCN","M1J4Y","NHS CENTRAL EAST ICB - M1J4Y","20191001","","THE HEALTH CENTRE","84-86 LONDON ROAD","","BEDFORD","","MK42 0NT"
"U39686","BARNET 5 PCN","93C","NHS WEST AND NORTH LONDON ICB - 93C","20191001","","DR AZIM AND PARTNERS","67 ELLIOT ROAD","HENDON","LONDON","","NW4 3EB"
"U39721","HILLS, BROOKS & DALES GROUP PCN","72Q","NHS SOUTH EAST LONDON ICB - 72Q","20191001","","HERNE HILL GROUP PRACTICE","74 HERNE HILL","EAST BRIXTON","LONDON","","SE24 9QP"
"U39739","WEST OF WAVERLEY PCN","92A","NHS SURREY AND SUSSEX ICB - 92A","20191001","","HASLEMERE DISTRICT HOSPITAL","CHURCH LANE","","HASLEMERE","","GU27 2BJ"
"U40100","LONDON FIELDS PCN","A3A8R","NHS NORTH EAST LONDON ICB - A3A8R","20191001","","CITY AND HACKNEY GP CONFEDERATION","2ND FLOOR, THE LAWSON PRACTICE","85 NUTTALL STREET","LONDON","","N1 5HZ"
"U40115","LIVEWELL MAYFLOWER PCN","15N","NHS DEVON ICB - 15N","20191001","","STIRLING ROAD MEDICAL CENTRE","STIRLING ROAD","","PLYMOUTH","","PL5 1PL"
"U40159","MMWF PCN","78H","NHS NORTHAMPTONSHIRE ICB - 78H","20191001","","WESTON FAVELL HEALTH CENTRE","WESTON FAVELL CENTRE","","NORTHAMPTON","","NN3 8DW"
"U40164","EASTLEIGH HEALTH PCN","D9Y0V","NHS HAMPSHIRE AND ISLE OF WIGHT ICB - D9Y0V","20191001","20251231","BOYATT WOOD SURGERY","BOYATT WOOD SHOPPING CENTRE","SHAKESPEARE ROAD","EASTLEIGH","","SO50 4QP"
"U40253","COLTE PARTNERSHIP PCN","06T","NHS ESSEX ICB - 06T","20191001","20200331","COLNE MEDICAL CENTRE","40 STATION ROAD","BRIGHTLINGSEA","COLCHESTER","","CO7 0DT"
"U40386","COLTE PARTNERSHIP (WCW) PCN","06T","NHS ESSEX ICB - 06T","20200401","20240930","40 STATION ROAD","BRIGHTLINGSEA","","COLCHESTER","","CO7 0DT"
"U40458","MORDEN PLUS HEALTH PARTNERS PCN","36L","NHS SOUTH WEST LONDON ICB - 36L","20191001","","CENTRAL MEDICAL CENTRE","42-46 CENTRAL ROAD","","MORDEN","","SM4 5RT"
"U40502","HARTLEPOOL HEALTH PCN","16C","NHS NORTH EAST AND NORTH CUMBRIA ICB - 16C","20191001","","MCKENZIE HOUSE","17 KENDAL ROAD","","HARTLEPOOL","","TS25 1QU"
"U40593","ORWELL PCN","06L","NHS NORFOLK AND SUFFOLK ICB - 06L","20191001","","BURLINGTON PRIMARY CARE","12-14 BURLINGTON ROAD","","IPSWICH","","IP1 2EU"
"U40722","SWANLEY & RURAL PCN","91Q","NHS KENT AND MEDWAY ICB - 91Q","20191001","","THE CEDARS SURGERY","26-28 SWANLEY CENTRE","","SWANLEY","","BR8 7AH"
"U40836","BOGNOR COMMUNITY PARTNERSHIP PCN","70F","NHS SURREY AND SUSSEX ICB - 70F","20250401","","WEST STREET","","","BOGNOR REGIS","","PO21 1UT"
"U40951","MID DEVON HEALTHCARE PCN","15N","NHS DEVON ICB - 15N","20191001","","ILTER CROSS","JUNCTION ROAD","","CREDITON","","EX17 6FB"
"U41025","GRAND UNION PCN","06N","NHS CENTRAL EAST ICB - 06N","20240401","","166 NEW ROAD","CROXLEY GREEN","","RICKMANSWORTH","","WD3 3HD"
"U41041","FIVEWAYS PCN","72Q","NHS SOUTH EAST LONDON ICB - 72Q","20191001","","VASSALL MEDICAL CENTRE","89 VASSALL ROAD","","LONDON","","SW9 6NA"
"U41523","SOUTH COTSWOLDS PCN","11M","NHS GLOUCESTERSHIRE ICB - 11M","20191001","","PHOENIX CIRENCESTER","9 CHESTERTON LANE","","CIRENCESTER","","GL7 1XG"
"U41563","OLDHAM NORTH PCN","00Y","NHS GREATER MANCHESTER ICB - 00Y","20191001","","ROYTON HEALTH & WELLBEING CENTRE","PARK STREET","ROYTON","OLDHAM","","OL2 6QW"
"U41591","COAST AND COUNTRY PCN","15N","NHS DEVON ICB - 15N","20191001","","HOLSWORTHY MEDICAL CENTRE","DOBLES LANE","","HOLSWORTHY","","EX22 6GH"
"U41693","SPALDING PCN","71E","NHS LINCOLNSHIRE ICB - 71E","20191001","","MUNRO MEDICAL CENTRE","WEST ELLOE AVENUE","","SPALDING","","PE11 2BY"
"U41928","SOLIHULL RURAL PCN","15E","NHS BIRMINGHAM AND SOLIHULL ICB - 15E","20191001","","1 ASHLEY DRIVE","BALSALL COMMON","","COVENTRY","","CV7 7RW"
"U41930","GATESHEAD OUTER WEST PCN","13T","NHS NORTH EAST AND NORTH CUMBRIA ICB - 13T","20191001","","HOLLYHURST MEDICAL CENTRE","8 FRONT STREET","","BLAYDON-ON-TYNE","","NE21 4RD"
"U42007","NORTH WEST LEICESTERSHIRE PCN","04V","NHS LEICESTER, LEICESTERSHIRE AND RUTLAND ICB - 04V","20191001","","NORTH WEST LEICESTERSHIRE GP LTD","WHITWICK HEALTH CENTRE","67 NORTH STREET","COALVILLE","","LE67 5HX"
"U42142","CLACTON PCN","06T","NHS ESSEX ICB - 06T","20200401","","3-5 WELLESLEY ROAD","","","CLACTON-ON-SEA","","CO15 3PP"
"U42152","WIGAN CENTRAL PCN","02H","NHS GREATER MANCHESTER ICB - 02H","20191001","","BOSTON HOUSE","WIGAN HEALTH CENTRE","FROG LANE","WIGAN","","WN6 7LB"
"U42154","BATTERSEA PCN","36L","NHS SOUTH WEST LONDON ICB - 36L","20191001","","LAVENDER HILL GROUP PRACT","19 POUNTNEY ROAD","BATTERSEA","LONDON","","SW11 5TU"
"U42235","BANSTEAD HEALTHCARE PCN","92A","NHS SURREY AND SUSSEX ICB - 92A","20191001","","GPHP LTD","416 GLOBAL HOUSE","","EPSOM","","KT18 5AD"
"U42276","CHISWICK PCN","W2U3Z","NHS WEST AND NORTH LONDON ICB - W2U3Z","20191001","","GROVE PARK TERRACE SURGERY","25 GROVE PARK TERRACE","CHISWICK","LONDON","","W4 3JL"
"U42510","BLANDFORD PCN","11J","NHS DORSET ICB - 11J","20191001","","WHITECLIFF GROUP PRACTICE","WHITECLIFF MILL STREET","","BLANDFORD FORUM","","DT11 7BH"
"U42598","BALHAM, TOOTING & FURZEDOWN PCN","36L","NHS SOUTH WEST LONDON ICB - 36L","20191001","","BEDFORD HILL FAMILY PRACTICE","120 BEDFORD HILL","BALHAM","LONDON","","SW12 9HS"
"U42671","FLEET PCN","D9Y0V","NHS HAMPSHIRE AND ISLE OF WIGHT ICB - D9Y0V","20191001","","RICHMOND SURGERY","RICHMOND CLOSE","","FLEET","","GU52 7US"
"U42699","GARSTANG PCN","02M","NHS LANCASHIRE AND SOUTH CUMBRIA ICB - 02M","20250401","","KEPPLE LANE","GARSTANG","","PRESTON","","PR3 1PB"
"U42807","CHESTER CENTRAL PCN","27D","NHS CHESHIRE AND MERSEYSIDE ICB - 27D","20191001","","19 GARDEN LANE","","","CHESTER","","CH1 4EN"
"U42898","SOUTH TRAFFORD PCN","02A","NHS GREATER MANCHESTER ICB - 02A","20191001","","SHAY LANE MEDICAL CENTRE","13 SHAY LANE","HALE BARNS","ALTRINCHAM","","WA15 8NZ"
"U42936","RAVENSBOURNE PCN LTD","72Q","NHS SOUTH EAST LONDON ICB - 72Q","20251001","","THE PRIMARY CARE CENTRE","HAWSTEAD ROAD","","LONDON","","SE6 4JH"
"U42972","VICTORIA EASTBOURNE PCN","97R","NHS SURREY AND SUSSEX ICB - 97R","20191001","","VICTORIA MEDICAL CENTRE","153A VICTORIA DRIVE","","EASTBOURNE","","BN20 8NH"
"U43067","CROSSGATES PCN","15F","NHS WEST YORKSHIRE ICB - 15F","20191001","","THE GRANGE MEDICAL CENTRE","999 YORK ROAD","","LEEDS","","LS14 6NX"
"U43072","MEDWAY VALLEY PCN","91Q","NHS KENT AND MEDWAY ICB - 91Q","20241001","","62A ROBIN HOOD LANE","","","CHATHAM","","ME5 9LD"
"U43084","WEST WAKEFIELD PCN","03R","NHS WEST YORKSHIRE ICB - 03R","20191001","","OSSETT HEALTH VILLAGE","KINGSWAY","","OSSETT","","WF5 8DF"
"U43112","BROMLEY CONNECT PCN","72Q","NHS SOUTH EAST LONDON ICB - 72Q","20191001","","SOUTHVIEW LODGE","SOUTH VIEW","","BROMLEY","","BR1 3DR"
"U43314","SUNDERLAND NORTH PCN","00P","NHS NORTH EAST AND NORTH CUMBRIA ICB - 00P","20191001","","BRIDGE VIEW MEDICAL GROUP","SOUTHWICK HEALTH CENTRE","THE GREEN, SOUTHWICK","SUNDERLAND","","SR5 2LT"
"U43524","NEWCASTLE CENTRAL HEALTH PCN","13T","NHS NORTH EAST AND NORTH CUMBRIA ICB - 13T","20191001","","SAVILLE MEDICAL GROUP","7 SAVILLE PLACE","","NEWCASTLE UPON TYNE","","NE1 8DQ"
"U43660","NORTH BIRMINGHAM PCN","15E","NHS BIRMINGHAM AND SOLIHULL ICB - 15E","20191001","","SHAH ZAMAN SURGERY","70 TANGMERE DR","CASTLE VALE","BIRMINGHAM","","B35 7QX"
"U44012","KESTON MOORINGS & PARKSIDE PCN","36L","NHS SOUTH WEST LONDON ICB - 36L","20191001","","PARKSIDE GROUP PRACTICE","27 WYCHE GROVE","","SOUTH CROYDON","","CR2 6EX"
"U44050","SOUTH WEST MERTON PCN","36L","NHS SOUTH WEST LONDON ICB - 36L","20191001","","THE NELSON MEDICAL PRACT","KINGSTON ROAD","","LONDON","","SW20 8DA"
"U44365","WEST BIRMINGHAM PCN","15E","NHS BIRMINGHAM AND SOLIHULL ICB - 15E","20191001","","522 QUESLETT ROAD","","","BIRMINGHAM","","B43 7DY"
"U44401","NORTH LINCOLNSHIRE EAST PCN","03K","NHS HUMBER AND NORTH YORKSHIRE ICB - 03K","20191001","","RIVERSIDE SURGERY","BARNARD AVENUE","","BRIGG","","DN20 8AS"
"U44537","SWB MODALITY PCN","15E","NHS BIRMINGHAM AND SOLIHULL ICB - 15E","20191001","","ORSBORN HOUSE","55 TERRACE ROAD","","BIRMINGHAM","","B19 1BP"
"U44561","BESTWOOD AND SHERWOOD PCN","52R","NHS NOTTINGHAM AND NOTTINGHAMSHIRE ICB - 52R","20191001","","NCGPA PCN 5","79A UPPER PARLIAMENT STREET","","NOTTINGHAM","","NG1 6LD"
"U44623","TOTAL HEALTH EXCELLENCE EAST PCN","91Q","NHS KENT AND MEDWAY ICB - 91Q","20191001","","114 CANTERBURY ROAD","LYDDEN","","DOVER","","CT15 7ET"
"U44671","KENNET PCN","15A","NHS THAMES VALLEY ICB - 15A","20191001","","THATCHAM HEALTH CENTRE","3 BATH ROAD","","THATCHAM","","RG18 3HD"
"U44695","WEST END FAMILY HEALTH PCN","13T","NHS NORTH EAST AND NORTH CUMBRIA ICB - 13T","20191001","","CRUDDAS PARK SURGERY","178 WESTMORLAND ROAD","CRUDDAS PARK","NEWCASTLE UPON TYNE","","NE4 7JT"
"U44713","SARUM CATHEDRAL PCN","92G","NHS BATH AND NORTH EAST SOMERSET, SWINDON AND WILTSHIRE ICB - 92G","20210401","","FISHERTON HOUSE","FOUNTAIN WAY","","SALISBURY","","SP2 7FD"
"U45013","AINSDALE & BIRKDALE PCN","01V","NHS CHESHIRE AND MERSEYSIDE ICB - 01V","20191001","20210401","AINSDALE MEDICAL CENTRE","66-68 STATION ROAD","AINSDALE","SOUTHPORT","","PR8 3HW"
"U45014","WARRINGTON INNOVATION PCN","02E","NHS CHESHIRE AND MERSEYSIDE ICB - 02E","20191001","","BATH STREET HEALTH & WELLBEING CENT","LEGH STREET","","WARRINGTON","","WA1 1UG"
"U45015","ELM PARK PCN","15A","NHS THAMES VALLEY ICB - 15A","20240401","","WESTERN ELMS SURGERY","317 OXFORD ROAD","","READING","","RG30 1AT"
"U45098","CLAPHAM PCN","72Q","NHS SOUTH EAST LONDON ICB - 72Q","20191001","","MARY SEACOLE CENTRE","89 CLAPHAM HIGH STREET","CLAPHAM","LONDON","","SW4 7DB"
"U45102","DARLINGTON PCN","16C","NHS NORTH EAST AND NORTH CUMBRIA ICB - 16C","20191001","","GROUND FLOOR","FORSYTH HOUSE","20 WOODLAND ROAD","DARLINGTON","","DL3 7PL"
"U45156","OLDBURY & SMETHWICK PCN","D2P2L","NHS BLACK COUNTRY ICB - D2P2L","20191001","","OLDBURY HEALTH CENTRE","ALBERT STREET","","OLDBURY","","B69 4DE"
"U45528","SOLIHULL HEALTHCARE PARTNERSHIP PCN","15E","NHS BIRMINGHAM AND SOLIHULL ICB - 15E","20191001","","BERNAYS & WHITEHOUSE GROUP PRACTICE","GROVE SURGERY","3 GROVE ROAD","SOLIHULL","","B91 2AG"
"U45611","SKELMERSDALE PCN","02G","NHS LANCASHIRE AND SOUTH CUMBRIA ICB - 02G","20191001","","MATTHEW RYDER CLINIC","20 DINGLE ROAD","UPHOLLAND","SKELMERSDALE","","WN8 0EN"
"U45670","WEST OUTER AND NORTH EAST YORK PCN","03Q","NHS HUMBER AND NORTH YORKSHIRE ICB - 03Q","20200401","","HAXBY & WIGGINTON HEALTH CENTRE","THE VILLAGE","WIGGINTON","YORK","","YO32 2LL"
"U45703","GREENWELL PCN","W2U3Z","NHS WEST AND NORTH LONDON ICB - W2U3Z","20191001","","71 MANSELL ROAD","","","GREENFORD","","UB6 9EN"
"U45743","TEAM BOOTLE PCN","01T","NHS CHESHIRE AND MERSEYSIDE ICB - 01T","20191001","20200531","17 MERTON ROAD","","","BOOTLE","","L20 3BG"
"U45809","BLACKPOOL SOUTH PCN","00R","NHS LANCASHIRE AND SOUTH CUMBRIA ICB - 00R","20191001","","SOUTH SHORE PRIMARY CC","LYTHAM ROAD","","BLACKPOOL","","FY4 1TJ"
"U45842","WEST WANDSWORTH PCN","36L","NHS SOUTH WEST LONDON ICB - 36L","20191001","","ALTON PRACTICE","208-210 ROEHAMPTON LANE","","LONDON","","SW15 4LE"
"U45898","NEWCASTLE INNER WEST PCN","13T","NHS NORTH EAST AND NORTH CUMBRIA ICB - 13T","20191001","","GRAINGER MEDICAL GROUP","ELSWICK HC","MELDON STREET","NEWCASTLE UPON TYNE","","NE4 6SH"
"U45943","EAST MERTON PCN","36L","NHS SOUTH WEST LONDON ICB - 36L","20191001","","182 LONDON ROAD","","","MITCHAM","","CR4 3LD"
"U45992","CITY CENTRE & ANCOATS PCN","14L","NHS GREATER MANCHESTER ICB - 14L","20191001","","URBAN VILLAGE MEDICAL PRACTICE","ANCOATS PRIMARY CARE CENTRE","OLD MILL STREET","MANCHESTER","","M4 6EE"
"U46071","WESTHOUGHTON NETWORK PCN","00T","NHS GREATER MANCHESTER ICB - 00T","20191001","","BOLTON HUB","BOLD STREET","","BOLTON","","BL1 1LS"
"U46082","YORK CITY CENTRE PCN","03Q","NHS HUMBER AND NORTH YORKSHIRE ICB - 03Q","20191001","20250401","JORVIK GILLYGATE PRACTICE","WOOLPACK HOUSE","THE STONEBOW","YORK","","YO1 7NP"
"U46154","WINCHESTER RURAL NORTH & EAST PCN","D9Y0V","NHS HAMPSHIRE AND ISLE OF WIGHT ICB - D9Y0V","20191001","","THE SURGERY","NEW STREET","","STOCKBRIDGE","","SO20 6HG"
"U46190","MEWSTONE PCN","15N","NHS DEVON ICB - 15N","20191001","","THE SURGERY","51 HAWTHORN DRIVE","WEMBURY","PLYMOUTH","","PL9 0BE"
"U46293","WOODBERRY WETLANDS PCN","A3A8R","NHS NORTH EAST LONDON ICB - A3A8R","20191001","","CITY AND HACKNEY GP CONFEDERATION","2ND FLOOR, THE LAWSON PRACTICE","85 NUTTALL STREET","LONDON","","N1 5HZ"
"U46389","HAVANT AND WATERLOOVILLE PCN","D9Y0V","NHS HAMPSHIRE AND ISLE OF WIGHT ICB - D9Y0V","20191001","","THE BOSMERE MEDICAL PRACTICE","SOLENT ROAD","","HAVANT","","PO9 1DQ"
"U46417","NORTH COLCHESTER PCN","06T","NHS ESSEX ICB - 06T","20191001","","47 MILL ROAD","MILE END","","COLCHESTER","","CO4 5LE"
"U46437","BORDESLEY EAST PCN","15E","NHS BIRMINGHAM AND SOLIHULL ICB - 15E","20191001","","HIGHFIELD HOUSE","88 HIGHFIELD LANE","QUINTON","BIRMINGHAM","","B32 1QX"
"U46447","GOLDSTONE PCN","09D","NHS SURREY AND SUSSEX ICB - 09D","20191001","","18-19 WESTERN ROAD","","","HOVE","","BN3 1AE"
"U46454","HARBORNE PCN","15E","NHS BIRMINGHAM AND SOLIHULL ICB - 15E","20191001","","WEST HEATH MEDICAL CENTRE","194-196 WEST HEATH ROAD","WEST HEATH","BIRMINGHAM","","B31 3HB"
"U46464","IVEL VALLEY SOUTH PCN","M1J4Y","NHS CENTRAL EAST ICB - M1J4Y","20191001","","ROBERT LUCAS DRIVE","HITCHIN ROAD","","SHEFFORD","","SG17 5FS"
"U46593","GREENWICH WEST PCN","72Q","NHS SOUTH EAST LONDON ICB - 72Q","20191001","","SOUTH ST MEDICAL CENTRE","71A GREENWICH SOUTH ST","GREENWICH","LONDON","","SE10 8NT"
"U46695","BURNTWOOD PCN","05Q","NHS STAFFORDSHIRE AND STOKE-ON-TRENT ICB - 05Q","20191001","","LICHFIELD ROAD","","","BURNTWOOD","","WS7 0AQ"
"U46901","SASSE NETWORK 1 PCN","92A","NHS SURREY AND SUSSEX ICB - 92A","20191001","","NICS FEDERATION","SOUTHVIEW MEDICAL PRACTICE","GUILDFORD ROAD","WOKING","","GU22 7RR"
"U46976","MORETON AND MEOLS PCN","12F","NHS CHESHIRE AND MERSEYSIDE ICB - 12F","20191001","","VICTORIA CENTRAL HOSPITAL","MILL LANE","","WALLASEY","","CH44 5UF"
"U47004","SOUTHAMPTON WEST PCN","D9Y0V","NHS HAMPSHIRE AND ISLE OF WIGHT ICB - D9Y0V","20191001","","THE SURGERY","1 CHEVIOT ROAD","MILLBROOK","SOUTHAMPTON","","SO16 4AH"
"U47184","CHESHAM & LITTLE CHALFONT PCN","14Y","NHS THAMES VALLEY ICB - 14Y","20191001","","LITTLE CHALFONT SURGERY","200 WHITE LION ROAD","","AMERSHAM","","HP7 9NU"
"U47223","DERBY CITY SOUTH PCN","15M","NHS DERBY AND DERBYSHIRE ICB - 15M","20191001","","DERBY CITY SOUTH HEALTHCARE LTD","HOLLYBROOK WAY","LITTLEOVER","DERBY","","DE23 3TX"
"U47228","ABC PCN","91Q","NHS KENT AND MEDWAY ICB - 91Q","20191001","","THE COLLEGE PRACTICE","50-52 COLLEGE ROAD","","MAIDSTONE","","ME15 6SB"
"U47242","NOTTINGHAM CITY EAST PCN","52R","NHS NOTTINGHAM AND NOTTINGHAMSHIRE ICB - 52R","20191001","","NCGPA PCN 6","79A UPPER PARLIAMENT STREET","","NOTTINGHAM","","NG1 6LD"
"U47425","WEST SOMERSET PCN","11X","NHS SOMERSET ICB - 11X","20191001","","EXMOOR MEDICAL CENTRE","OLDBERRY HOUSE","FISHERS MEAD","DULVERTON","","TA22 9EN"
"U47608","NEOHEALTH PCN","W2U3Z","NHS WEST AND NORTH LONDON ICB - W2U3Z","20191001","","THE NOTTING HILL MED CENTRE","14 CODRINGTON MEWS","","LONDON","","W11 2EH"
"U47609","ALLIANCE OF SUTTON PRACTICES PCN","15E","NHS BIRMINGHAM AND SOLIHULL ICB - 15E","20191001","","61 HOLLAND ROAD","","","SUTTON COLDFIELD","","B72 1RL"
"U47655","DIDCOT PCN","10Q","NHS THAMES VALLEY ICB - 10Q","20191001","","OAK TREE HEALTH CENTRE","TYNE AVENUE","","DIDCOT","","OX11 7GD"
"U47657","INTEGRATED CARE PARTNERSHIP PCN","92A","NHS SURREY AND SUSSEX ICB - 92A","20191001","","THE OLD COTTAGE HPL SURG","ALEXANDRA ROAD","EWELL","EPSOM","","KT17 4BL"
"U47812","WALTHAM FOREST SOUTH LEYTONSTONE PCN","A3A8R","NHS NORTH EAST LONDON ICB - A3A8R","20191001","","SOUTH LEYTONSTONE PCN","TRIANGLE HOUSE HEALTH CENTRE","2-8 HAROW ROAD","LONDON","","E11 3QF"
"U47851","ARROW HEALTH PCN","52R","NHS NOTTINGHAM AND NOTTINGHAMSHIRE ICB - 52R","20191001","","PICS NOTTINGHAM NORTH & EAST LTD","H4 ASH TREE COURT, MELLORS WAY","NOTTINGHAM BUSINESS PARK","NOTTINGHAM","","NG8 6PY"
"U47882","BLACKPOOL CENTRAL WEST PCN","00R","NHS LANCASHIRE AND SOUTH CUMBRIA ICB - 00R","20191001","","118 ADELAIDE STREET","","","BLACKPOOL","","FY1 4LN"
"U47946","E4 NETWORK PCN","A3A8R","NHS NORTH EAST LONDON ICB - A3A8R","20191001","","CHINGFORD MEDICAL PRACTICE","109 YORK ROAD","CHINGFORD","LONDON","","E4 8LF"
"U47975","SOUTH WAVENEY PCN","26A","NHS NORFOLK AND SUFFOLK ICB - 26A","20191001","","LONGSHORE SURGERIES (KESSINGLAND)","42 FIELD LANE","KESSINGLAND","LOWESTOFT","","NR33 7QA"
"U48026","LEICESTER CITY & UNIVERSITY PCN","04C","NHS LEICESTER, LEICESTERSHIRE AND RUTLAND ICB - 04C","20191001","","VICTORIA PARK HEALTH CENTRE","203 VICTORIA PARK ROAD","","LEICESTER","","LE2 1XD"
"U48056","EASTBOURNE EAST PCN","97R","NHS SURREY AND SUSSEX ICB - 97R","20191001","","MIMRAM ROAD","STONE CROSS","","PEVENSEY","","BN24 5DZ"
"U48176","CHELMER PCN","06Q","NHS ESSEX ICB - 06Q","20191001","","123 RECTORY LANE","","","CHELMSFORD","","CM1 1TR"
"U48302","COPELAND PCN","01H","NHS NORTH EAST AND NORTH CUMBRIA ICB - 01H","20191001","","RICHARD BENEDICT HOUSE","149 QUEEN STREET","","WHITEHAVEN","","CA28 7BA"
"U48502","BLACKBURN EAST PCN","00Q","NHS LANCASHIRE AND SOUTH CUMBRIA ICB - 00Q","20191001","","SUITE 27","BLACKBURN ENTERPRISE CENTRE","FURTHERGATE","BLACKBURN","","BB1 3HQ"
"U48538","HEALTHWEST PCN","15C","NHS BRISTOL, NORTH SOMERSET AND SOUTH GLOUCESTERSHIRE ICB - 15C","20191001","","PEMBROKE ROAD SURGERY","111 PEMBROKE ROAD","CLIFTON","BRISTOL","","BS8 3EU"
"U48652","KINGS LYNN PCN","26A","NHS NORFOLK AND SUFFOLK ICB - 26A","20191001","","SOUTHGATES MED &SURG CTR & WOOTTONS","41 GOODWINS ROAD","","KING'S LYNN","","PE30 5QX"
"U48691","WARE AND RURALS PCN","06K","NHS CENTRAL EAST ICB - 06K","20191001","","WARE ROAD SURGERY","77 WARE ROAD","","HERTFORD","","SG13 7EE"
"U48923","SWB URBAN HEALTH PCN","15E","NHS BIRMINGHAM AND SOLIHULL ICB - 15E","20191001","","1 NEWPORT ROAD","BALSALL HEATH","","BIRMINGHAM","","B12 8QE"
"U49001","WATERGATE PCN","11N","NHS CORNWALL AND THE ISLES OF SCILLY ICB - 11N","20191001","","THE SURGERY","TREKENNING ROAD","","ST. COLUMB","","TR9 6RS"
"U49070","PRESTON & SOUTH RIBBLE PCN","01E","NHS LANCASHIRE AND SOUTH CUMBRIA ICB - 01E","20230401","","2 LIVERPOOL ROAD","PENWORTHAM","","PRESTON","","PR1 0AD"
"U49145","GO WEST PCN","B2M3M","NHS COVENTRY AND WARWICKSHIRE ICB - B2M3M","20191001","","UNIT 1","BOILER HOUSE","ELECTRIC WHARF","COVENTRY","","CV1 4JU"
"U49226","BURY PCN","00V","NHS GREATER MANCHESTER ICB - 00V","20191001","","EUROPA HOUSE","BARCROFT STREET","","BURY","","BL9 5BT"
"U49304","WOKINGHAM NORTH PCN","15A","NHS THAMES VALLEY ICB - 15A","20191001","","GREEN ROAD SURGERY","224 WOKINGHAM ROAD","","READING","","RG6 1JS"
"U49326","SOUTH WORCS THE RURALS PCN","18C","NHS HEREFORDSHIRE AND WORCESTERSHIRE ICB - 18C","20191001","20210212","THE SURGERY","34 TEME STREET","","TENBURY WELLS","","WR15 8AA"
"U49525","HORIZON PCN","00V","NHS GREATER MANCHESTER ICB - 00V","20191001","","EUROPA HOUSE","BARCROFT STREET","","BURY","","BL9 5BT"
"U49529","CLAYTON BESWICK & OPENSHAW PCN","14L","NHS GREATER MANCHESTER ICB - 14L","20191001","","FLORENCE HOUSE MEDICAL PRACTICE","1344 ASHTON OLD ROAD","OPENSHAW","MANCHESTER","","M11 1JG"
"U49536","COASTAL AND SOUTH DOWNS PCN","70F","NHS SURREY AND SUSSEX ICB - 70F","20191001","","THE LIME TREE SURGERY","LIME TREE AVENUE","FINDON VALLEY","WORTHING","","BN14 0DL"
"U49574","ASCENT PCN","M1J4Y","NHS CENTRAL EAST ICB - M1J4Y","20200701","","ASPLANDS MEDICAL CENTRE","ASPLANDS CLOSE","WOBURN SANDS","MILTON KEYNES","","MK17 8QP"
"U49615","SOUTH RURAL PCN","06L","NHS NORFOLK AND SUFFOLK ICB - 06L","20191001","","NEEDHAM MARKET COUNTRY PRACTICE","BARKING ROAD","NEEDHAM MARKET","IPSWICH","","IP6 8EZ"
"U49616","NORTH WEST SUFFOLK PCN","06L","NHS NORFOLK AND SUFFOLK ICB - 06L","20191001","20200531","FRESSINGFIELD MEDICAL CENTRE","NEW STREET","FRESSINGFIELD","EYE","","IP21 5PJ"
"U49727","ANFIELD & EVERTON PCN","99A","NHS CHESHIRE AND MERSEYSIDE ICB - 99A","20191001","","PRIORY MEDICAL CENTRE","BELMONT GROVE","ANFIELD","LIVERPOOL","","L6 4EW"
"U49728","WALSALL WEST 1 PCN","D2P2L","NHS BLACK COUNTRY ICB - D2P2L","20191001","","BENTLEY MEDICAL CENTRE","CHURCHILL ROAD","BENTLEY","WALSALL","","WS2 0BA"
"U49785","WYVERN HEALTH PARTNERSHIP PCN","92G","NHS BATH AND NORTH EAST SOMERSET, SWINDON AND WILTSHIRE ICB - 92G","20191001","","PRIORY ROAD","","","SWINDON","","SN3 2EZ"
"U49851","WACA PCN","36J","NHS WEST YORKSHIRE ICB - 36J","20191001","","MILLENNIUM BUSINESS PARK","STATION ROAD","STEETON","KEIGHLEY","","BD20 6RB"
"U49896","TEDDINGTON PCN","36L","NHS SOUTH WEST LONDON ICB - 36L","20191001","","THAMESIDE MEDICAL PRACTICE","THAMES HOUSE","180-194 HIGH STREET","TEDDINGTON","","TW11 8HU"
"U49929","ROCHFORD PCN","99F","NHS ESSEX ICB - 99F","20191001","","57 LASCELLES GARDENS","ASHINGDON","","ROCHFORD","","SS4 3BW"
"U49944","UPPER DON VALLEY PCN","03N","NHS SOUTH YORKSHIRE ICB - 03N","20191001","","VALLEY MEDICAL CENTRE","JOHNSON STREET","STOCKSBRIDGE","SHEFFIELD","","S36 1BX"
"U50083","THE WBC (HEREFORD CITY) PCN","18C","NHS HEREFORDSHIRE AND WORCESTERSHIRE ICB - 18C","20191001","","SUIT 1","BERROWS BUSINESS CENTRE","BATH STREET","HEREFORD","","HR1 2HE"
"U50107","HAVERING MARSHALL PCN","A3A8R","NHS NORTH EAST LONDON ICB - A3A8R","20191001","","WESTERN ROAD MEDICAL CENTRE","99 WESTERN ROAD","","ROMFORD","","RM1 3LS"
"U50130","IVEL VALLEY NORTH PCN","M1J4Y","NHS CENTRAL EAST ICB - M1J4Y","20191001","20220331","BIGGLESWADE HEALTH CENTRE","SAFFRON ROAD","","BIGGLESWADE","","SG18 8DJ"
"U50165","MARKET HARBOROUGH & BOSWORTH PCN","03W","NHS LEICESTER, LEICESTERSHIRE AND RUTLAND ICB - 03W","20191001","","67 COVENTRY ROAD","","","MARKET HARBOROUGH","","LE16 9BX"
"U50197","FROGNAL PCN","72Q","NHS SOUTH EAST LONDON ICB - 72Q","20191001","","219 ERITH ROAD","","","BEXLEYHEATH","","DA7 6HZ"
"U50263","OTLEY PCN","15F","NHS WEST YORKSHIRE ICB - 15F","20191001","","CHEVIN MEDICAL PRACTICE","BRIDGE STREET","","OTLEY","","LS21 1BQ"
"U50277","THE CRAYS COLLABORATIVE PCN","72Q","NHS SOUTH EAST LONDON ICB - 72Q","20191001","","41 BROOMWOOD ROAD","","","ORPINGTON","","BR5 2JP"
"U50311","EDMONTON PCN","93C","NHS WEST AND NORTH LONDON ICB - 93C","20220401","","2A LATYMER ROAD","","","LONDON","","N9 9PU"
"U50320","COVENTRY NAVIGATION PCN","05A","NHS COVENTRY AND RUGBY CCG","20191001","20191231","PARADISE MEDICAL CENTRE","BROAD STREET","","COVENTRY","","CV6 5BG"
"U50322","BARNSTAPLE ALLIANCE PCN","15N","NHS DEVON ICB - 15N","20191001","","LITCHDON MEDICAL CENTRE","LANDKEY ROAD","","BARNSTAPLE","","EX32 9LL"
"U50573","CARNFORTH AND MILNTHORPE PCN","01K","NHS LANCASHIRE AND SOUTH CUMBRIA ICB - 01K","20191001","","ASH TREES SURGERY","MARKET STREET","","CARNFORTH","","LA5 9JU"
"U50767","ASHFORD MEDICAL PARTNERSHIP PCN","91Q","NHS KENT AND MEDWAY ICB - 91Q","20200901","","BENTLEY ROAD","WILLESBOROUGH","","ASHFORD","","TN24 0HZ"
"U50771","TOWER HAMLETS NETWORK 1 PCN","A3A8R","NHS NORTH EAST LONDON ICB - A3A8R","20191001","","SUTTONS WHARF HEALTH CENTRE","26 PALMERS ROAD","","LONDON","","E2 0FA"
"U50996","LOWER VALLEY PCN","02T","NHS WEST YORKSHIRE ICB - 02T","20191001","","ELSIE WHITELEY INNOVATION CENTRE","HOPWOOD LANE","","HALIFAX","","HX1 5ER"
"U51050","HARROW EAST PCN","W2U3Z","NHS WEST AND NORTH LONDON ICB - W2U3Z","20191001","","HONEYPOT MEDICAL CENTRE","404 HONEYPOT LANE","","STANMORE","","HA7 1JP"
"U51153","WEOLEY AND RUBERY PCN","15E","NHS BIRMINGHAM AND SOLIHULL ICB - 15E","20191001","","HIGHFIELD HOUSE","88 HIGHFIELD LANE","QUINTON","BIRMINGHAM","","B32 1QX"
"U51200","ARNOLD AND CALVERTON PCN","52R","NHS NOTTINGHAM AND NOTTINGHAMSHIRE ICB - 52R","20191001","","PICS NOTTINGHAM NORTH & EAST LTD","H4 ASH TREE COURT, MELLORS WAY","NOTTINGHAM BUSINESS PARK","NOTTINGHAM","","NG8 6PY"
"U51229","MEDICS PCN","M1J4Y","NHS CENTRAL EAST ICB - M1J4Y","20191001","","WOODLAND AVENUE PRACTICE","30 WOODLAND AVENUE","","LUTON","","LU3 1RW"
"U51307","CRANBROOK PCN","A3A8R","NHS NORTH EAST LONDON ICB - A3A8R","20191001","","THE VINTRY","53-63 REDBRIDGE LANE EAST","","ILFORD","","IG4 5EY"
"U51357","WOKING WISE 1 PCN","92A","NHS SURREY AND SUSSEX ICB - 92A","20191001","","SOUTHVIEW MEDICAL PRACTICE","GUILDFORD ROAD","","WOKING","","GU22 7RR"
"U51429","THE VALE PCN","11J","NHS DORSET ICB - 11J","20191001","","STURMINSTER NEWTON MEDICAL CENTRE","OLD MARKET HILL","","STURMINSTER NEWTON","","DT10 1QU"
"U51488","ABBEY FIELD PCN","06T","NHS ESSEX ICB - 06T","20191001","","YPRES ROAD","","","COLCHESTER","","CO2 7UW"
"U51492","CLISSOLD PARK PCN","A3A8R","NHS NORTH EAST LONDON ICB - A3A8R","20191001","","CITY AND HACKNEY GP CONFEDERATION","2ND FLOOR, THE LAWSON PRACTICE","85 NUTTALL STREET","LONDON","","N1 5HZ"
"U51498","HH COLLABORATIVE PCN","W2U3Z","NHS WEST AND NORTH LONDON ICB - W2U3Z","20191001","","BELMONT HOUSE","148 BELMONT ROAD","","UXBRIDGE","","UB8 1HE"
"U51577","KENTISH TOWN CENTRAL PCN","93C","NHS WEST AND NORTH LONDON ICB - 93C","20191001","","113-117 HIGHGATE ROAD","","","LONDON","","NW5 1TR"
"U51636","HARINGEY - NORTH CENTRAL PCN","93C","NHS WEST AND NORTH LONDON ICB - 93C","20191001","","HORNSEY CENTRAL HC","151 PARK ROAD","","LONDON","","N8 8JD"
"U51667","BEACON (CHARNWOOD) PCN","04V","NHS LEICESTER, LEICESTERSHIRE AND RUTLAND ICB - 04V","20191001","","CHARNWOOD GP NETWORK","ROSEBERY MEDICAL CENTRE","ROSEBERY STREET","LOUGHBOROUGH","","LE11 5DX"
"U51839","TOTAL HEALTH EXCELLENCE WEST PCN","91Q","NHS KENT AND MEDWAY ICB - 91Q","20191001","","THE SURGERY","31 MANOR ROAD","","FOLKESTONE","","CT20 2SE"
"U51930","SYNERGY PCN","W2U3Z","NHS WEST AND NORTH LONDON ICB - W2U3Z","20191001","","GEORGE STREET","","","UXBRIDGE","","UB8 1UB"
"U52026","SW SHROPSHIRE PCN","M2L0M","NHS SHROPSHIRE, TELFORD AND WREKIN ICB - M2L0M","20191001","","THE SURGERY","20 SHREWSBURY ROAD","","CRAVEN ARMS","","SY7 9PY"
"U52075","NORTH RIDING HEALTHY COMMUNITY PCN","42D","NHS HUMBER AND NORTH YORKSHIRE ICB - 42D","20191001","","AMPLEFORTH SURGERY","BACK LANE","AMPLEFORTH","YORK","","YO62 4EF"
"U52199","SELSDON ADDINGTON & SHIRLEY PCN","36L","NHS SOUTH WEST LONDON ICB - 36L","20191001","","53 FARLEY ROAD","SELSDON","","SOUTH CROYDON","","CR2 7NG"
"U52219","NORTH LINCOLNSHIRE SOUTH PCN","03K","NHS HUMBER AND NORTH YORKSHIRE ICB - 03K","20191001","","291 ASHBY ROAD","","","SCUNTHORPE","","DN16 2AB"
"U52261","BLUE PCN","78H","NHS NORTHAMPTONSHIRE ICB - 78H","20191001","","TIMKEN WAY SOUTH","DUSTON","","NORTHAMPTON","","NN5 6FR"
"U52297","SUNDERLAND EAST PCN","00P","NHS NORTH EAST AND NORTH CUMBRIA ICB - 00P","20191001","","VILLETTE SURGERY","SUFFOLK STREET","","SUNDERLAND","","SR2 8AX"
"U52461","CENTRAL HAMPSTEAD PCN","93C","NHS WEST AND NORTH LONDON ICB - 93C","20191001","","99 REGENTS PARK ROAD","","","LONDON","","NW1 8UR"
"U52468","TENDRING PCN","06T","NHS ESSEX ICB - 06T","20191001","","THE HOLLIES","THE GREEN","GREAT BENTLEY","COLCHESTER","","CO7 8PJ"
"U52546","NORTH WEST MERTON PCN","36L","NHS SOUTH WEST LONDON ICB - 36L","20191001","","THE PATRICK DOODY CLINIC & HEALTH C","PELHAM ROAD","WIMBLEDON","LONDON","","SW19 1NX"
"U52641","NORTH NEWHAM PCN","A3A8R","NHS NORTH EAST LONDON ICB - A3A8R","20191001","","NEWHAM HEALTH COLLABORATIVE","VICARAGE LN HEALTH CTR (1ST FLOOR)","10 VICARAGE LANE, STRATFORD","LONDON","","E15 4ES"
"U52694","CRAWLEY CARE COLLABORATIVE PCN","70F","NHS SURREY AND SUSSEX ICB - 70F","20191001","","LANGLEY CORNER SURGERY","IFIELD GREEN","","CRAWLEY","","RH11 0NF"
"U52763","HAVERHILL PCN","07K","NHS NORFOLK AND SUFFOLK ICB - 07K","20191001","","HAVERHILL FAMILY PRACTICE","14 CAMPS ROAD","","HAVERHILL","","CB9 8HF"
"U52802","FOUR COUNTIES PCN","71E","NHS LINCOLNSHIRE ICB - 71E","20191001","","LAKESIDE HEALTHCARE STAMFORD","RYHALL ROAD","","STAMFORD","","PE9 1YA"
"U52814","KINGSTON PCN","36L","NHS SOUTH WEST LONDON ICB - 36L","20191001","","KINGSTON HEALTH CENTRE","10 SKERNE ROAD","","KINGSTON UPON THAMES","","KT2 5AD"
"U52827","NORTH ROAD PLUS PCN","99G","NHS ESSEX ICB - 99G","20191001","20210331","NORTH ROAD PCC","183-195 NORTH ROAD","","WESTCLIFF ON SEA","","SS0 7AF"
"U52868","ALPS GROUP PCN","97R","NHS SURREY AND SUSSEX ICB - 97R","20191001","","LIGHTHOUSE MEDICAL PRACTICE","6 COLLEGE ROAD","","EASTBOURNE","","BN21 4HY"
"U52875","H IS FOR HEALTH PCN","M1J4Y","NHS CENTRAL EAST ICB - M1J4Y","20191001","20220331","THE HEALTH CENTRE","57 OLIVER STREET","AMPTHILL","BEDFORD","","MK45 2SB"
"U52891","CARE ENTERPRISE PCN","99A","NHS CHESHIRE AND MERSEYSIDE ICB - 99A","20191001","20220531","GREEN LANE MEDICAL CENTRE","15 GREEN LANE","STONEYCROFT","LIVERPOOL","","L13 7DY"
"U52997","EAST SUFFOLK PCN","06L","NHS NORFOLK AND SUFFOLK ICB - 06L","20200601","","COMBS LANE","","","STOWMARKET","","IP14 2SY"
"U53179","GLOUCESTER INNER CITY PCN","11M","NHS GLOUCESTERSHIRE ICB - 11M","20191001","","PAVILION FAMILY DOCTORS","153A STROUD ROAD","","GLOUCESTER","","GL1 5JJ"
"U53230","THE PICTON PCN","99A","NHS CHESHIRE AND MERSEYSIDE ICB - 99A","20191001","","DUNSTAN VILLAGE GROUP PRACTICE","EARLE RD MC","131 EARLE ROAD","LIVERPOOL","","L7 6HD"
"U53279","CALDER & RYBURN PCN","02T","NHS WEST YORKSHIRE ICB - 02T","20191001","","ELSIE WHITELEY INNOVATION CENTRE","HOPWOOD LANE","","HALIFAX","","HX1 5ER"
"U53317","WOKING WISE 2 PCN","92A","NHS SURREY AND SUSSEX ICB - 92A","20191001","","SOUTHVIEW MEDICAL PRACTICE","GUILDFORD ROAD","","WOKING","","GU22 7RR"
"U53419","ROCKINGHAM FOREST PCN","78H","NHS NORTHAMPTONSHIRE ICB - 78H","20191001","","THE LAKESIDE SURGERY","COTTINGHAM ROAD","","CORBY","","NN17 2UR"
"U53562","NORTH SOUTHALL PCN","W2U3Z","NHS WEST AND NORTH LONDON ICB - W2U3Z","20191001","","36A NORTHCOTE AVENUE","","","SOUTHALL","","UB1 2AY"
"U53612","DACORUM BETA PCN","06N","NHS CENTRAL EAST ICB - 06N","20191001","","FERNVILLE SURGERY","MIDLAND ROAD","","HEMEL HEMPSTEAD","","HP2 5BL"
"U53637","NORTH DERBYSHIRE PCN","15M","NHS DERBY AND DERBYSHIRE ICB - 15M","20230401","","STUBBING ROAD","","","CHESTERFIELD","","S40 2HP"
"U53775","WESTONGROVE PCN","14Y","NHS THAMES VALLEY ICB - 14Y","20191001","","AYLESBURY ROAD","AYLESBURY ROAD","WENDOVER","AYLESBURY","","HP22 6LD"
"U53896","NORTH LEWISHAM PCN","72Q","NHS SOUTH EAST LONDON ICB - 72Q","20191001","","WALDRON HEALTH CENTRE","STANLEY STREET","NEW CROSS","LONDON","","SE14 6LD"
"U53900","DENTON PCN","01Y","NHS GREATER MANCHESTER ICB - 01Y","20191001","","DR V GUPTA","MARKET STREET MEDICAL PRACTICE","76 MARKET STREET","MANCHESTER","","M43 6DE"
"U53962","DURHAM EAST PCN","84H","NHS NORTH EAST AND NORTH CUMBRIA ICB - 84H","20191001","","THE SURGERY","WOODLAND VIEW","WEST RAINTON","HOUGHTON LE SPRING","","DH4 6RQ"
"U53963","ASHFIELD SOUTH PCN","52R","NHS NOTTINGHAM AND NOTTINGHAMSHIRE ICB - 52R","20191001","","PICS MID NOTTS LTD","H4 ASH TREE COURT, MELLORS WAY","NOTTINGHAM BUSINESS PARK","NOTTINGHAM","","NG8 6PY"
"U53997","SOUTHAMPTON WOOLSTON & TOWNHILL PCN","D9Y0V","NHS HAMPSHIRE AND ISLE OF WIGHT ICB - D9Y0V","20191001","","SOVEREIGN PLACE","UPPER NORTHAM ROAD","HEDGE END","SOUTHAMPTON","","SO30 4BZ"
"U53999","GREATER DERBY PCN","15M","NHS DERBY AND DERBYSHIRE ICB - 15M","20191001","","PARK FARM MEDICAL CENTRE","3 PARK FARM CENTRE PARK FARM DRIVE","ALLESTREE","DERBY","","DE22 2QN"
"U54007","NORTH CAMDEN PCN","93C","NHS WEST AND NORTH LONDON ICB - 93C","20191001","","HAMPSTEAD GROUP PRACTICE","75 FLEET ROAD","HAMPSTEAD","LONDON","","NW3 2QU"
"U54044","SWB CENTRAL HEALTH PARTNERSHIPS PCN","D2P2L","NHS BLACK COUNTRY ICB - D2P2L","20191001","","THE SURGERY","LODGE ROAD","","SMETHWICK","","B67 7LU"
"U54229","SMARTCARE KINGS HEATH PCN","15E","NHS BIRMINGHAM AND SOLIHULL ICB - 15E","20191001","20210731","302 VICARAGE ROAD","KINGS HEATH","","BIRMINGHAM","","B14 7NH"
"U54275","MVP PCN","06N","NHS CENTRAL EAST ICB - 06N","20260401","","BUSHEY MEDICAL CENTRE","LONDON ROAD","","BUSHEY","","WD23 2NN"
"U54308","EAST & CENTRAL BRIGHTON 2 PCN","09D","NHS SURREY AND SUSSEX ICB - 09D","20191001","20210331","MORLEY STREET","","","BRIGHTON","","BN2 9DH"
"U54372","SPEN HEALTH & WELLBEING PCN","X2C4Y","NHS WEST YORKSHIRE ICB - X2C4Y","20191001","","16 UNION STREET","","","HECKMONDWIKE","","WF16 0HH"
"U54453","TOWER HAMLETS NETWORK 2 PCN","A3A8R","NHS NORTH EAST LONDON ICB - A3A8R","20191001","","EAST END HEALTH NETWORK CO LTD","THE SPITALFIELDS PRACTICE","20 OLD MONTAGUE STREET","LONDON","","E1 5PB"
"U54554","PIONEERS INTEGRATED PARTNERSHIP PCN","15E","NHS BIRMINGHAM AND SOLIHULL ICB - 15E","20220801","","433 WALSALL ROAD","PERRY BARR","","BIRMINGHAM","","B42 1BT"
"U54565","NORTH ARDEN PCN","B2M3M","NHS COVENTRY AND WARWICKSHIRE ICB - B2M3M","20200401","","1 RATCLIFFE ROAD","","","ATHERSTONE","","CV9 1EU"
"U54760","HIGH WEALD PCN","97R","NHS SURREY AND SUSSEX ICB - 97R","20191001","","BEACON SURGERY","BEACON ROAD","","CROWBOROUGH","","TN6 1AH"
"U54764","LEICESTER CITY SOUTH PCN","04C","NHS LEICESTER, LEICESTERSHIRE AND RUTLAND ICB - 04C","20191001","","CHARLES BERRY HOUSE","45 EAST BOND STREET","","LEICESTER","","LE1 4SX"
"U54853","DONCASTER EAST PCN","02X","NHS SOUTH YORKSHIRE ICB - 02X","20191001","","OAK TREE LODGE","TICKHILL ROAD","BALBY","DONCASTER","","DN4 8QN"
"U54858","ASPIRE PCN","52R","NHS NOTTINGHAM AND NOTTINGHAMSHIRE ICB - 52R","20240606","20240607","79A UPPER PARLIAMENT STREET","","","NOTTINGHAM","","NG1 6LD"
"U54911","LIVERPOOL FIRST PCN","99A","NHS CHESHIRE AND MERSEYSIDE ICB - 99A","20191001","","BENIM MEDICAL CENTRE","2 PENVALLEY CRESCENT","","LIVERPOOL","","L6 3BY"
"U54948","BALSALL HEATH, SPARKHILL & MOSELEY PCN","15E","NHS BIRMINGHAM AND SOLIHULL ICB - 15E","20191001","","WEST HEATH MEDICAL CENTRE","194-196 WEST HEATH ROAD","WEST HEATH","BIRMINGHAM","","B31 3HB"
"U55014","NORTH & CENTRAL BRIGHTON PCN","09D","NHS SURREY AND SUSSEX ICB - 09D","20191001","","MONTPELIER SURGERY","2 VICTORIA ROAD","","BRIGHTON","","BN1 3FS"
"U55117","RALEIGH HEALTHCARE PCN","52R","NHS NOTTINGHAM AND NOTTINGHAMSHIRE ICB - 52R","20240401","","1 BAILEY STREET","","","NOTTINGHAM","","NG6 0HD"
"U55146","CENTRAL BASILDON PCN","99E","NHS ESSEX ICB - 99E","20191001","","LANGDON HILLS M/PRACTICE","NIGHTINGALES","","BASILDON","","SS16 6SA"
"U55161","PENNINES PCN","01D","NHS GREATER MANCHESTER ICB - 01D","20191001","","LITTLEBOROUGH HEALTH CENTRE","FEATHERSTALL ROAD","","LITTLEBOROUGH","","OL15 8HF"
"U55369","SOUTH FENLAND PCN","06H","NHS CENTRAL EAST ICB - 06H","20191001","","GEORGE CLARE SURGERY","SWAN DRIVE","NEW ROAD","CHATTERIS","","PE16 6EX"
"U55387","BARKING & DAGENHAM NORTH PCN","A3A8R","NHS NORTH EAST LONDON ICB - A3A8R","20191001","","BARKING AND DAGENHAM PCN NORTH","872 GREEN LANE","","DAGENHAM","","RM8 1BX"
"U55397","THE COASTAL NETWORK PCN","15N","NHS DEVON ICB - 15N","20191001","","3 COURTENAY PLACE","","","TEIGNMOUTH","","TQ14 8AY"
"U55399","BAYWIDE PCN","15N","NHS DEVON ICB - 15N","20191001","","COMPASS HOUSE MEDICAL CENTRES","KING STREET","","BRIXHAM","","TQ5 9TF"
"U55441","HALESOWEN PCN","D2P2L","NHS BLACK COUNTRY ICB - D2P2L","20191001","","ST MARGARETS WELL SURGERY","2 QUARRY LANE","","HALESOWEN","","B63 4WD"
"U55709","CENTRAL 2 ISLINGTON PCN","93C","NHS WEST AND NORTH LONDON ICB - 93C","20191001","","ISLINGTON GP GROUP LTD","16-18 THE STUDIOS","8 HORNSEY STREET","LONDON","","N7 8EG"
"U55717","HAMMERSMITH & FULHAM CENTRAL PCN","W2U3Z","NHS WEST AND NORTH LONDON ICB - W2U3Z","20191001","","15 BROOK GREEN","HAMMERSMITH","","LONDON","","W6 7BL"
"U55724","ARDEN PCN","B2M3M","NHS COVENTRY AND WARWICKSHIRE ICB - B2M3M","20191001","","GAINSBOROUGH HALL","RUSSELL STREET","","LEAMINGTON SPA","","CV32 5QB"
"U55812","STEVENAGE NORTH PCN","06K","NHS CENTRAL EAST ICB - 06K","20191001","","5 STANMORE ROAD","","","STEVENAGE","","SG1 3QA"
"U55830","CENTRAL MIDDLESBROUGH PCN LTD","16C","NHS NORTH EAST AND NORTH CUMBRIA ICB - 16C","20191001","","THE HEALTH CENTRE","20 CLEVELAND SQUARE","","MIDDLESBROUGH","","TS1 2NX"
"U55861","RURAL WARWICKSHIRE NORTH PCN","B2M3M","NHS COVENTRY AND WARWICKSHIRE ICB - B2M3M","20210401","20210402","27 PARKFIELD ROAD","COLESHILL","","BIRMINGHAM","","B46 3LD"
"U55887","CENTRAL NORWICH PCN","26A","NHS NORFOLK AND SUFFOLK ICB - 26A","20240401","","MILE END ROAD SURGERY","29 MILE END ROAD","","NORWICH","","NR4 7QX"
"U55939","HAVERING NORTH PCN","A3A8R","NHS NORTH EAST LONDON ICB - A3A8R","20191001","","137 STRAIGHT ROAD","HAROLD HILL","","ROMFORD","","RM3 7JJ"
"U55979","SARUM WEST PCN","92G","NHS BATH AND NORTH EAST SOMERSET, SWINDON AND WILTSHIRE ICB - 92G","20191001","","OLD ORCHARD SURGERY","SOUTH STREET","WILTON","SALISBURY","","SP2 0JU"
"U56140","COASTAL (WEST HAMPSHIRE) PCN","D9Y0V","NHS HAMPSHIRE AND ISLE OF WIGHT ICB - D9Y0V","20191001","","THE ARNEWOOD PRACTICE","MILTON MEDICAL CENTRE","AVENUE ROAD","NEW MILTON","","BH25 5JP"
"U56174","SWB PIONEERS FOR HEALTH (SOUTH) PCN","05L","NHS SANDWELL AND WEST BIRMINGHAM CCG","20191001","20200331","SOHO RD PRIMARY CARE CTRE","247-251 SOHO ROAD","","BIRMINGHAM","","B21 9RY"
"U56215","TRENT CARE PCN","71E","NHS LINCOLNSHIRE ICB - 71E","20191001","","THE GLEBE PRACTICE","85 SYKES LANE","SAXILBY","LINCOLN","","LN1 2NU"
"U56223","BRIDLINGTON PCN","02Y","NHS HUMBER AND NORTH YORKSHIRE ICB - 02Y","20191001","","BRIDLINGTON MEDICAL CENTRE","STATION AVENUE","","BRIDLINGTON","","YO16 4LZ"
"U56341","BRENTWORTH PCN","W2U3Z","NHS WEST AND NORTH LONDON ICB - W2U3Z","20191001","","BRENTFORD GROUP PRACTICE","BOSTON MANOR ROAD","","BRENTFORD","","TW8 8DS"
"U56562","PRIORY MEDICAL GROUP YORK PCN","03Q","NHS HUMBER AND NORTH YORKSHIRE ICB - 03Q","20200401","","PRIORY MEDICAL CENTRE","CORNLANDS ROAD","","YORK","","YO24 3WX"
"U56575","LOCC PCN","U2G6B","NHS THAMES VALLEY ICB - U2G6B","20191001","","INSPIRED","EASTHAMPSTEAD ROAD","","BRACKNELL","","RG12 1YQ"
"U56676","EPPING FOREST NORTH PCN","07H","NHS ESSEX ICB - 07H","20191001","","FYFIELD ROAD","","","ONGAR","","CM5 0AL"
"U56681","DOCKLANDS PCN","A3A8R","NHS NORTH EAST LONDON ICB - A3A8R","20191001","","DOCKLANDS(PCN)","TOLLGATE MEDICAL CENTRE","220 TOLLGATE ROAD","LONDON","","E6 5JS"
"U56729","SEISDON PCN","05Q","NHS STAFFORDSHIRE AND STOKE-ON-TRENT ICB - 05Q","20191001","","STAFFORD HEALTH & WELLBEING CENTRE","WHITGREAVE COURT","","STAFFORD","","ST16 3EB"
"U56757","MEDWAY PENINSULA PCN","91Q","NHS KENT AND MEDWAY ICB - 91Q","20191001","","PARKSIDE SURGERY","CLIFFE WOODS","","ROCHESTER","","ME3 8HX"
"U56857","CHEADLE NETWORK PCN","01W","NHS GREATER MANCHESTER ICB - 01W","20191001","","CHEADLE MEDICAL PRACTICE","1-5 ASHFIELD CRESCENT","","CHEADLE","","SK8 1BH"
"U56977","KNARESBOROUGH & RURAL PCN","42D","NHS HUMBER AND NORTH YORKSHIRE ICB - 42D","20191001","","49-51 LEEDS ROAD","","","HARROGATE","","HG2 8AY"
"U57009","FILEY AND SCARBOROUGH PCN","42D","NHS HUMBER AND NORTH YORKSHIRE ICB - 42D","20191001","","HACKNESS ROAD SURGERY","19 HACKNESS ROAD","NEWBY","SCARBOROUGH","","YO12 5SD"
"U57096","CHORLEY TOGETHER PCN","00X","NHS LANCASHIRE AND SOUTH CUMBRIA ICB - 00X","20220501","","CHORLEY HEALTH CENTRE","COLLISON AVENUE","","CHORLEY","","PR7 2TH"
"U57294","SWB CARITAS PCN","D2P2L","NHS BLACK COUNTRY ICB - D2P2L","20191001","","RAGLAN ROAD","","","SMETHWICK","","B66 3NR"
"U57300","CARE COLLABORATIVE (REDHILL) PCN","92A","NHS SURREY AND SUSSEX ICB - 92A","20191001","","99 STATION ROAD","","","REDHILL","","RH1 1EB"
"U57321","ABINGDON AND DISTRICT PCN","10Q","NHS THAMES VALLEY ICB - 10Q","20191001","","FAMILY HEALTH CENTRE","MARCHAM ROAD","","ABINGDON","","OX14 1BT"
"U57426","SITTINGBOURNE EAST PCN","10D","NHS SWALE CCG","20191001","20200331","MEMORIAL MEDICAL CENTRE","BELL ROAD","","SITTINGBOURNE","","ME10 4XX"
"U57480","SWAGGA PCN","99A","NHS CHESHIRE AND MERSEYSIDE ICB - 99A","20191001","","ROOM S09 2ND FLOOR","SOUTH LIVERPOOL TREATMENT CENTRE","32 CHURCH ROAD","LIVERPOOL","","L19 2LW"
"U57586","BRENT NORTH KWH PCN","W2U3Z","NHS WEST AND NORTH LONDON ICB - W2U3Z","20191001","","23 KINGS HILL AVENUE","KINGS HILL","","WEST MALLING","","ME19 4UA"
"U57641","EAST STAFFORDSHIRE PCN","05D","NHS STAFFORDSHIRE AND STOKE-ON-TRENT ICB - 05D","20191001","","EAST STAFFORDSHIRE PCP","G4-G5 BELLRINGER ROAD","","STOKE-ON-TRENT","","ST4 8GB"
"U57741","SOUTH EAST TELFORD (SET) PCN","05X","NHS TELFORD AND WREKIN CCG","20191001","20200531","STIRCHLEY MEDICAL PRACTICE","SANDINO ROAD","STIRCHLEY","TELFORD","","TF3 1FB"
"U57786","SWINTON PCN","01G","NHS GREATER MANCHESTER ICB - 01G","20191001","","PENDLETON GATEWAY","1 BROADWALK","","SALFORD","","M6 5FX"
"U57955","HAMBLETON SOUTH PCN","42D","NHS HUMBER AND NORTH YORKSHIRE ICB - 42D","20191001","","GLEBE HOUSE SURGERY","19 FIRBY ROAD","","BEDALE","","DL8 2AT"
"U57981","CHANCTONBURY PCN","70F","NHS SURREY AND SUSSEX ICB - 70F","20191001","","UNIT 8-11","ORCHARD INDUSTRIAL ESTATE","10-12 FITZALAN ROAD","ARUNDEL","","BN18 9JS"
"U58020","SEVENFIELDS PCN","72Q","NHS SOUTH EAST LONDON ICB - 72Q","20191001","","OAKVIEW FAMILY PRACTICE","190 SHROFFOLD ROAD","DOWNHAM","BROMLEY","","BR1 5NJ"
"U58127","COVENTRY CENTRAL PCN","B2M3M","NHS COVENTRY AND WARWICKSHIRE ICB - B2M3M","20200101","","UNIT 1","BOILER HOUSE","ELECTRIC WHARF","COVENTRY","","CV1 4JU"
"U58188","NORTHENDEN & BROOKLANDS (WYTHENSHAWE) PCN","14L","NHS GREATER MANCHESTER ICB - 14L","20191001","","C/O SMGPF LTD","BORCHARDT MEDICAL CENTRE","62 WHITCHURCH ROAD","MANCHESTER","","M20 1EB"
"U58215","SOUTH UTTLESFORD PCN","07H","NHS ESSEX ICB - 07H","20191001","","STANSTED SURGERY","FIRST FLOOR CASTLE MALTINGS","LOWER STREET","STANSTED","","CM24 8XG"
"U58256","WELL STREET COMMON PCN","A3A8R","NHS NORTH EAST LONDON ICB - A3A8R","20191001","","CITY AND HACKNEY GP CONFEDERATION","2ND FLOOR, THE LAWSON PRACTICE","85 NUTTALL STREET","LONDON","","N1 5HZ"
"U58312","ENFIELD UNITY PCN","93C","NHS WEST AND NORTH LONDON ICB - 93C","20191001","","CARLTON HOUSE SURGERY","28 TENNISWOOD ROAD","ENFIELD","ENFIELD","","EN1 3LL"
"U58435","FIRST COASTAL PCN","71E","NHS LINCOLNSHIRE ICB - 71E","20200401","","STANLEY AVENUE","","","MABLETHORPE","","LN12 1DP"
"U58525","SASSE NETWORK 2 PCN","92A","NHS SURREY AND SUSSEX ICB - 92A","20191001","","SOUTHVIEW MEDICAL PRACTICE","GUILDFORD ROAD","","WOKING","","GU22 7RR"
"U58538","BARNET 3 PCN","93C","NHS WEST AND NORTH LONDON ICB - 93C","20191001","","BARNET PCN 3","C/O BARNET FEDERATED GPS CIC","311 BALLARDS LANE","LONDON","","N12 8LY"
"U58600","WATLING STREET NETWORK PCN","M1J4Y","NHS CENTRAL EAST ICB - M1J4Y","20191001","","STONY MEDICAL CENTRE","THE HEALTH CENTRE","MARKET SQUARE, STONY STRATFORD","MILTON KEYNES","","MK11 1YA"
"U58673","ROYAL PARKS PCN","78H","NHS NORTHAMPTONSHIRE ICB - 78H","20191001","","11 LANGHAM PLACE","","","NORTHAMPTON","","NN2 6AA"
"U58704","IMP PCN","71E","NHS LINCOLNSHIRE ICB - 71E","20191001","","COMMERCE HOUSE","CARLTON BOULEVARD","","LINCOLN","","LN2 4WJ"
"U58708","WOOSEHILL AND CROWTHORNE PCN","15A","NHS THAMES VALLEY ICB - 15A","20220401","","FERNLEA DRIVE","WOOSEHILL","","WOKINGHAM","","RG41 3DR"
"U58840","JURASSIC COAST PCN","11J","NHS DORSET ICB - 11J","20191001","","BARTON HOUSE MEDICAL PRACTICE","","","BEAMINSTER","","DT8 3EQ"
"U58973","STORT VALLEY & VILLAGES PCN","06K","NHS CENTRAL EAST ICB - 06K","20191001","","HERTFORDSHIRE AND ESSEX HOSPITAL","HAYMEADS LANE","","BISHOP'S STORTFORD","","CM23 5JH"
"U59216","UNITY (NOTTINGHAM) PCN","52R","NHS NOTTINGHAM AND NOTTINGHAMSHIRE ICB - 52R","20191001","","NCGPA PCN U","NHS UPPER PARLIAMENT STREET","79A UPPER PARLIAMENT STREET","NOTTINGHAM","","NG1 6LD"
"U59367","BRIDGEWATER PCN","06N","NHS CENTRAL EAST ICB - 06N","20191001","","BRIDGEWATER HOUSE","7 PRINTERS AVENUE","","WATFORD","","WD18 7QR"
"U59570","GRANGE AND LAKES PCN","01K","NHS LANCASHIRE AND SOUTH CUMBRIA ICB - 01K","20191001","","CARTMEL SURGERY","WHITE GATES, HAGGS LANE","CARTMEL","GRANGE-OVER-SANDS","","LA11 6PH"
"U59591","OASIS PCN","M1J4Y","NHS CENTRAL EAST ICB - M1J4Y","20191001","","14-16 CHAPEL STREET","","","LUTON","","LU1 2SE"
"U59622","MID CHILTERN PCN","14Y","NHS THAMES VALLEY ICB - 14Y","20191001","","HUGHENDEN VALLEY SURGERY","VALLEY ROAD","","HIGH WYCOMBE","","HP14 4LG"
"U59961","LOWESTOFT PCN","26A","NHS NORFOLK AND SUFFOLK ICB - 26A","20191001","","ROSEDALE SURGERY","ASHBURNHAM WAY","CARLTON COLVILLE","LOWESTOFT","","NR33 8LG"
"U59979","GREENGATES PCN","02Y","NHS HUMBER AND NORTH YORKSHIRE ICB - 02Y","20260401","","25 GREENWOOD AVENUE","","","BEVERLEY","","HU17 0HB"
"U59980","WESTERN DALES PCN","01K","NHS LANCASHIRE AND SOUTH CUMBRIA ICB - 01K","20191001","","GRASMERE DRIVE","BENTHAM","","LANCASTER","","LA2 7JP"
"U60057","SHREWSBURY PCN","M2L0M","NHS SHROPSHIRE, TELFORD AND WREKIN ICB - M2L0M","20191001","","THE SURGERY","SOUTH HERMITAGE","BELLE VUE","SHREWSBURY","","SY3 7JS"
"U60094","SOUTH SOUTHWARK PCN","72Q","NHS SOUTH EAST LONDON ICB - 72Q","20191001","","THE NUNHEAD SURGERY","58 NUNHEAD GROVE","","LONDON","","SE15 3LY"
"U60098","WOLVERHAMPTON NORTH NETWORK PCN","D2P2L","NHS BLACK COUNTRY ICB - D2P2L","20191001","","BROADWAY","BUSHBURY","","WOLVERHAMPTON","","WV10 8EA"
"U60113","THREE HARBOURS AND BOSVENA PCN","11N","NHS CORNWALL AND THE ISLES OF SCILLY ICB - 11N","20191001","","FOWEY RIVER PRACTICE","THE SURGERY","RAWLINGS LANE","FOWEY","","PL23 1DT"
"U60176","3 CENTRES PCN","X2C4Y","NHS WEST YORKSHIRE ICB - X2C4Y","20191001","","DEWSBURY PRIMARY CARE CENTRE","","","DEWSBURY","","WF13 1HN"
"U60337","CENTRAL 1 ISLINGTON PCN","93C","NHS WEST AND NORTH LONDON ICB - 93C","20191001","","ISLINGTON GP GROUP LTD","16-18 THE STUDIOS","8 HORNSEY STREET","LONDON","","N7 8EG"
"U60450","HEALTH ALLIANCE PCN","W2U3Z","NHS WEST AND NORTH LONDON ICB - W2U3Z","20191001","","ASPRI MEDICAL CENTRE","1 LONG ELMES","","HARROW","","HA3 5LE"
"U60509","DERBY CITY NORTH PCN","15M","NHS DERBY AND DERBYSHIRE ICB - 15M","20191001","","ST. THOMAS ROAD SURGERY","207 ST. THOMAS ROAD","","DERBY","","DE23 8RJ"
"U60510","SALFORD SOUTH EAST PCN","01G","NHS GREATER MANCHESTER ICB - 01G","20191001","","PENDLETON GATEWAY","1 BROADWALK","","SALFORD","","M6 5FX"
"U60524","CROXTED PCN","72Q","NHS SOUTH EAST LONDON ICB - 72Q","20191001","","BROCKWELL PARK SURGERY","117 NORWOOD ROAD","NORWOOD","LONDON","","SE24 9AE"
"U60622","SOUTH SOMERSET WEST PCN","11X","NHS SOMERSET ICB - 11X","20191001","","WYNFORD HOUSE","LUFTON WAY","LUFTON","YEOVIL","","BA22 8HR"
"U60757","BOGNOR COASTAL ALLIANCE PCN","70F","NHS SURREY AND SUSSEX ICB - 70F","20230401","","MAYWOOD SURGERY","225 HAWTHORN ROAD","","BOGNOR REGIS","","PO21 2UW"
"U60843","OAKDALE PARK PCN","15M","NHS DERBY AND DERBYSHIRE ICB - 15M","20191001","","THE PARK MEDICAL PRACTICE","MAINE DRIVE","CHADDESDEN","DERBY","","DE21 6LA"
"U60845","WALSALL SOUTH 2 PCN","D2P2L","NHS BLACK COUNTRY ICB - D2P2L","20191001","","19 LICHFIELD STREET","","","WALSALL","","WS1 1UG"
"U60865","TOWER HAMLETS NETWORK 7 PCN","A3A8R","NHS NORTH EAST LONDON ICB - A3A8R","20191001","","NEWBY PLACE HEALTH & WELLBEING CTR","21 NEWBY PLACE","","LONDON","","E14 0EY"
"U60916","CITY - OX3+ PCN","10Q","NHS THAMES VALLEY ICB - 10Q","20191001","","207 LONDON ROAD","HEADINGTON","","OXFORD","","OX3 9JA"
"U60978","GLOSSOP PCN","15M","NHS DERBY AND DERBYSHIRE ICB - 15M","20191001","","DR V JHA","MANOR HOUSE PRACTICE","MANOR STREET","GLOSSOP","","SK13 8PS"
"U61025","BRENT BEACON PCN","W2U3Z","NHS WEST AND NORTH LONDON ICB - W2U3Z","20260101","","124-128 HARROW ROAD","","","WEMBLEY","","HA9 6QQ"
"U61151","MEDWAY RAINHAM PCN","91Q","NHS KENT AND MEDWAY ICB - 91Q","20191001","","119 LONG CATLIS ROAD","PARKWOOD","RAINHAM","GILLINGHAM","","ME8 9RR"
"U61321","BELPER PCN","15M","NHS DERBY AND DERBYSHIRE ICB - 15M","20191001","","RIVERSDALE SURGERY","57-59 BRIDGE STREET","","BELPER","","DE56 1AY"
"U61347","NORTH WILTS BORDER PCN","92G","NHS BATH AND NORTH EAST SOMERSET, SWINDON AND WILTSHIRE ICB - 92G","20191001","","NEW COURT SURGERY","BOROUGH FIELDS","ROYAL WOOTTON BASSETT","SWINDON","","SN4 7AX"
"U61505","HOLT PARK PCN","15F","NHS WEST YORKSHIRE ICB - 15F","20191001","","IRELAND WOOD & HORSFORTH MED PRAC","IVESON APPROACH","","LEEDS","","LS16 6FR"
"U61868","WASHINGTON PCN","00P","NHS NORTH EAST AND NORTH CUMBRIA ICB - 00P","20191001","","VICTORIA ROAD HEALTH CENTRE","VICTORIA ROAD","CONCORD","WASHINGTON","","NE37 2PU"
"U61963","WANDLE PCN","36L","NHS SOUTH WEST LONDON ICB - 36L","20191001","","WANDSWORTH MEDICAL CENTRE","90-92 GARRATT LANE","WANDSWORTH","LONDON","","SW18 4DD"
"U62043","COASTAL (KERNOW) PCN","11N","NHS CORNWALL AND THE ISLES OF SCILLY ICB - 11N","20191001","","THE SURGERY","BISSOE ROAD","CARNON DOWNS","TRURO","","TR3 6JD"
"U62122","EQUALITY PCN","M1J4Y","NHS CENTRAL EAST ICB - M1J4Y","20220401","","9 BLENHEIM CRESCENT","","","LUTON","","LU3 1HA"
"U62148","SOUTH EAST TELFORD PCN","M2L0M","NHS SHROPSHIRE, TELFORD AND WREKIN ICB - M2L0M","20210401","","COURT STREET","MADELEY","","TELFORD","","TF7 5EE"
"U62213","RUGBY PCN","B2M3M","NHS COVENTRY AND WARWICKSHIRE ICB - B2M3M","20191001","","CLIFTON ROAD SURGERY","26 CLIFTON ROAD","","RUGBY","","CV21 3QF"
"U62251","BANBURY ALLIANCE PCN","10Q","NHS THAMES VALLEY ICB - 10Q","20200601","","HIGHTOWN GARDENS","","","BANBURY","","OX16 9DB"
"U62360","SOUTH FULHAM PCN","W2U3Z","NHS WEST AND NORTH LONDON ICB - W2U3Z","20191001","","ASHVILLE SURGERY","SWAN HOUSE","PARSONS GREEN LANE, FULHAM","LONDON","","SW6 4HS"
"U62384","HULL MODALITY PARTNERSHIP PCN","03F","NHS HUMBER AND NORTH YORKSHIRE ICB - 03F","20191001","","ALEXANDRA ROAD HEALTH CARE","61 ALEXANDRA ROAD","","HULL","","HU5 2NT"
"U62485","NORTH NORFOLK 3 PCN","26A","NHS NORFOLK AND SUFFOLK ICB - 26A","20191001","","C/O NNPC","FIRST FLOOR ALKMAAR HOUSE","6 ALKMAAR WAY","NORWICH","","NR6 6BF"
"U62501","NEW READING PCN","15A","NHS THAMES VALLEY ICB - 15A","20220701","","73 LONDON ROAD","","","READING","","RG1 5BS"
"U62545","EAST KENNET PCN","92G","NHS BATH AND NORTH EAST SOMERSET, SWINDON AND WILTSHIRE ICB - 92G","20191001","","GEORGE LANE","","","MARLBOROUGH","","SN8 4BY"
"U62614","K AND C SOUTH PCN","W2U3Z","NHS WEST AND NORTH LONDON ICB - W2U3Z","20191001","","7 KYNANCE PLACE","","","LONDON","","SW7 4QS"
"U62853","TOWNSHIPS 1 PCN","03N","NHS SOUTH YORKSHIRE ICB - 03N","20191001","","MOSBOROUGH MEDICAL CENTRE","34 QUEEN STREET","MOSBOROUGH","SHEFFIELD","","S20 5BQ"
"U62975","SOUTH WORCS DROITWITCH & OMBERSLEY PCN","18C","NHS HEREFORDSHIRE AND WORCESTERSHIRE ICB - 18C","20191001","","DROTWICH MEDICAL CENTRE","OMBERSLEY STREET EAST","","DROITWICH","","WR9 8RD"
"U62999","WEST TWICKENHAM PCN","36L","NHS SOUTH WEST LONDON ICB - 36L","20191001","20240930","THE ACORN GROUP PRACTICE","29-35 HOLLY ROAD","","TWICKENHAM","","TW1 4EA"
"U63047","WEST ENFIELD COLLABORATIVE PCN","93C","NHS WEST AND NORTH LONDON ICB - 93C","20191001","","808 GREEN LANES","WINCHMORE HILL","","LONDON","","N21 2SA"
"U63072","ST IVES PCN","06H","NHS CENTRAL EAST ICB - 06H","20191001","","GROVE MEDICAL PRACTICE","CROMWELL PLACE","","ST. IVES","","PE27 5JD"
"U63129","BULWELL AND TOP VALLEY PCN","52R","NHS NOTTINGHAM AND NOTTINGHAMSHIRE ICB - 52R","20191001","","NCGPA PCN 1","NHS UPPER PARLIAMENT STREET","79A UPPER PARLIAMENT STREET","NOTTINGHAM","","NG1 6LD"
"U63186","CAVERSHAM PCN","15A","NHS THAMES VALLEY ICB - 15A","20191001","","4 ST. BARNABAS ROAD","EMMER GREEN","","READING","","RG4 8RA"
"U63233","HAMBLE VALLEY HEALTH PCN","D9Y0V","NHS HAMPSHIRE AND ISLE OF WIGHT ICB - D9Y0V","20191001","","BLACKTHORN HEALTH CENTRE","SATCHELL LANE","HAMBLE","SOUTHAMPTON","","SO31 4NQ"
"U63258","DERBYSHIRE DALES PCN","15M","NHS DERBY AND DERBYSHIRE ICB - 15M","20191001","","NORTH DERBYSHIRE GP PROV CO LTD","8 IMPERIAL ROAD","","MATLOCK","","DE4 3NL"
"U63386","THE SWAN NETWORK PCN","14Y","NHS THAMES VALLEY ICB - 14Y","20210401","","26 HIGH STREET","","","BUCKINGHAM","","MK18 1NU"
"U63454","WYRE RURAL EXTENDED NEIGHBOURHOOD (WREN) PCN","02M","NHS LANCASHIRE AND SOUTH CUMBRIA ICB - 02M","20191001","20250331","GARSTANG MEDICAL CENTRE","KEPPLE LANE","GARSTANG","PRESTON","","PR3 1PB"
"U63540","BATLEY BIRSTALL PCN","X2C4Y","NHS WEST YORKSHIRE ICB - X2C4Y","20191001","","SIDINGS HEALTHCARE CENTRE","THE SIDINGS","","DEWSBURY","","WF12 9QU"
"U63565","TWNS PCN","11M","NHS GLOUCESTERSHIRE ICB - 11M","20191001","","1ST FLOOR MYTHE MEDICAL PRACTICE","THE DEVEREUX CENTRE","BARTON ROAD","TEWKESBURY","","GL20 5GJ"
"U63770","BATH INDEPENDENTS PCN","92G","NHS BATH AND NORTH EAST SOMERSET, SWINDON AND WILTSHIRE ICB - 92G","20191001","","COALPIT ROAD","BATHEASTON","","BATH","","BA1 7NP"
"U63843","PIER HEALTH PCN","15C","NHS BRISTOL, NORTH SOMERSET AND SOUTH GLOUCESTERSHIRE ICB - 15C","20191001","","168 LOCKING ROAD","","","WESTON-SUPER-MARE","","BS23 3HQ"
"U63844","BYTES PCN","16C","NHS NORTH EAST AND NORTH CUMBRIA ICB - 16C","20191001","","THORNABY HEALTH CENTRE","TRENCHARD AVENUE","THORNABY","STOCKTON-ON-TEES","","TS17 0EE"
"U63948","WATERMEAD PCN","04V","NHS LEICESTER, LEICESTERSHIRE AND RUTLAND ICB - 04V","20191001","","CHARNWOOD GP NETWORK","ROSEBERY MEDICAL CENTRE","ROSEBERY STREET","LOUGHBOROUGH","","LE11 5DX"
"U64003","NEWPORT AND CENTRAL PCN","M2L0M","NHS SHROPSHIRE, TELFORD AND WREKIN ICB - M2L0M","20191001","","LINDEN HALL SURGERY","STATION ROAD","","NEWPORT","","TF10 7EN"
"U64053","ISLES OF SCILLY & SOUTH KERRIER PCN","11N","NHS CORNWALL AND THE ISLES OF SCILLY ICB - 11N","20191001","","MULLION HEALTH CENTRE","NANSMELLYON ROAD","MULLION","HELSTON","","TR12 7DQ"
"U64148","LICHFIELD PCN","05Q","NHS STAFFORDSHIRE AND STOKE-ON-TRENT ICB - 05Q","20191001","","LICHFIELD ROAD","","","BURNTWOOD","","WS7 0AQ"
"U64165","TITAN PCN","M1J4Y","NHS CENTRAL EAST ICB - M1J4Y","20191001","","60 WHEATFIELD ROAD","","","LUTON","","LU4 0SY"
"U64175","CYGNET EAST RIDING PCN","02Y","NHS HUMBER AND NORTH YORKSHIRE ICB - 02Y","20191001","","GOOLE HEALTH CENTRE","WOODLAND AVENUE","","GOOLE","","DN14 6RU"
"U64232","B-CONNECTED CARE PCN","D9Y0V","NHS HAMPSHIRE AND ISLE OF WIGHT ICB - D9Y0V","20191001","20220930","CROWN HEIGHTS","ALENCON LINK","","BASINGSTOKE","","RG21 7AP"
"U64356","EAST MK PCN","M1J4Y","NHS CENTRAL EAST ICB - M1J4Y","20191001","","CENTRAL MILTON KEYNES MED CENTRE","68 BRADWELL COMMON BOULEVARD","BRADWELL COMMON","MILTON KEYNES","","MK13 8RN"
"U64426","BELGRAVE & SPINNEY HILL PCN","04C","NHS LEICESTER, LEICESTERSHIRE AND RUTLAND ICB - 04C","20191001","","143 ST SAVIOURS ROAD","","","LEICESTER","","LE5 3HX"
"U64436","BLACKPOOL SOUTH CENTRAL PCN","00R","NHS LANCASHIRE AND SOUTH CUMBRIA ICB - 00R","20230401","","118-120 BLOOMFIELD ROAD","","","BLACKPOOL","","FY1 6JW"
"U64487","ROCHDALE NORTH PCN","01D","NHS GREATER MANCHESTER ICB - 01D","20191001","","THE DAWES FAMILY PRACTICE","83 SPOTLAND ROAD","","ROCHDALE","","OL12 6RX"
"U64531","TEMPLER CARE NETWORK PCN","15N","NHS DEVON ICB - 15N","20191001","","BUCKLAND SURGERY","1 RALEIGH ROAD","BUCKLAND","NEWTON ABBOT","","TQ12 4HG"
"U64595","HULME MOSS SIDE & RUSHOLME PCN","14L","NHS GREATER MANCHESTER ICB - 14L","20191001","20210731","CORNBROOK MEDICAL PRACTICE","204 CITY ROAD","","MANCHESTER","","M15 4EA"
"U64597","STOCKPORT EAST AND SOUTH PCN","01W","NHS GREATER MANCHESTER ICB - 01W","20191001","","BEECH HOUSE","BEECH AVENUE","HAZEL GROVE","STOCKPORT","","SK7 4QR"
"U64639","NORTH LIVERPOOL PCN","99A","NHS CHESHIRE AND MERSEYSIDE ICB - 99A","20200401","","GREY ROAD SURGERY","BREEZE HILL NEIGHBOURHOOD HC","3 RICE LANE","LIVERPOOL","","L9 1AD"
"U64705","THE DEBEN HEALTH GROUP PCN","06L","NHS NORFOLK AND SUFFOLK ICB - 06L","20191001","","WICKHAM MARKET MEDICAL CENTRE","CHAPEL LANE","WICKHAM MARKET","WOODBRIDGE","","IP13 0SB"
"U64748","NORTH BOURNEMOUTH PCN","11J","NHS DORSET ICB - 11J","20191001","","KINSON ROAD MEDICAL CENTRE","440 KINSON ROAD","KINSON","BOURNEMOUTH","","BH10 5EY"
"U64827","HOLDERNESS PCN","02Y","NHS HUMBER AND NORTH YORKSHIRE ICB - 02Y","20191001","","ST NICHOLAS SURGERY","QUEEN STREET","","WITHERNSEA","","HU19 2PZ"
"U64938","PEAK EDGE PCN","03N","NHS SOUTH YORKSHIRE ICB - 03N","20191001","","MEADOWGREEN HEALTH CENTRE","OLD SCHOOL SITE","GREENHILL","SHEFFIELD","","S8 7RL"
"U65039","SUTTON GROUP PRACTICE PCN","15E","NHS BIRMINGHAM AND SOLIHULL ICB - 15E","20191001","","233 TAMWORTH ROAD","","","SUTTON COLDFIELD","","B75 6DX"
"U65044","THE FIVE PARKS PCN","36J","NHS WEST YORKSHIRE ICB - 36J","20191001","","THE RIDGE MEDICAL CENTRE","COUSEN ROAD","GREAT HORTON","BRADFORD","","BD7 3JX"
"U65095","NEWARK PCN","52R","NHS NOTTINGHAM AND NOTTINGHAMSHIRE ICB - 52R","20191001","","PICS MID NOTTS LTD","H4 ASH TREE COURT, MELLORS WAY","NOTTINGHAM BUSINESS PARK","NOTTINGHAM","","NG8 6PY"
"U65132","WALSALL NORTH PCN","D2P2L","NHS BLACK COUNTRY ICB - D2P2L","20191001","","PINFOLD HEALTH CENTRE","FIELD ROAD","BLOXWICH","WALSALL","","WS3 3JP"
"U65207","PHOENIX (BNSSG) PCN","15C","NHS BRISTOL, NORTH SOMERSET AND SOUTH GLOUCESTERSHIRE ICB - 15C","20191001","","GLOUCESTER ROAD MEDICAL CENTRE","1A CHURCH ROAD","HORFIELD","BRISTOL","","BS7 8SA"
"U65316","BOLTON CENTRAL PCN","00T","NHS GREATER MANCHESTER ICB - 00T","20191001","","BOLTON HUB","BOLD STREET","","BOLTON","","BL1 1LS"
"U65398","TILEHURST PCN","15A","NHS THAMES VALLEY ICB - 15A","20191001","20240630","92 WESTWOOD ROAD","TILEHURST","","READING","","RG31 5PP"
"U65434","STOCKWELLBEING PCN","72Q","NHS SOUTH EAST LONDON ICB - 72Q","20191001","","BECKETT HOUSE","GRANTHAM ROAD","","LONDON","","SW9 9DL"
"U65471","WALTHAM FOREST INTEGRATED HEALTH PCN","A3A8R","NHS NORTH EAST LONDON ICB - A3A8R","20191001","","THE ALLUM MEDICAL CENTRE","FAIRLOP ROAD","LEYTONSTONE","LONDON","","E11 1BN"
"U65562","HEREFORDSHIRE HEREFORD CITY HMG PCN","18C","NHS HEREFORDSHIRE AND WORCESTERSHIRE ICB - 18C","20191001","","STATION APPROACH","","","HEREFORD","","HR1 1BB"
"U65582","CHILDWALL & WAVERTREE PCN","99A","NHS CHESHIRE AND MERSEYSIDE ICB - 99A","20191001","","THE VALLEY MEDICAL CENTRE","75 HARTSBOURNE AVENUE","","LIVERPOOL","","L25 1RY"
"U65725","HULL BEVAN LTD PCN","03F","NHS HUMBER AND NORTH YORKSHIRE ICB - 03F","20191001","20220331","BRANSHOLME HEALTH CENTRE","GOODHART ROAD","BRANSHOLME","HULL","","HU7 4DW"
"U65853","WITHINGTON & FALLOWFIELD PCN","14L","NHS GREATER MANCHESTER ICB - 14L","20191001","","C/O SMGPF LTD","BORCHARDT MEDICAL CENTRE","62 WHITCHURCH ROAD","MANCHESTER","","M20 1EB"
"U65941","CAMBRIDGE CITY 4 PCN","06H","NHS CENTRAL EAST ICB - 06H","20191001","","CORNFORD HOUSE SURGERY","364 CHERRY HINTON ROAD","","CAMBRIDGE","","CB1 8BA"
"U65968","SWB I3 PCN","15E","NHS BIRMINGHAM AND SOLIHULL ICB - 15E","20191001","","243 WHEELER STREET","","","BIRMINGHAM","","B19 2ET"
"U66005","SOUTH WORCS PERSHORE & UPTON PCN","18C","NHS HEREFORDSHIRE AND WORCESTERSHIRE ICB - 18C","20191001","","DROTWICH MEDICAL CENTRE","OMBERSLEY STREET EAST","","DROITWICH","","WR9 8RD"
"U66012","YORK MEDICAL GROUP PCN","03Q","NHS HUMBER AND NORTH YORKSHIRE ICB - 03Q","20191001","","ACOMB MEDICAL PRACTICE","199 ACOMB ROAD","ACOMB","YORK","","YO24 4HD"
"U66020","RURAL ALLIANCE PCN","27D","NHS CHESHIRE AND MERSEYSIDE ICB - 27D","20191001","","TATTENHALL VILLAGE SURGERY","RAVENSHOLME LANE","TATTENHALL","CHESTER","","CH3 9RE"
"U66146","BRIERLEY HILL PCN","D2P2L","NHS BLACK COUNTRY ICB - D2P2L","20191001","","VENTURE WAY","","","BRIERLEY HILL","","DY5 1RU"
"U66218","SOUTH HAMBLETON & RYEDALE PCN","42D","NHS HUMBER AND NORTH YORKSHIRE ICB - 42D","20191001","","THE SURGERY","TINLEY GARTH","KIRKBYMOORSIDE","YORK","","YO62 6AR"
"U66269","KEYNSHAM PCN","92G","NHS BATH AND NORTH EAST SOMERSET, SWINDON AND WILTSHIRE ICB - 92G","20191001","","THE CHOCOLATE FACTORY","THE CHOCOLATE QUARTER","VIA TRAVERSUS","BRISTOL","","BS31 2GN"
"U66344","COLCHESTER MEDICAL GROUP PCN","06T","NHS ESSEX ICB - 06T","20191001","","COLCHESTER MEDICAL PRACTICR","78 EAST HILL","","COLCHESTER","","CO1 2QS"
"U66368","NORTH TRAFFORD PCN","02A","NHS GREATER MANCHESTER ICB - 02A","20191001","","THE DELAMERE MEDICAL PRACTICE","DELAMERE AVENUE","STRETFORD","MANCHESTER","","M32 0DF"
"U66484","KINGSWINFORD & WORDSLEY PCN","D2P2L","NHS BLACK COUNTRY ICB - D2P2L","20191001","","SUMMERHILL","","","KINGSWINFORD","","DY6 9JG"
"U66596","AFFINITY (BNSSG) PCN","15C","NHS BRISTOL, NORTH SOMERSET AND SOUTH GLOUCESTERSHIRE ICB - 15C","20191001","","WESTBURY ON TRYM PCC","WESTBURY HILL","WESTBURY ON TRYM","BRISTOL","","BS9 3AA"
"U66620","WALLINGTON PCN","36L","NHS SOUTH WEST LONDON ICB - 36L","20191001","","WALLINGTON FAMILY PRACTICE","JUBILEE HEALTH CENTRE WEST","SHOTFIELD","WALLINGTON","","SM6 0HY"
"U66688","CARLISLE PCN","01H","NHS NORTH EAST AND NORTH CUMBRIA ICB - 01H","20191001","","THE EDEN MEDICAL GROUP","PORT ROAD","","CARLISLE","","CA2 7AJ"
"U66785","TORRIDGE PCN","15N","NHS DEVON ICB - 15N","20191001","","ABBOTSHAM ROAD","","","BIDEFORD","","EX39 3AF"
"U66858","DEWSBURY & THORNHILL PCN","X2C4Y","NHS WEST YORKSHIRE ICB - X2C4Y","20191001","","SIDINGS HEALTHCARE CENTRE","THE SIDINGS","","DEWSBURY","","WF12 9QU"
"U66904","FENLAND PCN","06H","NHS CENTRAL EAST ICB - 06H","20191001","","THE CORNERSTONE PRACTICE","26 ELWYN ROAD","","MARCH","","PE15 9BF"
"U67032","SURREY HEATH PCN","92A","NHS SURREY AND SUSSEX ICB - 92A","20191001","","THETA BUILDING","LYON WAY","FRIMLEY","CAMBERLEY","","GU16 7ER"
"U67045","CARE KENT PCN","91Q","NHS KENT AND MEDWAY ICB - 91Q","20191001","","60 WESTGATE BAY AVENUE","","","WESTGATE-ON-SEA","","CT8 8SN"
"U67110","NORTH BEXLEY PCN","72Q","NHS SOUTH EAST LONDON ICB - 72Q","20191001","","219 ERITH ROAD","","","BEXLEYHEATH","","DA7 6HZ"
"U67133","MAIDSTONE CENTRAL PCN","91Q","NHS KENT AND MEDWAY ICB - 91Q","20191001","","10A NORTHUMBERLAND COURT","NORTHUMBERLAND ROAD","","MAIDSTONE","","ME15 7LN"
"U67149","ST HELENS CENTRAL PCN","01X","NHS CHESHIRE AND MERSEYSIDE ICB - 01X","20191001","","HALL STREET MEDICAL CENTRE","28-30 HALL STREET","","ST. HELENS","","WA10 1DW"
"U67183","NORTHERN PARISHES PCN","02G","NHS LANCASHIRE AND SOUTH CUMBRIA ICB - 02G","20191001","","MATTHEW RYDER CLINIC","20 DINGLE ROAD","UPHOLLAND","SKELMERSDALE","","WN8 0EN"
"U67243","YORK ROAD PCN","15F","NHS WEST YORKSHIRE ICB - 15F","20191001","","SHAFTESBURY MEDICAL CENTRE","1ST FLOOR, EAST LEEDS HEALTH CENTRE","78 OSMONDTHORPE LANE","LEEDS","","LS9 9EF"
"U67303","WORKINGTON PCN","01H","NHS NORTH EAST AND NORTH CUMBRIA ICB - 01H","20191001","","JAMES STREET SURGERY","JAMES STREET","","WORKINGTON","","CA14 2DL"
"U67304","WB PCN","92A","NHS SURREY AND SUSSEX ICB - 92A","20191001","","WEST BYFLEET HEALTH CENTRE","MADEIRA ROAD","","WEST BYFLEET","","KT14 6DH"
"U67475","DASHWOOD PCN","14Y","NHS THAMES VALLEY ICB - 14Y","20191001","","CRESSEX HEALTH CENTRE","HANNOVER HOUSE, CORONATION RD","CRESSEX BUSINESS PARK","HIGH WYCOMBE","","HP12 3PP"
"U67590","RUTLAND HEALTH PCN","03W","NHS LEICESTER, LEICESTERSHIRE AND RUTLAND ICB - 03W","20191001","","NORTH GATE","UPPINGHAM","","OAKHAM","","LE15 9EG"
"U67607","GPS HEALTHCARE PCN","15E","NHS BIRMINGHAM AND SOLIHULL ICB - 15E","20191001","","GPS HEALTHCARE","198 TANWORTH LANE","SHIRLEY","SOLIHULL","","B90 4DD"
"U67660","OLDHAM SOUTH PCN","00Y","NHS GREATER MANCHESTER ICB - 00Y","20191001","","HILLTOP SURGERY","FITTON HILL NEIGHBOURHOOD CENTRE","FIRCROFT ROAD","OLDHAM","","OL8 2QD"
"U67865","NORTH EAST DERBYSHIRE PCN","15M","NHS DERBY AND DERBYSHIRE ICB - 15M","20191001","","SPRINGS HEALTH CENTRE","RECREATION CLOSE","CLOWNE","CHESTERFIELD","","S43 4PL"
"U68127","GRAYS PCN","07G","NHS ESSEX ICB - 07G","20191001","","ODDFELLOWS HEALTH CENTRE","DELL ROAD","","GRAYS","","RM17 5JY"
"U68185","APOLLO WARWICKSHIRE NORTH","B2M3M","NHS COVENTRY AND WARWICKSHIRE ICB - B2M3M","20250401","","27 PARKFIELD ROAD","COLESHILL","","BIRMINGHAM","","B46 3LD"
"U68213","NORTH KERRIER EAST PCN","11N","NHS CORNWALL AND THE ISLES OF SCILLY ICB - 11N","20191001","","VEOR SURGERY","SOUTH TERRACE","","CAMBORNE","","TR14 8SN"
"U68252","SOWE VALLEY PCN","B2M3M","NHS COVENTRY AND WARWICKSHIRE ICB - B2M3M","20191001","","THE FORUM HEALTH CENTRE","1A FARREN ROAD","WYKEN","COVENTRY","","CV2 5EP"
"U68335","YORK CITY PCN","03Q","NHS HUMBER AND NORTH YORKSHIRE ICB - 03Q","20250401","","WOOLPACK HOUSE","THE STONEBOW","","YORK","","YO1 7NP"
"U68450","CALNE PCN","92G","NHS BATH AND NORTH EAST SOMERSET, SWINDON AND WILTSHIRE ICB - 92G","20191001","","NORTHLANDS SURGERY","NORTH STREET","","CALNE","","SN11 0HH"
"U68552","BEACON MEDICAL GROUP PCN","15N","NHS DEVON ICB - 15N","20191001","","PLYMPTON HEALTH CENTRE","MUDGE WAY","PLYMPTON","PLYMOUTH","","PL7 1AD"
"U68649","WATERSIDE HEALTH NETWORK PCN","15N","NHS DEVON ICB - 15N","20191001","","DAMEREL CLOSE","DEVONPORT","","PLYMOUTH","","PL1 4JZ"
"U68696","EARLEY + PCN","15A","NHS THAMES VALLEY ICB - 15A","20191001","","BROOKSIDE SURGERY","BROOKSIDE CLOSE","EARLEY","READING","","RG6 7HG"
"U68943","CHESTER SOUTH PCN","27D","NHS CHESHIRE AND MERSEYSIDE ICB - 27D","20191001","","CITY WALLS MEDICAL CENTRE","ST MARTINS WAY","","CHESTER","","CH1 2NR"
"U68970","TUNBRIDGE WELLS PCN","91Q","NHS KENT AND MEDWAY ICB - 91Q","20191001","","NELLINGTON ROAD","RUSTHALL","","TUNBRIDGE WELLS","","TN4 8UW"
"U69052","SWAN NETWORK WIGAN PCN","02H","NHS GREATER MANCHESTER ICB - 02H","20191001","","CHANDLER HOUSE","WORSLEY MESNES HEALTH CENTRE","POOLSTOCK LANE","WIGAN","","WN3 5HL"
"U69072","SOUTH STOKE WEST PCN","05W","NHS STAFFORDSHIRE AND STOKE-ON-TRENT ICB - 05W","20191001","","HANFORD HEALTH CENTRE","NEW INN LANE","HANFORD","STOKE-ON-TRENT","","ST4 8EX"
"U69252","PARKWOOD PCN","78H","NHS NORTHAMPTONSHIRE ICB - 78H","20191001","","ROWTREE ROAD","","","NORTHAMPTON","","NN4 0NY"
"U69393","WALKDEN & LITTLE HULTON PCN","01G","NHS GREATER MANCHESTER ICB - 01G","20191001","","LITTLE HULTON HEALTH CENTRE","HAYSBROOK AVENUE","WORSLEY","MANCHESTER","","M28 0AY"
"U69520","WALTON PCN","99A","NHS CHESHIRE AND MERSEYSIDE ICB - 99A","20191001","20200331","BREEZE HILL","NEIGHBOURHOOD HC","3 RICE LANE, WALTON","LIVERPOOL","","L9 1AD"
"U69551","THE VALLEYS HEALTH & SOCIAL CARE PCN","X2C4Y","NHS WEST YORKSHIRE ICB - X2C4Y","20191001","","ELMWOOD HEALTH CENTRE","HUDDERSFIELD ROAD","THONGSBRIDGE","HOLMFIRTH","","HD9 3TR"
"U69575","VIADUCT CARE PCN","X2C4Y","NHS WEST YORKSHIRE ICB - X2C4Y","20191001","","FIELDHEAD SURGERY","LEYMOOR ROAD","GOLCAR","HUDDERSFIELD","","HD7 4QQ"
"U69625","MOSELEY, BILLESLEY & YARDLEY WOOD PCN","15E","NHS BIRMINGHAM AND SOLIHULL ICB - 15E","20191001","","7 WAKE GREEN ROAD","","","BIRMINGHAM","","B13 9HD"
"U69695","BURNLEY WEST PCN","01A","NHS LANCASHIRE AND SOUTH CUMBRIA ICB - 01A","20191001","","PADIHAM MEDICAL CENTRE","BURNLEY ROAD","PADIHAM","BURNLEY","","BB12 8BP"
"U69720","COALFIELDS PCN","00P","NHS NORTH EAST AND NORTH CUMBRIA ICB - 00P","20191001","","HETTON GROUP PRACTICE","FRANCIS WAY","HETTON-LE-HOLE","HOUGHTON LE SPRING","","DH5 9EZ"
"U69841","BLACKBURN NORTH PCN","00Q","NHS LANCASHIRE AND SOUTH CUMBRIA ICB - 00Q","20191001","","SUITE 27","BLACKBURN ENTERPRISE CENTRE","FURTHERGATE","BLACKBURN","","BB1 3HQ"
"U69865","PATHFIELDS MEDICAL GROUP PCN","15N","NHS DEVON ICB - 15N","20191001","","CROWNHILL SURGERY","103 CROWNHILL ROAD","","PLYMOUTH","","PL5 3BN"
"U69901","ST AUSTELL HEALTHCARE PCN","11N","NHS CORNWALL AND THE ISLES OF SCILLY ICB - 11N","20191001","","1 WHEAL NORTHEY","1 WHEAL NORTHEY","","ST. AUSTELL","","PL25 3EF"
"U70185","HEART OF BATH PCN","92G","NHS BATH AND NORTH EAST SOMERSET, SWINDON AND WILTSHIRE ICB - 92G","20191001","","45 UPPER OLDFIELD PARK","","","BATH","","BA2 3HT"
"U70212","HARTLEPOOL PCN","16C","NHS NORTH EAST AND NORTH CUMBRIA ICB - 16C","20191001","","ROOM 21","GLOUCESTER HOUSE","CHURCH ROAD","STOCKTON-ON-TEES","","TS18 1TW"
"U70230","LEIGH PCN","02H","NHS GREATER MANCHESTER ICB - 02H","20191001","","BROOKMILL MEDICAL CENTRE","COLLEGE STREET","","LEIGH","","WN7 2RB"
"U70326","WOLVERHAMPTON UNITY WEST PCN","D2P2L","NHS BLACK COUNTRY ICB - D2P2L","20191001","","CASTLECROFT MEDICAL PRACTICE","CASTLECROFT AVENUE","","WOLVERHAMPTON","","WV3 8JN"
"U70497","DERWENTSIDE PCN","84H","NHS NORTH EAST AND NORTH CUMBRIA ICB - 84H","20191001","","QUEENS ROAD SURGERY","83 QUEENS ROAD","","CONSETT","","DH8 0BW"
"U70624","NORTH GOSFORTH PCN","13T","NHS NORTH EAST AND NORTH CUMBRIA ICB - 13T","20191001","","17 OSBORNE ROAD","","","NEWCASTLE UPON TYNE","","NE2 2AH"
"U70739","THAME PCN","10Q","NHS THAMES VALLEY ICB - 10Q","20191001","","MORLAND HOUSE SURGERY","LONDON ROAD","WHEATLEY","OXFORD","","OX33 1YJ"
"U70886","NORTHERN ARC PCN","15C","NHS BRISTOL, NORTH SOMERSET AND SOUTH GLOUCESTERSHIRE ICB - 15C","20191001","","SHIREHAMPTON HEALTH CENTRE","PEMBROKE ROAD","SHIREHAMPTON","BRISTOL","","BS11 9SB"
"U71014","BRUNEL HEALTH GROUP PCN2","92G","NHS BATH AND NORTH EAST SOMERSET, SWINDON AND WILTSHIRE ICB - 92G","20191001","","KINGSWOOD AVENUE","","","SWINDON","","SN3 2RJ"
"U71089","HATFIELD PCN","06K","NHS CENTRAL EAST ICB - 06K","20191001","","POTTERELLS MEDICAL CENTRE","STATION ROAD","NORTH MYMMS","HATFIELD","","AL9 7SN"
"U71206","BROCKLEBANK PCN","36L","NHS SOUTH WEST LONDON ICB - 36L","20191001","","BROCKLEBANK GROUP PRAC","249 GARRATT LANE","WANDSWORTH","LONDON","","SW18 4DU"
"U71550","K2 HEALTHCARE SLEAFORD PCN","71E","NHS LINCOLNSHIRE ICB - 71E","20191001","","47 BOSTON ROAD","","","SLEAFORD","","NG34 7HD"
"U71643","KNOWSLEY CENTRAL AND SOUTH PCN","01J","NHS CHESHIRE AND MERSEYSIDE ICB - 01J","20191001","","SEWELL STREET","","","PRESCOT","","L34 1ND"
"U71716","GRANTHAM AND RURAL PCN","71E","NHS LINCOLNSHIRE ICB - 71E","20191001","","47 BOSTON ROAD","","","SLEAFORD","","NG34 7HD"
"U71739","NEWHAM CENTRAL 1 PCN","A3A8R","NHS NORTH EAST LONDON ICB - A3A8R","20191001","","52 MARKET STREET","","","LONDON","","E6 2RA"
"U71777","CAMBRIDGE CITY PCN","06H","NHS CENTRAL EAST ICB - 06H","20191001","","EAST BARNWELL HEALTH CENTRE","DITTON LANE","","CAMBRIDGE","","CB5 8SP"
"U71839","BETTER HEALTH MCR PCN","14L","NHS GREATER MANCHESTER ICB - 14L","20191001","","ROBERT DARBISHIRE PRACTICE","RUSHOLME HEALTH CENTRE","WALMER STREET, RUSHOLME","MANCHESTER","","M14 5NP"
"U71897","SOUTH BUCKS PCN","14Y","NHS THAMES VALLEY ICB - 14Y","20191001","","THREEWAYS SURGERY","PENNYLETS GREEN","STOKE POGES","SLOUGH","","SL2 4AZ"
"U71931","SOUTH BLABY & LUTTERWORTH PCN","03W","NHS LEICESTER, LEICESTERSHIRE AND RUTLAND ICB - 03W","20191001","","12 VILLERS COURT","BLABY","","LEICESTER","","LE8 4NS"
"U72114","PORTSMOUTH SOUTH COAST PCN","10R","NHS HAMPSHIRE AND ISLE OF WIGHT ICB - 10R","20191001","","THE SURGERY","25 OSBORNE ROAD","","SOUTHSEA","","PO5 3ND"
"U72129","AYLESBURY CENTRAL PCN","14Y","NHS THAMES VALLEY ICB - 14Y","20191001","","MIDSHIRES BUSINESS PARK","SMEATON CLOSE","","AYLESBURY","","HP19 8HL"
"U72156","WEST BASILDON PCN","99E","NHS ESSEX ICB - 99E","20191001","","KINGSWOOD MEDICAL CENTRE","CLAYHILL ROAD","","BASILDON","","SS16 5AD"
"U72231","SURBITON HEALTH CENTRE PCN","36L","NHS SOUTH WEST LONDON ICB - 36L","20191001","","CLAREMONT MEDICAL CENTRE","2A GLENBUCK ROAD","","SURBITON","","KT6 6BS"
"U72309","SHARD END AND KITTS GREEN PCN","15E","NHS BIRMINGHAM AND SOLIHULL ICB - 15E","20191001","","HIGHFIELD HOUSE","88 HIGHFIELD LANE","QUINTON","BIRMINGHAM","","B32 1QX"
"U72457","THE COLTE PARTNERSHIP PCN","06T","NHS ESSEX ICB - 06T","20200401","20260331","7 RECTORY ROAD","ROWHEDGE","","COLCHESTER","","CO5 7HP"
"U72604","RICKMANSWORTH & CHORLEYWOOD PCN","06N","NHS CENTRAL EAST ICB - 06N","20191001","","GADE HOUSE","99B UXBRIDGE ROAD","","RICKMANSWORTH","","WD3 7DJ"
"U72706","GREAT YARMOUTH & NORTHERN VILLAGES PCN","26A","NHS NORFOLK AND SUFFOLK ICB - 26A","20191001","","PARK SURGERY","4 ALEXANDRA ROAD","","GREAT YARMOUTH","","NR30 2HW"
"U72748","A31 GROUP PCN","D9Y0V","NHS HAMPSHIRE AND ISLE OF WIGHT ICB - D9Y0V","20191001","","THE WILSON PRACTICE","ALTON HEALTH CENTRE","ANSTEY ROAD","ALTON","","GU34 2QX"
"U72812","ALFRETON RIPLEY CRICH & HEANOR PCN","15M","NHS DERBY AND DERBYSHIRE ICB - 15M","20191001","","AMBER VALLEY HEALTH LTD","60 ILKSETON ROAD","","HEANOR","","DE75 7DX"
"U72848","DRAKE MEDICAL ALLIANCE PCN","15N","NHS DEVON ICB - 15N","20191001","","NORTH ROAD WEST MEDICAL CENTRE","167 NORTH ROAD WEST","","PLYMOUTH","","PL1 5BZ"
"U72999","4 DONCASTER PCN","02X","NHS SOUTH YORKSHIRE ICB - 02X","20191001","","OAK TREE LODGE","TICKHILL ROAD","BALBY","DONCASTER","","DN4 8QN"
"U73005","SALUTEM PCN","04C","NHS LEICESTER, LEICESTERSHIRE AND RUTLAND ICB - 04C","20191001","","HUMBERSTONE MEDICAL CENTRE","150 WYCOMBE ROAD","","LEICESTER","","LE5 0PR"
"U73009","CANTERBURY NORTH PCN","91Q","NHS KENT AND MEDWAY ICB - 91Q","20191001","","BRIDGE HEALTH CENTRE","PATRIXBOURNE ROAD","BRIDGE","CANTERBURY","","CT4 5BL"
"U73010","SWAN MEDICAL GROUP PCN","D9Y0V","NHS HAMPSHIRE AND ISLE OF WIGHT ICB - D9Y0V","20220401","","SWAN STREET","","","PETERSFIELD","","GU32 3AB"
"U73163","NORTH HAMMERSMITH & FULHAM PCN","W2U3Z","NHS WEST AND NORTH LONDON ICB - W2U3Z","20191001","","PARK VIEW CTR FOR HEALTH & WELLB","CRANSTON COURT","56 BLOEMFONTEIN ROAD","LONDON","","W12 7FG"
"U73212","MID NORFOLK PCN","26A","NHS NORFOLK AND SUFFOLK ICB - 26A","20191001","","BANKSIDE","300 PEACHMAN WAY","BROADLAND BUSINESS PARK","NORWICH","","NR7 0LB"
"U73227","SPINE PCN","U2G6B","NHS THAMES VALLEY ICB - U2G6B","20200101","","59 GRASMERE AVENUE","","","SLOUGH","","SL2 5JE"
"U73296","TIVERTON PCN","15N","NHS DEVON ICB - 15N","20191001","","CLARE HOUSE SURGERY","NEWPORT STREET","","TIVERTON","","EX16 6NJ"
"U73458","WANDSWORTH PCN","36L","NHS SOUTH WEST LONDON ICB - 36L","20191001","","50 CHATFIELD ROAD","","","LONDON","","SW11 3UJ"
"U73478","PRESTWICH PCN","00V","NHS GREATER MANCHESTER ICB - 00V","20191001","","EUROPA HOUSE","BARCROFT STREET","","BURY","","BL9 5BT"
"U73923","WALSALL EAST 2 PCN","D2P2L","NHS BLACK COUNTRY ICB - D2P2L","20191001","","NORTHGATE PRACTICE","ANCHOR MEADOW HEALTH CENTRE","ANCHOR MEADOW, ALDRIDGE","WALSALL","","WS9 8AJ"
"U73966","HALO PCN","06N","NHS CENTRAL EAST ICB - 06N","20191001","","THE LODGE SURGERY","NORMANDY ROAD","","ST. ALBANS","","AL3 5NP"
"U74074","SOUND PCN","15N","NHS DEVON ICB - 15N","20191001","","BUDSHEAD MEDICAL PRACTICE","433 BUDSHEAD ROAD","WHITLEIGH","PLYMOUTH","","PL5 4DU"
"U74229","FLEETWOOD PCN","02M","NHS LANCASHIRE AND SOUTH CUMBRIA ICB - 02M","20191001","","FLEETWOOD HEALTH & WELLBEING CENTRE","DOCK STREET","","FLEETWOOD","","FY7 6HP"
"U74266","LMN PCN","91Q","NHS KENT AND MEDWAY ICB - 91Q","20191001","","KENT HOUSE SURGERY","36 STATION ROAD","","LONGFIELD","","DA3 7QD"
"U74544","BOSWORTH PCN","04V","NHS LEICESTER, LEICESTERSHIRE AND RUTLAND ICB - 04V","20191001","","WILLOW VIEW","FIELDS FARM BUSINESS CENTRE","HINCKLEY ROAD","LEICESTER","","LE9 4LH"
"U74554","MMP CENTRAL AND NORTH PCN","15E","NHS BIRMINGHAM AND SOLIHULL ICB - 15E","20191001","","MMP EATON WOOD MEDICAL CENTRE","1128 TYBURN ROAD","ERDINGTON","BIRMINGHAM","","B24 0SY"
"U74798","CROYDON GP SUPER NETWORK PCN","36L","NHS SOUTH WEST LONDON ICB - 36L","20191001","","WOODSIDE HEALTH CENTRE","3 ENMORE ROAD","SOUTH NORWOOD","LONDON","","SE25 5NT"
"U74819","CARITAS MEDICAL PCN","M1J4Y","NHS CENTRAL EAST ICB - M1J4Y","20191001","","QUEENS PARK HEALTH CENTRE","23C CARLISLE ROAD","QUEENS PARK","BEDFORD","","MK40 4HR"
"U75018","DONCASTER SOUTH PCN","02X","NHS SOUTH YORKSHIRE ICB - 02X","20191001","","OAK TREE LODGE","TICKHILL ROAD","BALBY","DONCASTER","","DN4 8QN"
"U75079","NORTH & EAST (IW) PCN","D9Y0V","NHS HAMPSHIRE AND ISLE OF WIGHT ICB - D9Y0V","20191001","","TOWER HOUSE SURGERY","RINK ROAD","","RYDE","","PO33 1LP"
"U75268","BOSTON PCN","71E","NHS LINCOLNSHIRE ICB - 71E","20191001","","GREYFRIARS SURGERY","SOUTH SQUARE","","BOSTON","","PE21 6JU"
"U75274","SHERBORNE AREA PCN","11J","NHS DORSET ICB - 11J","20191001","","THE GROVE MEDICAL CENTRE","WOOTTON GROVE","","SHERBORNE","","DT9 4DL"
"U75375","WANTAGE PCN","10Q","NHS THAMES VALLEY ICB - 10Q","20191001","","CHURCH STREET PRACTICE","MABLY WAY","GROVE","WANTAGE","","OX12 9BN"
"U75382","ALLIANCE PCN","06N","NHS CENTRAL EAST ICB - 06N","20200526","","VALLEY GREEN","","","HEMEL HEMPSTEAD","","HP2 7RJ"
"U75449","OLDHAM EAST PCN","00Y","NHS GREATER MANCHESTER ICB - 00Y","20191001","","SADDLEWORTH MEDICAL PRACTICE","SMITHY LANE","UPPERMILL","OLDHAM","","OL3 6AH"
"U75549","SOUTH PETERBOROUGH PCN","06H","NHS CENTRAL EAST ICB - 06H","20191001","","YAXLEY GRP PRAC","HEALTH CENTRE, LANDSDOWNE ROAD","YAXLEY","PETERBOROUGH","","PE7 3JL"
"U75847","BRACKNELL AND DISTRICT PCN","U2G6B","NHS THAMES VALLEY ICB - U2G6B","20191001","","SUITE 4","THE LIGHTBOX","WILLOUGHBY ROAD","BRACKNELL","","RG12 8FB"
"U76010","WESTMINSTER LIVING WELL PCN","W2U3Z","NHS WEST AND NORTH LONDON ICB - W2U3Z","20260101","","BUSH HOUSE","300 THE STRAND","","LONDON","","WC2B 4PJ"
"U76028","BIRTLEY AND CENTRAL GATESHEAD PCN","13T","NHS NORTH EAST AND NORTH CUMBRIA ICB - 13T","20191001","","BIRTLEY MEDICAL GROUP","DURHAM ROAD","BIRTLEY","CHESTER LE STREET","","DH3 2QT"
"U76032","PENWITH PCN","11N","NHS CORNWALL AND THE ISLES OF SCILLY ICB - 11N","20191001","","MARAZION SURGERY","GWALLON LANE","","MARAZION","","TR17 0HW"
"U76122","STRATFORD PCN","A3A8R","NHS NORTH EAST LONDON ICB - A3A8R","20191001","","50C ROMFORD ROAD","STRATFORD","","LONDON","","E15 4BZ"
"U76226","CLACTON GP ALLIANCE PCN","06T","NHS ESSEX ICB - 06T","20191001","20200331","32 CROSSWAYS","JAYWICK","","CLACTON ON SEA","","CO15 2NB"
"U76315","LS25/LS26 PCN","15F","NHS WEST YORKSHIRE ICB - 15F","20191001","","GARFORTH MEDICAL PRACTICE","CHURCH LANE","GARFORTH","LEEDS","","LS25 1HB"
"U76349","ACCLAIM NHS PCN","03F","NHS HUMBER AND NORTH YORKSHIRE ICB - 03F","20230401","","147-153 CHANTERLANDS AVENUE","","","HULL","","HU5 3TJ"
"U76383","WISHH PCN","36J","NHS WEST YORKSHIRE ICB - 36J","20191001","","IDLE MEDICAL CENTRE","440 HIGHFIELD ROAD","IDLE","BRADFORD","","BD10 8RU"
"U76419","WASHWOOD HEATH PCN","15E","NHS BIRMINGHAM AND SOLIHULL ICB - 15E","20191001","","GREENFIELD MEDICAL PRACTICE","38 HAVELOCK ROAD","SALTLEY","BIRMINGHAM","","B8 1RT"
"U76444","EXETER WEST PCN","15N","NHS DEVON ICB - 15N","20191001","","ST THOMAS HEALTH CENTRE","COWICK STREET","ST THOMAS","EXETER","","EX4 1HJ"
"U76572","COCKERMOUTH & MARYPORT PCN","01H","NHS NORTH EAST AND NORTH CUMBRIA ICB - 01H","20191001","","ALNEBURGH HOUSE","EWANRIGG ROAD","","MARYPORT","","CA15 8EL"
"U76753","HASP PCN - HULL ASSOCIATION OF SIMILAR PRACTICES","03F","NHS HUMBER AND NORTH YORKSHIRE ICB - 03F","20220401","","KINGSTON HEALTH","WHEELER STREET","","HULL","","HU3 5QE"
"U76772","CARILLON PCN","04V","NHS LEICESTER, LEICESTERSHIRE AND RUTLAND ICB - 04V","20191001","","CHARNWOOD GP NETWORK","ROSEBERY MEDICAL CENTRE","ROSEBERY STREET","LOUGHBOROUGH","","LE11 5DX"
"U76778","PENGE PCN","72Q","NHS SOUTH EAST LONDON ICB - 72Q","20191001","","ANERLEY TOWN HALL","ANERLEY ROAD","","LONDON","","SE20 8BD"
"U76801","WHITEFIELD DISTRICT & COMMUNITY PCN","00V","NHS GREATER MANCHESTER ICB - 00V","20191001","","EUROPA HOUSE","BARCROFT STREET","","BURY","","BL9 5BT"
"U76908","GILLINGHAM SOUTH PCN","91Q","NHS KENT AND MEDWAY ICB - 91Q","20191001","","WOODLANDS FAMILY PRACTICE","GILLINGHAM MEDICAL CENTRE","WOODLANDS ROAD","GILLINGHAM","","ME7 2BU"
"U76977","HADWEN QUEDGELEY PCN","11M","NHS GLOUCESTERSHIRE ICB - 11M","20200501","","HADWEN MEDICAL PRACTICE","GLEVUM WAY","ABBEYDALE","GLOUCESTER","","GL4 4BL"
"U77096","CHESTER LE STREET PCN","84H","NHS NORTH EAST AND NORTH CUMBRIA ICB - 84H","20191001","","FRONT STREET","SACRISTON","","DURHAM","","DH7 6JW"
"U77170","BRENT SOUTH KWH PCN","W2U3Z","NHS WEST AND NORTH LONDON ICB - W2U3Z","20191001","","23 KINGS HILL AVENUE","KINGS HILL","","WEST MALLING","","ME19 4UA"
"U77200","NORTH BUCKS PCN","14Y","NHS THAMES VALLEY ICB - 14Y","20191001","","46 STEWKLEY ROAD","WING","","LEIGHTON BUZZARD","","LU7 0NE"
"U77203","NORTH WATFORD PCN","06N","NHS CENTRAL EAST ICB - 06N","20191001","","SHEEPCOT MEDICAL CENTRE","6 CUNNINGHAM WAY","","WATFORD","","WD25 7NL"
"U77315","LEICESTER CENTRAL PCN","04C","NHS LEICESTER, LEICESTERSHIRE AND RUTLAND ICB - 04C","20191001","","SAYEED MEDICAL CENTRE","352-354 EAST PARK ROAD","","LEICESTER","","LE5 5AY"
"U77416","WALSALL EAST 1 PCN","D2P2L","NHS BLACK COUNTRY ICB - D2P2L","20191001","","PARK VIEW CENTRE","CHESTER ROAD NORTH","BROWNHILLS","WALSALL","","WS8 7JB"
"U77447","FIVE ELMS PCN","72Q","NHS SOUTH EAST LONDON ICB - 72Q","20191001","","STOCK HILL MEDICAL CENTRE","STOCK HILL","BIGGIN HILL","WESTERHAM","","TN16 3TJ"
"U77584","DORKING PCN","92A","NHS SURREY AND SUSSEX ICB - 92A","20191001","","THE SURGERY","TANNERS MEADOW","BROCKHAM","BETCHWORTH","","RH3 7NJ"
"U77811","NORTH MERTON PCN","36L","NHS SOUTH WEST LONDON ICB - 36L","20191001","","COLLIERS WOOD SURGERY","58 HIGH STREET","COLLIERS WOOD","LONDON","","SW19 2BY"
"U78157","BRENT WEST KWH PCN","W2U3Z","NHS WEST AND NORTH LONDON ICB - W2U3Z","20191001","","23 KINGS HILL AVENUE","KINGS HILL","","WEST MALLING","","ME19 4UA"
"U78164","WESTBURY & WARMINSTER PCN","92G","NHS BATH AND NORTH EAST SOMERSET, SWINDON AND WILTSHIRE ICB - 92G","20191001","","WHITE HORSE HEALTH CENTRE","MANE WAY","LEIGH PARK","WESTBURY","","BA13 3FQ"
"U78207","CHESTERFIELD AND DRONFIELD PCN","15M","NHS DERBY AND DERBYSHIRE ICB - 15M","20191001","","CHESTERFIELD HEALTH PROVIDER LTD","WHEATBRIDGE ROAD","","CHESTERFIELD","","S40 2AB"
"U78224","NIMBUSCARE LTD YORK PCN","03Q","NHS HUMBER AND NORTH YORKSHIRE ICB - 03Q","20191001","20200531","109 - 119 FRONT STREET","ACOMBE","","YORK","","YO24 3BU"
"U78272","GRAFTON MEDICAL PARTNERS PCN","36L","NHS SOUTH WEST LONDON ICB - 36L","20191001","","TREVELYAN HOUSE","160 TOOTING HIGH STREET","","LONDON","","SW17 0RT"
"U78361","BRADFORD CITY 5 PCN","36J","NHS WEST YORKSHIRE ICB - 36J","20191001","","THE BRADFORD MOOR PRACTICE","BARKEREND HEALTH CENTRE","BARKEREND ROAD","BRADFORD","","BD3 8QH"
"U78369","ALBAN HEALTHCARE PCN","06N","NHS CENTRAL EAST ICB - 06N","20191001","","GRANGE STREET SURGERY","2 GRANGE STREET","","ST. ALBANS","","AL3 5NF"
"U78443","HEYWOOD PCN","01D","NHS GREATER MANCHESTER ICB - 01D","20191001","","HOPWOOD MEDICAL CENTRE","1-3 WALTON STREET,HOPWOOD","","HEYWOOD","","OL10 2BS"
"U78449","MORLEY PCN","15F","NHS WEST YORKSHIRE ICB - 15F","20191001","","THE FOUNTAIN MEDICAL CENTRE","LITTLE FOUNTAIN STREET","MORLEY","LEEDS","","LS27 9EN"
"U78462","BRUNEL HEALTH GROUP PCN1","92G","NHS BATH AND NORTH EAST SOMERSET, SWINDON AND WILTSHIRE ICB - 92G","20191001","","WESTROP SURGERY","NEWBURGH PLACE","HIGHWORTH","SWINDON","","SN6 7DN"
"U78466","MEDWAY CENTRAL PCN","91Q","NHS KENT AND MEDWAY ICB - 91Q","20191001","","EDGEWAY","ST. MARYS ISLAND","","CHATHAM","","ME4 3EP"
"U78490","GORDANO VALLEY PCN","15C","NHS BRISTOL, NORTH SOMERSET AND SOUTH GLOUCESTERSHIRE ICB - 15C","20191001","","LANGFORD SURGERY","PUDDING PIE LANE","LANGFORD","BRISTOL","","BS40 5EL"
"U78517","KENTISH TOWN SOUTH PCN","93C","NHS WEST AND NORTH LONDON ICB - 93C","20191001","","KENTISH TOWN HEALTH CENTRE","2 BARTHOLOMEW ROAD","","LONDON","","NW5 2BX"
"U78528","ASPIRE PCN","52R","NHS NOTTINGHAM AND NOTTINGHAMSHIRE ICB - 52R","20240401","","79A UPPER PARLIAMENT STREET","","","NOTTINGHAM","","NG1 6LD"
"U78575","WANSTEAD AND WOODFORD PCN","A3A8R","NHS NORTH EAST LONDON ICB - A3A8R","20191001","","THE VINTRY","53-63 REDBRIDGE LANE EAST","","ILFORD","","IG4 5EY"
"U78604","CHRISTCHURCH PCN","11J","NHS DORSET ICB - 11J","20191001","","HIGHCLIFFE MEDICAL CENTRE","248 LYMINGTON ROAD","HIGHCLIFFE","CHRISTCHURCH","","BH23 5ET"
"U78610","VALENS PCN","00L","NHS NORTH EAST AND NORTH CUMBRIA ICB - 00L","20191001","20240401","WELLWAY MEDICAL GROUP","THE SURGERY","WELLWAY","MORPETH","","NE61 1BJ"
"U78687","DIDSBURY CHORLTON PARK & BURNAGE PCN","14L","NHS GREATER MANCHESTER ICB - 14L","20191001","","C/O SMGPF LTD","BORCHARDT MEDICAL CENTRE","62 WHITCHURCH ROAD","MANCHESTER","","M20 1EB"
"U78694","WYRE FOREST HEALTH PARTNERSHIP PCN","18C","NHS HEREFORDSHIRE AND WORCESTERSHIRE ICB - 18C","20191001","","BEWDLEY MEDICAL CENTRE","DOG LANE","","BEWDLEY","","DY12 2EF"
"U78708","CHAPELTOWN PCN","15F","NHS WEST YORKSHIRE ICB - 15F","20191001","","ALLERTON MEDICAL CENTRE","6 MONTREAL AVENUE","","LEEDS","","LS7 4LF"
"U79003","NECHELLS, SALTLEY & ALUM ROCK PCN","15E","NHS BIRMINGHAM AND SOLIHULL ICB - 15E","20191001","","WEST HEATH MEDICAL CENTRE","194-196 WEST HEATH ROAD","WEST HEATH","BIRMINGHAM","","B31 3HB"
"U79015","WISBECH PCN","06H","NHS CENTRAL EAST ICB - 06H","20191001","","NORTH BRINK PRACTICE","7 NORTH BRINK","","WISBECH","","PE13 1JU"
"U79019","MINERVA HEALTH GROUP PCN","92G","NHS BATH AND NORTH EAST SOMERSET, SWINDON AND WILTSHIRE ICB - 92G","20191001","","RUSH HILL SURGERY","20 RUSH HILL","","BATH","","BA2 2QH"
"U79049","EAGLE BRIDGE PCN","27D","NHS CHESHIRE AND MERSEYSIDE ICB - 27D","20191001","","SANDISON EASSON & CO","REX BUILDINGS","ALDERLEY ROAD","WILMSLOW","","SK9 1HY"
"U79121","HEALTHIER WEST WIRRAL PCN","12F","NHS CHESHIRE AND MERSEYSIDE ICB - 12F","20191001","","HESWALL CENTRE","HESWALL","","WIRRAL","","CH60 7SG"
"U79163","NORTH LINCOLNSHIRE WEST PCN","03K","NHS HUMBER AND NORTH YORKSHIRE ICB - 03K","20191001","","78 OSWALD ROAD","","","SCUNTHORPE","","DN15 7PG"
"U79246","SELBY TOWN PCN","42D","NHS HUMBER AND NORTH YORKSHIRE ICB - 42D","20191001","","PORTHOLME ROAD","","","SELBY","","YO8 4BL"
"U79310","THE MAST PCN","X2C4Y","NHS WEST YORKSHIRE ICB - X2C4Y","20191001","","5A SHELLEY LANE","KIRKBURTON","","HUDDERSFIELD","","HD8 0SJ"
"U79313","SAPA 5 PCN","03N","NHS SOUTH YORKSHIRE ICB - 03N","20191001","","NORWOOD MEDICAL CENTRE","360 HERRIES AVENUE","","SHEFFIELD","","S5 7HD"
"U79381","QUINTON AND HARBORNE PCN","15E","NHS BIRMINGHAM AND SOLIHULL ICB - 15E","20191001","","HIGHFIELD HOUSE","88 HIGHFIELD LANE","QUINTON","BIRMINGHAM","","B32 1QX"
"U79397","MARMOT PCN","03F","NHS HUMBER AND NORTH YORKSHIRE ICB - 03F","20220401","","BRANSHOLME HEALTH CENTRE","GOODHART ROAD","BRANSHOLME","HULL","","HU7 4DW"
"U79408","WIDNES PCN","01F","NHS CHESHIRE AND MERSEYSIDE ICB - 01F","20191001","","PEEL HOUSE MEDICAL PLAZA","1 PEEL HOUSE LANE","","WIDNES","","WA8 6TN"
"U79433","BIRMINGHAM EAST CENTRAL PCN","15E","NHS BIRMINGHAM AND SOLIHULL ICB - 15E","20191001","","OMNIA PRACTICE","73 YARDLEY GREEN ROAD","BORDESLEY GREEN","BIRMINGHAM","","B9 5PU"
"U79464","DAVENTRY PCN","78H","NHS NORTHAMPTONSHIRE ICB - 78H","20191001","","ABBEY HOUSE SURGERY","GOLDING CLOSE","","DAVENTRY","","NN11 4FE"
"U79523","DONCASTER NORTH WEST PCN","02X","NHS SOUTH YORKSHIRE ICB - 02X","20240401","","BROAD HOUSE","8 REGAN WAY","CHILWELL","NOTTINGHAM","","NG9 6RZ"
"U79533","MERCIAN PCN","05Q","NHS STAFFORDSHIRE AND STOKE-ON-TRENT ICB - 05Q","20191001","","THE MERCIAN GP NETWORK","G4-G5 BELLRINGER ROAD","","STOKE-ON-TRENT","","ST4 8GB"
"U79546","KIRKHAM & WESHAM","02M","NHS LANCASHIRE AND SOUTH CUMBRIA ICB - 02M","20250401","","ASH TREE HOUSE","CHURCH STREET","KIRKHAM","PRESTON","","PR4 2SE"
"U79574","HONITON/OTTERY/SID VALLEY (HOSMS) PCN","15N","NHS DEVON ICB - 15N","20191001","","THE BEACON MEDICAL CENTRE","SEDEMUDA ROAD","","SIDMOUTH","","EX10 9YA"
"U79587","SOUTH SOUTHALL PCN","W2U3Z","NHS WEST AND NORTH LONDON ICB - W2U3Z","20191001","","70A NORWOOD ROAD","","","SOUTHALL","","UB2 4EY"
"U79678","TURTON PCN","00T","NHS GREATER MANCHESTER ICB - 00T","20191001","","EGERTON & DUNSCAR HEALTH CENTRE","DARWEN ROAD","BROMLEY CROSS","BOLTON","","BL7 9RG"
"U79722","SHROPSHIRE RURAL ALLIANCE PCN","M2L0M","NHS SHROPSHIRE, TELFORD AND WREKIN ICB - M2L0M","20240401","","HALL BANK","PONTESBURY","","SHREWSBURY","","SY5 0RF"
"U79723","BRENTWOOD PCN","99E","NHS ESSEX ICB - 99E","20191001","","TILE HOUSE SURGERY","33 SHENFIELD ROAD","","BRENTWOOD","","CM15 8AQ"
"U79764","RURAL ROTHER PCN","97R","NHS SURREY AND SUSSEX ICB - 97R","20191001","","STATION ROAD","","","ROBERTSBRIDGE","","TN32 5DG"
"U79881","TRAFFORD WEST PCN","02A","NHS GREATER MANCHESTER ICB - 02A","20191001","","PARTINGTON HEALTH CENTRE","CENTRAL ROAD","PARTINGTON","MANCHESTER","","M31 4FL"
"U79932","HATTERS HEALTH PCN","M1J4Y","NHS CENTRAL EAST ICB - M1J4Y","20191001","","BUTE HOUSE MEDICAL CENTRE","GROVE ROAD","","LUTON","","LU1 1RW"
"U79938","BREIGHTMET & LITTLE LEVER PCN","00T","NHS GREATER MANCHESTER ICB - 00T","20191001","","BREIGHTMET HEALTH CENTRE","BREIGHTMET FOLD LANE","BRIGHTMET","BOLTON","","BL2 6NT"
"U80019","ENFIELD CARE NETWORK PCN","93C","NHS WEST AND NORTH LONDON ICB - 93C","20191001","","EVERGREEN PCC","1 SMYTHE CLOSE","EDMONTON","LONDON","","N9 0TW"
"U80186","AINTREE PCN","99A","NHS CHESHIRE AND MERSEYSIDE ICB - 99A","20191001","20240331","WESTMORELAND GP CENTRE","UNIVERSITY HOSP AINTREE","FAZAKERLEY","LIVERPOOL","","L9 7AL"
"U80251","LEATHERHEAD PCN","92A","NHS SURREY AND SUSSEX ICB - 92A","20191001","","GPHP LTD","416 GLOBAL HOUSE","","EPSOM","","KT18 5AD"
"U80264","WOKINGHAM SOUTH PCN","15A","NHS THAMES VALLEY ICB - 15A","20191001","","SWALLOWFIELD MEDICAL PRACTICE","THE STREET","SWALLOWFIELD","READING","","RG7 1QY"
"U80335","STEVENAGE SOUTH PCN","06K","NHS CENTRAL EAST ICB - 06K","20191001","","SHEPHALL HEALTH CENTRE","RIDLINS END","","STEVENAGE","","SG2 9QZ"
"U80470","HAMBLETON NORTH PCN","42D","NHS HUMBER AND NORTH YORKSHIRE ICB - 42D","20191001","","THE HEALTH CENTRE","NORTH ROAD","STOKESLEY","MIDDLESBROUGH","","TS9 5DY"
"U80502","FOLKESTONE HYTHE & RURAL PCN","91Q","NHS KENT AND MEDWAY ICB - 91Q","20191001","","OSBORNE HOUSE","5 PORTLAND ROAD","","HYTHE","","CT21 6EG"
"U80633","HILLSBOROUGH PCN","03N","NHS SOUTH YORKSHIRE ICB - 03N","20191001","","DYKES HALL MEDICAL CENTRE","156 DYKES HALL ROAD","","SHEFFIELD","","S6 4GQ"
"U80679","BRAINTREE PCN LTD","06Q","NHS ESSEX ICB - 06Q","20191001","","MOUNT CHAMBERS","92 COGGESHALL ROAD","","BRAINTREE","","CM7 9BY"
"U80710","GREAT WEST ROAD PCN","W2U3Z","NHS WEST AND NORTH LONDON ICB - W2U3Z","20191001","","CROSSLANDS SURGERY","1 CROSSLANDS AVENUE","","SOUTHALL","","UB2 5QY"
"U80758","POOLE CENTRAL PCN","11J","NHS DORSET ICB - 11J","20191001","","THE ADAM PRACTICE","HEATH COTTAGE SURGERY","40 HIGH STREET, LYTCHETT MATRAVERS","POOLE","","BH16 6BG"
"U80779","EAST GRINSTEAD PCN","70F","NHS SURREY AND SUSSEX ICB - 70F","20191001","","THE SHIP STREET SURGERY","FIELD COTTAGE","SHIP STREET","EAST GRINSTEAD","","RH19 4EE"
"U81168","YEADON PCN","15F","NHS WEST YORKSHIRE ICB - 15F","20191001","","AIRE VALLEY SURGERY","SUFFOLK COURT","SILVER LANE","LEEDS","","LS19 7JN"
"U81184","WEST CAMDEN PCN","93C","NHS WEST AND NORTH LONDON ICB - 93C","20191001","","19 SOLENT ROAD","","","LONDON","","NW6 1TP"
"U81217","BRETTON PARK & HAMPTON PCN","06H","NHS CENTRAL EAST ICB - 06H","20220401","","UNIT 6B","SERPENTINE GREEN SHOPPING CENTRE","THE SERPENTINE","PETERBOROUGH","","PE7 8DR"
"U81307","SOUTH SOMERSET EAST - RPN PCN","11X","NHS SOMERSET ICB - 11X","20191001","","MILLBROOK SURGERY","MILLBROOK GARDENS","","CASTLE CARY","","BA7 7EE"
"U81324","ACTON PCN","W2U3Z","NHS WEST AND NORTH LONDON ICB - W2U3Z","20191001","","337 UXBRIDGE ROAD","","","LONDON","","W3 9RA"
"U81398","HITCHIN AND WHITWELL PCN","06K","NHS CENTRAL EAST ICB - 06K","20191001","","114 QUEEN STREET","","","HITCHIN","","SG4 9TH"
"U81405","ROSSENDALE EAST PCN","01A","NHS LANCASHIRE AND SOUTH CUMBRIA ICB - 01A","20191001","","THE SURGERY","7-9 MANCHESTER ROAD","HASLINGDEN","ROSSENDALE","","BB4 5SL"
"U81415","UPPER CALDER VALLEY PCN","02T","NHS WEST YORKSHIRE ICB - 02T","20191001","","ELSIE WHITELEY INNOVATION CENTRE","HOPWOOD LANE","","HALIFAX","","HX1 5ER"
"U81483","WHITBY COAST & MOORS PCN","42D","NHS HUMBER AND NORTH YORKSHIRE ICB - 42D","20191001","","WHITBY GROUP PRACTICE","SPRING VALE MEDICAL CENTRE","RIEVAULX ROAD","WHITBY","","YO21 1SD"
"U81818","NEWCASTLE NORTH PCN LIMITED","05G","NHS STAFFORDSHIRE AND STOKE-ON-TRENT ICB - 05G","20191001","","KIDSGROVE MEDICAL CENTRE","MOUNT ROAD","KIDSGROVE","STOKE-ON-TRENT","","ST7 4AY"
"U81825","NORTH EASINGTON PCN","84H","NHS NORTH EAST AND NORTH CUMBRIA ICB - 84H","20191001","","THE SURGERY","ASHMORE TERRACE","WHEATLEY HILL","DURHAM","","DH6 3NP"
"U81930","BRIDGWATER PCN","11X","NHS SOMERSET ICB - 11X","20191001","","VICTORIA PARK MEDICAL CTR","VICTORIA PARK DRIVE","","BRIDGWATER","","TA6 7AS"
"U81960","ST JOHN'S WOOD & MAIDA VALE PCN","W2U3Z","NHS WEST AND NORTH LONDON ICB - W2U3Z","20191001","","BRAMPTON HOUSE","60 GROVE END ROAD","","LONDON","","NW8 9NH"
"U81986","CROXTETH & NORRIS GREEN PCN","99A","NHS CHESHIRE AND MERSEYSIDE ICB - 99A","20191001","20200331","ELLERGREEN MEDICAL CENTRE","24 CARR LNE, NORRIS GREEN","","LIVERPOOL","","L11 2YA"
"U82047","ICKNIELD PCN","06K","NHS CENTRAL EAST ICB - 06K","20191001","","232-240 NEVELLS ROAD","","","LETCHWORTH GARDEN CITY","","SG6 4UB"
"U82077","BLACKPOOL NORTH PCN","00R","NHS LANCASHIRE AND SOUTH CUMBRIA ICB - 00R","20191001","","MOOR PARK HLTH & LEIS CTR","BRISTOL AVENUE","BISPHAM","BLACKPOOL","","FY2 0JG"
"U82095","HULL MEDICAS PCN","03F","NHS HUMBER AND NORTH YORKSHIRE ICB - 03F","20191001","","MORRILL STREET HEALTH CENTRE","MORRILL STREET","","HULL","","HU9 2LJ"
"U82305","GOSK PCN","15E","NHS BIRMINGHAM AND SOLIHULL ICB - 15E","20191001","","26 ROUGH ROAD","","","BIRMINGHAM","","B44 0UY"
"U82359","ROCHESTER PCN","91Q","NHS KENT AND MEDWAY ICB - 91Q","20191001","20231130","THE THORNDIKE CENTRE","LONGLEY ROAD","","ROCHESTER","","ME1 2TH"
"U82404","CENTRAL MAPLE PCN","14Y","NHS THAMES VALLEY ICB - 14Y","20191001","","POPLAR GROVE PRACTICE","MEADOW WAY","","AYLESBURY","","HP20 1XB"
"U82430","SARUM SOUTH PCN","92G","NHS BATH AND NORTH EAST SOMERSET, SWINDON AND WILTSHIRE ICB - 92G","20191001","20210401","FISHERTON HOUSE","FOUNTAIN WAY","","SALISBURY","","SP2 7FD"
"U82487","WINDSOR PCN","U2G6B","NHS THAMES VALLEY ICB - U2G6B","20191001","","84 OSBORNE ROAD","","","WINDSOR","","SL4 3EW"
"U82499","RETFORD AND VILLAGES PCN","02Q","NHS NOTTINGHAM AND NOTTINGHAMSHIRE ICB - 02Q","20191001","","THE SURGERY","FARADAY AVENUE","TUXFORD","NEWARK","","NG22 0HT"
"U82523","SOUTH HAMS PCN","15N","NHS DEVON ICB - 15N","20191001","","THE DARTMOUTH MEDICAL PRACTICE","THE CLIFTON SURGERY","35 VICTORIA ROAD","DARTMOUTH","","TQ6 9RT"
"U82536","BRADFORD ON AVON & MELKSHAM PCN","92G","NHS BATH AND NORTH EAST SOMERSET, SWINDON AND WILTSHIRE ICB - 92G","20191001","","THE HEALTH CENTRE","STATION APPROACH","","BRADFORD-ON-AVON","","BA15 1DQ"
"U82612","MACCLESFIELD PCN","27D","NHS CHESHIRE AND MERSEYSIDE ICB - 27D","20191001","","WATERS GREEN MEDICAL CENTRE","SUNDERLAND STREET","","MACCLESFIELD","","SK11 6JL"
"U82712","CENTRAL NORTH LEEDS PCN","15F","NHS WEST YORKSHIRE ICB - 15F","20191001","","137 SHADWELL LANE","","","LEEDS","","LS17 8AE"
"U82731","WYRE INTEGRATED NETWORK LTD PCN","02M","NHS LANCASHIRE AND SOUTH CUMBRIA ICB - 02M","20191001","","OLD BANK MEDICAL CENTRE","155 VICTORIA ROAD EAST","","THORNTON-CLEVELEYS","","FY5 5HH"
"U82789","LEAMINGTON PCN","B2M3M","NHS COVENTRY AND WARWICKSHIRE ICB - B2M3M","20191001","","GAINSBOROUGH HALL","18-22 RUSSELL STREET","","LEAMINGTON SPA","","CV32 5QB"
"U82880","FORMBY PCN","01V","NHS CHESHIRE AND MERSEYSIDE ICB - 01V","20191001","20210401","CHAPEL LANE SURGERY","13 CHAPEL LANE","FORMBY","LIVERPOOL","","L37 4DL"
"U83168","HARINGEY - WELBOURNE PCN","93C","NHS WEST AND NORTH LONDON ICB - 93C","20191001","","LAWRENCE HOUSE SURGERY","107 PHILIP LANE","TOTTENHAM","LONDON","","N15 4JR"
"U83270","SWB PIONEERS FOR HEALTH (NORTH) PCN","05L","NHS SANDWELL AND WEST BIRMINGHAM CCG","20191001","20200331","THE SURGERY","2 THE SLIEVE","HANDSWORTH WOOD","BIRMINGHAM","","B20 2NR"
"U83279","HEALTHIER OXFORD CITY NETWORK PCN","10Q","NHS THAMES VALLEY ICB - 10Q","20191001","","SUMMERTOWN HEALTH CENTRE","160 BANBURY ROAD","SUMMERTOWN","OXFORD","","OX2 7BS"
"U83457","CENTRAL CAMDEN PCN","93C","NHS WEST AND NORTH LONDON ICB - 93C","20191001","","BLOOMSBURY SURGERY","1 HANDEL STREET","","LONDON","","WC1N 1PD"
"U83494","STAFFORD SOUTH PCN","05V","NHS STAFFORDSHIRE AND STOKE-ON-TRENT ICB - 05V","20191001","","STAFFORD HEALTH & WELLBEING CENTRE","WHITGREAVE COURT","","STAFFORD","","ST16 3EB"
"U83511","HILLTON PCN","M1J4Y","NHS CENTRAL EAST ICB - M1J4Y","20191001","","HOUGHTON CLOSE SURGERY","1 HOUGHTON CLOSE","AMPTHILL","BEDFORD","","MK45 2TG"
"U83524","GRANTA PCN","06H","NHS CENTRAL EAST ICB - 06H","20191001","","SAWSTON MEDICAL CENTRE","LONDON ROAD","SAWSTON","CAMBRIDGE","","CB22 3HU"
"U83604","BICESTER PCN","10Q","NHS THAMES VALLEY ICB - 10Q","20191001","","COKER CLOSE","","","BICESTER","","OX26 6AT"
"U83990","SALE CENTRAL PCN","02A","NHS GREATER MANCHESTER ICB - 02A","20191001","","63-67 WASHWAY ROAD","","","SALE","","M33 7SS"
"U84081","CANTERBURY SOUTH PCN","91Q","NHS KENT AND MEDWAY ICB - 91Q","20191001","","BRIDGE HEALTH CENTRE","PATRIXBOURNE ROAD","BRIDGE","CANTERBURY","","CT4 5BL"
"U84150","HAMPTON PCN","36L","NHS SOUTH WEST LONDON ICB - 36L","20191001","","71 BROAD LANE","","","HAMPTON","","TW12 3AX"
"U84175","FROME PCN","11X","NHS SOMERSET ICB - 11X","20191001","","FROME MEDICAL CENTRE","ENOS WAY","","FROME","","BA11 2FH"
"U84178","BRISDOC PCN","15C","NHS BRISTOL, NORTH SOMERSET AND SOUTH GLOUCESTERSHIRE ICB - 15C","20251001","","21 OSPREY COURT","HAWKFIELD WAY","HAWKFIELD BUSINESS PARK","BRISTOL","","BS14 0BB"
"U84198","SOUTH DARTMOOR AND TOTNES PCN","15N","NHS DEVON ICB - 15N","20191001","","BUCKFASTLEIGH HEALTH CENTRE","BOSSELL ROAD","","BUCKFASTLEIGH","","TQ11 0DE"
"U84263","STAFFORD TOWN PCN","05V","NHS STAFFORDSHIRE AND STOKE-ON-TRENT ICB - 05V","20191001","","STAFFORD HEALTH & WELLBEING CENTRE","WHITGREAVE COURT","","STAFFORD","","ST16 3EB"
"U84277","AVON VALLEY PCN","D9Y0V","NHS HAMPSHIRE AND ISLE OF WIGHT ICB - D9Y0V","20191001","","THE FORDINGBRIDGE SURGERY","BARTONS ROAD","","FORDINGBRIDGE","","SP6 1RS"
"U84294","BRIDGE VIEW PCN","15C","NHS BRISTOL, NORTH SOMERSET AND SOUTH GLOUCESTERSHIRE ICB - 15C","20191001","","THE SOUTHVILLE SURGERY","67 CORONATION ROAD","SOUTHVILLE","BRISTOL","","BS3 1AS"
"U84379","NORTH HALIFAX PCN","02T","NHS WEST YORKSHIRE ICB - 02T","20191001","","60A KEIGHLEY ROAD","","","HALIFAX","","HX2 8AL"
"U84425","CONNECTHEALTH ALLIANCE PCN","07P","NHS BRENT CCG","20191001","20200930","124 - 128 HARROW ROAD","","","WEMBLEY","","HA9 6QQ"
"U84454","CANVEY PCN","99F","NHS ESSEX ICB - 99F","20191001","","MR RICHARD PATTLE","CANVEY PRIMARY CARE CENTRE","LONG ROAD","CANVEY ISLAND","","SS8 0JA"
"U84465","COLNE VALLEY PCN","06Q","NHS ESSEX ICB - 06Q","20191001","","FRESHWELL HEALTH CENTRE","WETHERSFIELD ROAD","FINCHINGFIELD","BRAINTREE","","CM7 4BQ"
"U84490","WAKEFIELD NORTH PCN","03R","NHS WEST YORKSHIRE ICB - 03R","20191001","","PARK DALE","","","CASTLEFORD","","WF10 2QP"
"U84507","CENTRAL NORWICH NEIGHBOURHOOD PCN","","","20190401","20190402","ROUEN HOUSE","ROUEN ROAD","","NORWICH","","NR1 1RB"
"U84529","REDDITCH & BROMSGROVE & DISTRICT PCN","18C","NHS HEREFORDSHIRE AND WORCESTERSHIRE ICB - 18C","20191001","","B H I PARKSIDE","STOURBRIDGE ROAD","","BROMSGROVE","","B61 0AZ"
"U84537","UNITY MEDICAL GROUP PCN","92G","NHS BATH AND NORTH EAST SOMERSET, SWINDON AND WILTSHIRE ICB - 92G","20191001","","THE PULTENEY PRACTICE","35 GREAT PULTENEY STREET","","BATH","","BA2 4BY"
"U84543","SEACROFT PCN","15F","NHS WEST YORKSHIRE ICB - 15F","20191001","","OAKWOOD LANE MEDICAL PRACTICE","2 AMBERTON TERRACE","","LEEDS","","LS8 3BZ"
"U84550","HEALTHY HORLEY PCN","92A","NHS SURREY AND SUSSEX ICB - 92A","20191001","","99 STATION ROAD","","","REDHILL","","RH1 1EB"
"U84655","BARNET 1D PCN","93C","NHS WEST AND NORTH LONDON ICB - 93C","20191001","","1 WAKEMANS HILL AVENUE","","","LONDON","","NW9 0TA"
"U84846","HEALTHSENSE PCN","W2U3Z","NHS WEST AND NORTH LONDON ICB - W2U3Z","20191001","","ROXBOURNE MEDICAL CENTRE","37 RAYNERS LANE","","HARROW","","HA2 0UE"
"U85008","HOLGATE PCN","16C","NHS NORTH EAST AND NORTH CUMBRIA ICB - 16C","20191001","","378 LINTHORPE ROAD","","","MIDDLESBROUGH","","TS5 6HA"
"U85067","BISHOP AUCKLAND PCN","84H","NHS NORTH EAST AND NORTH CUMBRIA ICB - 84H","20191001","","DURHAM DALES HEALTH FEDERATION","STATION VIEW MEDICAL CENTRE","29A ESCOMB ROAD","BISHOP AUCKLAND","","DL14 6AB"
"U85108","CHORLEY EAST PCN","00X","NHS LANCASHIRE AND SOUTH CUMBRIA ICB - 00X","20191001","20220430","COLLISON AVENUE","","","CHORLEY","","PR7 2PA"
"U85198","ASHFIELD NORTH PCN","52R","NHS NOTTINGHAM AND NOTTINGHAMSHIRE ICB - 52R","20191001","","PICS MID NOTTS LTD","H4 ASH TREE COURT, MELLORS WAY","NOTTINGHAM BUSINESS PARK","NOTTINGHAM","","NG8 6PY"
"U85257","ESTON PCN","16C","NHS NORTH EAST AND NORTH CUMBRIA ICB - 16C","20191001","","NORMANBY MEDICAL CENTRE","LOW GRANGE HEALTH VILLAGE","NORMANBY RD","MIDDLESBROUGH","","TS6 6TD"
"U85348","BEXHILL PCN","97R","NHS SURREY AND SUSSEX ICB - 97R","20191001","","82 COODEN SEA ROAD","LITTLE COMMON","","BEXHILL-ON-SEA","","TN39 4SP"
"U85476","MODALITY (KEIGHLEY) PCN","36J","NHS WEST YORKSHIRE ICB - 36J","20191001","","KILMENY SURGERY","50 ASHBOURNE ROAD","INGROW","KEIGHLEY","","BD21 1LA"
"U85493","PRINCEWAY PCN","27D","NHS CHESHIRE AND MERSEYSIDE ICB - 27D","20191001","","PRINCEWAY HEALTH CENTRE","","","FRODSHAM","","WA6 6RX"
"U85644","TROWBRIDGE PCN","92G","NHS BATH AND NORTH EAST SOMERSET, SWINDON AND WILTSHIRE ICB - 92G","20191001","","TROWBRIDGE HEALTH CENTRE","HAMMERSMITH FIELDS","","TROWBRIDGE","","BA14 8LW"
"U85685","SOUTH STOKE CENTRAL PCN","05W","NHS STAFFORDSHIRE AND STOKE-ON-TRENT ICB - 05W","20191001","","LONGTON HALL SURGERY","186 LONGTON HALL ROAD","","STOKE-ON-TRENT","","ST3 2EJ"
"U85744","PRIMARY CARE NORTH CROYDON PCN","36L","NHS SOUTH WEST LONDON ICB - 36L","20191001","","141 BRIGSTOCK ROAD","","","THORNTON HEATH","","CR7 7JN"
"U85748","CHEETHAM HILL & CRUMPSALL PCN","14L","NHS GREATER MANCHESTER ICB - 14L","20191001","","MOBEEN SHAHBAZ GP PARTNER","COLLEGIATE MEDICAL PRACTICE","407 CHEETHAM HILL ROAD","MANCHESTER","","M8 0DA"
"U85953","PETERBOROUGH & EAST PCN","06H","NHS CENTRAL EAST ICB - 06H","20191001","","TURNERS LANE","WHITTLESEY","","PETERBOROUGH","","PE7 1EJ"
"U85954","H-BLACKLEY HARPURHEY & CHARLESTOWN PCN","14L","NHS GREATER MANCHESTER ICB - 14L","20191001","","51-53 VICTORIA AVENUE","","","MANCHESTER","","M9 6BA"
"U85986","ONE ELLESMERE PORT PCN","27D","NHS CHESHIRE AND MERSEYSIDE ICB - 27D","20191001","","114 CHESTER ROAD","WHITBY","","ELLESMERE PORT","","CH65 6TG"
"U86169","NORTH TANDRIDGE PCN","92A","NHS SURREY AND SUSSEX ICB - 92A","20191001","","99 STATION ROAD","","","REDHILL","","RH1 1EB"
"U86258","SOUTH WEST PCN","M1J4Y","NHS CENTRAL EAST ICB - M1J4Y","20191001","","WESTCROFT HEALTH CENTRE","1 SAVILL LANE","WESTCROFT","MILTON KEYNES","","MK4 4EN"
"U86378","ONEMK PCN","M1J4Y","NHS CENTRAL EAST ICB - M1J4Y","20230901","","BANK TOP FARM","BLACK HILL ROAD","ARTHINGTON","OTLEY","","LS21 1PY"
"U86433","BRACCAN PCN","U2G6B","NHS THAMES VALLEY ICB - U2G6B","20210401","","1 COUNTY LANE","WARFIELD","","BRACKNELL","","RG42 3JP"
"U86579","SWIFT PCN","15C","NHS BRISTOL, NORTH SOMERSET AND SOUTH GLOUCESTERSHIRE ICB - 15C","20191001","","THE CREST FAMILY PRACTICE","WILLIAM BUDD HEALTH CENTRE","KNOWLE WEST HTH PARK, DOWNTON ROAD","BRISTOL","","BS4 1WH"
"U86623","CENTRAL AND NORTH GUILDFORD PCN","92A","NHS SURREY AND SUSSEX ICB - 92A","20191001","","HASLEMERE DISTRICT HOSPITAL","CHURCH LANE","","HASLEMERE","","GU27 2BJ"
"U86774","WATERSIDE PCN","D9Y0V","NHS HAMPSHIRE AND ISLE OF WIGHT ICB - D9Y0V","20191001","","THE WATERSIDE HEALTH CENTRE","BEAULIEU ROAD","HYTHE","SOUTHAMPTON","","SO45 5WX"
"U86881","WALSALL SOUTH 1 PCN","D2P2L","NHS BLACK COUNTRY ICB - D2P2L","20191001","","LITTLE LONDON SURGERY","LITTLE LONDON","CALDMORE","WALSALL","","WS1 3EP"
"U86948","WF NETWORK OF INDEPENDENT PRACTICES PCN","18C","NHS HEREFORDSHIRE AND WORCESTERSHIRE ICB - 18C","20191001","","NORTHUMBERLAND HOUSE SURGERY","HUME STREET MEDICAL CENTRE","HUME STREET","KIDDERMINSTER","","DY11 6SF"
"U86966","BARKING & DAGENHAM EAST PCN","A3A8R","NHS NORTH EAST LONDON ICB - A3A8R","20191001","","2 HALBUTT STREET","","","DAGENHAM","","RM9 5AS"
"U87168","SOUTH ISLINGTON PCN","93C","NHS WEST AND NORTH LONDON ICB - 93C","20191001","","ISLINGTON GP GROUP LTD","16-18 THE STUDIOS","8 HORNSEY STREET","LONDON","","N7 8EG"
"U87170","NEWCASTLE OUTER WEST PCN","13T","NHS NORTH EAST AND NORTH CUMBRIA ICB - 13T","20191001","","THROCKLEY PRIMARY CARE CENTRE","TILLMOUTH PARK ROAD","","NEWCASTLE UPON TYNE","","NE15 9PA"
"U87177","ROTHER VALLEY SOUTH PCN","03L","NHS SOUTH YORKSHIRE ICB - 03L","20191001","","DINNINGTON GROUP PRACTICE","NEW STREET","DINNINGTON","SHEFFIELD","","S25 2EZ"
"U87199","TOWER HAMLETS NETWORK 5 PCN","A3A8R","NHS NORTH EAST LONDON ICB - A3A8R","20191001","","THE TREDEGAR PRACTICE","35 ST STEPHENS ROAD","","LONDON","","E3 5JD"
"U87221","EAST HANTS PCN","D9Y0V","NHS HAMPSHIRE AND ISLE OF WIGHT ICB - D9Y0V","20191001","","THE CAUSEWAY","","","PETERSFIELD","","GU31 4JR"
"U87255","SHELTON & HANLEY PCN","05W","NHS STAFFORDSHIRE AND STOKE-ON-TRENT ICB - 05W","20191001","","SHELTON PRIMARY CARE CENTRE","NORFOLK STREET","SHELTON","STOKE-ON-TRENT","","ST1 4PB"
"U87298","NORTHOLT PCN","W2U3Z","NHS WEST AND NORTH LONDON ICB - W2U3Z","20191001","","JUBILEE GARDENS","","","SOUTHALL","","UB1 2TJ"
"U87332","CITY CARE ALLIANCE PCN","04C","NHS LEICESTER, LEICESTERSHIRE AND RUTLAND ICB - 04C","20191001","","THE PRACTICE-RUSHEY MEAD","8 LOCKERBIE WALK","","LEICESTER","","LE4 7ZX"
"U87442","MID KENT PCN","91Q","NHS KENT AND MEDWAY ICB - 91Q","20191001","","NEW HAYESBANK SURGERY","CEMETERY LANE","KENNINGTON","ASHFORD","","TN24 9JZ"
"U87478","LANCING AND SOMPTING PCN","70F","NHS SURREY AND SUSSEX ICB - 70F","20191001","","BALL TREE SURGERY","WESTERN RD NORTH","SOMPTING","LANCING","","BN15 9UX"
"U87499","G3 PCN","03W","NHS LEICESTER, LEICESTERSHIRE AND RUTLAND ICB - 03W","20220401","","9 GROBY ROAD","","","LEICESTER","","LE3 9ED"
"U87508","HODDESDON & BROXBOURNE PCN","06K","NHS CENTRAL EAST ICB - 06K","20191001","","HAILEY VIEW SURGERY","39 CHRISTIAN CLOSE","","HODDESDON","","EN11 9FF"
"U87524","ORPINGTON PCN","72Q","NHS SOUTH EAST LONDON ICB - 72Q","20191001","","21 HIGH STREET","GREEN STREET GREEN","","ORPINGTON","","BR6 6BG"
"U87666","APOLLO PCN","03H","NHS HUMBER AND NORTH YORKSHIRE ICB - 03H","20220401","","ST. HUGHS AVENUE","","","CLEETHORPES","","DN35 8EB"
"U87755","TORQUAY PCN","15N","NHS DEVON ICB - 15N","20191001","","SOUTHOVER MEDICAL PRACTICE","BRONSHILL ROAD","","TORQUAY","","TQ1 3HD"
"U87769","AFFINITY CARE PCN","36J","NHS WEST YORKSHIRE ICB - 36J","20191001","","SHIPLEY MEDICAL PRACTICE","ALEXANDRA ROAD","SHIPLEY","SHIPLEY","","BD18 3EG"
"U87776","WALTHAM FOREST LEYTON COLLABORATIVE PCN","A3A8R","NHS NORTH EAST LONDON ICB - A3A8R","20191001","","THE MANOR PRACTICE","454 LEA BRIDGE ROAD","LEYTON","LONDON","","E10 7DY"
"U87787","CARSHALTON PCN","36L","NHS SOUTH WEST LONDON ICB - 36L","20191001","","GREEN WRYTHE SURGERY","411A GREEN WRYTHE LANE","","CARSHALTON","","SM5 1JL"
"U87882","LEA VALLEY HEALTH PCN","06K","NHS CENTRAL EAST ICB - 06K","20191001","","13-15 HIGH STREET","CHESHUNT","","WALTHAM CROSS","","EN8 0BX"
"U87914","BRIXHAM AND PAIGNTON PCN","15N","NHS DEVON ICB - 15N","20191001","","MAYFIELD MEDICAL CENTRE","37 TOTNES ROAD","","PAIGNTON","","TQ4 5LA"
"U87927","NORTH SOUTHPORT PCN","01V","NHS CHESHIRE AND MERSEYSIDE ICB - 01V","20191001","20200531","ROE LANE SURGERY","172 ROE LANE","","SOUTHPORT","","PR9 7PN"
"U87975","TORENTUM PCN","00R","NHS LANCASHIRE AND SOUTH CUMBRIA ICB - 00R","20200401","","THORNTON MEDICAL CENTRE","CHURCH ROAD","","THORNTON-CLEVELEYS","","FY5 2TZ"
"U87998","CHELMSFORD WEST PCN","06Q","NHS ESSEX ICB - 06Q","20191001","","TENNYSON HOUSE SURGERY","20 MERLIN PLACE","","CHELMSFORD","","CM1 4HW"
"U88126","NEW MALDEN & WORCESTER PARK PCN","36L","NHS SOUTH WEST LONDON ICB - 36L","20191001","","HOLMWOOD CORNER SURGERY","134 MALDEN ROAD","","NEW MALDEN","","KT3 6DR"
"U88179","FABB (FISHPONDS, AIR BALLOON & BEECHWOOD) PCN","15C","NHS BRISTOL, NORTH SOMERSET AND SOUTH GLOUCESTERSHIRE ICB - 15C","20191001","","FISHPONDS HEALTH CENTRE","BEECHWOOD ROAD","FISHPONDS","BRISTOL","","BS16 3TD"
"U88190","PERSHORE PCN","15E","NHS BIRMINGHAM AND SOLIHULL ICB - 15E","20191001","","WEST HEATH MEDICAL CENTRE","194-196 WEST HEATH ROAD","WEST HEATH","BIRMINGHAM","","B31 3HB"
"U88254","CAM MEDICAL PCN","06H","NHS CENTRAL EAST ICB - 06H","20191001","","56 TRUMPINGTON STREET","","","CAMBRIDGE","","CB2 1RG"
"U88279","CHANDLER'S FORD PCN","D9Y0V","NHS HAMPSHIRE AND ISLE OF WIGHT ICB - D9Y0V","20191001","","THE FRYERN SURGERY","OAKMOUNT ROAD","CHANDLERS FORD","EASTLEIGH","","SO53 2LH"
"U88280","RAVEN PCN","03L","NHS SOUTH YORKSHIRE ICB - 03L","20191001","","STAG MEDICAL CENTRE","162 WICKERSLEY ROAD","","ROTHERHAM","","S60 4JW"
"U88348","DARWEN PCN","00Q","NHS LANCASHIRE AND SOUTH CUMBRIA ICB - 00Q","20191001","","SUITE 27","BLACKBURN ENTERPRISE CENTRE","FURTHERGATE","BLACKBURN","","BB1 3HQ"
"U88368","SEDGLEY, COSELEY & GORNAL PCN","D2P2L","NHS BLACK COUNTRY ICB - D2P2L","20191001","","THE SURGERY","8 ALDERWOOD PRECINCT","THE NORTHWAY, SEDGLEY","DUDLEY","","DY3 3QY"
"U88407","EPSOM PCN","92A","NHS SURREY AND SUSSEX ICB - 92A","20191001","","GPHP LTD","416 GLOBAL HOUSE","","EPSOM","","KT18 5AD"
"U88414","CANNOCK VILLAGES PCN","04Y","NHS STAFFORDSHIRE AND STOKE-ON-TRENT ICB - 04Y","20191001","","CANNOCK CHASE CLINICAL ALLIANCE","C/O QUINTON PRAC, GREAT WYRLEY H/C","WARDLES LANE, GREAT WYRLEY","WALSALL","","WS6 6EW"
"U88623","NORTHWICH PCN","27D","NHS CHESHIRE AND MERSEYSIDE ICB - 27D","20191001","","SANDISON EASSON & CO","REX BUILDINGS","ALDERLEY ROAD","WILMSLOW","","SK9 1HY"
"U88724","HARNESS PARKS PCN","07P","NHS BRENT CCG","20191001","20200331","10 KINGFISHER WAY","","BRENTFIELD ROAD","LONDON","","NW10 8TF"
"U88743","PHOENIX HEALTH PCN","14Y","NHS THAMES VALLEY ICB - 14Y","20191001","","UNITY HEALTH","WADES FIELD","STRATTON ROAD","PRINCES RISBOROUGH","","HP27 9AX"
"U88820","CLOCKTOWER PCN","72Q","NHS SOUTH EAST LONDON ICB - 72Q","20191001","","219 ERITH ROAD","","","BEXLEYHEATH","","DA7 6HZ"
"U88890","HULL SYMPHONIE PCN","03F","NHS HUMBER AND NORTH YORKSHIRE ICB - 03F","20191001","","6-10 STORY STREET","","","HULL","","HU1 3SA"
"U89118","SOUTH TYNESIDE SOUTH PCN","00N","NHS NORTH EAST AND NORTH CUMBRIA ICB - 00N","20191001","","S TYNESIDE HEALTH COLLABORATION","C/O STANHOPE PARADE MEDICAL CENTRE","GORDON STREET","SOUTH SHIELDS","","NE33 4JP"
"U89131","EAST ELMBRIDGE PCN","92A","NHS SURREY AND SUSSEX ICB - 92A","20191001","","115 MOLESEY PARK ROAD","","","EAST MOLESEY","","KT8 0JX"
"U89134","CENTRAL THISTLEMOOR & THORPE PCN","06H","NHS CENTRAL EAST ICB - 06H","20191001","","THISTLEMOOR MED CENTRE","6-10 THISTLEMOOR ROAD","","PETERBOROUGH","","PE1 3HP"
"U89141","STOCKTON PCN","16C","NHS NORTH EAST AND NORTH CUMBRIA ICB - 16C","20191001","","ROOM 21","GLOUCESTER HOUSE","CHURCH ROAD","STOCKTON-ON-TEES","","TS18 1TW"
"U89143","SOUTH COASTAL MEDICAL GROUP PCN","11J","NHS DORSET ICB - 11J","20191001","","PROVIDENCE SURGERY","12 WALPOLE ROAD","BOSCOMBE","BOURNEMOUTH","","BH1 4HA"
"U89154","SPRINGFIELD PARK PCN","A3A8R","NHS NORTH EAST LONDON ICB - A3A8R","20191001","","CITY AND HACKNEY GP CONFEDERATION","2ND FLOOR, THE LAWSON PRACTICE","85 NUTTALL STREET","LONDON","","N1 5HZ"
"U89162","FOREST HEATH PCN","07K","NHS NORFOLK AND SUFFOLK ICB - 07K","20191001","","ORCHARD HOUSE SURGERY","FRED ARCHER WAY","","NEWMARKET","","CB8 8NU"
"U89375","BRENT CENTRAL KWH PCN","W2U3Z","NHS WEST AND NORTH LONDON ICB - W2U3Z","20191001","","23 KINGS HILL AVENUE","KINGS HILL","","WEST MALLING","","ME19 4UA"
"U89419","MODALITY WOKINGHAM PCN","15A","NHS THAMES VALLEY ICB - 15A","20191001","","WOKINGHAM MEDICAL CENTRE","23 ROSE STREET","","WOKINGHAM","","RG40 1XS"
"U89483","WERNETH PCN","01W","NHS GREATER MANCHESTER ICB - 01W","20191001","20220930","INTERNATIONAL HOUSE","PEPPER ROAD","HAZEL GROVE","STOCKPORT","","SK7 5BW"
"U89554","A1 NETWORK PCN","06H","NHS CENTRAL EAST ICB - 06H","20191001","","KIMBOLTON MEDICAL CENTRE","HUNTERS WAY","KIMBOLTON","HUNTINGDON","","PE28 0JF"
"U89699","YORKSHIRE COAST & WOLDS PCN","02Y","NHS HUMBER AND NORTH YORKSHIRE ICB - 02Y","20191001","","THE MEDICAL CENTRE","CRANWELL ROAD","","DRIFFIELD","","YO25 6UH"
"U89762","THE HEALTH TRIANGLE PCN","U2G6B","NHS THAMES VALLEY ICB - U2G6B","20191001","","SKIMPED HILL HEALTH CENTRE","SKIMPED HILL LANE","","BRACKNELL","","RG12 1LH"
"U89776","THE BRIDGE PCN","01D","NHS GREATER MANCHESTER ICB - 01D","20191001","","1ST FLOOR","NYE BEVAN HOUSE","MACLURE ROAD","ROCHDALE","","OL11 1DN"
"U89806","SPHERE PCN","W2U3Z","NHS WEST AND NORTH LONDON ICB - W2U3Z","20191001","","1 STREATFIELD ROAD","KENTON","","HARROW","","HA3 9BP"
"U90050","SASSE NETWORK 3 PCN","92A","NHS SURREY AND SUSSEX ICB - 92A","20191001","","STANWELL HLTH & COMM CNTR","HADRIAN WAY","STANWELL","STAINES-UPON-THAMES","","TW19 7HE"
"U90095","WOLSEY PCN","06L","NHS NORFOLK AND SUFFOLK ICB - 06L","20230701","","2 DEBEN ROAD","","","IPSWICH","","IP1 5EN"
"U90174","FARNBOROUGH PCN","D9Y0V","NHS HAMPSHIRE AND ISLE OF WIGHT ICB - D9Y0V","20191001","","ALDERSHOT CENTRE FOR HEALTH","HOSPITAL HILL","","ALDERSHOT","","GU11 1AY"
"U90175","WOKING WISE 3 PCN","92A","NHS SURREY AND SUSSEX ICB - 92A","20191001","","SOUTHVIEW MEDICAL PRACTICE","GUILDFORD ROAD","","WOKING","","GU22 7RR"
"U90236","CITY - EAST OXFORD PCN","10Q","NHS THAMES VALLEY ICB - 10Q","20191001","","1 MANZIL WAY","","","OXFORD","","OX4 1XD"
"U90309","NORTH BEDFORD PCN","M1J4Y","NHS CENTRAL EAST ICB - M1J4Y","20191001","","DE PARYS GROUP","23 DE PARYS AVENUE","","BEDFORD","","MK40 2TX"
"U90349","SHERWOOD PCN","52R","NHS NOTTINGHAM AND NOTTINGHAMSHIRE ICB - 52R","20191001","","PICS MID NOTTS LTD","H4 ASH TREE COURT, MELLORS WAY","NOTTINGHAM BUSINESS PARK","NOTTINGHAM","","NG8 6PY"
"U90453","RICHMOND PCN","36L","NHS SOUTH WEST LONDON ICB - 36L","20191001","","18 PARKSHOT","","","RICHMOND","","TW9 2RG"
"U90610","NORTH WEST IPSWICH PCN","06L","NHS NORFOLK AND SUFFOLK ICB - 06L","20191001","20200531","THE NORWICH ROAD SURGERY","199 NORWICH ROAD","","IPSWICH","","IP1 4BX"
"U90656","SWADLINCOTE PCN","15M","NHS DERBY AND DERBYSHIRE ICB - 15M","20191001","","SWADLINCOTE GP SERVICES","46-48 HIGH STREET","NEWHALL","SWADLINCOTE","","DE11 0HU"
"U90673","KETTS OAK PCN","26A","NHS NORFOLK AND SUFFOLK ICB - 26A","20191001","","INNOVATION CENTRE","THE N R P","COLNEY LANE","NORWICH","","NR4 7GJ"
"U90861","HAYLING ISLAND & EMSWORTH PCN","D9Y0V","NHS HAMPSHIRE AND ISLE OF WIGHT ICB - D9Y0V","20191001","","HAYLING ISLAND HEALTH CENTRE","ELM GROVE","MENGHAM","HAYLING ISLAND","","PO11 9AP"
"U90977","MENDIP VALE PCN","15C","NHS BRISTOL, NORTH SOMERSET AND SOUTH GLOUCESTERSHIRE ICB - 15C","20210401","","PUDDING PIE LANE","LANGFORD","","BRISTOL","","BS40 5EL"
"U91030","HEALTHIER NEIGHBOURHOODS PCN","12F","NHS CHESHIRE AND MERSEYSIDE ICB - 12F","20240801","","CLAUGHTON MEDICAL CENTRE","161 PARK ROAD NORTH","","BIRKENHEAD","","CH41 0DD"
"U91110","NORTH SHIELDS PCN","99C","NHS NORTH EAST AND NORTH CUMBRIA ICB - 99C","20191001","","COLLINGWOOD SURGERY","HAWKEYS LANE","","NORTH SHIELDS","","NE29 0SF"
"U91215","NORTH NORFOLK 2 PCN","26A","NHS NORFOLK AND SUFFOLK ICB - 26A","20191001","","C/O NNPC","FIRST FLOOR ALKMAAR HOUSE","5 ALKMAAR WAY","NORWICH","","NR6 6BF"
"U91254","GATESHEAD CENTRAL SOUTH PCN","13T","NHS NORTH EAST AND NORTH CUMBRIA ICB - 13T","20191001","","BENSHAM FAMILY PRACTICE","SIDNEY GROVE","BENSHAM","GATESHEAD","","NE8 2XB"
"U91268","SOUTH WEST BIRMINGHAM PCN","15E","NHS BIRMINGHAM AND SOLIHULL ICB - 15E","20220601","","481 REDNAL ROAD","","","BIRMINGHAM","","B38 8AX"
"U91286","LEA VALE PCN","M1J4Y","NHS CENTRAL EAST ICB - M1J4Y","20220401","","9 MERSEY PLACE","LIVERPOOL ROAD","","LUTON","","LU1 1HH"
"U91385","SOUTHAMPTON NORTH PCN","D9Y0V","NHS HAMPSHIRE AND ISLE OF WIGHT ICB - D9Y0V","20191001","","UNIVERSITY HEALTH SERVICE","BUILDING 48","UNIVERSITY OF SOUTHAMPTON","SOUTHAMPTON","","SO17 1BJ"
"U91471","INCLUSIVE HEALTH PCN","W2U3Z","NHS WEST AND NORTH LONDON ICB - W2U3Z","20191001","","HALF PENNY STEPS HEALTH CENTRE","427-429 HARROW ROAD","","LONDON","","W10 4RE"
"U91476","GPA1 PCN","03N","NHS SOUTH YORKSHIRE ICB - 03N","20191001","","WHITE HOUSE SURGERY","1 FAIRFAX RISE","","SHEFFIELD","","S2 1SL"
"U91762","STRATFORD CENTRAL PCN","B2M3M","NHS COVENTRY AND WARWICKSHIRE ICB - B2M3M","20191001","","GAINSBOROUGH HALL","18-22 RUSSELL STREET","","LEAMINGTON SPA","","CV32 5QB"
"U91790","HEART OF HARROGATE PCN","42D","NHS HUMBER AND NORTH YORKSHIRE ICB - 42D","20191001","","49-51 LEEDS ROAD","","","HARROGATE","","HG2 8AY"
"U91844","MARGATE PCN","91Q","NHS KENT AND MEDWAY ICB - 91Q","20191001","","THE BETHESDA MEDICAL CENTRE","PALM BAY AVENUE","CLIFTONVILLE","MARGATE","","CT9 3NR"
"U91893","CENTRAL SOUTHPORT PCN","01V","NHS CHESHIRE AND MERSEYSIDE ICB - 01V","20191001","20200531","CHRISTIANA HARTLEY M/PRAC","5 CURZON ROAD","","SOUTHPORT","","PR8 6PL"
"U91913","NORTH DARTMOOR PCN","15N","NHS DEVON ICB - 15N","20191001","","OKEHAMPTON MEDICAL CENTRE","EAST STREET","","OKEHAMPTON","","EX20 1AY"
"U91930","LONG LANE FIRST CARE GROUP PCN","W2U3Z","NHS WEST AND NORTH LONDON ICB - W2U3Z","20191001","","BELMONT HOUSE","148 BELMONT ROAD","","UXBRIDGE","","UB8 1HE"
"U91937","MOORLANDS & RURAL PCN","05G","NHS STAFFORDSHIRE AND STOKE-ON-TRENT ICB - 05G","20191001","","ALLEN STREET CLINIC","ALLEN STREET","CHEADLE","STOKE-ON-TRENT","","ST10 1HJ"
"U91979","BILLERICAY PCN","99E","NHS ESSEX ICB - 99E","20191001","","27 STOCK ROAD","","","BILLERICAY","","CM12 0AH"
"U92034","SOUTH MAIDSTONE PCN","91Q","NHS KENT AND MEDWAY ICB - 91Q","20191001","20221231","ST. SAVIOURS SURGERY","ST. SAVIOURS ROAD","","MAIDSTONE","","ME15 9FL"
"U92096","WEALD PCN","91Q","NHS KENT AND MEDWAY ICB - 91Q","20191001","","ORCHARD END","DOROTHY AVENUE","","CRANBROOK","","TN17 3AY"
"U92100","ATHENA PCN","91Q","NHS KENT AND MEDWAY ICB - 91Q","20221109","","146 HEATH ROAD","COXHEATH","","MAIDSTONE","","ME17 4PL"
"U92125","CONCORD MENDIP PCN","15C","NHS BRISTOL, NORTH SOMERSET AND SOUTH GLOUCESTERSHIRE ICB - 15C","20220401","","THE PARADE","CONISTON ROAD","PATCHWAY","BRISTOL","","BS34 5TF"
"U92128","NORTH KERRIER WEST PCN","11N","NHS CORNWALL AND THE ISLES OF SCILLY ICB - 11N","20191001","","POOL HEALTH CENTRE","STATION ROAD","POOL","REDRUTH","","TR15 3DU"
"U92151","CHEAM AND SOUTH SUTTON PCN","36L","NHS SOUTH WEST LONDON ICB - 36L","20191001","","54 BENHILL AVENUE","","","SUTTON","","SM1 4EB"
"U92223","CARLISLE HEALTHCARE PCN","01H","NHS NORTH EAST AND NORTH CUMBRIA ICB - 01H","20191001","","SPENCER HOUSE","ST PAUL'S SQUARE","","CARLISLE","","CA1 1AE"
"U92384","THE CHALFONTS PCN","14Y","NHS THAMES VALLEY ICB - 14Y","20191001","","THE MISBOURNE SURGERY","CHURCH LANE","CHALFONT ST PETER","GERRARDS CROSS","","SL9 9RR"
"U92455","SWB UNITED HEALTHCARE PCN","05L","NHS SANDWELL AND WEST BIRMINGHAM CCG","20191001","20200331","176 MILCOTE ROAD","SMETHWICK","","WARLEY","","B67 5BP"
"U92558","WICKFORD PCN","99E","NHS ESSEX ICB - 99E","20191001","","MARKET HOUSE","MARKET ROAD","","WICKFORD","","SS12 0AA"
"U92562","NUNEATON & BEDWORTH PCN","B2M3M","NHS COVENTRY AND WARWICKSHIRE ICB - B2M3M","20191001","","MANOR COURT SURGERY","5 MANOR COURT AVENUE","","NUNEATON","","CV11 5HX"
"U92581","ARMLEY PCN","15F","NHS WEST YORKSHIRE ICB - 15F","20191001","","PRIORY VIEW MEDICAL CENTRE","2A GREEN LANE","NEW WORTLEY","LEEDS","","LS12 1HU"
"U92600","MEON HEALTH PCN","D9Y0V","NHS HAMPSHIRE AND ISLE OF WIGHT ICB - D9Y0V","20191001","","THE HIGHLANDS PRACTICE","102 HIGHLANDS ROAD","","FAREHAM","","PO15 6JF"
"U92720","WALTHAM FOREST 8 PCN","A3A8R","NHS NORTH EAST LONDON ICB - A3A8R","20191001","","DR JALEEL ASSID","178 KINGS HEAD HILL","","LONDON","","E4 7NX"
"U92836","CROYDON LINK PCN","36L","NHS SOUTH WEST LONDON ICB - 36L","20191001","","EAST CROYDON MEDICAL CENTRE","59 ADDISCOMBE ROAD","","CROYDON","","CR0 6SD"
"U92874","BARKING & DAGENHAM CENTRAL PCN","A3A8R","NHS NORTH EAST LONDON ICB - A3A8R","20191001","","10 BENNETTS CASTLE LANE","","","DAGENHAM","","RM8 3XU"
"U92975","PRESTON NORTH & EAST PCN","01E","NHS LANCASHIRE AND SOUTH CUMBRIA ICB - 01E","20191001","","ISSA MEDICAL CENTRE","73 ST GREGORY ROAD","DEEPDALE","PRESTON","","PR1 6YA"
"U93045","WALTHAM FOREST WALTHAMSTOW CENTRAL PCN","A3A8R","NHS NORTH EAST LONDON ICB - A3A8R","20191001","","THE FIRS","26 STEPHENSON ROAD","","LONDON","","E17 7JT"
"U93148","CHIPPENHAM, CORSHAM & BOX PCN","92G","NHS BATH AND NORTH EAST SOMERSET, SWINDON AND WILTSHIRE ICB - 92G","20191001","","HATHAWAY MEDICAL CENTRE","MIDDLEFIELD ROAD","","CHIPPENHAM","","SN14 6GT"
"U93165","NORTH SOLIHULL PCN","15E","NHS BIRMINGHAM AND SOLIHULL ICB - 15E","20210401","","2 HAWTHORNE ROAD","CASTLE BROMWICH","","BIRMINGHAM","","B36 0HH"
"U93462","CONCORDE NEL PCN","03H","NHS HUMBER AND NORTH YORKSHIRE ICB - 03H","20191001","20200331","CLEETHORPES PCC","ST HUGHS AVENUE","","CLEETHORPES","","DN35 8EB"
"U93499","UNITY (GREENWICH) PCN","72Q","NHS SOUTH EAST LONDON ICB - 72Q","20191001","","PLUMSTEAD HEALTH CENTRE","TEWSON ROAD","PLUMSTEAD","LONDON","","SE18 1BH"
"U93573","THE BRIDGE MK PCN","M1J4Y","NHS CENTRAL EAST ICB - M1J4Y","20191001","","NEWPORT PAGNELL MEDICAL CENTRE","QUEENS AVENUE","","NEWPORT PAGNELL","","MK16 8QT"
"U93726","SOUTH LINCOLN PCN","71E","NHS LINCOLNSHIRE ICB - 71E","20191001","","CHURCH WALK SURGERY","DRURY STREET","METHERINGHAM","LINCOLN","","LN4 3EZ"
"U93827","NETWORK NORTH PCN","03N","NHS SOUTH YORKSHIRE ICB - 03N","20191001","","ECCLESFIELD HEALTH CENTRE","96A MILL ROAD","ECCLESFIELD","SHEFFIELD","","S35 9XQ"
"U93843","PANACEA PCN","03H","NHS HUMBER AND NORTH YORKSHIRE ICB - 03H","20200401","","STIRLING MEDICAL CENTRE","STIRLING STREET","","GRIMSBY","","DN31 3AE"
"U93998","ABOUT BETTER CARE (ABC) PCN","05G","NHS STAFFORDSHIRE AND STOKE-ON-TRENT ICB - 05G","20191001","","LOOMER ROAD","CHESTERTON","","NEWCASTLE","","ST5 7JS"
"U94009","ST HELENS SOUTH PCN","01X","NHS CHESHIRE AND MERSEYSIDE ICB - 01X","20191001","","529 WARRINGTON ROAD","RAINHILL","","PRESCOT","","L35 4LP"
"U94037","ST HELENS NORTH PCN","01X","NHS CHESHIRE AND MERSEYSIDE ICB - 01X","20191001","","GARSWOOD SURGERY","BILLINGE ROAD","ASHTON-IN-MAKERFIELD","WIGAN","","WN4 0XD"
"U94126","VALENTINE HEALTH PCN","72Q","NHS SOUTH EAST LONDON ICB - 72Q","20240101","","25-27 JOHN WILSON STREET","WOOLWICH","","LONDON","","SE18 6PZ"
"U94184","EAST WAVERLEY PCN","92A","NHS SURREY AND SUSSEX ICB - 92A","20191001","","HASLEMERE DISTRICT HOSPITAL","CHURCH LANE","","HASLEMERE","","GU27 2BJ"
"U94317","BEDWORTH AND BULKINGTON PCN","B2M3M","NHS COVENTRY AND WARWICKSHIRE ICB - B2M3M","20191001","20220331","BEDWORTH HEALTH CENTRE","HIGH STREET","","BEDWORTH","","CV12 8NQ"
"U94342","RADFORD AND MARY POTTER PCN","52R","NHS NOTTINGHAM AND NOTTINGHAMSHIRE ICB - 52R","20191001","","NCGPA PCN 4","79A UPPER PARLIAMENT STREET","","NOTTINGHAM","","NG1 6LD"
"U94373","WYTHENSHAWE PCN","14L","NHS GREATER MANCHESTER ICB - 14L","20191001","","SMGPF LTD","BORCHARDT MEDICAL CENTRE","62 WHITCHURCH ROAD","MANCHESTER","","M20 1EB"
"U94399","SKEGNESS AND COAST PCN","71E","NHS LINCOLNSHIRE ICB - 71E","20191001","20200531","MARISCO MEDICAL PRACTICE","STANLEY AVENUE","","MABLETHORPE","","LN12 1DP"
"U94460","BILLINGHAM & NORTON PCN","16C","NHS NORTH EAST AND NORTH CUMBRIA ICB - 16C","20191001","","ROOM 21","GLOUCESTER HOUSE","CHURCH ROAD","STOCKTON-ON-TEES","","TS18 1TW"
"U94471","HARNESS NORTH PCN","07P","NHS BRENT CCG","20191001","20200331","10 KINGFISHER WAY","","BRENTFIELD ROAD","LONDON","","NW10 8TF"
"U94503","LEASIDE NETWORK PCN","A3A8R","NHS NORTH EAST LONDON ICB - A3A8R","20191001","20210630","LIBERTY BRIDGE ROAD PRACTICE","40 LIBERTY BRIDGE ROAD","EAST VILLAGE","LONDON","","E20 1AS"
"U94664","MIDDLETON AND HUNSLET PCN","15F","NHS WEST YORKSHIRE ICB - 15F","20191001","","LINGWELL CROFT SURGERY","16 SHELLDRAKE DRIVE","","LEEDS","","LS10 3NB"
"U94681","NORTH NORFOLK 1 PCN","26A","NHS NORFOLK AND SUFFOLK ICB - 26A","20191001","","FAKENHAM MEDICAL PRACTICE","MEDITRINA HOUSE","TRINITY ROAD","FAKENHAM","","NR21 8SY"
"U94747","NEWHAM NORTH WEST 2 PCN","A3A8R","NHS NORTH EAST LONDON ICB - A3A8R","20191001","","121-123 THE GROVE","STRATFORD","","LONDON","","E15 1EN"
"U94879","COPELAND HAVEN PCN","01H","NHS NORTH EAST AND NORTH CUMBRIA ICB - 01H","20241001","","66 MAIN STREET","","","EGREMONT","","CA22 2DB"
"U94996","HAILSHAM PCN","97R","NHS SURREY AND SUSSEX ICB - 97R","20191001","","HAILSHAM MEDICAL GROUP","VICARAGE LANE","","HAILSHAM","","BN27 1BH"
"U95154","THE EALING NETWORK PCN","W2U3Z","NHS WEST AND NORTH LONDON ICB - W2U3Z","20191001","","78 MATTOCK LANE","","","LONDON","","W13 9NZ"
"U95193","NORTH TYNESIDE NORTH WEST PCN","99C","NHS NORTH EAST AND NORTH CUMBRIA ICB - 99C","20191001","","THE OXFORD CENTRE","WEST FARM AVENUE","","NEWCASTLE UPON TYNE","","NE12 8LT"
"U95344","ALTRINCHAM HEALTHCARE ALLIANCE PCN","02A","NHS GREATER MANCHESTER ICB - 02A","20191001","","WEST TIMPERLEY MEDICAL CENTRE","21 DAWSON ROAD","BROADHEATH","ALTRINCHAM","","WA14 5PF"
"U95499","FOSSEWAY PCN","04V","NHS LEICESTER, LEICESTERSHIRE AND RUTLAND ICB - 04V","20191001","","WILLOW VIEW","FIELDS FARM BUSINESS CENTRE","HINCKLEY ROAD","LEICESTER","","LE9 4LH"
"U95574","HUNTINGDON PCN","06H","NHS CENTRAL EAST ICB - 06H","20191001","","PRIORY FIELDS SURGERY","NURSERY ROAD","","HUNTINGDON","","PE29 3RL"
"U95654","NORTH OXFORDSHIRE RURAL ALLIANCE (NORA) PCN","10Q","NHS THAMES VALLEY ICB - 10Q","20191001","","RUSSELL WAY","","","CHIPPING NORTON","","OX7 5FA"
"U95672","WINCHESTER CITY PCN","D9Y0V","NHS HAMPSHIRE AND ISLE OF WIGHT ICB - D9Y0V","20191001","","THE FRIARSGATE PRACTICE","STOCKBRIDGE ROAD","WEEKE","WINCHESTER","","SO22 6EL"
"U95792","NORTH EAST IPSWICH PCN","06L","NHS NORFOLK AND SUFFOLK ICB - 06L","20191001","","30 WOODBRIDGE ROAD EAST","","","IPSWICH","","IP4 5PB"
"U95892","SLC MEDICAL GROUP PCN","03H","NHS HUMBER AND NORTH YORKSHIRE ICB - 03H","20220401","","SCARTHO MEDICAL CENTRE","SPRINGFIELD ROAD","","GRIMSBY","","DN33 3JF"
"U96077","TASC PCN","15N","NHS DEVON ICB - 15N","20191001","","AXMINSTER MEDICAL PRACTICE","ST THOMAS COURT","CHURCH STREET","AXMINSTER","","EX13 5AG"
"U96099","HENLEY SONNET PCN","10Q","NHS THAMES VALLEY ICB - 10Q","20191001","","SONNING COMMON HEALTH CENTRE","39 WOOD LANE","SONNING COMMON","READING","","RG4 9SW"
"U96127","NORTH WIGAN PCN","02H","NHS GREATER MANCHESTER ICB - 02H","20191001","","BEECH HILL MEDICAL PRACTICE","278 GIDLOW LANE","BEECH HILL","WIGAN","","WN6 7PD"
"U96137","MID SUFFOLK PCN","06L","NHS NORFOLK AND SUFFOLK ICB - 06L","20191001","20200531","20 LOW ROAD","DEBENHAM","","STOWMARKET","","IP14 6QU"
"U96190","MARLOW MEDICAL GROUP PCN","14Y","NHS THAMES VALLEY ICB - 14Y","20260901","","VICTORIA ROAD","","","MARLOW","","SL7 1DN"
"U96198","REDDITCH & BROMSGROVE KINGFISHER PCN","18C","NHS HEREFORDSHIRE AND WORCESTERSHIRE ICB - 18C","20191001","","MAPLE VIEW MEDICAL PRACTICE","CHURCH HILL CENTRE","TANHOUSE LANE","REDDITCH","","B98 9AA"
"U96202","WEAR VALLEY PCN","84H","NHS NORTH EAST AND NORTH CUMBRIA ICB - 84H","20191001","","DURHAM DALES HEALTH FEDERATION","STATION VIEW MEDICAL CENTRE","29A ESCOMB ROAD","BISHOP AUCKLAND","","DL14 6AB"
"U96282","LSMP AND THE LIGHT PCN","15F","NHS WEST YORKSHIRE ICB - 15F","20191001","","LEEDS STUDENT MEDICAL PRACTICE","4 BLENHEIM COURT","BLENHEIM WALK","LEEDS","","LS2 9AE"
"U96386","HORSHAM COLLABORATIVE PCN","70F","NHS SURREY AND SUSSEX ICB - 70F","20191001","","THE COURTYARD SURGERY","56 LONDON ROAD","","HORSHAM","","RH12 1AT"
"U96425","COBHAM AND OXSHOTT PCN","92A","NHS SURREY AND SUSSEX ICB - 92A","20240401","","148-154 KINGSTON ROAD","","","LEATHERHEAD","","KT22 7PZ"
"U96434","EAST TWICKENHAM PCN","36L","NHS SOUTH WEST LONDON ICB - 36L","20191001","","CROSS DEEP SURG & MED CTR","4 CROSS DEEP","","TWICKENHAM","","TW1 4QP"
"U96568","NORTHAMPTONSHIRE RURAL PCN","78H","NHS NORTHAMPTONSHIRE ICB - 78H","20191001","","BYFIELD MEDICAL CENTRE","CHURCH STREET","BYFIELD","DAVENTRY","","NN11 6XN"
"U96599","HARINGEY - NORTH EAST PCN","93C","NHS WEST AND NORTH LONDON ICB - 93C","20191001","","THE SURGERY","205 WESTBURY AVENUE","WOOD GREEN","LONDON","","N22 6RX"
"U96653","HYNDBURN CENTRAL PCN","01A","NHS LANCASHIRE AND SOUTH CUMBRIA ICB - 01A","20191001","","ACORN PRIMARY CARE CENTRE","421 BLACKBURN ROAD","","ACCRINGTON","","BB5 1RT"
"U96870","CENTRAL & WEST WARRINGTON PCN","02E","NHS CHESHIRE AND MERSEYSIDE ICB - 02E","20191001","","CAUSEWAY MEDICAL CENTRE","166-170 WILDERSPOOL CAUSEWAY","","WARRINGTON","","WA4 6QA"
"U97051","HERTS FIVE PCN","06N","NHS CENTRAL EAST ICB - 06N","20191001","","THE GROVE MEDICAL CENTRE","BOREHAMWOOD SHOPPING PARK","","BOREHAMWOOD","","WD6 4PR"
"U97058","CROSBY & MAGHULL PARTNERSHIP PCN","01T","NHS CHESHIRE AND MERSEYSIDE ICB - 01T","20191001","20220331","BLUNDELLSANDS SURGERY","1 WARREN ROAD","BLUNDELLSANDS","LIVERPOOL","","L23 6TZ"
"U97101","NORTH LINCOLNSHIRE NORTH PCN","03K","NHS HUMBER AND NORTH YORKSHIRE ICB - 03K","20200701","","KING STREET","","","BARTON-UPON-HUMBER","","DN18 5ER"
"U97340","SOUTHAMPTON BITTERNE PCN","D9Y0V","NHS HAMPSHIRE AND ISLE OF WIGHT ICB - D9Y0V","20191001","","BITTERNE SURGERY","62 WEST END ROAD","BITTERNE","SOUTHAMPTON","","SO18 6TG"
"U97460","SS9 NORTH PCN","99G","NHS ESSEX ICB - 99G","20250401","","333-335 EASTWOOD ROAD NORTH","","","LEIGH-ON-SEA","","SS9 4LT"
"U97504","CANNOCK SOUTH PCN","04Y","NHS STAFFORDSHIRE AND STOKE-ON-TRENT ICB - 04Y","20191001","20200531","CANNOCK CHASE CLINICAL ALLIANCE C/O QUINTON PRACTICE","GREAT WYRLEY HEALTH CENTRE","WARDLES LANE","GREAT WYRLEY","","WS6 6EW"
"U97645","BLACKPOOL CENTRAL PCN","00R","NHS LANCASHIRE AND SOUTH CUMBRIA ICB - 00R","20191001","","NEWTON DRIVE HEALTH CTR","NEWTON DRIVE","","BLACKPOOL","","FY3 8NX"
"U97650","PRIME WANDSWORTH PCN","36L","NHS SOUTH WEST LONDON ICB - 36L","20191001","","HEATHBRIDGE MED PRACTICE","125 UPPER RICHMOND ROAD","PUTNEY","LONDON","","SW15 2TL"
"U97651","THE ARC HUB PCN","78H","NHS NORTHAMPTONSHIRE ICB - 78H","20191001","","DELAPRE MEDICAL CENTRE","GLOUCESTER AVENUE","","NORTHAMPTON","","NN4 8QF"
"U97695","SOUTH WORCESTERSHIRE MALVERN TOWN PCN","18C","NHS HEREFORDSHIRE AND WORCESTERSHIRE ICB - 18C","20191001","","DROITWICH MEDICAL CENTRE","OMBERSLEY STREET EAST","","DROITWICH","","WR9 8RD"
"U97785","RIVER & WOLDS EAST RIDING PCN","02Y","NHS HUMBER AND NORTH YORKSHIRE ICB - 02Y","20191001","","THE RIDINGS MEDICAL GROUP","67 FERRY ROAD","SOUTH CAVE","BROUGH","","HU15 2JG"
"U97801","CHORLEY ROADS NETWORK PCN","00T","NHS GREATER MANCHESTER ICB - 00T","20191001","","BOLTON HUB","BOLD STREET","","BOLTON","","BL1 1LS"
"U97806","SS9 SOUTH PCN","99G","NHS ESSEX ICB - 99G","20250401","","918 LONDON ROAD","","","LEIGH-ON-SEA","","SS9 3NG"
"U97855","HAWTHORN AND MERCHISTON PCN","92G","NHS BATH AND NORTH EAST SOMERSET, SWINDON AND WILTSHIRE ICB - 92G","20240401","","MERCHISTON SURGERY","HIGHWORTH ROAD","","SWINDON","","SN3 4BF"
"U98004","FELTHAM AND BEDFONT PCN","W2U3Z","NHS WEST AND NORTH LONDON ICB - W2U3Z","20191001","","LITTLE PARK SURGERY","281 HOUNSLOW ROAD","HANWORTH","FELTHAM","","TW13 5JG"
"U98116","CAMROSE, GILLIES & HACKWOOD PARTNERSHIP PCN","D9Y0V","NHS HAMPSHIRE AND ISLE OF WIGHT ICB - D9Y0V","20191001","","GILLIES HEALTH CENTRE","SULLIVAN RD","BRIGHTON HILL PARADE","BASINGSTOKE","","RG22 4EH"
"U98152","CHOC (CONGLETON & HOLMES CHAPEL) PCN","27D","NHS CHESHIRE AND MERSEYSIDE ICB - 27D","20191001","","WATERS GREEN MEDICAL CENTRE","SUNDERLAND STREET","","MACCLESFIELD","","SK11 6JL"
"U98167","FOSS (FIRECLAY & OLD SCHOOL SURGERY) PCN","15C","NHS BRISTOL, NORTH SOMERSET AND SOUTH GLOUCESTERSHIRE ICB - 15C","20191001","","THE OLD SCHOOL SURGERY","MANOR ROAD","FISHPONDS","BRISTOL","","BS16 2JD"
"U98291","SWB TOGETHER4HEALTHCARE PCN","D2P2L","NHS BLACK COUNTRY ICB - D2P2L","20191001","","LYNG CENTRE FOR HEALTH","FRANK FISHER WAY","","WEST BROMWICH","","B70 7AW"
"U98318","MOWBRAY SQUARE PCN","42D","NHS HUMBER AND NORTH YORKSHIRE ICB - 42D","20191001","","49-51 LEEDS ROAD","","","HARROGATE","","HG2 8AY"
"U98408","WEST CENTRAL MANCHESTER PCN","14L","NHS GREATER MANCHESTER ICB - 14L","20191001","","ASHVILLE SURGERY","171 UPPER CHORLTON ROAD","WHALLEY RANGE","MANCHESTER","","M16 9RT"
"U98432","CREWE - GHR PCN","27D","NHS CHESHIRE AND MERSEYSIDE ICB - 27D","20191001","","GROSVENOR STREET","","","CREWE","","CW1 3HB"
"U98513","FIVE LANE ENDS PCN","36J","NHS WEST YORKSHIRE ICB - 36J","20191001","","MOORSIDE SURGERY","370 DUDLEY HILL ROAD","","BRADFORD","","BD2 3AA"
"U98530","STANFORD-LE-HOPE PCN","07G","NHS ESSEX ICB - 07G","20191001","","HASSENGATE MEDICAL CENTRE","SOUTHEND ROAD","","STANFORD-LE-HOPE","","SS17 0PH"
"U98548","THE TRIANGLE PCN","15A","NHS THAMES VALLEY ICB - 15A","20191001","","THE TILEHURST SURGERY","TYLERS PLACE","TILEHURST","READING","","RG30 6BW"
"U98580","HAYES WICK PCN","72Q","NHS SOUTH EAST LONDON ICB - 72Q","20191001","","STATION ROAD SURGERY","74 STATION ROAD","","WEST WICKHAM","","BR4 0PU"
"U98623","BRAMLEY, WORTLEY & MIDDLETON PCN","15F","NHS WEST YORKSHIRE ICB - 15F","20191001","","WORTLEY BECK HEALTH CENTRE","RING ROAD","","LEEDS","","LS12 5SG"
"U98785","BURY ST EDMUNDS PCN","07K","NHS NORFOLK AND SUFFOLK ICB - 07K","20191001","","THE SWAN SURGERY","NORTHGATE STREET","","BURY ST. EDMUNDS","","IP33 1AE"
"U98974","SOUTH & WEST HEREFORDSHIRE PCN","18C","NHS HEREFORDSHIRE AND WORCESTERSHIRE ICB - 18C","20191001","","SUIT 1","BERROWS BUSINESS CENTRE","BATH STREET","HEREFORD","","HR1 2HE"
"U98994","SCARBOROUGH CORE PCN","42D","NHS HUMBER AND NORTH YORKSHIRE ICB - 42D","20191001","","PROSPECT ROAD SURGERY","174 PROSPECT ROAD","","SCARBOROUGH","","YO12 7LB"
"U99055","WENTWORTH 1 PCN","03L","NHS SOUTH YORKSHIRE ICB - 03L","20191001","","MAGNA GROUP PRACTICE","SAVILLE STREET","DALTON","ROTHERHAM","","S65 3HD"
"U99194","BIRKENHEAD PCN","12F","NHS CHESHIRE AND MERSEYSIDE ICB - 12F","20191001","","CHURCH ROAD","","","BIRKENHEAD","","CH42 0LQ"
"U99255","TOWER HAMLETS NETWORK 4 PCN","08V","NHS TOWER HAMLETS CCG","20191001","20210331","445 CABLE STREET","","","LONDON","","E1W 3DP"
"U99355","STREATHAM PCN","72Q","NHS SOUTH EAST LONDON ICB - 72Q","20191001","","STREATHAM HILL GROUP PRACTICE","6 LEIGHAM COURT ROAD","","LONDON","","SW16 2PG"
"U99438","HASTINGS & ST LEONARDS PCN","97R","NHS SURREY AND SUSSEX ICB - 97R","20191001","","HIGH GLADES MEDICAL CENTRE","9A UPPER CHURCH ROAD","","ST. LEONARDS-ON-SEA","","TN37 7AT"
"U99463","NOTTINGHAM WEST PCN","52R","NHS NOTTINGHAM AND NOTTINGHAMSHIRE ICB - 52R","20191001","","STAPLEFORD CARE CENTRE","CHURCH STREET","STAPLEFORD","NOTTINGHAM","","NG9 8DA"
"U99474","READING CENTRAL PCN","15A","NHS THAMES VALLEY ICB - 15A","20191001","","31 ALEXANDRA ROAD","","","READING","","RG1 5PG"
"U99739","CHELMSFORD CITY HEALTH PCN","06Q","NHS ESSEX ICB - 06Q","20191001","","BEAUCHAMP HOUSE","37 BADDOW ROAD","","CHELMSFORD","","CM2 0DB"
"U99971","TAME VALLEY PCN","01W","NHS GREATER MANCHESTER ICB - 01W","20191001","","2 LONGFORD ROAD WEST","","","STOCKPORT","","SK5 6ET"
