"A0O0F","LANCASHIRE MEDSPLUS LTD","","","UNIT 5","THE WATERMARK STUDIOS","9-15 RIBBLETON LANE","PRESTON","","PR1 5EZ","20240904","","","","","","","","","","","1","","","","",""
"A0O2Q","DEYSBROOK LTD","","","1 WINTERBURN CRESCENT","","","LIVERPOOL","","L12 8TQ","20230927","","","","","","","","","","","1","","","","",""
"A0Q8S","LIFE HEALTHCARE SOLUTIONS LTD","","","9 ALHAMBRA TERRACE","FISHBURN","","STOCKTON-ON-TEES","","TS21 4BU","20241016","","","","","","","","","","","1","","","","",""
"A0S7G","B & P PHARMA LIMITED","","","7 BURFORD ROAD","","","CARTERTON","","OX18 3AG","20230614","20241004","","","","","","","","","","1","","","","",""
"A0T0G","DURHAM PHARMA LTD","","","SEATON HIRST MED CTR","NORHAM ROAD","","ASHINGTON","","NE63 0NG","20240603","","","","","","","","","","","1","","","","",""
"A0X2L","JMA PHARMA LTD","","","YARDLEY GREEN MEDICAL CENTRE","77 YARDLEY GREEN ROAD","BORDESLEY GREEN","BIRMINGHAM","","B9 5PU","20230104","","","","","","","","","","","1","","","","",""
"A1G5G","ECO HEALTHY OPTIONS LTD","","","THE OVAL","57 NEW WALK","","LEICESTER","","LE1 7EA","20220905","","","","","","","","","","","1","","","","",""
"A1J4C","ASCENT (SHERWOOD) LIMITED","","","682 MANSFIELD ROAD","","","NOTTINGHAM","","NG5 2GE","20230510","","","","","","","","","","","1","","","","",""
"A1K4W","LP SD EIGHTY THREE LIMITED","","","3 BURNTWOOD TOWN SHOPPING CENTRE","CANNOCK ROAD","CHASE TERRACE","BURNTWOOD","","WS7 1JR","20230920","","","","","","","","","","","1","","","","",""
"A1M5R","ARB HEALTHCARE LTD","","","246 WICKHAM ROAD","WEST WICKHAM","","CROYDON","","CR0 8BJ","20240306","","","","","","","","","","","1","","","","",""
"A1S0M","FATIMA FAKECH LIMITED","","","CLECKHEATON BUS STATION","DEWSBURY ROAD","","CLECKHEATON","","BD19 5DL","20230222","","","","","","","","","","","1","","","","",""
"A1S4E","FEATHERSTONE HEALTHCARE LTD","","","UNIT 3A","PARTONS ROAD","KINGS HEATH","BIRMINGHAM","","B14 6TA","20250709","","","","","","","","","","","1","","","","",""
"A1X5W","EXEL RX PHARMA LIMITED","","","733-735 HOLLINS ROAD","","","OLDHAM","","OL8 3SY","20260916","","","","","","","","","","","1","","","","",""
"A1Y5Z","PONTLLANFRAITH PHARMACY LTD","","","PONTLLANFRAITH HEALTH CENTRE","BLACKWOOD ROAD","PONTLLANFRAITH","BLACKWOOD","","NP12 2YU","20091001","","","","","","","","","","","1","","","","",""
"A2B1O","SITUATIONSSS LTD","","","45 ANERLEY ROAD","UPPER NORWOOD","","LONDON","","SE19 2AS","20251008","","","","","","","","","","","1","","","","",""
"A2B8M","DRAGON RETAIL 709 LIMITED","","","22-23 CHISWICK SQUARE","HYLTON CASTLE","","SUNDERLAND","","SR5 3PZ","20260812","","","","","","","","","","","1","","","","",""
"A2D1G","KENDAL HEALTHCARE LTD","","","132 HIGHGATE","","","KENDAL","","LA9 4HE","20240515","","","","","","","","","","","1","","","","",""
"A2K7Z","SANATOLOGY UK LTD","","","70 GREEN STREET","FOREST GATE","","LONDON","","E7 8JG","20220302","","","","","","","","","","","1","","","","",""
"A2M3J","CHAPEL ALLERTON PHARMA LIMITED","","","110 HARROGATE ROAD","","","LEEDS","","LS7 4NY","20211006","20250521","","","","","","","","","","1","","","","",""
"A2O6I","TAJ PHARMA LIMITED","","","2 EDEN PARK AVENUE","","","BECKENHAM","","BR3 3HN","20260415","","","","","","","","","","","1","","","","",""
"A2Q2H","PHILIP CHARLES BULLEN","","","SEAVIEW STORES","NEWPORT ROAD","OLD ST. MELLONS","CARDIFF","","CF3 5UN","20091001","20250630","","","","","","","","","","1","","","","",""
"A2R2M","ASHINGTON HEALTHCARE LIMITED","","","2-4 LINTONVILLE TERRACE","","","ASHINGTON","","NE63 9UN","20230920","","","","","","","","","","","1","","","","",""
"A2U8U","NETTESWELL PHARMA LTD","","","1 PYPERS HATCH","MADDOX ROAD","","HARLOW","","CM20 3NG","20201106","","","","","","","","","","","1","","","","",""
"A3A7Z","SHOREHAM PHARMACY LTD","","","10 BRUNSWICK ROAD","","","SHOREHAM-BY-SEA","","BN43 5WB","20210526","20251217","","","","","","","","","","1","","","","",""
"A3N4S","CLOSIE LTD","","","52 MAINDEE ROAD","CWMFELINFACH","YNYSDDU","NEWPORT","","NP11 7HR","20240603","","","","","","","","","","","1","","","","",""
"A3P0I","WILLOWS PHARMA LTD","","","UNIT C","27 WESTERN BOULEVARD","","LEICESTER","","LE2 7HN","20240612","","","","","","","","","","","1","","","","",""
"A3P8W","HUMAIRA BHATTI","","","1 ROXHOLME PLACE","","","LEEDS","","LS7 4JQ","20230830","","","","","","","","","","","1","","","","",""
"A3Q9E","IIIHEALTHCARE LTD","","","UNIT 4","BIGGIN AVENUE","BRANSHOLME","HULL","","HU7 4NP","20250430","20260820","","","","","","","","","","1","","","","",""
"A3W7B","FAIZAL AHMED MUSA","","","601 BURY ROAD","","","BOLTON","","BL2 6HZ","20230920","","","","","","","","","","","1","","","","",""
"A4A1K","AP SD FIVE LIMITED","","","OLDHAM INTEGRATED CARE CENTRE","NEW RADCLIFFE STREET","","OLDHAM","","OL1 1NL","20260318","","","","","","","","","","","1","","","","",""
"A4H7I","TAMESIDE HEALTH LIMITED","","","118 MARKET STREET","","","HYDE","","SK14 1EX","20250723","","","","","","","","","","","1","","","","",""
"A4K7W","HASSTAM LTD","","","34-35 WOODLEY PRECINCT","WOODLEY","","STOCKPORT","","SK6 1RJ","20230329","","","","","","","","","","","1","","","","",""
"A4Q8D","TEDLA HEALTHCARE LTD","","","310 SHELDRAKE DRIVE","","","IPSWICH","","IP2 9LF","20201102","","","","","","","","","","","1","","","","",""
"A4S0L","SOMERVILLE HEALTHCARE LIMITED","","","UNIT 4","SUSSEX PLACE","SOMERVILLE ROAD","SWINDON","","SN3 3FS","20260107","","","","","","","","","","","1","","","","",""
"A4T3I","VRAJ PHARM LTD","","","8-10 MAIN ROAD","JACKSDALE","","NOTTINGHAM","","NG16 5JW","20211201","","","","","","","","","","","1","","","","",""
"A5D5Y","MR JUNCHAO JIANG","","","98 CONNAUGHT AVENUE","","","FRINTON-ON-SEA","","CO13 9PT","20220914","20251015","","","","","","","","","","1","","","","",""
"A5G3K","NEEM TREE WELLING PHARMA LTD","","","109 WELLING HIGH STREET","","","WELLING","","DA16 1TY","20210811","","","","","","","","","","","1","","","","",""
"A5K8E","LOCKWOOD HEALTH LIMITED","","","101 YEWS HILL ROAD","LOCKWOOD","","HUDDERSFIELD","","HD1 3SG","20260722","","","","","","","","","","","1","","","","",""
"A5N7R","HANFORDS CHEMIST LTD","","","1 FREDERICK PLACE","LLANSAMLET","","SWANSEA","","SA7 9RY","20091001","20260831","","","","","","","","","","1","","","","",""
"A5R8I","DRAGON RETAIL 723 LIMITED","","","78 HIGH STREET","WESTTOWN","","DEWSBURY","","WF13 2QQ","20251029","","","","","","","","","","","1","","","","",""
"A5S3G","RL PHARMA LTD","","","171 CALAIS ROAD","HORNINGLOW","","BURTON-ON-TRENT","","DE13 0UN","20240124","","","","","","","","","","","1","","","","",""
"A5U4M","WBL01 LIMITED","","","SHINFIELD PRIMARY CARE CENTRE","SCHOOL GREEN","SHINFIELD","READING","","RG2 9EH","20251022","","","","","","","","","","","1","","","","",""
"A5Z4B","CRAIG HINKS LTD","","","110 THE HIGHWAY","NEW INN","","PONTYPOOL","","NP4 0PJ","20121101","","","","","","","","","","","1","","","","",""
"A5Z6W","MOBEC PHARMACY LTD","","","2A VICTORIA BUILDINGS","HIGH STREET","ABERCARN","NEWPORT","","NP11 5GT","20091001","","","","","","","","","","","1","","","","",""
"A5Z6Z","RELINQUO HOLDINGS LIMITED","","","STOCKLAND GREEN MEDICAL CENTRE","192 RESERVOIR ROAD","ERDINGTON","BIRMINGHAM","","B23 6DJ","20230315","","","","","","","","","","","1","","","","",""
"A6G2G","SCOPE PHARMA LIMITED","","","35 STATION PARADE","","","BARKING","","IG11 8EB","20260610","","","","","","","","","","","1","","","","",""
"A6H5G","FAZ & KHIZ LTD","","","755-757 AYLESTONE ROAD","AYLESTONE","","LEICESTER","","LE2 8TG","20220518","","","","","","","","","","","1","","","","",""
"A6I0D","DRAGON RETAIL 713 LIMITED","","","293 DENTON ROAD","DENTON","","NEWCASTLE UPON TYNE","","NE15 7HJ","20251001","","","","","","","","","","","1","","","","",""
"A6O4N","A J EVANS LTD","","","BELLE VUE TERRACE","","","NEWPORT","","NP20 2LB","20091001","","","","","","","","","","","1","","","","",""
"A6O6K","DJ & RA GRIFFITHS LTD","","","THE SQUARE","ST ATHAN","","BARRY","","CF62 4PF","20110901","","","","","","","","","","","1","","","","",""
"A6T3H","AMICUS HEALTHCARE GROUP LTD","","","BAMPTON SURGERY","BARNHAY","BAMPTON","TIVERTON","","EX16 9NB","20260610","","","","","","","","","","","1","","","","",""
"A6U6V","EASTWOOD HEALTH LTD","","","106 NOTTINGHAM ROAD","EASTWOOD","","NOTTINGHAM","","NG16 3NP","20250507","","","","","","","","","","","1","","","","",""
"A7I3L","APX PHARMA LIMITED","","","OAKESWELL HEALTH CENTRE","BRUNSWICK PARK ROAD","","WEDNESBURY","","WS10 9HP","20260121","","","","","","","","","","","1","","","","",""
"A7M3V","AP SD THIRTY THREE LIMITED","","","SEVERNVALE SURGERY","ST. JAMES","QUEDGELEY","GLOUCESTER","","GL2 4WD","20260408","","","","","","","","","","","1","","","","",""
"A7N3K","MOORGATE IMAAN HEALTHCARE LTD","","","MOORGATE PRIMARY CARE CENTRE","22 DERBY WAY","","BURY","","BL9 0NJ","20250723","","","","","","","","","","","1","","","","",""
"A7O2M","B D HEALTHCARE LIMITED","","","WARLEY MEDICAL CENTRE","AMBROSE HOUSE","KINGSWAY","OLDBURY","","B68 0RT","20230428","20230516","","","","","","","","","","1","","","","",""
"A7P4X","ALLANS HEALTHCARE LIMITED","","","31-35 ENNIS SQUARE","","","REDCAR","","TS10 5JZ","20251029","","","","","","","","","","","1","","","","",""
"A7S1F","NATVINC LTD","","","18 BROOME WAY","JAYWICK","","CLACTON-ON-SEA","","CO15 2HN","20210609","","","","","","","","","","","1","","","","",""
"A8C7A","THEYDON BOIS PHARMACY LIMITED","","","10 FOREST DRIVE","THEYDON BOIS","","EPPING","","CM16 7EY","20220126","","","","","","","","","","","1","","","","",""
"A8E2H","ELIOX UK LIMITED","","","41 ST LEONARDS ROAD","","","WINDSOR","","SL4 3BP","20210224","","","","","","","","","","","1","","","","",""
"A8I2K","LOWICK LTD","","","WELLINGTON ROAD","","","BRACKLEY","","NN13 6QZ","20230627","","","","","","","","","","","1","","","","",""
"A8K0W","THE COTSWOLD PHARMACY LTD","","","MARKET PLACE","NORTHLEACH","","CHELTENHAM","","GL54 3EG","20250122","","","","","","","","","","","1","","","","",""
"A8P9C","TRUKWEST LIMITED","","","UNIT 5 PARSONAGE FARM","PARSONAGE STOCKS ROAD","THROWLEY","FAVERSHAM","","ME13 0PN","20201104","20260312","","","","","","","","","","1","","","","",""
"A8U8D","LOTUS HEALTHCARE SOLUTIONS LTD","","","25-27 COMMON EDGE ROAD","","","BLACKPOOL","","FY4 5AX","20251022","","","","","","","","","","","1","","","","",""
"A8Y7Y","BETTER AIM LIMITED","","","39-41 BOROUGH HIGH STREET","","","LONDON","","SE1 1LZ","20260401","","","","","","","","","","","1","","","","",""
"A9E4S","NORTH ROAD PHARMACY LTD","","","144 NORTH ROAD","","","CARDIFF","","CF14 3BH","20091001","","","","","","","","","","","1","","","","",""
"A9F3D","LP SD ONE HUNDRED TWENTY ONE LIMITED","","","5 VERNON STREET","","","DERBY","","DE1 1FR","20230927","","","","","","","","","","","1","","","","",""
"A9J3C","NOVAFIELD LIMITED","","","14 THE BROADWAY","","","WEMBLEY","","HA9 8JU","20210217","","","","","","","","","","","1","","","","",""
"A9M4D","BERRYFIELDS PHARMA LIMITED","","","UNIT 2","FOLKES ROAD","WOOTTON","BEDFORD","","MK43 9TE","20260107","","","","","","","","","","","1","","","","",""
"A9O7C","AP SD TWENTY SEVEN LIMITED","","","46-47 ARBURY COURT","","","CAMBRIDGE","","CB4 2JQ","20260225","","","","","","","","","","","1","","","","",""
"A9R5I","HENLEY PHARMACEUTICS LIMITED","","","135 HIGH STREET","","","HENLEY-IN-ARDEN","","B95 5AZ","20240424","20250703","","","","","","","","","","1","","","","",""
"A9V0C","LP SD ONE HUNDRED SIX LIMITED","","","ANCHOR MEADOW HEALTH CENTRE","ANCHOR MEADOW","ALDRIDGE","WALSALL","","WS9 8AJ","20230920","","","","","","","","","","","1","","","","",""
"B0F1W","MEDILINE LIMITED","","","91 CRICKLEWOOD LANE","","","LONDON","","NW2 1HR","20250305","20260826","","","","","","","","","","1","","","","",""
"B0I6E","KRITYA PHARMA LTD","","","CRICKETTS LANE LOCAL CENTRE","LODGE ROAD","PEWSHAM","CHIPPENHAM","","SN15 3SY","20250212","","","","","","","","","","","1","","","","",""
"B0L7M","DRAGON RETAIL 517 LIMITED","","","HEDINGHAM GROVE","CHELMSLEY WOOD","SOLIHULL","BIRMINGHAM","","B37 7TP","20250806","","","","","","","","","","","1","","","","",""
"B0O9W","DRAGON RETAIL 805 LIMITED","","","3A-4A ST. PETERS RISE","BISHOPSWORTH","","BRISTOL","","BS13 7LU","20250910","","","","","","","","","","","1","","","","",""
"B0S0Q","SAMEZ LTD","","","BOSTON WEST BUSINESS PARK","SLEAFORD ROAD","","BOSTON","","PE21 8EG","20251015","","","","","","","","","","","1","","","","",""
"B0T3C","PHARMACHEM MCR LTD","","","96 CAMDEN ROAD","","","LONDON","","NW1 9EA","20250604","","","","","","","","","","","1","","","","",""
"B1C5Q","LP SD ONE HUNDRED EIGHTEEN LIMITED","","","SOUTH SQUARE","","","BOSTON","","PE21 6JU","20230927","","","","","","","","","","","1","","","","",""
"B1G7E","SWINSON PARRY LTD","","","99 VICTORIA ROAD","","","PRESTATYN","","LL19 7SR","20091001","","","","","","","","","","","1","","","","",""
"B1H0N","KESHAV LIMITED","","","5 BARNES HIGH STREET","","","LONDON","","SW13 9LB","20210113","","","","","","","","","","","1","","","","",""
"B1H1W","DRAGON RETAIL 512 LIMITED","","","7 THE STREET","","","RADSTOCK","","BA3 3PL","20260610","","","","","","","","","","","1","","","","",""
"B1H6Y","PHARMASITCH LTD","","","43 QUEEN STREET","","","SEATON","","EX12 2RB","20230614","","","","","","","","","","","1","","","","",""
"B1P2C","3D HEALTHCARE LTD","","","27 FROBISHER WAY","","","TAUNTON","","TA2 6BB","20250226","","","","","","","","","","","1","","","","",""
"B1T7R","MATS PHARMA LTD","","","3 HIGH STREET","LAVENHAM","","SUDBURY","","CO10 9PX","20240508","","","","","","","","","","","1","","","","",""
"B1U1S","BILLESLEY PHARMA LTD","","","698 YARDLEY WOOD ROAD","BILLESLEY","","BIRMINGHAM","","B13 0HY","20230726","","","","","","","","","","","1","","","","",""
"B1W5W","HORAM PHARMA LIMITED","","","HIGH STREET","HORAM","","HEATHFIELD","","TN21 0EH","20250219","","","","","","","","","","","1","","","","",""
"B1Y3D","PI GEN(SOUTHALL)LTD","","","223 LADY MARGARET ROAD","","","SOUTHALL","","UB1 2PT","20240814","20250924","","","","","","","","","","1","","","","",""
"B1Z7O","PI-GEN (MAIDSTONE) LTD","","","13A TONBRIDGE ROAD","","","MAIDSTONE","","ME16 8RL","20250709","","","","","","","","","","","1","","","","",""
"B1Z9L","VIRK HEALTHCARE LIMITED","","","471 LONDON ROAD","","","ISLEWORTH","","TW7 4BX","20260708","","","","","","","","","","","1","","","","",""
"B2C3R","MEDSPOT LTD","","","231A LONDON ROAD","GROVE HOUSE","HAZEL GROVE","STOCKPORT","","SK7 4HS","20210329","","","","","","","","","","","1","","","","",""
"B2C4Q","HEALTHYMED LTD","","","44 TURKEY ROAD","SIDLEY","","BEXHILL-ON-SEA","","TN39 5HE","20230426","","","","","","","","","","","1","","","","",""
"B2D6Z","COP LANE HEALTHCARE LIMITED","","","PENWORTHAM HEALTH CENTRE","COP LANE","PENWORTHAM","PRESTON","","PR1 0SR","20230927","","","","","","","","","","","1","","","","",""
"B2E1Y","DIDSBURY HEALTHCARE LIMITED","","","676 WILMSLOW ROAD","DIDSBURY","","MANCHESTER","","M20 2DN","20230816","","","","","","","","","","","1","","","","",""
"B2E6N","ZIMAH LTD","","","50 WOOD STREET","","","GRIMSBY","","DN32 7BJ","20220323","","","","","","","","","","","1","","","","",""
"B2H6K","EARLSDON PHARMA LTD","","","19-21 EARLSDON STREET","","","COVENTRY","","CV5 6EP","20230607","","","","","","","","","","","1","","","","",""
"B2I0S","NORTHFIELD PHARMACEUTICALS LTD","","","252 WAKEFIELD ROAD","EARLSHEATON","","DEWSBURY","","WF12 8AH","20231206","","","","","","","","","","","1","","","","",""
"B2J9B","HAMRO HEALTHCARE LTD","","","ROOM 4 & 6","119 WREN WAY","","FARNBOROUGH","","GU14 8TA","20250514","","","","","","","","","","","1","","","","",""
"B2Q9M","DEBENHAM PHARMA LIMITED","","","1 LITTLE BACK LANE","DEBENHAM","","STOWMARKET","","IP14 6RB","20260415","","","","","","","","","","","1","","","","",""
"B2Q9Z","CARE PHARMA LOW MOOR LIMITED","","","214 HUDDERSFIELD ROAD","LOW MOOR","","BRADFORD","","BD12 0AD","20240515","","","","","","","","","","","1","","","","",""
"B2T0W","BBS PHARMA LIMITED","","","87 BARNEHURST ROAD","BARNEHURST","","BEXLEYHEATH","","DA7 6HD","20260624","","","","","","","","","","","1","","","","",""
"B2V1P","NEERA LTD","","","10 STATION PARADE","WILLESDEN GREEN","","LONDON","","NW2 4NH","20260311","","","","","","","","","","","1","","","","",""
"B2W6T","RARS PRIVATE LTD","","","24 HERMITAGE ROAD","","","LOUGHBOROUGH","","LE11 4PE","20250910","","","","","","","","","","","1","","","","",""
"B2X0F","S K PHARMACARE NORTHEAST LIMITED","","","15 HEATON ROAD","","","NEWCASTLE UPON TYNE","","NE6 1SA","20260107","","","","","","","","","","","1","","","","",""
"B3D0F","BESSACARR UK LIMITED","","","11 CHURCH STREET","ASKERN","","DONCASTER","","DN6 0PH","20260211","","","","","","","","","","","1","","","","",""
"B3I0I","KIMIVER LTD","","","4B-4C CATTEDOWN ROAD","","","PLYMOUTH","","PL4 0AY","20250409","","","","","","","","","","","1","","","","",""
"B3Q4E","FWCG LIMITED","","","CARLETON GLEN","","","PONTEFRACT","","WF8 1SU","20230726","","","","","","","","","","","1","","","","",""
"B3R5I","LIME PHARM LTD","","","6 LIME GROVE","OLD TRAFFORD","","MANCHESTER","","M16 0WL","20230301","","","","","","","","","","","1","","","","",""
"B3U0M","ESTHETICHEM LIMITED","","","249 HALESOWEN ROAD","","","CRADLEY HEATH","","B64 6JD","20240522","","","","","","","","","","","1","","","","",""
"B3Z3B","FEBIRIAN LIMITED","","","3 LAKIN DRIVE","THORPE ASTLEY","BRAUNSTONE","LEICESTER","","LE3 3RU","20240814","","","","","","","","","","","1","","","","",""
"B4B1T","CADBURY HEATH LTD","","","1 SCHOOL ROAD","WARMLEY","","BRISTOL","","BS30 8EN","20210217","","","","","","","","","","","1","","","","",""
"B4C0P","WELCOME HEALTHY LIFE LTD","","","205 WHITLEY ROAD","","","WHITLEY BAY","","NE26 2SY","20221214","","","","","","","","","","","1","","","","",""
"B4F6A","MANDALA HEALTH LTD","","","BADGER FARM ROAD","","","WINCHESTER","","SO22 4QB","20251126","","","","","","","","","","","1","","","","",""
"B4H1H","LP SD THIRTY SIX LIMITED","","","KING STREET","DAWLEY","","TELFORD","","TF4 2AA","20230726","","","","","","","","","","","1","","","","",""
"B4I9Z","ZVF PHARMA LTD","","","24 WEST END ROAD","MORTIMER COMMON","","READING","","RG7 3TF","20230301","","","","","","","","","","","1","","","","",""
"B4K3B","PI-GEN (ILFORD) LTD","","","995 ROMFORD ROAD","MANOR PARK","","LONDON","","E12 5JR","20250108","","","","","","","","","","","1","","","","",""
"B4Q9R","SRI CORPORATION LIMITED","","","4 SHERWOOD PARADE","KIRKLINGTON ROAD","RAINWORTH","MANSFIELD","","NG21 0JP","20230816","","","","","","","","","","","1","","","","",""
"B4R3U","AKSAM LIMITED","","","172 BROADWAY","","","BEXLEYHEATH","","DA6 7BN","20220727","","","","","","","","","","","1","","","","",""
"B4T2N","VIDA ROGERS (ABERBARGOED) LTD","","","26 COMMERCIAL STREET","ABERBARGOED","","BARGOED","","CF81 9BW","20190401","","","","","","","","","","","1","","","","",""
"B4T2Z","SAKRCH PHARMA LIMITED","","","ABERPORTH","","","CARDIGAN","","SA43 2EU","20260923","","","","","","","","","","","1","","","","",""
"B4V0E","M & A A ALI","","","5 ST BASILS STORES","BASSALEG","","NEWPORT","","NP10 8NN","20110701","","","","","","","","","","","1","","","","",""
"B5F6T","MAHESH BHATT LIMITED","","","1 THE BROADWAY","","","BEDFORD","","MK40 2TJ","20231101","","","","","","","","","","","1","","","","",""
"B5T3Y","LP SD ONE HUNDRED TWENTY THREE LIMITED","","","56 HIGH STREET","","","BILLINGSHURST","","RH14 9NY","20231004","","","","","","","","","","","1","","","","",""
"B6A8Y","JNSF PHARMA LIMITED","","","UNIT 2 CENTRAL SQUARE","HIGH STREET","ERDINGTON","BIRMINGHAM","","B23 6RY","20240103","","","","","","","","","","","1","","","","",""
"B6E5X","NATIONWIDE HEALTH DIRECT LTD","","","UNIT 1 GROUND FLOOR KARMJIT HOUSE","BALLIOL BUSINESS PARK","BENTON LANE","NEWCASTLE UPON TYNE","","NE12 8EW","20210324","","","","","","","","","","","1","","","","",""
"B6J9O","IPHARMACY LIMITED","","","185 ELMSLEIGH DRIVE","","","LEIGH-ON-SEA","","SS9 4JH","20210224","","","","","","","","","","","1","","","","",""
"B6L4T","CARE PHARMA SERVICES LIMITED","","","UNIT 14","UNITY BUSINESS CENTRE","26 ROUNDHAY ROAD","LEEDS","","LS7 1AB","20230424","20260525","","","","","","","","","","1","","","","",""
"B6N9Z","CONSILIENT CARE LTD","","","162 SHARD END CRESCENT","SHARD END","","BIRMINGHAM","","B34 7BP","20260318","","","","","","","","","","","1","","","","",""
"B6U0D","VINAYAK PHARMA LTD","","","5 MAENDY SQUARE","PONTNEWYDD","","CWMBRAN","","NP44 1HN","20240515","","","","","","","","","","","1","","","","",""
"B6U1R","SQUARE LOCUM LIMITED","","","118 OAKS CROSS","","","STEVENAGE","","SG2 8LU","20230531","","","","","","","","","","","1","","","","",""
"B6V5K","3M PHARMA LIMITED","","","29 MARSDEN DRIVE","","","SCUNTHORPE","","DN15 8AL","20230614","","","","","","","","","","","1","","","","",""
"B6Z3Q","DRAGON RETAIL 533 LIMITED","","","MIDDLEFIELD HOUSE","MARLOTT ROAD","","GILLINGHAM","","SP8 4FA","20251119","","","","","","","","","","","1","","","","",""
"B7B0K","SEJ PHARMACEUTICAL LIMITED","","","3 COVINGHAM SQUARE","COVINGHAM","","SWINDON","","SN3 5AA","20230524","","","","","","","","","","","1","","","","",""
"B7C0C","CIRLTER LTD","","","7 HIGH STREET","","","WINCANTON","","BA9 9JN","20260107","","","","","","","","","","","1","","","","",""
"B7I5W","MEDIHEALTH DIRECT LTD","","","UNIT 27","ARMITAGE BUSINESS PARK","ROAD NO 3, COLWICK","NOTTINGHAM","","NG4 2TB","20250507","","","","","","","","","","","1","","","","",""
"B7L2B","FYLDE HEALTHCARE LTD","","","NEWTON DRIVE HEALTH CENTRE","NEWTON DRIVE","","BLACKPOOL","","FY3 8NX","20250210","","","","","","","","","","","1","","","","",""
"B7L9Z","MARTIN DAVIES CHEMISTS LTD","","","197-199 CAERLEON ROAD","","","NEWPORT","","NP19 7HA","20091001","","","","","","","","","","","1","","","","",""
"B7S4M","MYHEALTH PHARMACY LTD","","","392-402 NORTH END ROAD","FULHAM","","LONDON","","SW6 1LU","20210825","","","","","","","","","","","1","","","","",""
"B7U5T","EXEL PHARMACY LIMITED","","","2 RIDGEWAY ROAD","MANOR TOP","","SHEFFIELD","","S12 2SS","20250521","","","","","","","","","","","1","","","","",""
"B7X1N","JAYTY LIMITED","","","31-33 HIGH STREET","","","IBSTOCK","","LE67 6LG","20241204","","","","","","","","","","","1","","","","",""
"B8M3D","DOMINIONPHARM LTD","","","1 - 1A WHITEHALL TERRACE","","","SUNDERLAND","","SR4 7SN","20211027","20250512","","","","","","","","","","1","","","","",""
"B8N4J","SULTANIA HEALTHCARE LTD","","","508 ALUM ROCK ROAD","WARD END","","BIRMINGHAM","","B8 3HX","20250129","","","","","","","","","","","1","","","","",""
"B8Q2D","SIBANDA PHARMA LTD","","","192C LOWER BLANDFORD ROAD","","","BROADSTONE","","BH18 8DP","20230621","","","","","","","","","","","1","","","","",""
"B8Q8R","HEALTHNET HOMECARE (UK) LTD","","","UNIT 3","ARDANE PARK","PHOENIX AVENUE","PONTEFRACT","","WF7 6EP","20210715","","","","","","","","","","","1","","","","",""
"B8T4I","DRAGON RETAIL 540 LIMITED","","","HOSPITAL ROAD","STRATTON","","BUDE","","EX23 9BP","20260902","","","","","","","","","","","1","","","","",""
"B9C0X","TRIMDON HEALTHCARE LIMITED","","","275 MELROSEGATE","","","YORK","","YO10 3SN","20240703","","","","","","","","","","","1","","","","",""
"B9O9U","THP01 LIMITED","","","13-17 PEEL STREET","ADLINGTON","","CHORLEY","","PR6 9PR","20250514","","","","","","","","","","","1","","","","",""
"B9P8G","JACKSONS DG LIMITED","","","181 CAMBRIDGE ROAD","","","ST. HELENS","","WA10 4HA","20210915","","","","","","","","","","","1","","","","",""
"B9S6J","S K PHARMACARE LIMITED","","","141 BEACONSFIELD STREET","","","NEWCASTLE UPON TYNE","","NE4 5JP","20230705","","","","","","","","","","","1","","","","",""
"B9Z8S","MARUFA CHOWDHURY","","","72 WAVERLEY ROAD","","","LONDON","","E17 3LQ","20220413","","","","","","","","","","","1","","","","",""
"C0B8D","DRAGON RETAIL 523 LIMITED","","","DONCASTER ROAD","LANGOLD","","WORKSOP","","S81 9QG","20260617","","","","","","","","","","","1","","","","",""
"C0D8X","SSS HEALTHCARE LIMITED","","","26 TALBOT ROAD","","","SHEFFIELD","","S2 2TD","20230517","","","","","","","","","","","1","","","","",""
"C0G7L","LP SD FORTY THREE LIMITED","","","BRYNMAWR AVENUE","","","AMMANFORD","","SA18 2DA","20230916","","","","","","","","","","","1","","","","",""
"C0I1U","JAUNTY HEALTHCARE LIMITED","","","37-39 JAUNTY WAY","BASEGREEN","","SHEFFIELD","","S12 3DZ","20220413","","","","","","","","","","","1","","","","",""
"C0O3N","SOUTHEND PHARMA LTD","","","QUEENSWAY SURGERY","75 QUEENSWAY","","SOUTHEND-ON-SEA","","SS1 2AB","20260107","","","","","","","","","","","1","","","","",""
"C0U7Y","NIGHTINGALE PHARMACY LTD","","","90-92 DEPTFORD HIGH STREET","","","LONDON","","SE8 4RG","20220606","","","","","","","","","","","1","","","","",""
"C1A8X","THE FAMILY CHEMIST LIMITED","","","UNIT 13","POPLARS COURT","","NOTTINGHAM","","NG7 2RR","20250219","","","","","","","","","","","1","","","","",""
"C1B1B","AP SD FORTY ONE LIMITED","","","31 STATION ROAD","","","SHERINGHAM","","NR26 8RF","20260325","","","","","","","","","","","1","","","","",""
"C1H8T","SIMON ALEXANDER NELSON","","","THE NANTGARW ROAD MEDICAL CENTRE","4 BEDDAU WAY","","CAERPHILLY","","CF83 2AX","20120220","","","","","","","","","","","1","","","","",""
"C1R7I","VNV PARTNERS LIMITED","","","DUNWICH DRIVE","TOOTHILL","","SWINDON","","SN5 8SX","20240918","","","","","","","","","","","1","","","","",""
"C2B8A","PHARMAC HUB LIMITED","","","PENTAX HOUSE","SOUTH HILL AVENUE","SOUTH HARROW","HARROW","","HA2 0DU","20260101","","","","","","","","","","","1","","","","",""
"C2E9V","LUNTS HEALTHCARE LIMITED","","","THE TANNERY","BARKER STREET","","SHREWSBURY","","SY1 1QJ","20210501","","","","","","","","","","","1","","","","",""
"C2L5N","REGENCY GROUP LTD","","","65 PICTON ROAD","WAVERTREE","","LIVERPOOL","","L15 4LF","20250521","","","","","","","","","","","1","","","","",""
"C2O3B","ASSOCIATED APOTHECARIES LIMITED","","","75 BETHUNE AVENUE","","","HULL","","HU4 7EH","20220316","","","","","","","","","","","1","","","","",""
"C2Q2L","THE HUB PHARMACY LIMITED","","","33-35 MARKET STREET","","","HYDE","","SK14 2AD","20210616","","","","","","","","","","","1","","","","",""
"C2T4U","LP SD SEVENTY SIX LIMITED","","","BOSTON WEST BUSINESS PARK","SLEAFORD ROAD","","BOSTON","","PE21 8EG","20230927","","","","","","","","","","","1","","","","",""
"C2U0M","CROFT PHARMA (HUDDERSFIELD) LTD","","","5 COBCROFT ROAD","FARTOWN","","HUDDERSFIELD","","HD2 2RU","20230510","","","","","","","","","","","1","","","","",""
"C3C4D","MORLEY LEEDS LTD","","","68 QUEEN STREET","MORLEY","","LEEDS","","LS27 9BP","20260401","","","","","","","","","","","1","","","","",""
"C3H5J","PHARMA BOX LTD","","","14 CHURCH STREET","MANSFIELD WOODHOUSE","","MANSFIELD","","NG19 8AH","20250226","","","","","","","","","","","1","","","","",""
"C3K6E","MANAV PHARMA LTD","","","2 SOUTH STREET","DITCHLING","","HASSOCKS","","BN6 8UQ","20260107","","","","","","","","","","","1","","","","",""
"C3O2A","LAWTON PHARMACY CONSULTANTS LIMITED","","","300 BLANDFORD ROAD","HAMWORTHY","","POOLE","","BH15 4JQ","20240501","","","","","","","","","","","1","","","","",""
"C3W5E","FFERYLLFA PENYGROES CYF","","","37 WATER STREET","PENYGROES","","CAERNARFON","","LL54 6LR","20220801","","","","","","","","","","","1","","","","",""
"C4B2W","HEALTH & WELLNESS MEDICA CLINIC LTD","","","5 & 6 EBOR HOUSE","LOW MOOR LANE","SCOTTON","KNARESBOROUGH","","HG5 9JB","20251015","","","","","","","","","","","1","","","","",""
"C4E2D","S P PHARMA SERVICES LIMITED","","","UNIT 1A CROMPTON HOUSE","WRITTLE ROAD","","CHELMSFORD","","CM1 3RW","20221116","","","","","","","","","","","1","","","","",""
"C4E9M","A.B. PHARMA LTD","","","9 THE PARADE","OADBY","","LEICESTER","","LE2 5BB","20260812","","","","","","","","","","","1","","","","",""
"C4E9T","LP SD FIFTY FOUR LIMITED","","","UNIT 3","THORLEY NEIGHBOURHOOD CENTRE","","BISHOP'S STORTFORD","","CM23 4EG","20230802","","","","","","","","","","","1","","","","",""
"C4F4I","COUNTY HEIGHTS LIMITED","","","7 HIGH STREET","","","DEAL","","CT14 7AA","20250528","","","","","","","","","","","1","","","","",""
"C4H3W","ALPHA PHARMACEUTICALS LTD","","","SWAN SURGERY","SWAN STREET","","PETERSFIELD","","GU32 3AB","20230809","","","","","","","","","","","1","","","","",""
"C4I7F","AVNI LIMITED","","","11 WESTWAY","","","LONDON","","W12 0PT","20230111","20240806","","","","","","","","","","1","","","","",""
"C4K7J","JSMA LTD","","","531 TONG ROAD","FARNLEY","","LEEDS","","LS12 5AT","20240214","","","","","","","","","","","1","","","","",""
"C4O9I","WM BROWN (KINGSHURST) LIMITED","","","228-230 WYCHALL ROAD","","","BIRMINGHAM","","B31 3AU","20230428","20250319","","","","","","","","","","1","","","","",""
"C4Q7M","SPC CARE LTD","","","155-157 WALTON ROAD","WALTON","","LIVERPOOL","","L4 4AH","20240821","","","","","","","","","","","1","","","","",""
"C4R3Z","STAZ HEALTHCARE LIMITED","","","179 HIGH STREET","OLDLAND COMMON","","BRISTOL","","BS30 9QG","20241009","","","","","","","","","","","1","","","","",""
"C4U7H","NORTHWEST PHARMACY LTD","","","12 ST. GEORGES LANE","","","THORNTON-CLEVELEYS","","FY5 3LT","20220117","","","","","","","","","","","1","","","","",""
"C4V8G","LIVINGWELL PHARMA LTD","","","55-56 UPLANDS CRESCENT","UPLANDS","","SWANSEA","","SA2 0EZ","20260923","","","","","","","","","","","1","","","","",""
"C4Y5V","HALL NEWTON TRADING LIMITED","","","55 CARR HOUSE DRIVE","FRAMWELLGATE MOOR","","DURHAM","","DH1 5LT","20220413","","","","","","","","","","","1","","","","",""
"C5B8I","AP SD SIXTY FOUR LIMITED","","","LYME REGIS CCC","UPLYME ROAD","","LYME REGIS","","DT7 3LS","20260311","","","","","","","","","","","1","","","","",""
"C5E6S","DRAGON RETAIL 811 LIMITED","","","361 DUNSTABLE ROAD","","","LUTON","","LU4 8BY","20251008","","","","","","","","","","","1","","","","",""
"C5H4W","REMEDI SOLUTIONS LTD","","","UNIT 16","BERKELEY COURT","MANOR PARK","RUNCORN","","WA7 1TQ","20201125","","","","","","","","","","","1","","","","",""
"C5K6P","BA MEDI PHARMA LTD","","","10 HANDEL PARADE","WHITCHURCH LANE","","EDGWARE","","HA8 6LD","20201012","","","","","","","","","","","1","","","","",""
"C5L4C","WELLFIELD MIDDLETON LTD","","","50 ROCHDALE ROAD","MIDDLETON","","MANCHESTER","","M24 2PU","20230208","","","","","","","","","","","1","","","","",""
"C5M7E","HARTS HUCKNALL LIMITED","","","106-110 WATNALL ROAD","HUCKNALL","","NOTTINGHAM","","NG15 7JW","20240320","","","","","","","","","","","1","","","","",""
"C5R9P","FFERYLLFA TYCROES CYF","","","5A PENYGARN ROAD","TYCROES","","AMMANFORD","","SA18 3NY","20150801","","","","","","","","","","","1","","","","",""
"C5R9R","Z&S HEALTH SERVICES LIMITED","","","66 QUEENS ROAD","WALTHAMSTOW","","LONDON","","E17 8PX","20260318","","","","","","","","","","","1","","","","",""
"C5S7N","AP SD SEVENTY THREE LIMITED","","","513 KINGS ROAD","","","LONDON","","SW10 0TX","20260715","","","","","","","","","","","1","","","","",""
"C5Z8J","BARTON TORQUAY LTD","","","168 BARTON HILL ROAD","","","TORQUAY","","TQ2 8HN","20260520","","","","","","","","","","","1","","","","",""
"C6J5J","SCRIPTCARE LIMITED","","","60 BROMSGROVE ROAD","","","REDDITCH","","B97 4RN","20220408","","","","","","","","","","","1","","","","",""
"C6O6N","SZS HEALTHCARE LIMITED","","","58-60 KING STREET","","","NEWCASTLE","","ST5 1HX","20240417","","","","","","","","","","","1","","","","",""
"C6T3F","JAYS PLUS LIMITED","","","17 STATION APPROACH","","","VIRGINIA WATER","","GU25 4DW","20230614","","","","","","","","","","","1","","","","",""
"C6U1R","WILLOW'S LANE PHARMACY","","","54A WILLOW LANE","","","MITCHAM","","CR4 4NA","20220817","20241201","","","","","","","","","","1","","","","",""
"C6V1L","THARRA HEALTH LTD","","","92 WINDMILL LANE","CASTLECROFT","","WOLVERHAMPTON","","WV3 8HG","20260603","","","","","","","","","","","1","","","","",""
"C7A2O","KKG PHARMA LIMITED","","","1-2 TYLER ROAD","","","SOUTHALL","","UB2 4XQ","20210113","","","","","","","","","","","1","","","","",""
"C7D4S","ASCENT (LEEK) LIMITED","","","15-15A FOUNTAIN STREET","","","LEEK","","ST13 6JS","20230503","","","","","","","","","","","1","","","","",""
"C7P7C","HSB HEALTHCARE LTD","","","GLEBEFIELDS HEALTH CENTRE","ST. MARKS ROAD","","TIPTON","","DY4 0SN","20260401","","","","","","","","","","","1","","","","",""
"C7W8O","PRENTON DELL LTD","","","1 ROMAN ROAD","","","PRENTON","","CH43 3DB","20230906","","","","","","","","","","","1","","","","",""
"C8A1T","DAVIES RJ & JG","","","8 COMMERCIAL STREET","YSTRADGYNLAIS","","SWANSEA","","SA9 1HD","20091001","","","","","","","","","","","1","","","","",""
"C8G1A","FASTTRACKFARMACY LTD","","","UNIT 8","THE FOUNDRY BUSINESS CENTRE","LAMB INN ROAD","KNOTTINGLEY","","WF11 8DW","20210421","20240915","","","","","","","","","","1","","","","",""
"C8H6B","LP SD TWENTY FOUR LIMITED","","","23 CHURCH STREET","ATHERTON","","MANCHESTER","","M46 9DE","20230705","","","","","","","","","","","1","","","","",""
"C8J7F","K&H HEALTHCARE LTD","","","NEW UNIT 4","DOWNEMEAD","","TELFORD","","TF3 2EW","20221012","","","","","","","","","","","1","","","","",""
"C8N7D","PITSBOJ LIMITED","","","39A HIGH STREET","CHERRY HINTON","","CAMBRIDGE","","CB1 9HX","20210505","","","","","","","","","","","1","","","","",""
"C8R2U","DANPHARMA SOLUTIONS LTD","","","ELGAR HOUSE SURGERY","CHURCH ROAD","","REDDITCH","","B97 4AB","20241002","","","","","","","","","","","1","","","","",""
"C8S6B","VP PHARMA LTD","","","TRINOVANTIAN WAY","","","BRAINTREE","","CM7 3JN","20240710","","","","","","","","","","","1","","","","",""
"C8U0T","HAAA PHARMA LTD","","","TAVISTOCK HOUSE","319 WOODHAM LANE","NEW HAW","ADDLESTONE","","KT15 3PB","20220216","20231003","","","","","","","","","","1","","","","",""
"C9A8D","WEST LANE HEALTHCARE LIMITED","","","WEST LANE","","","KEIGHLEY","","BD21 2LD","20230927","","","","","","","","","","","1","","","","",""
"C9A8J","CYRUS PRIVATE LTD","","","9 HORSHAM ROAD","","","CRAWLEY","","RH11 7AY","20230906","","","","","","","","","","","1","","","","",""
"C9C0I","HOLBROOKS PHARMACY LIMITED","","","71-73 WHEELWRIGHT LANE","","","COVENTRY","","CV6 4HN","20260429","","","","","","","","","","","1","","","","",""
"C9F1U","ASTER PHARM LTD","","","UNIT 1 BUSINESS CENTRE","GRANGE LANE","SHIREGREEN","SHEFFIELD","","S5 0DP","20240515","","","","","","","","","","","1","","","","",""
"C9J0S","GREEN L LTD","","","166 BURY NEW ROAD","WHITEFIELD","","MANCHESTER","","M45 6QJ","20240731","","","","","","","","","","","1","","","","",""
"C9L5U","SIKKA PHARMA LTD","","","383-385 READING ROAD","WINNERSH","","WOKINGHAM","","RG41 5LT","20240925","","","","","","","","","","","1","","","","",""
"C9O9P","HEALTH & TRAVEL CLINIC LIMITED","","","105 ROEHAMPTON VALE","PUTNEY","","LONDON","","SW15 3PG","20240828","","","","","","","","","","","1","","","","",""
"C9O9R","MATRIX PHARMACY LIMITED","","","UNIT 1","TANNERY RETAIL PARK","LOMBARD STREET","STOURPORT-ON-SEVERN","","DY13 8EY","20210119","","","","","","","","","","","1","","","","",""
"C9P0M","NEWCASTLE PHARMA LTD","","","UNIT 4, PERTH COURT","ELEVENTH AVENUE NORTH","TEAM VALLEY TRADING ESTATE","GATESHEAD","","NE11 0NJ","20250102","","","","","","","","","","","1","","","","",""
"C9U9S","L&R PHARMA LTD","","","SUITE 6","KINGS COURT","WILLIE SNAITH ROAD","NEWMARKET","","CB8 7SG","20201028","","","","","","","","","","","1","","","","",""
"C9X5A","ABRA HEALTHCARE LTD","","","128 BATTLE ROAD","HOLLINGTON","","ST. LEONARDS-ON-SEA","","TN37 7AN","20221109","","","","","","","","","","","1","","","","",""
"C9Y5C","SPRAK LTD","","","COMMERCE HOUSE","HIGH STREET","","CHALFONT ST. GILES","","HP8 4QH","20230531","","","","","","","","","","","1","","","","",""
"D0B1I","IMPERIAL SERVICES NW LTD","","","31 MARKET PLACE","","","OLDHAM","","OL1 3AB","20231213","","","","","","","","","","","1","","","","",""
"D0D6K","DRAGON RETAIL 532 LIMITED","","","316 HILLMORTON ROAD","","","RUGBY","","CV22 5BP","20260415","","","","","","","","","","","1","","","","",""
"D0J7B","SINHA FAMILY HOLDINGS LTD","","","182 CHURCH ROAD","URMSTON","","MANCHESTER","","M41 9FD","20240612","","","","","","","","","","","1","","","","",""
"D0R6F","SEQUOIA HEALTHCARE LTD","","","167 RODBOURNE ROAD","","","SWINDON","","SN2 2AY","20260506","","","","","","","","","","","1","","","","",""
"D0S4A","DRAGON RETAIL 528 LIMITED","","","THE SQUARE","MERE","","WARMINSTER","","BA12 6DL","20250806","","","","","","","","","","","1","","","","",""
"D0V2W","WELLCARE GROUP LIMITED","","","3 CONGRESS HOUSE","14 LYON ROAD","","HARROW","","HA1 2EN","20230125","","","","","","","","","","","1","","","","",""
"D0W7H","LP SD ONE HUNDRED LIMITED","","","PORTISHEAD MEDICAL CENTRE","VICTORIA SQUARE","PORTISHEAD","BRISTOL","","BS20 6AQ","20230927","","","","","","","","","","","1","","","","",""
"D1F8F","YORK ROAD CO LIMITED","","","60 YORK ROAD","","","PETERLEE","","SR8 2DP","20220601","","","","","","","","","","","1","","","","",""
"D1G8G","PPRX LTD","","","ROOM 112 BIZSPACE BUSINESS CENTRE","4-6 WADSWORTH ROAD","PERIVALE","GREENFORD","","UB6 7JJ","20210609","","","","","","","","","","","1","","","","",""
"D1J0H","BAKEWELL HEALTHCARE LTD","","","3-5 GRANBY CROFT","","","BAKEWELL","","DE45 1ET","20250326","","","","","","","","","","","1","","","","",""
"D1N0R","LP SD SIXTY FIVE LIMITED","","","5 LUTTERWORTH ROAD","BLABY","","LEICESTER","","LE8 4DW","20230927","","","","","","","","","","","1","","","","",""
"D1Q8T","KNUTSFORD HEALTHCARE LTD","","","93 TOWN LANE","MOBBERLEY","","KNUTSFORD","","WA16 7HH","20210908","","","","","","","","","","","1","","","","",""
"D1T5P","LIONS PHARMA LIMITED","","","UNIT 2","LOCAL RETAIL CENTRE","TAY ROAD","LEICESTER","","LE19 4EW","20260506","","","","","","","","","","","1","","","","",""
"D1U7D","JEEVAN PHARMA LIMITED","","","12 BLUEBELL ROAD","","","CRADLEY HEATH","","B64 5NP","20240327","","","","","","","","","","","1","","","","",""
"D1V6X","OLDHAM HEALTHCARE LIMITED","","","348 OLDHAM ROAD","","","ASHTON-UNDER-LYNE","","OL7 9PS","20240103","","","","","","","","","","","1","","","","",""
"D1V8R","BEIGHTON HEALTHCARE LTD","","","QUEENS ROAD MEDICAL CENTRE","QUEENS ROAD","BEIGHTON","SHEFFIELD","","S20 1BJ","20240814","","","","","","","","","","","1","","","","",""
"D2E8H","AP SD THIRTEEN LIMITED","","","48-50 MAIN STREET","","","SEDBERGH","","LA10 5BL","20260204","","","","","","","","","","","1","","","","",""
"D2G2T","MWP BUTCHER HILL LTD","","","195-197 BUTCHER HILL","","","LEEDS","","LS16 5BQ","20260624","","","","","","","","","","","1","","","","",""
"D2I4W","CUBE THERAPIES LTD","","","1A KINGSLEY GARDENS","CHINGFORD","","LONDON","","E4 8JS","20250115","","","","","","","","","","","1","","","","",""
"D2I5P","SEACROFT PHARMA LIMITED","","","868 YORK ROAD","","","LEEDS","","LS14 6DX","20250709","","","","","","","","","","","1","","","","",""
"D2I6C","CHEQUERFIELD HEALTHCARE LTD","","","1 THE CIRCLE","","","PONTEFRACT","","WF8 2AY","20260603","","","","","","","","","","","1","","","","",""
"D2I9Q","DEVON HEALTHCARE SOLUTIONS LTD","","","UNIT 23 DANEHEATH BUSINESS PARK","WENTWORTH ROAD","HEATHFIELD INDUSTRIAL ESTATE","NEWTON ABBOT","","TQ12 6TL","20210922","","","","","","","","","","","1","","","","",""
"D2L7T","ASPECT HEALTHCARE SERVICES LIMITED","","","149 CHESTER ROAD","","","SUNDERLAND","","SR4 7HS","20240710","","","","","","","","","","","1","","","","",""
"D2M7E","SLOANE MEDICA LTD","","","149B SLOANE STREET","KENSINGTON AND CHELSEA","","LONDON","","SW1X 9BZ","20260304","","","","","","","","","","","1","","","","",""
"D2O2X","SAAAI PHARMA LTD","","","141 LONG CAUSEWAY","ADEL","","LEEDS","","LS16 8EX","20250108","","","","","","","","","","","1","","","","",""
"D2S9L","THE PHARMACY GROUP LTD","","","79 YORKSHIRE STREET","","","ROCHDALE","","OL16 1DB","20210804","","","","","","","","","","","1","","","","",""
"D2Z4G","NEYLAND PHARMACY LTD","","","94 HIGH STREET","NEYLAND","","MILFORD HAVEN","","SA73 1TF","20101206","","","","","","","","","","","1","","","","",""
"D2Z4X","NPVR LIMITED","","","ORSBORN HOUSE","55 TERRACE ROAD","","BIRMINGHAM","","B19 1BP","20240626","","","","","","","","","","","1","","","","",""
"D3A2X","SDR PHARMA LIMITED","","","64 BLABY ROAD","SOUTH WIGSTON","","WIGSTON","","LE18 4SD","20210512","","","","","","","","","","","1","","","","",""
"D3B4Y","SHAFFA HEALTHCARE LTD","","","112 SOUTH EALING ROAD","","","LONDON","","W5 4QJ","20221214","","","","","","","","","","","1","","","","",""
"D3B8P","AJIDO LTD","","","1 WHITEHALL TERRACE","","","SUNDERLAND","","SR4 7SN","20240424","","","","","","","","","","","1","","","","",""
"D3F9R","TENNANT HEALTHCARE LIMITED","","","TENNANT STREET MEDICAL CENTRE","TENNANT STREET","","STOCKTON-ON-TEES","","TS18 2AT","20240904","","","","","","","","","","","1","","","","",""
"D3J3O","LP SD ONE HUNDRED THREE LIMITED","","","STIRLING MEDICAL CENTRE","STIRLING STREET","","GRIMSBY","","DN31 3AE","20230927","","","","","","","","","","","1","","","","",""
"D3M0M","HELAS HEALTHCARE LTD","","","43 ST. HELIER AVENUE","","","MORDEN","","SM4 6HY","20250612","","","","","","","","","","","1","","","","",""
"D3N3I","S K PHARMACARE NEWCASTLE LTD","","","26 SHIELDS ROAD","BYKER","","NEWCASTLE UPON TYNE","","NE6 1DR","20260211","","","","","","","","","","","1","","","","",""
"D3Q2X","MEDIS PHARMA LTD","","","OFFICE 5","THE NUCLEUS","BRUNEL WAY","DARTFORD","","DA1 5GA","20240814","20250904","","","","","","","","","","1","","","","",""
"D3R3U","FELIXSTOWE HEALTHCARE LLP","","","THE GROVE MEDICAL CENTRE","GROVE ROAD","","FELIXSTOWE","","IP11 9GA","20210310","","","","","","","","","","","1","","","","",""
"D3R7F","MEDIPHARMA HC LIMITED","","","UNIT 20","HOLROYD BUSINESS CENTRE","CARR BOTTOM ROAD","BRADFORD","","BD5 9BP","20250514","","","","","","","","","","","1","","","","",""
"D3S6N","REGENT HEALTH LTD","","","51 CROWN WAY","LILLINGTON","","LEAMINGTON SPA","","CV32 7SH","20230524","","","","","","","","","","","1","","","","",""
"D3S9D","AP SD THIRTY ONE LIMITED","","","KINGSWOOD VILLAGE CENTRE","SCHOOL LANE","KINGSWOOD","HULL","","HU7 3JQ","20260902","","","","","","","","","","","1","","","","",""
"D4A5R","SNJ HEALTH LIMITED","","","100 MOUNT ROAD","SOUTHDOWN","","BATH","","BA2 1LN","20240103","","","","","","","","","","","1","","","","",""
"D4D6Z","RASU PHARMA LTD","","","257A PENHILL DRIVE","","","SWINDON","","SN2 5HN","20260128","","","","","","","","","","","1","","","","",""
"D4H1Q","LP SD NINETY FIVE LIMITED","","","8 RAINHAM SHOPPING CENTRE","RAINHAM","","GILLINGHAM","","ME8 7HW","20230920","20250617","","","","","","","","","","1","","","","",""
"D4J1J","LP SD SIXTY NINE LIMITED","","","304 MARFLEET LANE","","","HULL","","HU9 5AQ","20230920","","","","","","","","","","","1","","","","",""
"D4N3D","MEDLEARN LTD","","","158 OXFORD ROAD","COWLEY","","OXFORD","","OX4 2LA","20260715","","","","","","","","","","","1","","","","",""
"D4U4M","LP SD TWO LIMITED","","","CAROLINE SQUARE","93 HIGH STREET","","SKIPTON","","BD23 1DA","20230705","","","","","","","","","","","1","","","","",""
"D4X7V","MEDIVAL (YORKSHIRE) LTD","","","100 ALLERTON ROAD","","","BRADFORD","","BD8 0AZ","20240313","","","","","","","","","","","1","","","","",""
"D4Z1G","AP SD SIX LIMITED","","","29 DERBY STREET","HANLEY","","STOKE-ON-TRENT","","ST1 3LE","20260723","","","","","","","","","","","1","","","","",""
"D4Z8D","WICK PHARMA LTD","","","6 CHASE MEADOW SQUARE","NARROW HALL MEADOW","","WARWICK","","CV34 6BT","20250813","","","","","","","","","","","1","","","","",""
"D5A3E","LP SD TWENTY FIVE LIMITED","","","THE SURGERY","LOWER HILLMORTON ROAD","","RUGBY","","CV21 3AQ","20230705","","","","","","","","","","","1","","","","",""
"D5J5B","GPHARM HEALTHCARE LIMITED","","","UNIT 9","QUEEN STREET","GOLBORNE","WARRINGTON","","WA3 3AF","20230524","","","","","","","","","","","1","","","","",""
"D5L7S","ZEEFAH PHARMA LIMITED","","","283 SOUTH NORWOOD HILL","","","LONDON","","SE25 6DP","20240207","","","","","","","","","","","1","","","","",""
"D5N1L","LP SD THIRTY FOUR LIMITED","","","UNIT 2","CHICHESTER ROAD","ROMILEY","STOCKPORT","","SK6 4BL","20230719","","","","","","","","","","","1","","","","",""
"D5N5G","JENNY WHITE LTD","","","HIGH STREET","","","RHOSNEIGR","","LL64 5UX","20220101","","","","","","","","","","","1","","","","",""
"D5N5V","BIERLEY BRADFORD LIMITED","","","73A HAMBLEDON AVENUE","","","BRADFORD","","BD4 6AX","20260401","","","","","","","","","","","1","","","","",""
"D5N6C","EM MORRIS LTD","","","51 STATION ROAD","UPPER BRYNAMMAN","","AMMANFORD","","SA18 1SH","20091001","","","","","","","","","","","1","","","","",""
"D5O9Q","ARLINGTON ROAD HEALTHCARE LLP","","","ARLINGTON ROAD PHARMACY","1 ARLINGTON ROAD","","EASTBOURNE","","BN21 1DH","20240313","","","","","","","","","","","1","","","","",""
"D5Q1A","MARGATE HEALTHCARE LIMITED","","","5-9 HAWLEY STREET","","","MARGATE","","CT9 1PU","20260624","","","","","","","","","","","1","","","","",""
"D5Q5V","WELLCARE (STOKE NEWINGTON) LIMITED","","","50 NEWINGTON GREEN","STOKE NEWINGTON","","LONDON","","N16 9PX","20230208","","","","","","","","","","","1","","","","",""
"D5R2V","INSTANT MEDS HEALTHCARE LTD","","","2 CHAUCER ROAD","","","LUTON","","LU3 1EL","20250423","","","","","","","","","","","1","","","","",""
"D5W1K","PHARMACEUTRA LIMITED","","","64 BOROUGH HIGH STREET","","","LONDON","","SE1 1XF","20231122","","","","","","","","","","","1","","","","",""
"D5W4U","LONGMOOR HEALTHCARE LIMITED","","","654 LONGMOOR LANE","","","LIVERPOOL","","L10 9LA","20230802","","","","","","","","","","","1","","","","",""
"D5X0E","AVANA HEALTHCARE LIMITED","","","1A TOWER PARADE","","","WHITSTABLE","","CT5 2BJ","20230913","","","","","","","","","","","1","","","","",""
"D5X1H","SMK THOMAS","","","34 HIGH STREET","","","COWBRIDGE","","CF71 7AG","20150331","20250430","","","","","","","","","","1","","","","",""
"D6F3M","NHK HEALTH LTD","","","76 ST. MARY STREET","","","SOUTHAMPTON","","SO14 1NY","20230614","20240910","","","","","","","","","","1","","","","",""
"D6H5G","AYC NORTH END LTD","","","ABERPORTH","","","CARDIGAN","","SA43 2EU","20091001","","","","","","","","","","","1","","","","",""
"D6I9M","LP SD THIRTY TWO LIMITED","","","175 THE RIDGEWAY","","","DUDLEY","","DY3 3UH","20230719","","","","","","","","","","","1","","","","",""
"D6O0V","SOUTHWEST PHARMA LIMITED","","","UNIT B15","MERCURY BUSINESS PARK","BRADNINCH","EXETER","","EX5 4BL","20240207","","","","","","","","","","","1","","","","",""
"D6U6D","DRAGON RETAIL 333 LIMITED","","","1 BRIDGE STREET","KENFIG HILL","","BRIDGEND","","CF33 6DB","20250702","","","","","","","","","","","1","","","","",""
"D6Y8Y","SAMNISH LIMITED","","","418 WHITMORE WAY","","","BASILDON","","SS14 2HB","20250219","","","","","","","","","","","1","","","","",""
"D7B5Z","BHOGALS (HESTON) LTD","","","18 ST. JOHNS ROAD","","","ISLEWORTH","","TW7 6NW","20240605","","","","","","","","","","","1","","","","",""
"D7M5S","AP SD EIGHTY TWO LIMITED","","","BURNHAM HEALTH CENTRE","MINNIECROFT ROAD","BURNHAM","SLOUGH","","SL1 7DE","20260408","","","","","","","","","","","1","","","","",""
"D7Q3E","DENBIGH HEALTHCARE LTD","","","60 DENBIGH ROAD","","","LUTON","","LU3 1NR","20250723","","","","","","","","","","","1","","","","",""
"D7T7T","KUVER LIMITED","","","GEORGE EWEN HOUSE","WATLING STREET","LEADGATE","CONSETT","","DH8 6DP","20241002","20251106","","","","","","","","","","1","","","","",""
"D7U3W","HOLLINGWORTH MEDICAL SERVICES LTD","","","88 CHURCH STREET","","","LITTLEBOROUGH","","OL15 8AU","20230809","","","","","","","","","","","1","","","","",""
"D7X9Q","MR HS REES","","","THE PHARMACY","SEAVIEW TERRACE","PENCLAWDD","SWANSEA","","SA4 3YF","20091001","","","","","","","","","","","1","","","","",""
"D7Y1Y","ELEVATE PHARM LTD","","","35 PARK PARADE","LEIGH PARK","","HAVANT","","PO9 5AA","20260211","","","","","","","","","","","1","","","","",""
"D8F1N","AP SD FIFTY TWO LIMITED","","","44 MALABAR ROAD","","","LEICESTER","","LE1 2PD","20260713","","","","","","","","","","","1","","","","",""
"D8H1P","KVP MEDICARE LIMITED","","","67 NORTON WAY NORTH","","","LETCHWORTH GARDEN CITY","","SG6 1BH","20260204","","","","","","","","","","","1","","","","",""
"D8S1J","MEDGATE PRIME LTD","","","14 MAIN STREET","SPROTBROUGH","","DONCASTER","","DN5 7RF","20250409","","","","","","","","","","","1","","","","",""
"D8U0A","AP SD TWENTY ONE LIMITED","","","WATSON STREET","","","GATESHEAD","","NE8 2PQ","20260303","","","","","","","","","","","1","","","","",""
"D8V3I","FARMACEUTICS HEALTHCARE LIMITED","","","40 KING STREET","WHALLEY","","CLITHEROE","","BB7 9SL","20230531","","","","","","","","","","","1","","","","",""
"D8V4I","MAYBUSH HEALTHCARE LIMITED","","","PENDLETON GATEWAY","1 BROADWALK","","SALFORD","","M6 5FX","20230726","","","","","","","","","","","1","","","","",""
"D8W6A","FERRYBRIDGE HEALTHCARE LIMITED","","","6 HIGH STREET","","","KNOTTINGLEY","","WF11 8NQ","20230809","","","","","","","","","","","1","","","","",""
"D8Z8B","ASCENT (HOLME HALL) LIMITED","","","UNIT 7","WARDGATE WAY","","CHESTERFIELD","","S40 4SL","20250212","","","","","","","","","","","1","","","","",""
"D9C5S","HEALTHNEST PHARMA LIMITED","","","205A ILKESTON ROAD","LENTON","","NOTTINGHAM","","NG7 3FW","20260610","","","","","","","","","","","1","","","","",""
"D9J8X","AMYKAS LTD","","","10-16 ST. AUGUSTINES GATE","HEDON","","HULL","","HU12 8EX","20250423","","","","","","","","","","","1","","","","",""
"D9K8R","GALE FARM HEALTHCARE LLP","","","109-119 FRONT STREET","ACOMB","","YORK","","YO24 3BU","20240313","","","","","","","","","","","1","","","","",""
"D9N5L","AW (LONGHILL) LIMITED","","","164 SHANNON ROAD","LONGHILL","","HULL","","HU8 9RW","20250108","","","","","","","","","","","1","","","","",""
"D9P5O","CAMBERLEY HEALTHCARE LLP","","","37 UPPER GORDON ROAD","","","CAMBERLEY","","GU15 2HJ","20240313","","","","","","","","","","","1","","","","",""
"D9Z3H","PHARMASEE LTD","","","59 MONTROSE AVENUE","","","DONCASTER","","DN2 6QP","20250108","","","","","","","","","","","1","","","","",""
"E0C5F","GEOFF THOMAS LTD","","","361 MALPAS ROAD","","","NEWPORT","","NP20 6WB","20091001","","","","","","","","","","","1","","","","",""
"E0F5X","KAUR'S MEDICAL LTD","","","8 SPRINGS PARADE","","","BRIGG","","DN20 8EQ","20240508","20260725","","","","","","","","","","1","","","","",""
"E0F8G","WIBSEY HEALTHCARE LTD","","","1 FAIR ROAD","WIBSEY","","BRADFORD","","BD6 1TP","20231101","","","","","","","","","","","1","","","","",""
"E0L5U","AP SD EIGHTY ONE LIMITED","","","WAITROSE STORE","HONEYBOURNE WAY","","CHELTENHAM","","GL50 3QW","20260422","","","","","","","","","","","1","","","","",""
"E0O8F","QUILLIAM CARE LTD","","","11 ROWAN TRADE PARK","NEVILLE ROAD","","BRADFORD","","BD4 8TQ","20251210","","","","","","","","","","","1","","","","",""
"E0S2J","BOLTON PHARMACY","","","303 PLODDER LANE","FARNWORTH","","BOLTON","","BL4 0BR","20221026","","","","","","","","","","","1","","","","",""
"E0U8C","BEAR CROSS PHARMA LTD","","","52 ANCHOR ROAD","BEAR CROSS","","BOURNEMOUTH","","BH11 9HS","20231129","","","","","","","","","","","1","","","","",""
"E0W2H","RAMSGATE HEALTH LIMITED","","","3-5 KING STREET","","","RAMSGATE","","CT11 8NN","20230426","","","","","","","","","","","1","","","","",""
"E0W5G","MEDS & CARE LTD","","","UNIT 4","DERWENT STREET","","SHEFFIELD","","S2 5BN","20250702","","","","","","","","","","","1","","","","",""
"E0X2S","FISHGUARD PHARMA LTD","","","5 ROPEWALK","","","FISHGUARD","","SA65 9BT","20230701","","","","","","","","","","","1","","","","",""
"E1B7S","DRAGON RETAIL 601 LIMITED","","","13 BEWICK ROAD","","","GATESHEAD","","NE8 4DP","20250716","","","","","","","","","","","1","","","","",""
"E1G2H","PARKSIDE BENTON LIMITED","","","335 BENTON ROAD","","","NEWCASTLE UPON TYNE","","NE7 7EE","20230726","","","","","","","","","","","1","","","","",""
"E1G3N","MB STALBRIDGE LIMITED","","","HIGH STREET","STALBRIDGE","","STURMINSTER NEWTON","","DT10 2LL","20230712","","","","","","","","","","","1","","","","",""
"E1L0A","LP SD SEVENTY EIGHT LIMITED","","","246 EAVES LANE","","","CHORLEY","","PR6 0ET","20230920","","","","","","","","","","","1","","","","",""
"E1L7X","BARLEY HEALTHCARE LTD","","","TORCH WAY","","","MARKET HARBOROUGH","","LE16 9HL","20230607","","","","","","","","","","","1","","","","",""
"E1L8M","KL HEALTHCARE LTD","","","HIGH STREET","BISHOPS WALTHAM","","SOUTHAMPTON","","SO32 1AB","20240410","","","","","","","","","","","1","","","","",""
"E1O4G","M&M DISTRIBUTION LONDON LIMITED","","","CHAWTON PARK ROAD","","","ALTON","","GU34 1RJ","20240612","","","","","","","","","","","1","","","","",""
"E1O4S","RUKEM LTD","","","71 MONKTON ROAD","","","YORK","","YO31 9AL","20260826","","","","","","","","","","","1","","","","",""
"E1P8Z","SHAVARATH LIMITED","","","105 FORE STREET","NORTH PETHERTON","","BRIDGWATER","","TA6 6RY","20230531","","","","","","","","","","","1","","","","",""
"E2A6G","ASTLEY HEALTHCARE LIMITED","","","391 MANCHESTER ROAD","ASTLEY","TYLDESLEY","MANCHESTER","","M29 7BY","20231004","","","","","","","","","","","1","","","","",""
"E2H4Z","LP SD ONE HUNDRED ONE LIMITED","","","WAITROSE STORE","HARBOUR ROAD","PORTISHEAD","BRISTOL","","BS20 7DE","20230927","","","","","","","","","","","1","","","","",""
"E2I6T","WCC PHARMA LIMITED","","","21 STORY STREET","","","HULL","","HU1 3SA","20260820","","","","","","","","","","","1","","","","",""
"E2K0I","LP SD FORTY ONE LIMITED","","","CORBRIDGE COMMUNITY HEALTH CENTRE","CHURCH TERRACE","","STOKE-ON-TRENT","","ST6 2JN","20230726","20260316","","","","","","","","","","1","","","","",""
"E2K8Z","MIMB HEALTHCARE LTD","","","113 BILSTON STREET","SEDGLEY","","DUDLEY","","DY3 1JE","20260325","","","","","","","","","","","1","","","","",""
"E2L9V","EVEREST BARLOW LTD","","","280 BARLOW MOOR ROAD","CHORLTON-CUM-HARDY","","MANCHESTER","","M21 8HA","20240110","","","","","","","","","","","1","","","","",""
"E2M1T","MMC PHARM(A) LIMITED","","","UNIT 1 MITRE COURT","BISHOPSFIELD ROAD","","FAREHAM","","PO14 1LN","20241218","","","","","","","","","","","1","","","","",""
"E2M4Q","OAK ROAD HEALTHCARE LIMITED","","","4C HEOL Y DERI","RHIWBINA","","CARDIFF","","CF14 6HF","20260325","","","","","","","","","","","1","","","","",""
"E2P8H","NORTHERN PHARMA LIMITED","","","9 THE CHARE","","","PETERLEE","","SR8 1AE","20260603","","","","","","","","","","","1","","","","",""
"E2V4C","ROSECHEM LTD","","","BLACKTHORN HEALTH CENTRE","SATCHELL LANE","HAMBLE","SOUTHAMPTON","","SO31 4NQ","20230503","","","","","","","","","","","1","","","","",""
"E2W5M","KESHAV PHARM LTD","","","24 COLDHARBOUR LANE","","","HAYES","","UB3 3EW","20230322","","","","","","","","","","","1","","","","",""
"E2Z6U","RAJLILA LIMITED","","","5 SOUTH VIEW","ROADE","","NORTHAMPTON","","NN7 2NS","20210526","","","","","","","","","","","1","","","","",""
"E3F1B","MX PHARMACY LIMITED","","","51-53 LONGRIDGE ROAD","RIBBLETON","","PRESTON","","PR2 6RE","20240605","","","","","","","","","","","1","","","","",""
"E3I1K","AP SD THREE LIMITED","","","6 MARKET SQUARE","","","SOUTH PETHERTON","","TA13 5BT","20260204","","","","","","","","","","","1","","","","",""
"E3L2F","OMEGA CHEMIST LIMITED","","","25 FLAMSTEED ROAD","","","NOTTINGHAM","","NG8 6LR","20250721","","","","","","","","","","","1","","","","",""
"E3P5G","MITCHAM HEALTHCARE LIMITED","","","75-79 MILES ROAD","MITCHAM","","MITCHAM","","CR4 3DA","20230510","","","","","","","","","","","1","","","","",""
"E3S7Y","VIDA ROGERS (BARGOED) LTD","","","18 HANBURY ROAD","","","BARGOED","","CF81 8QS","20190401","","","","","","","","","","","1","","","","",""
"E3U6G","OLIVE AND RUBY LIMITED","","","86 WOLVERHAMPTON ROAD","CODSALL","","WOLVERHAMPTON","","WV8 1PE","20230621","","","","","","","","","","","1","","","","",""
"E3W7F","HORFIELD BRISTOL LTD","","","508 FILTON AVENUE","HORFIELD","","BRISTOL","","BS7 0QE","20260401","","","","","","","","","","","1","","","","",""
"E3Y0G","CA HEALTH LIMITED","","","70 SIR FRANK WILLIAMS AVENUE","","","DIDCOT","","OX11 6DR","20250409","","","","","","","","","","","1","","","","",""
"E4E4B","DRAGON RETAIL 537 LIMITED","","","ASKWITH ROAD","SAINTBRIDGE","","GLOUCESTER","","GL4 4SH","20250924","","","","","","","","","","","1","","","","",""
"E4G2Y","VMA HEALTHCARE SERVICES LIMITED","","","MARFLEET PRIMARY HEALTH CARE CENTRE","340 PRESTON ROAD","","HULL","","HU9 5HH","20230614","","","","","","","","","","","1","","","","",""
"E4J3C","PRIMARY CARE CHEMISTS LIMITED","","","492A MERTON ROAD","","","LONDON","","SW18 5AE","20201001","","","","","","","","","","","1","","","","",""
"E4K0F","LEWIS CHEMISTS LTD","","","499 LLANGYFELACH ROAD","BRYNHYFRYD","","SWANSEA","","SA5 9EA","20170320","","","","","","","","","","","1","","","","",""
"E4P9J","FITTLEWORTH MEDICAL LTD","","","2 HENRY LOCK WAY","","","LITTLEHAMPTON","","BN17 7FB","19480101","","","","","","","","","","","1","","","","",""
"E4U8B","NEATH PHARMACY LTD","","","32 ORCHARD STREET","","","NEATH","","SA11 1HA","20191011","","","","","","","","","","","1","","","","",""
"E5A1X","STOCKWOOD PHARM LTD","","","74-76 HOLLWAY ROAD","","","BRISTOL","","BS14 8PG","20210113","","","","","","","","","","","1","","","","",""
"E5F5E","SB & VB LIMITED","","","13 STATION SQUARE","PETTS WOOD","","ORPINGTON","","BR5 1LY","20251008","","","","","","","","","","","1","","","","",""
"E5J0O","LP SD ONE HUNDRED SEVEN LIMITED","","","2 THE BURDWOOD CENTRE","","","THATCHAM","","RG19 4YA","20230920","","","","","","","","","","","1","","","","",""
"E5R3U","OLAKANMI LTD","","","MAIN STREET","POOL IN WHARFEDALE","","OTLEY","","LS21 1LH","20210310","","","","","","","","","","","1","","","","",""
"E5T1P","LPHARM LTD","","","36 NUXLEY ROAD","","","BELVEDERE","","DA17 5JG","20201209","","","","","","","","","","","1","","","","",""
"E5U5G","COMPLETE HEALTHCARE SERVICE LTD","","","12 MAIN STREET","CROSS HILLS","","KEIGHLEY","","BD20 8TB","20260422","","","","","","","","","","","1","","","","",""
"E5U7V","M & A PHARMA LTD","","","UNIT 22","RICHMOND INDUSTRIAL ESTATE","RICHMOND STREET","ACCRINGTON","","BB5 0RJ","20210113","","","","","","","","","","","1","","","","",""
"E6A5B","DRAGON RETAIL LIMITED","","","68 HIGH STREET","","","FERNDALE","","CF43 4RR","20250528","20260731","","","","","","","","","","1","","","","",""
"E6C8V","PHARMILY HEALTH PLUS LTD","","","BECKSIDE","MALTONGATE","THORNTON-LE-DALE","PICKERING","","YO18 7RJ","20240821","","","","","","","","","","","1","","","","",""
"E6I5P","AVENDER PHARMA LIMITED","","","ASKWITH ROAD","","","GLOUCESTER","","GL4 4SH","20241211","20260426","","","","","","","","","","1","","","","",""
"E6I8Y","RAS MEDSHUB LIMITED","","","UNIT 19","77-87 TRAFALGAR BUSINESS CENTRE","RIVER ROAD","BARKING","","IG11 0JU","20230614","20250514","","","","","","","","","","1","","","","",""
"E6M2J","SIDCUP HEALTHCARE PHARMACY","","","196 HIGHAM HILL ROAD","WALTHAMSTOW","","LONDON","","E17 5RQ","20241106","","","","","","","","","","","1","","","","",""
"E6M6G","BRAVO PHARMACEUTICAL LTD","","","2 BROADWAY","HANWELL","","LONDON","","W7 3SS","20260318","","","","","","","","","","","1","","","","",""
"E6N0B","WREKENTON HEALTHCARE LIMITED","","","7 WREKENTON ROW","","","GATESHEAD","","NE9 7JD","20241002","","","","","","","","","","","1","","","","",""
"E6P3O","VOOT LIMITED","","","63-65 MAYORS WALK","WEST TOWN","","PETERBOROUGH","","PE3 6EX","20211013","","","","","","","","","","","1","","","","",""
"E6W4V","AP SD FIFTY THREE LIMITED","","","BHI PARKSIDE MEDICAL CENTRE","STOURBRIDGE ROAD","","BROMSGROVE","","B61 0AZ","20260527","","","","","","","","","","","1","","","","",""
"E6X3M","301PHARMASERVICES LIMITED","","","301 FARNHAM ROAD","","","SLOUGH","","SL2 1HD","20230215","","","","","","","","","","","1","","","","",""
"E6X8K","HYDE MANCHESTER LTD","","","9-11 MOTTRAM MOOR","MOTTRAM","","HYDE","","SK14 6LA","20260415","","","","","","","","","","","1","","","","",""
"E7Q0J","AP SD EIGHT LIMITED","","","TRURO HEALTH PARK","INFIRMARY HILL","","TRURO","","TR1 2JA","20260128","","","","","","","","","","","1","","","","",""
"E7R0K","WOODHOUSE HEALTHCARE LIMITED","","","209 WOODHOUSE ROAD","","","LONDON","","N12 9AY","20240214","","","","","","","","","","","1","","","","",""
"E7U6S","MEDS2YOU LTD","","","114-116 HIGH STREET","COLESHILL","","BIRMINGHAM","","B46 3BJ","20230628","","","","","","","","","","","1","","","","",""
"E7X9B","DRAGON RETAIL 803 LIMITED","","","20 LONDON ROAD","","","WICKFORD","","SS12 0AN","20251029","","","","","","","","","","","1","","","","",""
"E8C5S","PHARMA4YOU LTD","","","170 TUDOR DRIVE","","","KINGSTON UPON THAMES","","KT2 5QG","20211117","","","","","","","","","","","1","","","","",""
"E8F1Y","RAPHIA UK LIMITED","","","27-29 MARLBOROUGH STREET","DEVONPORT","","PLYMOUTH","","PL1 4AE","20230510","","","","","","","","","","","1","","","","",""
"E8L1V","GLYN CEIRIOG PHARMACY LTD","","","NEW ROAD","GLYN CEIRIOG","","LLANGOLLEN","","LL20 7HE","20220801","","","","","","","","","","","1","","","","",""
"E8L5E","PREMPHARM III LIMITED","","","67 NEW ROAD","NETLEY ABBEY","","SOUTHAMPTON","","SO31 5BN","20231025","","","","","","","","","","","1","","","","",""
"E8M1R","SWALE PHARMA LTD","","","2 RAILWAY TERRACE","","","QUEENBOROUGH","","ME11 5AY","20260225","","","","","","","","","","","1","","","","",""
"E8O6N","COX NOTTINGHAM LIMITED","","","87 OAKDALE ROAD","BAKERSFIELD","","NOTTINGHAM","","NG3 7EJ","20240320","","","","","","","","","","","1","","","","",""
"E8R5V","FAITH PHARMACY LIMITED","","","7 NEW SHOP PARADE","GREENFIELD ROAD","GREENFIELD","HOLYWELL","","CH8 7QS","20230901","","","","","","","","","","","1","","","","",""
"E8T0O","YEADING PHARMA LIMITED","","","236 YEADING LANE","","","HAYES","","UB4 9AX","20260527","","","","","","","","","","","1","","","","",""
"E8Z6E","ASVACARE LTD","","","32 QUEENS ROAD","","","BUCKHURST HILL","","IG9 5BY","20210407","","","","","","","","","","","1","","","","",""
"E9E8M","HELEN & SCOTT BAKER","","","67 PARLIAMENT STREET","","","RAMSEY","","IM8 1AY","20240904","","","","","","","","","","","1","","","","",""
"E9L9B","TIMAKAU LTD","","","UNIT 4","FLEET ROAD INDUSTRIAL ESTATE","FLEET","SPALDING","","PE12 8LY","20240717","","","","","","","","","","","1","","","","",""
"E9Q9T","DHAND INVESTMENT CAPITAL LIMITED","","","40-42 HARROGATE ROAD","","","LEEDS","","LS7 4LA","20250730","","","","","","","","","","","1","","","","",""
"E9R2E","RAGLAN PHARMACY LTD","","","HIGH STREET","RAGLAN","","USK","","NP15 2DY","20170801","","","","","","","","","","","1","","","","",""
"F0B1Y","MAYAH HEALTH LTD","","","UNIT 6","535 SOUTHCHURCH ROAD","","SOUTHEND-ON-SEA","","SS1 2AY","20211204","","","","","","","","","","","1","","","","",""
"F0F4R","DRAGON RETAIL 715 LIMITED","","","THE FORUM","17 HIGH STREET WEST","","WALLSEND","","NE28 8JA","20260715","","","","","","","","","","","1","","","","",""
"F0G5X","LP SD FIFTEEN LIMITED","","","WHITBY GROUP PRACTICE","114 CHESTER ROAD","WHITBY","ELLESMERE PORT","","CH65 6TG","20230712","","","","","","","","","","","1","","","","",""
"F0N7H","FERNDOWN HEALTHCARE LIMITED","","","FERNDOWN MEDICAL CENTRE","ST. MARYS ROAD","","FERNDOWN","","BH22 9HB","20241106","","","","","","","","","","","1","","","","",""
"F0Z2E","NORTHERN PHARMACY GROUP LIMITED","","","8B CARRMERE ROAD","LEECHMERE INDUSTRIAL ESTATE","","SUNDERLAND","","SR2 9TW","20221012","","","","","","","","","","","1","","","","",""
"F1B4Q","SSC MEDICAL LTD","","","MARKET PLACE","","","BRAMPTON","","CA8 1RW","20211222","","","","","","","","","","","1","","","","",""
"F1H8X","FARMAKEION LTD","","","CHURCH CORNER HOUSE","285 MAIN ROAD","SOUTHBOURNE","EMSWORTH","","PO10 8JG","20241009","","","","","","","","","","","1","","","","",""
"F1P0B","TALBOT ROAD HEALTHCARE LIMITED","","","110 TALBOT ROAD","","","BLACKPOOL","","FY1 1LR","20250326","","","","","","","","","","","1","","","","",""
"F1S2F","WITTON LTD","","","6 PRESTON OLD ROAD","","","BLACKBURN","","BB2 2SS","20260218","","","","","","","","","","","1","","","","",""
"F1Z4G","CLINICAL PHARMA LIMITED","","","18 CHEQUER STREET","BULKINGTON","","BEDWORTH","","CV12 9NH","20260107","","","","","","","","","","","1","","","","",""
"F1Z5P","LP SD TWELVE LIMITED","","","4 STRAWBERRY PLACE","MORRISTON","","SWANSEA","","SA6 7AG","20230901","","","","","","","","","","","1","","","","",""
"F2B0M","HEALTH CARE LIMITED","","","32 PICKFORD LANE","","","BEXLEYHEATH","","DA7 4QW","20220928","","","","","","","","","","","1","","","","",""
"F2H1V","CLAYTON PHARM LTD","","","UNIT 22 HERLINGTON CENTRE","ORTON MALBORNE","","PETERBOROUGH","","PE2 5PN","20260708","","","","","","","","","","","1","","","","",""
"F2P2U","LP SD TWENTY LIMITED","","","180 SANDGATE ROAD","","","FOLKESTONE","","CT20 2HN","20230712","","","","","","","","","","","1","","","","",""
"F2X9J","LP SD NINETY LIMITED","","","1 THE GREEN","MERIDEN","","COVENTRY","","CV7 7LN","20230920","","","","","","","","","","","1","","","","",""
"F3E1G","UM HEALTHCARE LTD","","","SUITE 3","BRIDGEWATER HOUSE","SURREY ROAD","NELSON","","BB9 7TZ","20240918","","","","","","","","","","","1","","","","",""
"F3S4E","THE PRIVATE PHARMACY GROUP LIMITED","","","UNIT 2","PREMIER PARK ROAD","","LONDON","","NW10 7NZ","20220316","","","","","","","","","","","1","","","","",""
"F3X2B","BEXIPHARMA LTD","","","318-320 CANTERBURY STREET","","","GILLINGHAM","","ME7 5JP","20241120","","","","","","","","","","","1","","","","",""
"F4A6Z","EGGINGTON STREET PHARMACY LTD","","","4 EGGINTON STREET","","","LEICESTER","","LE5 5BA","20221001","","","","","","","","","","","1","","","","",""
"F4B3P","LP SD FORTY EIGHT LIMITED","","","CLARENCE WHARF","BARNSTAPLE STREET","","BIDEFORD","","EX39 4AU","20230802","","","","","","","","","","","1","","","","",""
"F4C2B","DRAGON RETAIL 529 LIMITED","","","SHELLY SHOPPING CENTRE","6 FARMHOUSE WAY","SHIRLEY","SOLIHULL","","B90 4EH","20250910","","","","","","","","","","","1","","","","",""
"F4E0R","NORCHEM HEALTHCARE LTD","","","MERCHANTS WAREHOUSE","CASTLE STREET","","MANCHESTER","","M3 4LZ","20240528","","","","","","","","","","","1","","","","",""
"F4F6O","SHEFF PHARMA LTD","","","1 HINDE HOUSE LANE","","","SHEFFIELD","","S4 8GX","20230111","","","","","","","","","","","1","","","","",""
"F4I6J","MR NICOLAS KAYE","","","495 PORT WAY BMS HOUSE","BALTHANE INDUSTRIAL ESTATE","","BALTHANE, BALLASALLA","","IM9 2AJ","20240507","","","","","","","","","","","1","","","","",""
"F4M5O","PROPHARMACE HEALTHCARE LTD","","","15 QUEENS PARADE","HANGER LANE","","LONDON","","W5 3HU","20250709","","","","","","","","","","","1","","","","",""
"F4N1T","AP SD SEVENTY FIVE LIMITED","","","WESTBURY MC","WESTBURY HILL","WESTBURY-ON-TRYM","BRISTOL","","BS9 3AA","20260401","","","","","","","","","","","1","","","","",""
"F4O4G","SANJAY CHOHAN","","","615 FOREST ROAD","WALTHAMSTOW","","LONDON","","E17 4PP","20220413","","","","","","","","","","","1","","","","",""
"F4S6G","SHAIK UK LTD","","","47-49 CHARLES STREET","","","MILFORD HAVEN","","SA73 2AB","20160601","","","","","","","","","","","1","","","","",""
"F4X3K","RANDHAWA HEALTHCARE LIMITED","","","248 HIPSWELL HIGHWAY","","","COVENTRY","","CV2 5FS","20220209","","","","","","","","","","","1","","","","",""
"F5K9W","ASLAM HEALTHCARE LTD","","","14 MARKET PLACE","","","BERKELEY","","GL13 9BB","20231206","","","","","","","","","","","1","","","","",""
"F5M9F","LP SD SIX LIMITED","","","18 THE GREEN","HASLAND","","CHESTERFIELD","","S41 0LJ","20230705","","","","","","","","","","","1","","","","",""
"F5N2E","MWP HORBURY LTD","","","CLUNTERGATE","HORBURY","","WAKEFIELD","","WF4 5AF","20260923","","","","","","","","","","","1","","","","",""
"F5Q7P","MEDHUT CLINIC LTD","","","UNIT 1 FULFORD BUSINESS CENTRE","35 HOSPITAL FIELDS ROAD","FULFORD INDUSTRIAL ESTATE","YORK","","YO10 4DZ","20250604","","","","","","","","","","","1","","","","",""
"F5U7K","ELITE MEDICA LTD","","","107 I C G HOUSE","STATION APPROACH","OLDFIELD LANE NORTH","GREENFORD","","UB6 0AL","20220706","","","","","","","","","","","1","","","","",""
"F6E7Z","COWLEY HEALTHCARE LIMITED","","","17 IVY CLOSE","COWLEY","","OXFORD","","OX4 2NB","20240110","","","","","","","","","","","1","","","","",""
"F6J4A","G ROWE SERVICES LTD","","","22 OGWY STREET","NANTYMOEL","","BRIDGEND","","CF32 7SA","20190401","","","","","","","","","","","1","","","","",""
"F6Q9I","LUMINA PHARMA LIMITED","","","UNIT 2","SHAW VILLAGE CENTRE","RAMLEAZE DRIVE, SHAW","SWINDON","","SN5 5PY","20260102","","","","","","","","","","","1","","","","",""
"F6R2G","PARKSIDE CRAWCROOK LIMITED","","","PATTINSON DRIVE","CRAWCROOK","","RYTON","","NE40 4US","20230726","","","","","","","","","","","1","","","","",""
"F6S3Z","LP SD FORTY NINE LIMITED","","","8 SEA ROAD","FULWELL","","SUNDERLAND","","SR6 9BX","20230719","20260430","","","","","","","","","","1","","","","",""
"F6U8O","PHARMAX (UK) LTD","","","7 BOURNE PARADE","BOURNE ROAD","","BEXLEY","","DA5 1LQ","20231122","","","","","","","","","","","1","","","","",""
"F7C9D","KPHARM ENTERPRISES LTD","","","264-266 BRICKNELL AVENUE","","","HULL","","HU5 4QG","20240612","","","","","","","","","","","1","","","","",""
"F7P6R","THE FINNEY PHARMA LTD","","","19 RUTLAND STREET","MILLFIELD","","SUNDERLAND","","SR4 6JG","20210721","","","","","","","","","","","1","","","","",""
"F7R3O","ASCENT SPONDON LTD","","","22 CHAPEL STREET","SPONDON","","DERBY","","DE21 7JP","20250212","","","","","","","","","","","1","","","","",""
"F7S4S","LOCUM SEEK LIMITED","","","6 CHESTER COURT","ALBANY STREET","","LONDON","","NW1 4BU","20230301","","","","","","","","","","","1","","","","",""
"F7T3E","NIGEL WILLIAMS CHEMISTS LTD","","","141 RHOSMAEN STREET","","","LLANDEILO","","SA19 6EN","20091001","","","","","","","","","","","1","","","","",""
"F7Y4H","MEDICINE FIRST LTD","","","268 HOLBROOK LANE","","","COVENTRY","","CV6 4DD","20220824","","","","","","","","","","","1","","","","",""
"F8A0O","PHARMHEATH LTD","","","PEMBROKE ROAD","BEMERTON HEATH","","SALISBURY","","SP2 9DJ","20250709","","","","","","","","","","","1","","","","",""
"F8C3B","GILL & NAGRA LIMITED","","","18 SANDFORD AVENUE","","","CHURCH STRETTON","","SY6 6BW","20221221","","","","","","","","","","","1","","","","",""
"F8E7N","JKD LOCUM LIMITED","","","31 LODGE LANE","","","GRAYS","","RM17 5RY","20230719","","","","","","","","","","","1","","","","",""
"F8J6O","PARKEM GROUP LTD","","","102 DOMINION ROAD","GLENFIELD","","LEICESTER","","LE3 8FB","20251220","","","","","","","","","","","1","","","","",""
"F8L7S","ASPHAR LTD","","","19-21 SOUTH KING STREET","","","BLACKPOOL","","FY1 4LS","20240508","","","","","","","","","","","1","","","","",""
"F8O3F","SINGHS MEDICAL DINNINGTON LIMITED","","","UNIT 3 MANA HOUSE","48 LORDENS HILL","DINNINGTON","SHEFFIELD","","S25 2QE","20251217","","","","","","","","","","","1","","","","",""
"F8P4J","ECHO PHARMA LTD","","","OAKFIELD HEALTH CENTRE","WINDSOR ROAD","","GRAVESEND","","DA12 5BW","20260318","","","","","","","","","","","1","","","","",""
"F8S9P","WALTER DEAN & CO LIMITED","","","LEABANK HOUSE","THE COBBLES","WHEATON ASTON","STAFFORD","","ST19 9NB","20221005","","","","","","","","","","","1","","","","",""
"F8V6K","VARIOLINE HEALTH LTD","","","LOWER GROUND FLOOR","46 WOODGRANGE ROAD","","LONDON","","E7 0QH","20210818","","","","","","","","","","","1","","","","",""
"F9A7D","SHAYONA MEDICARE LIMITED","","","226-228 HERTFORD ROAD","","","ENFIELD","","EN3 5BH","20231108","","","","","","","","","","","1","","","","",""
"F9C8D","HEALTHCARE 24 LTD","","","FIRST FLOOR UNIT A","MADISON PLACE","NORTHAMPTON ROAD","MANCHESTER","","M40 5AG","20251008","","","","","","","","","","","1","","","","",""
"F9E9E","CHOLSEY HEALTHCARE LIMITED","","","1 THE POUND","CHOLSEY","","WALLINGFORD","","OX10 9NS","20240103","","","","","","","","","","","1","","","","",""
"F9I0T","WEDNESBURY HEALTHCARE LTD","","","140 CRANKHALL LANE","","","WEDNESBURY","","WS10 0ED","20231122","20260831","","","","","","","","","","1","","","","",""
"F9J0A","INSYNC HEALTHCARE PHARMACY LTD","","","67 THORNHILL ROAD","LLANISHEN","","CARDIFF","","CF14 6PE","20091001","","","","","","","","","","","1","","","","",""
"F9K2L","AP SD TWO LIMITED","","","22 GLOUCESTER STREET","","","WEYMOUTH","","DT4 7AW","20260127","","","","","","","","","","","1","","","","",""
"F9Q0Z","JAMFORM LTD","","","208 YSTRAD ROAD","","","PENTRE","","CF41 7PE","20091001","","","","","","","","","","","1","","","","",""
"F9Q6D","HEALTHRITE UK LIMITED","","","MICK FURY HOUSE","PERRY CLOSE","","RAINHAM","","RM13 8HT","20220803","","","","","","","","","","","1","","","","",""
"F9X9V","AW (TWEEDMOUTH) LTD","","","UNION BRAE SURGERY","UNION BRAE","TWEEDMOUTH","BERWICK-UPON-TWEED","","TD15 2HB","20250108","","","","","","","","","","","1","","","","",""
"G0A8O","A H LOCUMS LTD","","","1 LIVINGSTONE ROAD","","","NOTTINGHAM","","NG3 3GG","20231011","","","","","","","","","","","1","","","","",""
"G0H3G","NIGEL DAVID WILLIAMS","","","109 RHOSMAEN STREET","","","LLANDEILO","","SA19 6EN","20091001","","","","","","","","","","","1","","","","",""
"G0Q0M","ASA PHARM LIMITED","","","10 CROSSTHWAITE AVENUE","CAMBERWELL","","LONDON","","SE5 8ET","20241204","","","","","","","","","","","1","","","","",""
"G0R6R","GOMEDS LTD","","","57 QUEENSWAY","THE CORNBOW SHOPPING CENTRE","","HALESOWEN","","B63 4AG","20260527","","","","","","","","","","","1","","","","",""
"G0V3E","GRAPHICTRAIL LIMITED","","","65 MERE GREEN ROAD","","","SUTTON COLDFIELD","","B75 5BY","20221001","","","","","","","","","","","1","","","","",""
"G0W6G","M&C PHARMA LIMITED","","","MAJESTIC BUILDING","MAJESTIC WAY","","TELFORD","","TF4 3RB","20240703","","","","","","","","","","","1","","","","",""
"G0Z6W","HANELI LTD","","","91 CRICKLEWOOD LANE","CRICKLEWOOD","","LONDON","","NW2 1HR","20260211","","","","","","","","","","","1","","","","",""
"G1I8S","D & D HEALTHCARE (NE) LTD","","","SUITE 4","BYRON HOUSE","HALL DENE WAY","SEAHAM","","SR7 0PY","20211117","","","","","","","","","","","1","","","","",""
"G1M1Z","AP SD TWENTY LIMITED","","","37 WHITECROSS ROAD","","","WESTON-SUPER-MARE","","BS23 1EN","20260202","","","","","","","","","","","1","","","","",""
"G1N4B","DRAGON RETAIL 545 LIMITED","","","9 ELM TREE AVENUE","WESTFIELD","","RADSTOCK","","BA3 3SX","20260610","","","","","","","","","","","1","","","","",""
"G1N5J","JS LLOYDS PHARMA LTD","","","18-20 KENNEDY WAY","","","IMMINGHAM","","DN40 2AE","20240619","","","","","","","","","","","1","","","","",""
"G1Y8U","WELLFIELD HEALTHCARE LTD","","","WELLFIELD MEDICAL CENTRE","53 CRESCENT ROAD","","MANCHESTER","","M8 9JT","20220401","","","","","","","","","","","1","","","","",""
"G2H0L","PHARMBYR LTD","","","12 THE PARADE","WAVERTON PARK","GUY LANE","CHESTER","","CH3 7NX","20231101","","","","","","","","","","","1","","","","",""
"G2I7G","D BUTLER HEALTHCARE LTD","","","379 WOODCHURCH ROAD","PRENTON","","BIRKENHEAD","","CH42 8PE","20210127","","","","","","","","","","","1","","","","",""
"G2Q9N","CLARITY STORES LTD","","","28 KINGS ROAD","","","ST. LEONARDS-ON-SEA","","TN37 6DU","20210210","","","","","","","","","","","1","","","","",""
"G2S4K","WILLIAM HENRY HEALTHCARE PRODUCTS LTD","","","198 CASTELNAU","BARNES","","LONDON","","SW13 9DW","20260610","","","","","","","","","","","1","","","","",""
"G2T7E","L&E HEALTHCARE LTD","","","38 WELL STREET","","","RUTHIN","","LL15 1AW","20210720","","","","","","","","","","","1","","","","",""
"G2T9G","P A PHARMA LTD","","","64 EVERSHOLT STREET","","","LONDON","","NW1 1DA","20250108","","","","","","","","","","","1","","","","",""
"G3A2Y","VITALITY PHARM LIMITED","","","158 EAST PARK ROAD","","","LEICESTER","","LE5 4QB","20220413","20230504","","","","","","","","","","1","","","","",""
"G3C7A","JONATHAN MARCUS MCGILL","","","22 WEST STREET","","","BELFORD","","NE70 7QE","20220727","","","","","","","","","","","1","","","","",""
"G3J8F","RESOLVEN PHARMACY LTD","","","YNYSFACH AVENUE","RESOLVEN","","NEATH","","SA11 4LN","20210104","","","","","","","","","","","1","","","","",""
"G3Q1J","KQ PHARMA LTD","","","136 CARDIGAN ROAD","","","LEEDS","","LS6 1LU","20240703","","","","","","","","","","","1","","","","",""
"G3T5Q","VCKP LIMITED","","","83 HIGH STREET","LINDFIELD","","HAYWARDS HEATH","","RH16 2HN","20210217","","","","","","","","","","","1","","","","",""
"G3X3W","ADVIL LTD","","","UNIT 17","LEA GREEN BUSINESS PARK","EUROLINK","ST. HELENS","","WA9 4TR","20210818","20251004","","","","","","","","","","1","","","","",""
"G3X7P","AWAIS HEALTHCARE LIMITED","","","101-103 HIGH STREET","","","PRESTATYN","","LL19 9AP","20260114","","","","","","","","","","","1","","","","",""
"G4A8E","HEPIUS LTD","","","225 MERTON ROAD","","","LONDON","","SW18 5EE","20210428","","","","","","","","","","","1","","","","",""
"G4B3I","AP SD FIFTY SEVEN LIMITED","","","808-810 PERSHORE ROAD","SELLY PARK","","BIRMINGHAM","","B29 7LS","20260603","","","","","","","","","","","1","","","","",""
"G4F6O","S&H MEDI LTD","","","UNIT 6","THE STIRLING CENTRE","TYE ROAD","LICHFIELD","","WS13 8ST","20230809","","","","","","","","","","","1","","","","",""
"G4I7R","DRAGON RETAIL 330 LIMITED","","","UNIT 2","DISTRICT CENTRE BROADLANDS","GENTLE WAY","BRIDGEND","","CF31 5EJ","20250924","","","","","","","","","","","1","","","","",""
"G4S7H","OPTNEAR NEW HAW LTD","","","296-298 WOODHAM LANE","NEW HAW","","ADDLESTONE","","KT15 3NT","20230614","","","","","","","","","","","1","","","","",""
"G4T3J","MAYPREE HEALTHCARE LIMITED","","","24 HIGH STREET","","","MEXBOROUGH","","S64 9AS","20230726","","","","","","","","","","","1","","","","",""
"G4U2G","SUPREMUS THERAPEUTICS LTD","","","SUDBURY COMMUNITY HEALTH CENTRE","CHURCH FIELD ROAD","","SUDBURY","","CO10 2DZ","20260527","","","","","","","","","","","1","","","","",""
"G5B5V","LP SD SIXTEEN LIMITED","","","EAST COWES MEDICAL CENTRE","CHURCH PATH","","EAST COWES","","PO32 6RP","20230712","","","","","","","","","","","1","","","","",""
"G5K6L","HANZARLAY LTD","","","39 HIGH STREET","","","NARBERTH","","SA67 7AS","20230901","","","","","","","","","","","1","","","","",""
"G5L5E","LP HCS LIMITED","","","THE WOODS","HAYWOOD ROAD","","WARWICK","","CV34 5AH","20230809","20250601","","","","","","","","","","1","","","","",""
"G5P0C","NEW PERFORMANCE HEALTH LTD","","","UNIT 1003","SARUS COURT","MANOR PARK","RUNCORN","","WA7 1UL","20260721","","","","","","","","","","","1","","","","",""
"G5S9U","GILLPHARM LIMITED","","","29 MARKET HALL STREET","","","CANNOCK","","WS11 1EB","20210811","","","","","","","","","","","1","","","","",""
"G5U6D","BEHNAM PHARMA LTD","","","7 STATION PARADE","OCKHAM ROAD SOUTH","EAST HORSLEY","LEATHERHEAD","","KT24 6QN","20230531","","","","","","","","","","","1","","","","",""
"G5V0T","LP SD SEVENTY TWO LIMITED","","","96 FOREST ROAD","","","FROME","","BA11 2TU","20231004","","","","","","","","","","","1","","","","",""
"G5Z0T","MTS PHARMCO LTD","","","32 KING STREET","","","MAIDENHEAD","","SL6 1EF","20260325","","","","","","","","","","","1","","","","",""
"G6B3J","ARMPHARMA UK LTD","","","57 LEDBURY ROAD","NETHERTON","","PETERBOROUGH","","PE3 9RF","20220706","","","","","","","","","","","1","","","","",""
"G6B3P","TOWN ST LTD","","","TOWN STREET MEDICAL CENTRE","TOWN STREET","BIRKENSHAW","BRADFORD","","BD11 2HX","20220406","","","","","","","","","","","1","","","","",""
"G6F3F","AL-KAMOOSI LTD","","","128 CRWYS ROAD","CATHAYS","","CARDIFF","","CF24 4NR","20091001","","","","","","","","","","","1","","","","",""
"G6H5V","PHARM-X2 LTD","","","UNIT 5","VICTORIA SHOPPING CENTRE","YOUNG STREET","BRADFORD","","BD8 9TP","20260325","","","","","","","","","","","1","","","","",""
"G6M0T","VARALAKSHMI HEALTHCARE LIMITED","","","UNIT 1 FRATERNITY HOUSE","52 CHURCH STREET","HUNSLET","LEEDS","","LS10 2AR","20240704","","","","","","","","","","","1","","","","",""
"G6P3X","MULLA PHARM LIMITED","","","1 HAVERFLATTS LANE","","","MILNTHORPE","","LA7 7PS","20240904","","","","","","","","","","","1","","","","",""
"G6P8J","DRAGON RETAIL 326 LIMITED","","","1 TY ISAF","LLANHARRY","","PONTYCLUN","","CF72 9LJ","20250702","","","","","","","","","","","1","","","","",""
"G6Q2Q","SAI EAST HAM LTD","","","150-152 HIGH STREET NORTH","EAST HAM","","LONDON","","E6 2HT","20220727","","","","","","","","","","","1","","","","",""
"G6R6E","PILLSORTED LTD","","","UNIT 3","KINGFISHER HOUSE","TRINITY PARK","LONDON","","E4 8TD","20220928","20250401","","","","","","","","","","1","","","","",""
"G6S0Y","PYRAMID PHARMA 9 LTD","","","43 ST. HELIER AVENUE","","","MORDEN","","SM4 6HY","20240124","20260731","","","","","","","","","","1","","","","",""
"G6V6R","B&S PHARMA LTD","","","100-100A ARDLEIGH GREEN ROAD","","","HORNCHURCH","","RM11 2LG","20230809","","","","","","","","","","","1","","","","",""
"G7B9M","BKW HEALTHCARE LTD","","","UNIT 3-5 HOLME COURT","GRANBY ROAD","GRANBY CROFT","BAKEWELL","","DE45 1ET","20201216","20260601","","","","","","","","","","1","","","","",""
"G7C3J","AV (BEES) LIMITED","","","75-77 STOKE NEWINGTON ROAD","","","LONDON","","N16 8AD","20250205","","","","","","","","","","","1","","","","",""
"G7C8A","AIM PHARMA LIMITED","","","UNIT 2","WARBLER PLACE","OFF HERONSWOOD ROAD","KIDDERMINSTER","","DY10 4DZ","20250903","","","","","","","","","","","1","","","","",""
"G7D1D","ASCENT CRICH LTD","","","CRICH MEDICAL CENTRE","OAKWELL DRIVE","CRICH","MATLOCK","","DE4 5PB","20250212","","","","","","","","","","","1","","","","",""
"G7D7M","BRIDGE ROAD 1 LTD","","","248 FARNBOROUGH ROAD","","","FARNBOROUGH","","GU14 7JW","20230524","","","","","","","","","","","1","","","","",""
"G7F1Y","ADS EXECUTIVE LIMITED","","","22 MAGPIE HALL ROAD","","","CHATHAM","","ME4 5JY","20241218","","","","","","","","","","","1","","","","",""
"G7J4Q","BAHATI 19 LTD","","","99 THE MEADOWS","MARSHFIELD","","CARDIFF","","CF3 2DY","20091001","20250602","","","","","","","","","","1","","","","",""
"G7K2Q","MEDINO ONLINE LTD","","","GROVEBURY ROAD","","","LEIGHTON BUZZARD","","LU7 4UX","20240403","","","","","","","","","","","1","","","","",""
"G7P4C","MANFAR UK LTD","","","123 HIGH STREET","ACTON","","LONDON","","W3 6LY","20220309","","","","","","","","","","","1","","","","",""
"G7P8G","KAM PHARMA LTD","","","65 PURLWELL HALL ROAD","","","BATLEY","","WF17 7NL","20210324","","","","","","","","","","","1","","","","",""
"G7R7A","AP SD EIGHTEEN LIMITED","","","94 MOSELEY AVENUE","COUNDON","","COVENTRY","","CV6 1HQ","20260610","","","","","","","","","","","1","","","","",""
"G7S0E","RUHI HEALTHCARE LIMITED","","","332 HORNSEY ROAD","","","LONDON","","N7 7HE","20210908","","","","","","","","","","","1","","","","",""
"G7S5G","RADIANT MEDICARE LIMITED","","","13 THE CONCOURSE","EDMONTON","","LONDON","","N9 0TY","20210210","","","","","","","","","","","1","","","","",""
"G7U6F","PYRAMID PHARMA 8 LTD","","","22 OLD DOVER ROAD","","","LONDON","","SE3 7BT","20230614","","","","","","","","","","","1","","","","",""
"G8D0C","MIDDLEWAY PHARMACY LIMITED","","","44-46 FORE STREET","COPPERHOUSE","","HAYLE","","TR27 4DY","20230703","20260630","","","","","","","","","","1","","","","",""
"G8D7Q","DRAGON RETAIL 711 LIMITED","","","11 FEWSTER SQUARE","","","GATESHEAD","","NE10 8XQ","20260225","","","","","","","","","","","1","","","","",""
"G8E5V","ROMFORD HEALTHCARE LIMITED","","","21 CLOCKHOUSE LANE","COLLIER ROW","","ROMFORD","","RM5 3PH","20241023","","","","","","","","","","","1","","","","",""
"G8G1K","USM HEALTHCARE LTD","","","WINSON GREEN ROAD","WINSON GREEN","","BIRMINGHAM","","B18 7AL","20230517","","","","","","","","","","","1","","","","",""
"G8G3I","SOUTH HARROW PHARMACY LIMITED","","","251 NORTHOLT ROAD","","","HARROW","","HA2 8HR","20250702","","","","","","","","","","","1","","","","",""
"G8I2C","AP SD THIRTY EIGHT LIMITED","","","125 HIGH STREET","WESTON","","BATH","","BA1 4DF","20260311","","","","","","","","","","","1","","","","",""
"G8J4E","ASCENT BIGGLESWADE LTD","","","UNIT 1 MARKET SQUARE","","","BIGGLESWADE","","SG18 8AP","20250212","","","","","","","","","","","1","","","","",""
"G8Z0R","NISIAS LTD","","","171 VICTORIA ROAD","","","SWINDON","","SN1 3DF","20231101","","","","","","","","","","","1","","","","",""
"G9C3Q","ASCENT (SWINDON) LIMITED","","","16 CLIVE PARADE","CRICKLADE ROAD","","SWINDON","","SN2 1AJ","20230503","","","","","","","","","","","1","","","","",""
"G9D4G","PANGBOURNE (2024) LTD","","","3 THE SQUARE","PANGBOURNE","","READING","","RG8 7AQ","20240904","","","","","","","","","","","1","","","","",""
"G9E9O","AP SD SIXTY NINE LIMITED","","","6 ERMINGTON CRESCENT","HODGE HILL","","BIRMINGHAM","","B36 8AP","20260701","","","","","","","","","","","1","","","","",""
"G9K4Z","COPPENHALL PHARMACY LTD","","","18 NORTH STREET","COPPENHALL","","CREWE","","CW1 4NL","20201216","","","","","","","","","","","1","","","","",""
"G9L4W","CAS ST JOHNS ROAD LIMITED","","","354 ST. JOHNS ROAD","","","CLACTON-ON-SEA","","CO16 8DS","20250910","","","","","","","","","","","1","","","","",""
"G9S0H","WHITE PILL LTD","","","118A VICTORIA ROAD","","","MIDDLESBROUGH","","TS1 3HY","20240522","","","","","","","","","","","1","","","","",""
"G9T1D","CORBY PATIENTS LTD","","","6-8 SPENCER COURT","","","CORBY","","NN17 1NU","20250806","","","","","","","","","","","1","","","","",""
"G9T1S","LP SD SIXTY EIGHT LIMITED","","","1 JUBILEE COURT","KINGSBURY","","TAMWORTH","","B78 2LL","20230927","","","","","","","","","","","1","","","","",""
"G9U3V","AVICENNA SANATIO LLP","","","194 ALFRETON ROAD","","","NOTTINGHAM","","NG7 3PE","20241218","","","","","","","","","","","1","","","","",""
"G9W8Q","G & T PHOENIX LTD","","","141 HARROWDEN ROAD","","","BEDFORD","","MK42 0RU","20220615","","","","","","","","","","","1","","","","",""
"H0F3S","JCL LTD","","","67 MILTON ROAD","","","PORTSMOUTH","","PO3 6AN","20211110","20240307","","","","","","","","","","1","","","","",""
"H0G7R","WHITELADIES PHARMA LIMITED","","","WHITELADIES HEALTH CENTRE","WHATLEY ROAD","","BRISTOL","","BS8 2PU","20260318","","","","","","","","","","","1","","","","",""
"H0G8L","AVICENNA LTD","","","PORTHOLME ROAD","","","SELBY","","YO8 4QH","20220504","20230602","","","","","","","","","","1","","","","",""
"H0X4W","B & T PRESCRIPTIONS LIMITED","","","222 HUTTON ROAD","SHENFIELD","","BRENTWOOD","","CM15 8PA","20210512","","","","","","","","","","","1","","","","",""
"H1K0Z","AIRLEY HEALTHCARE LIMITED","","","9 MARKET STREET","EDENFIELD","RAMSBOTTOM","BURY","","BL0 0JQ","20220511","","","","","","","","","","","1","","","","",""
"H1S7S","MAYBERRY PHARMACY LTD","","","175 HIGH STREET","","","BLACKWOOD","","NP12 1AA","20091001","","","","","","","","","","","1","","","","",""
"H1S9U","PILCH LANE HEALTHCARE LIMITED","","","GRESFORD MEDICAL CENTRE","PILCH LANE","HUYTON","LIVERPOOL","","L14 0JE","20250326","","","","","","","","","","","1","","","","",""
"H1U8M","LP SD THIRTY ONE LIMITED","","","CLAYTON","ORTON GOLDHAY","","PETERBOROUGH","","PE2 5GP","20230719","","","","","","","","","","","1","","","","",""
"H2C4D","WELCHEM LIMITED","","","80A HIGH STREET","CLYDACH","","SWANSEA","","SA6 5LN","20230704","","","","","","","","","","","1","","","","",""
"H2C8R","ALLODOSE LTD","","","572 BURNLEY ROAD","","","ROSSENDALE","","BB4 8AJ","20240904","","","","","","","","","","","1","","","","",""
"H2L8R","SKNM PHARMA LTD","","","PRIORY MEDICAL CENTRE","PRIORY ROAD","","WARWICK","","CV34 4NA","20250205","","","","","","","","","","","1","","","","",""
"H2M3H","LT CHEMISTS LTD","","","WATERWAYS","LISVANE ROAD","LISVANE","CARDIFF","","CF14 0SF","20091001","","","","","","","","","","","1","","","","",""
"H2O5C","NORTHYATE LIMITED","","","WELLINGTON ROAD","YATE","","BRISTOL","","BS37 5UY","20220112","","","","","","","","","","","1","","","","",""
"H2S4H","NEPRON LTD","","","9 RILEY SQUARE","","","COVENTRY","","CV2 1LS","20230322","20240817","","","","","","","","","","1","","","","",""
"H2S4N","CO CHEM LIMITED","","","136 HEATHFIELD ROAD","HANDSWORTH","","BIRMINGHAM","","B19 1HJ","20251001","","","","","","","","","","","1","","","","",""
"H2U1T","JBS MED LIMITED","","","101 HEATH ROAD","","","BEDWORTH","","CV12 0BJ","20220406","","","","","","","","","","","1","","","","",""
"H2W3A","ASCENT (CLOWNE) LIMITED","","","UNIT 3","MILL GREEN WAY","CLOWNE","CHESTERFIELD","","S43 4LJ","20230510","","","","","","","","","","","1","","","","",""
"H3F4O","LP SD ONE HUNDRED FOURTEEN LIMITED","","","1 STATION ROAD SOUTH","PADGATE","","WARRINGTON","","WA2 0PD","20230927","","","","","","","","","","","1","","","","",""
"H3G5B","HEALTHLINK LTD","","","SUITE 1 SECOND FLOOR","PARKVIEW HOUSE","WOODVALE OFFICE PARK, WOODVALE RD","BRIGHOUSE","","HD6 4AB","20210324","20221226","","","","","","","","","","1","","","","",""
"H3J6J","SUSAN JANE SIGGERY","","","KING STREET","LAUGHARNE","","CARMARTHEN","","SA33 4QE","20091001","","","","","","","","","","","1","","","","",""
"H3K7F","LP SD FIFTY NINE LIMITED","","","4 HASLEMERE ROAD","","","LIPHOOK","","GU30 7AL","20230927","","","","","","","","","","","1","","","","",""
"H3R1W","MSM MEDICARE LIMITED","","","52 POWIS STREET","WOOLWICH","","LONDON","","SE18 6LQ","20220629","","","","","","","","","","","1","","","","",""
"H3U1C","BAMBOO HEALTHCARE LIMITED","","","6 ALMOND AVENUE","WALTON","","WAKEFIELD","","WF2 6UA","20250423","","","","","","","","","","","1","","","","",""
"H3U7A","KINGS PHARMACY LTD","","","146 KING STREET","","","LOUGHBOROUGH","","LE11 1SD","20250521","","","","","","","","","","","1","","","","",""
"H3W7G","LORDS HEALTHCARE LTD","","","THE GUINEAS SHOPPING CENTRE","61 THE ROOKERY","","NEWMARKET","","CB8 8EQ","20220401","","","","","","","","","","","1","","","","",""
"H3Y1M","MEDAID HEALTHCARE LTD","","","17 CHURCH ROAD","ACTON","","LONDON","","W3 8PU","20240417","","","","","","","","","","","1","","","","",""
"H3Y8K","OAKPHARM LTD","","","200 MILLER ROAD","RIBBLETON","","PRESTON","","PR2 6NH","20231206","","","","","","","","","","","1","","","","",""
"H3Z4P","RK AGGARWAL LTD","","","63-67 WELLFIELD ROAD","","","CARDIFF","","CF24 3PA","20091001","","","","","","","","","","","1","","","","",""
"H4B0W","LP SD FIFTY SEVEN LIMITED","","","4 CAMP HILL ROAD","","","NUNEATON","","CV10 0JH","20230920","","","","","","","","","","","1","","","","",""
"H4C3J","HONOR HEALTHCARE LIMITED","","","CLOVER HOUSE","BOSTON ROAD","","SLEAFORD","","NG34 7HD","20201125","","","","","","","","","","","1","","","","",""
"H4D8L","MOSSLEY HEALTHCARE LIMITED","","","173 MOSSLEY ROAD","","","ASHTON-UNDER-LYNE","","OL6 6NE","20240313","","","","","","","","","","","1","","","","",""
"H4I1W","COLNE HEALTHCARE LIMITED","","","7 ALBERT ROAD","","","COLNE","","BB8 0RY","20230920","","","","","","","","","","","1","","","","",""
"H4L2O","TITAN PHARMA LTD","","","31 HIGH STREET","LLANDYBIE","","AMMANFORD","","SA18 3HX","20230901","","","","","","","","","","","1","","","","",""
"H4O1M","ZOHAN HEALTH LIMITED","","","4 CROPSTON ROAD","ANSTEY","","LEICESTER","","LE7 7BJ","20240313","","","","","","","","","","","1","","","","",""
"H4P5D","FIRSTCARE NOTTINGHAM LIMITED","","","MARY POTTER CENTRE","GREGORY BOULEVARD","HYSON GREEN","NOTTINGHAM","","NG7 5JD","20231011","","","","","","","","","","","1","","","","",""
"H4W2F","PATHANS PHARMA LIMITED","","","5 CLOCKHOUSE LANE","","","ROMFORD","","RM5 3PH","20260819","","","","","","","","","","","1","","","","",""
"H5C2X","ALEXANDERS PHARMACIES LTD","","","52-53 PERIS","PLAS MADOC","ACREFAIR","WREXHAM","","LL14 3LF","20091001","","","","","","","","","","","1","","","","",""
"H5E3N","AW (SKIPTON) LIMITED","","","CAROLINE SQUARE","93 HIGH STREET","","SKIPTON","","BD23 1DA","20250129","","","","","","","","","","","1","","","","",""
"H5N1F","PROBUS MEDICINES LIMITED","","","PROBUS SURGERY","TREGONY ROAD","PROBUS","TRURO","","TR2 4JZ","20250212","","","","","","","","","","","1","","","","",""
"H5N4T","BMT HEALTHCARE NORTH LIMITED","","","110-112 GISBURN ROAD","BARROWFORD","","NELSON","","BB9 6EW","20240605","20260207","","","","","","","","","","1","","","","",""
"H5P3J","HEREFORD HUB RETAIL LIMITED","","","THE PHARMACY UNIT","STATION MEDICAL CENTRE","STATION APPROACH","HEREFORD","","HR1 1BB","20210929","","","","","","","","","","","1","","","","",""
"H5R7E","SRI NIDHI HEALTHCARE LIMITED","","","LANGDON ROAD","","","ROTHERHAM","","S61 3QH","20230531","","","","","","","","","","","1","","","","",""
"H5T5R","WELLWISE HEALTH LIMITED","","","87 LEIGH ROAD","","","LEIGH-ON-SEA","","SS9 1JN","20230412","","","","","","","","","","","1","","","","",""
"H6F8I","VIDA ROGERS (CEFN FFOREST) LTD","","","79 CEFN FFOREST AVENUE","CEFN FFOREST","","BLACKWOOD","","NP12 3JX","20190401","","","","","","","","","","","1","","","","",""
"H6G8U","KIRKLEES LIMITED","","","26 MARKET STREET","","","CLECKHEATON","","BD19 5AJ","20240131","","","","","","","","","","","1","","","","",""
"H6N6Z","DYFFRYN PHARMACY LTD","","","55 MAIN ROAD","DYFFRYN CELLWEN","","NEATH","","SA10 9HR","20091001","","","","","","","","","","","1","","","","",""
"H6P7K","LP SD NINETY NINE LIMITED","","","FLEET MEDICAL CENTRE","CHURCH ROAD","","FLEET","","GU51 4PE","20230927","","","","","","","","","","","1","","","","",""
"H6P8I","NAAT HEALTHCARE LIMITED","","","66 ROCHESTER ROAD","","","SHEFFIELD","","S10 4JQ","20250409","","","","","","","","","","","1","","","","",""
"H6R8S","MR PA MORGAN","","","HIGH STREET","DYSERTH","","RHYL","","LL18 6AA","20091001","","","","","","","","","","","1","","","","",""
"H6W3K","OPTIMAL WELLNESS SERVICES LTD","","","1 HOMBERG HOUSE","TELFORD SQUARE","","DARTFORD","","DA1 5FP","20220406","","","","","","","","","","","1","","","","",""
"H6Y1Y","CHALICE SERVICES LIMITED","","","118-120 JARDINE CRESCENT","TILE HILL","","COVENTRY","","CV4 9PP","20260701","","","","","","","","","","","1","","","","",""
"H6Z4J","AP SD FORTY NINE LIMITED","","","131 HIGH STREET","HARBORNE","","BIRMINGHAM","","B17 9NP","20260603","","","","","","","","","","","1","","","","",""
"H6Z5K","KRUSHNA HEALTHCARE LTD","","","14 STRAND PARADE","THE STRAND","GORING-BY-SEA","WORTHING","","BN12 6DJ","20251105","","","","","","","","","","","1","","","","",""
"H7E9V","SHOPWYKE HEALTHCARE LTD","","","20 HIGH STREET","","","ARUNDEL","","BN18 9AB","20240619","","","","","","","","","","","1","","","","",""
"H7N2A","HAYES END HEALTHCARE LIMITED","","","1266 UXBRIDGE ROAD","","","HAYES","","UB4 8JF","20231004","","","","","","","","","","","1","","","","",""
"H7T6W","PETER JAMES PHARMACY LTD","","","STOKES COURT","PONTHIR","","NEWPORT","","NP18 1RY","20120801","","","","","","","","","","","1","","","","",""
"H7U5T","QUALIPHARM LTD","","","BOSTON WEST BUSINESS PARK","SLEAFORD ROAD","","BOSTON","","PE21 8EG","20230809","20240919","","","","","","","","","","1","","","","",""
"H7X9D","BSKINNOVATIONS LIMITED","","","52 NORMAN PLACE ROAD","","","COVENTRY","","CV6 2BQ","20241106","","","","","","","","","","","1","","","","",""
"H8B5U","BIDDULPH PHARMA LIMITED","","","1-3 TUNSTALL ROAD","BIDDULPH","","STOKE-ON-TRENT","","ST8 6HJ","20250528","","","","","","","","","","","1","","","","",""
"H8B7O","DRAGON RETAIL 703 LIMITED","","","THE GLEN PRIMARY CARE CENTRE","30 GLEN STREET","","HEBBURN","","NE31 1NU","20251015","","","","","","","","","","","1","","","","",""
"H8F0P","B M PATEL & SON LTD","","","THE STRAND","","","SAUNDERSFOOT","","SA69 9ES","20091001","20250831","","","","","","","","","","1","","","","",""
"H8I0O","DIPTON PHARMACY LIMITED","","","LESBURY HOUSE","DIPTON","","STANLEY","","DH9 9AD","20251112","","","","","","","","","","","1","","","","",""
"H8J0X","LP SD FORTY FIVE LIMITED","","","HEAVITREE HEALTH CENTRE","SOUTH LAWN TERRACE","HEAVITREE","EXETER","","EX1 2RX","20230719","","","","","","","","","","","1","","","","",""
"H8L6Z","DRAGON RETAIL 804 LIMITED","","","46 FRENSHAM ROAD","LOWER BOURNE","","FARNHAM","","GU10 3PX","20251119","","","","","","","","","","","1","","","","",""
"H8R2T","LP SD FOUR LIMITED","","","2 BRANNAMS SQUARE","","","BARNSTAPLE","","EX32 8QB","20230628","","","","","","","","","","","1","","","","",""
"H8X9L","AYU HEALTHCARE LIMITED","","","20B WESTLANDS GROVE","","","FAREHAM","","PO16 9AD","20230719","","","","","","","","","","","1","","","","",""
"H8Z3E","CRISTAL PHARMACY LIMITED","","","4 LYNTON PARADE","TURNERS HILL","CHESHUNT","WALTHAM CROSS","","EN8 8LF","20230607","","","","","","","","","","","1","","","","",""
"H8Z9G","RIBBLETON HEALTHCARE LIMITED","","","245 RIBBLETON AVENUE","RIBBLETON","","PRESTON","","PR2 6RD","20240807","","","","","","","","","","","1","","","","",""
"H9F6P","YZH PHARMA LIMITED","","","17 RUSSELL AVENUE","","","ST. ALBANS","","AL3 5ES","20210721","20230609","","","","","","","","","","1","","","","",""
"H9G7B","THE LIMES HEALTHCARE LIMITED","","","THE LIMES BUSINESS CENTRE","5 BIRMINGHAM ROAD","","WALSALL","","WS1 2LT","20220209","","","","","","","","","","","1","","","","",""
"H9M5C","SHARIEF HEALTHCARE 2 LIMITED","","","27 SHERRARD STREET","","","MELTON MOWBRAY","","LE13 1XH","20230913","","","","","","","","","","","1","","","","",""
"H9X5K","AP SD SEVENTY EIGHT LIMITED","","","18 ESPLANADE","","","RYDE","","PO33 2DZ","20260401","","","","","","","","","","","1","","","","",""
"I0A1U","KEYNSHAM HEALTHCARE LIMITED","","","54 HIGH STREET","KEYNSHAM","","BRISTOL","","BS31 1DX","20230628","","","","","","","","","","","1","","","","",""
"I0E3D","SR (YORKSHIRE) LIMITED","","","65 KNOLLBECK LANE","BRAMPTON","","BARNSLEY","","S73 0TW","20250122","","","","","","","","","","","1","","","","",""
"I0H1X","LP SD EIGHT LIMITED","","","BEACON MEDICAL CENTRE","SEDEMUDA ROAD","","SIDMOUTH","","EX10 9YA","20230712","","","","","","","","","","","1","","","","",""
"I0I4S","LP SD EIGHTY EIGHT LIMITED","","","56 CORONATION SQUARE","EDINBURGH PLACE","","CHELTENHAM","","GL51 7SA","20230920","","","","","","","","","","","1","","","","",""
"I0N4U","STANTON PHARMA LTD","","","585 STONEY STANTON ROAD","","","COVENTRY","","CV6 5ED","20250122","","","","","","","","","","","1","","","","",""
"I0R4W","SWIFTMEDS LTD","","","30 HIGH STREET","BURNHAM","","SLOUGH","","SL1 7JP","20210113","","","","","","","","","","","1","","","","",""
"I0W3F","CHAGANTI LIMITED","","","81 EDENHILL ROAD","","","PETERLEE","","SR8 5DD","20230201","","","","","","","","","","","1","","","","",""
"I0W8D","AAA ROCHESTER HOLDING LTD","","","364 CITY WAY","","","ROCHESTER","","ME1 2BQ","20260107","","","","","","","","","","","1","","","","",""
"I0X7I","GOS HEALTHCARE LIMITED","","","KENTS BANK ROAD","","","GRANGE-OVER-SANDS","","LA11 7EY","20240522","","","","","","","","","","","1","","","","",""
"I1A3C","JHOOTS PHARMACY LIMITED","","","20 HATHERTON STREET","","","WALSALL","","WS4 2LA","20220401","","","","","","","","","","","1","","","","",""
"I1I0O","LP SD TEN LIMITED","","","ST. MARY STREET","RISCA","","NEWPORT","","NP11 6YS","20230901","","","","","","","","","","","1","","","","",""
"I1I4D","GOODMAYES PHARMACY LIMITED","","","2 BROOKS PARADE","GREEN LANE","GOODMAYES","ILFORD","","IG3 9RT","20230726","","","","","","","","","","","1","","","","",""
"I1J7P","YOUR TRUSTED PHARMACY LTD","","","2 STONEBRIDGE STREET","","","LEICESTER","","LE5 3PA","20260819","","","","","","","","","","","1","","","","",""
"I1L4K","FIRCROFT MEDICAL SUPPLIES LTD","","","145 FIRCROFT ROAD","","","IPSWICH","","IP1 6PT","20250416","","","","","","","","","","","1","","","","",""
"I1O4N","CEEPHARM LTD","","","7 WATER TOWER BUILDINGS","LONDON ROAD","","BOGNOR REGIS","","PO21 1PN","20210414","","","","","","","","","","","1","","","","",""
"I1R3G","NUNHEAD PHARMACY LTD","","","8 NUNHEAD GREEN","PECKHAM","","LONDON","","SE15 3QF","20220727","","","","","","","","","","","1","","","","",""
"I1S0G","PHARMESTHETICS UK LIMITED","","","23-31 HESSLE ROAD","","","HULL","","HU3 2AA","20250709","","","","","","","","","","","1","","","","",""
"I1S4V","STOCKTON HEATH HEALTHCARE LLP","","","THE FORGE","LONDON ROAD","STOCKTON HEATH","WARRINGTON","","WA4 6HJ","20240313","","","","","","","","","","","1","","","","",""
"I1X9D","NKLA HEALTHCARE LIMITED","","","2-3 & 4A CENTRAL BUILDINGS","WEST STREET","","EMSWORTH","","PO10 7DU","20230510","","","","","","","","","","","1","","","","",""
"I1Y9A","PYRAMID HEALTHCARE 2 LIMITED","","","UNIT 2(B) BLOCK F","15 BEAUVAIS SQUARE","SHORTSTOWN","BEDFORD","","MK42 0GE","20260204","","","","","","","","","","","1","","","","",""
"I2G7P","NARAVH LTD","","","859 WHITTINGHAM LANE","WHITTINGHAM","","PRESTON","","PR3 2AU","20210224","","","","","","","","","","","1","","","","",""
"I2J2A","JONES & HARRIES PHARM LIMITED","","","167 BUTE STREET","TREHERBERT","","TREORCHY","","CF42 5PE","20231201","","","","","","","","","","","1","","","","",""
"I2L4P","A-Z INDUSTRIES LTD","","","42 SEMILONG ROAD","","","NORTHAMPTON","","NN2 6BU","20230913","","","","","","","","","","","1","","","","",""
"I2O6Z","MEDICINES PROFESSIONALS LIMITED","","","THE ESTATE OFFICE","FRIMLEY ROAD","ASH VALE","ALDERSHOT","","GU12 5NL","20231213","","","","","","","","","","","1","","","","",""
"I2U5L","MEADOWGARTH LTD","","","165 SOUTH LAMBETH ROAD","","","LONDON","","SW8 1XW","20241009","","","","","","","","","","","1","","","","",""
"I2Y8L","PRIME RESPONSE PHARMACY LTD","","","70 CHAPEL MARKET","","","LONDON","","N1 9ER","20240717","","","","","","","","","","","1","","","","",""
"I3B1K","LAVENDER ROAD PHARMA LIMITED","","","2 LAVENDER ROAD","","","WATERLOOVILLE","","PO7 8NS","20251112","","","","","","","","","","","1","","","","",""
"I3D5O","CAPLET HEALTH LIMITED","","","UNIT 45","284 WATER ROAD","","WEMBLEY","","HA0 1HX","20220921","20251001","","","","","","","","","","1","","","","",""
"I3I9E","KINGSTON ONLINE PHARMA LTD","","","UNIT 19C","AIRPORT INDUSTRIAL ESTATE","","NEWCASTLE UPON TYNE","","NE3 2EF","20260107","","","","","","","","","","","1","","","","",""
"I3L8E","PI-GEN (RAYNES PARK) LTD","","","1 LAMBTON ROAD","","","LONDON","","SW20 0LW","20250522","","","","","","","","","","","1","","","","",""
"I3O2V","QCP1 LTD","","","G116 OXGATE HOUSE","OXGATE LANE","","LONDON","","NW2 7FS","20260603","","","","","","","","","","","1","","","","",""
"I3O7W","DITPHARM LTD","","","37 DITTON LANE","","","CAMBRIDGE","","CB5 8SR","20210616","","","","","","","","","","","1","","","","",""
"I3P0Y","BARNT GREEN HEALTHCARE LIMITED","","","32 HEWELL ROAD","BARNT GREEN","","BIRMINGHAM","","B45 8NE","20231213","","","","","","","","","","","1","","","","",""
"I3P6J","RAZ LOCUM SERVICES LTD","","","UNIT 1 TESCO COMPLEX","STIRLING ROAD","","BARRY","","CF62 8NX","20230822","","","","","","","","","","","1","","","","",""
"I3U2U","BOD PHARMA & TESTING LIMITED","","","THE THORNDIKE CENTRE","LONGLEY ROAD","","ROCHESTER","","ME1 2TH","20210106","","","","","","","","","","","1","","","","",""
"I4B7J","LP SD THIRTY LIMITED","","","HIGH STREET","","","BALDOCK","","SG7 6BP","20230802","","","","","","","","","","","1","","","","",""
"I4B8U","CLARENDON PHARMA LIMITED","","","272 WELFORD ROAD","","","LEICESTER","","LE2 6BD","20251001","","","","","","","","","","","1","","","","",""
"I4E7A","LP SD ONE LIMITED","","","508-510 PORTWAY","WOODHOUSE PK","WYTHENSHAWE","MANCHESTER","","M22 0LA","20230705","","","","","","","","","","","1","","","","",""
"I4J6W","AS CLINICS LIMITED","","","RASTRICK HEALTH CENTRE","CHAPEL CROFT","RASTRICK","BRIGHOUSE","","HD6 3NA","20240911","","","","","","","","","","","1","","","","",""
"I4L8P","WILLOW HEALTHCARE NW LIMITED","","","188-190 BLACKBURN ROAD","","","ACCRINGTON","","BB5 0AQ","20260710","","","","","","","","","","","1","","","","",""
"I4M4W","BUTT LANE HEALTHCARE LIMITED","","","12 DIANA ROAD","BIRCHES HEAD","","STOKE-ON-TRENT","","ST1 6RS","20250129","","","","","","","","","","","1","","","","",""
"I4O3S","EAST ANGLIA PHARMA LTD","","","51 CHURCH STREET","","","CROMER","","NR27 9HH","20220209","","","","","","","","","","","1","","","","",""
"I4U7F","LP SD FIFTY THREE LIMITED","","","UNIT 1","KINGS PARADE","KING STREET","COTTINGHAM","","HU16 5QQ","20230802","","","","","","","","","","","1","","","","",""
"I5G5I","ZENRX PHARMA LTD","","","51 LONDON ROAD","STOCKTON HEATH","","WARRINGTON","","WA4 6SG","20251112","","","","","","","","","","","1","","","","",""
"I5H6G","TWIGCREST LIMITED","","","MANSFIELD ROAD","SKEGBY","","SUTTON-IN-ASHFIELD","","NG17 3EE","20231115","","","","","","","","","","","1","","","","",""
"I5I4L","MAESTEG PHARMACY LTD","","","20 TALBOT STREET","","","MAESTEG","","CF34 9BW","20190401","","","","","","","","","","","1","","","","",""
"I5J6K","LAKMED LIMITED","","","UNIT 2-3","OAKWOOD DISTRICT CENTRE","DANEBRIDGE CRESCENT","DERBY","","DE21 2HT","20260819","","","","","","","","","","","1","","","","",""
"I5O9R","PEMBROKE DOCK HEALTHCARE LTD","","","ARGYLE STREET","","","PEMBROKE DOCK","","SA72 6HL","20230703","","","","","","","","","","","1","","","","",""
"I5Y9P","ISAIR ASSETS LTD","","","139 ROE LANE","","","SOUTHPORT","","PR9 7PW","20260916","","","","","","","","","","","1","","","","",""
"I5Z0G","MCSC LIVERPOOL LTD","","","11 MOLYNEUX WAY","AINTREE","","LIVERPOOL","","L10 2JA","20260204","","","","","","","","","","","1","","","","",""
"I6I1F","TOWNSENDS MEDICA LIMITED","","","7 AMBLESIDE AVENUE","","","WALTON-ON-THAMES","","KT12 3LJ","20240131","","","","","","","","","","","1","","","","",""
"I6I7H","LP SD SEVENTY FOUR LIMITED","","","THE DELAMERE CENTRE","DELAMERE AVENUE","STRETFORD","MANCHESTER","","M32 0DF","20230927","","","","","","","","","","","1","","","","",""
"I6J2P","CASTLE VALE PHARMA LTD","","","3 TANGMERE SQUARE","CASTLE VALE","","BIRMINGHAM","","B35 6DL","20230607","","","","","","","","","","","1","","","","",""
"I6K2N","VARGA PHARM LTD","","","CHURCHTOWN","MULLION","","HELSTON","","TR12 7BY","20240710","","","","","","","","","","","1","","","","",""
"I6K6G","SERIVA LTD","","","117-121 BOND STREET","","","BLACKPOOL","","FY4 1EY","20260401","","","","","","","","","","","1","","","","",""
"I6M0D","PAMPARD PHARMACY LIMITED","","","347 WATLING STREET","","","RADLETT","","WD7 7LB","20260204","","","","","","","","","","","1","","","","",""
"I6M4K","AP SD SEVENTY TWO LIMITED","","","LUSON SURGERY","41 FORE STREET","","WELLINGTON","","TA21 8AG","20260513","","","","","","","","","","","1","","","","",""
"I6N5P","MASTERS HEALTH LIMITED","","","303-307 LINCOLN ROAD","MILLFIELD","","PETERBOROUGH","","PE1 2PH","20230118","","","","","","","","","","","1","","","","",""
"I6O6C","LP SD ONE HUNDRED SIXTEEN LIMITED","","","34 GUINEA COURT","CHINEHAM","","BASINGSTOKE","","RG24 8XJ","20230927","","","","","","","","","","","1","","","","",""
"I6O9W","SG MEDICA LTD","","","9 THE SQUARE","IRONBRIDGE","","TELFORD","","TF8 7AQ","20250618","","","","","","","","","","","1","","","","",""
"I6R1I","PARAS PHARMA LTD","","","301 NORTHBOROUGH ROAD","NORBURY","","LONDON","","SW16 4TR","20251008","","","","","","","","","","","1","","","","",""
"I7A4W","STARPHARMA LTD","","","125 WORPLESDON ROAD","WORPLESDON","","GUILDFORD","","GU2 9XA","20251105","","","","","","","","","","","1","","","","",""
"I7B3A","MSN & LUNTS LTD","","","SUNDORNE ROAD","","","SHREWSBURY","","SY1 4RQ","20240306","","","","","","","","","","","1","","","","",""
"I7C6F","GRAVELLE THORNE LTD","","","24 OLD ROAD","","","LLANELLI","","SA15 3HP","20130801","","","","","","","","","","","1","","","","",""
"I7I5N","JHAMKA LIMITED","","","HOMELEIGH","FORE STREET","ST. DAY","REDRUTH","","TR16 5JU","20250730","","","","","","","","","","","1","","","","",""
"I7P1R","NORTHERN MOOR HEALTHCARE LIMITED","","","104 SALE ROAD","WYTHENSHAW","","MANCHESTER","","M23 0BX","20231108","","","","","","","","","","","1","","","","",""
"I7W8X","LEYLANDS LANE HEALTHCARE LTD","","","LEYLANDS MEDICAL CENTRE","81 LEYLANDS LANE","","BRADFORD","","BD9 5PZ","20210714","","","","","","","","","","","1","","","","",""
"I8C6Z","ASCENT (COULBY NEWHAM) LIMITED","","","CROPTON WAY","COULBY NEWHAM","","MIDDLESBROUGH","","TS8 0TL","20231220","","","","","","","","","","","1","","","","",""
"I8D3A","WMM PHARMA LTD","","","27 UPPER LANE","NETHERTON","","WAKEFIELD","","WF4 4NG","20210526","","","","","","","","","","","1","","","","",""
"I8M2A","SOHAWON PROPERTY COMPANY LIMITED","","","UNIT 4","SUTTON ROAD","ADMASTON","TELFORD","","TF5 0AY","20241030","","","","","","","","","","","1","","","","",""
"I8W5H","ASCENT (CONGLETON) LIMITED","","","41A WEST STREET","","","CONGLETON","","CW12 1JN","20230830","","","","","","","","","","","1","","","","",""
"I8W8S","JSD HEALTHCARE LTD","","","112 WOLVERHAMPTON ROAD","","","STAFFORD","","ST17 4AH","20240807","","","","","","","","","","","1","","","","",""
"I8X8J","NW PHARMA LIMITED","","","29-31 KING STREET","","","THETFORD","","IP24 2AN","20240117","","","","","","","","","","","1","","","","",""
"I8Y4B","THOBANI HEALTHCARE LIMITED","","","UNIT 2A BUILDING A","LONDON DOCK","142 VAUGHAN WAY","LONDON","","E1W 2AF","20230712","","","","","","","","","","","1","","","","",""
"I9C4W","SEND HEALTHCARE LIMITED","","","TAY ROAD LOCAL RETAIL CTR","TAY ROAD","LUBBESTHORPE","LEICESTER","","LE19 4BF","20251112","","","","","","","","","","","1","","","","",""
"I9C8C","SHEVINGTON JV LTD","","","THE SURGERY","HOUGHTON LANE","SHEVINGTON","WIGAN","","WN6 8ET","20201118","","","","","","","","","","","1","","","","",""
"I9L6S","MNS PHARMACEUTICALS LIMITED","","","60 LAMBS CONDUIT STREET","","","LONDON","","WC1N 3LW","20240306","","","","","","","","","","","1","","","","",""
"I9T2V","ECHO HEALTHCARE SERVICES LTD","","","THRIFT COTTAGE","SEWARDSTONE ROAD","","WALTHAM ABBEY","","EN9 1NP","20230809","","","","","","","","","","","1","","","","",""
"I9T7W","LONDON ROAD HEALTHCARE LTD","","","3-7 ALDERSON ROAD","HIGHFIELD","","SHEFFIELD","","S2 4UA","20210616","","","","","","","","","","","1","","","","",""
"I9T9B","LP SD EIGHTY ONE LIMITED","","","1-2 GREENGABLES","GREENLANDS AVENUE","NEW WALTHAM","GRIMSBY","","DN36 4YE","20230927","","","","","","","","","","","1","","","","",""
"J0H2J","CHAN'S PHARMA LTD","","","5 LLANGORSE ROAD","PANT ESTATE","CWMBACH","ABERDARE","","CF44 0HS","20240909","","","","","","","","","","","1","","","","",""
"J0I1L","HALLS PHARMACY (NORTH EAST) LIMITED","","","99 STATION ROAD","FOREST HALL","","NEWCASTLE UPON TYNE","","NE12 7HS","20250108","","","","","","","","","","","1","","","","",""
"J0I5W","ALCHEMY DIRECT LTD","","","UNIT 4","BROADCASTING HOUSE","NEWPORT ROAD","MIDDLESBROUGH","","TS1 5JA","20250305","","","","","","","","","","","1","","","","",""
"J0P4N","CROOKHORN PHARMA LIMITED","","","PORTSDOWN GROUP PRACTICE","CROOKHORN LANE","","WATERLOOVILLE","","PO7 5XP","20251008","","","","","","","","","","","1","","","","",""
"J0U2E","PHARMAZEN HEALTHCARE LTD","","","52-54 MAIN STREET","BARTON UNDER NEEDWOOD","","BURTON-ON-TRENT","","DE13 8AA","20251210","","","","","","","","","","","1","","","","",""
"J0U3T","ALMDON LIMITED","","","HIGHBRIDGE MEDICAL CENTRE","PEPPERALL ROAD","","HIGHBRIDGE","","TA9 3YA","20260624","","","","","","","","","","","1","","","","",""
"J0V4P","DRAGON RETAIL 509 LIMITED","","","3 THE ARCADE","LONG LANE","CARLTON-IN-LINDRICK","WORKSOP","","S81 9AN","20260708","","","","","","","","","","","1","","","","",""
"J0Y6Q","RVKA LTD","","","GUARDS AVENUE","THE VILLAGE","","CATERHAM","","CR3 5XL","20250326","","","","","","","","","","","1","","","","",""
"J1B0H","RESPOND HEALTHCARE LTD","","","GREYPOINT","CARDIFF BUSINESS PARK","PARC TY GLAS","CARDIFF","","CF14 5WF","19901023","","","","","","","","","","","1","","","","",""
"J1D1N","NEWTON PLACE HEALTHCARE LLP","","","NEWTON PLACE PHARMACY","NEWTON ROAD","","FAVERSHAM","","ME13 8FH","20240313","","","","","","","","","","","1","","","","",""
"J1H9I","HENLEY ROAD PHARM LTD","","","1 HENLEY ROAD","","","COVENTRY","","CV2 1LQ","20240717","","","","","","","","","","","1","","","","",""
"J1I2D","ONLINE DELIVERY CHEMIST LTD","","","UNIT 6A RANSOM HALL","SOUTHWELL ROAD WEST","RAINWORTH","MANSFIELD","","NG21 0HJ","20231004","","","","","","","","","","","1","","","","",""
"J1V9W","LLOYD JONES PHARMA LTD","","","68 HERMON ROAD","CAERAU","","MAESTEG","","CF34 0SU","20220401","","","","","","","","","","","1","","","","",""
"J1W1T","HARROGATE HEALTHCARE LLP","","","28-30 KINGS ROAD","","","HARROGATE","","HG1 5JP","20240313","","","","","","","","","","","1","","","","",""
"J1W3R","AFFINITY PHARMA LTD","","","PARK ROAD MEDICAL CENTRE","PARK ROAD","","BRADFORD","","BD5 0SG","20230222","","","","","","","","","","","1","","","","",""
"J1Z5A","WOODS PHARMACY LIMITED","","","2 BELLGATE","HIGHFIELD","","HEMEL HEMPSTEAD","","HP2 5SB","20211110","","","","","","","","","","","1","","","","",""
"J1Z5Z","MEDIFAST DELIVERY LIMITED","","","SUITE 3","KHEPERA BUSINESS CENTRE","9 ORGREAVE ROAD","SHEFFIELD","","S13 9LQ","20220713","","","","","","","","","","","1","","","","",""
"J2C2A","ALLAWAY HEALTHCARE LIMITED","","","171-173 ALLAWAY AVENUE","PAULSGROVE","","PORTSMOUTH","","PO6 4HG","20240626","","","","","","","","","","","1","","","","",""
"J2K9L","MR A D RICHARDS","","","39 HEOL JIWBILI","CWMAVON","","PORT TALBOT","","SA12 9NR","20091001","","","","","","","","","","","1","","","","",""
"J2M6W","ARMADA PHARMACIES LIMITED","","","DRAKE HOUSE","DRAKE ROAD","CHAFFORD HUNDRED","GRAYS","","RM16 6RX","20250205","20260304","","","","","","","","","","1","","","","",""
"J2M8P","PRX PHARMACY LTD","","","115 HIGH STREET","","","WHITSTABLE","","CT5 1AY","20240401","","","","","","","","","","","1","","","","",""
"J2U7I","DRAGON RETAIL 722 LIMITED","","","VICTORIA CENTRE","WELLINGTON ROAD","","DEWSBURY","","WF13 1HN","20251029","","","","","","","","","","","1","","","","",""
"J3A7M","MAY LANE PHARMA LIMITED","","","MAYLANE SURGERY","27 MAY LANE","","DURSLEY","","GL11 4JN","20260708","","","","","","","","","","","1","","","","",""
"J3C0V","QJP LIMITED","","","RODWAYS CORNER","","","WIMBORNE","","BH21 1AP","20240529","","","","","","","","","","","1","","","","",""
"J3G6X","LANREATH LTD","","","83 MAIN ROAD","BROUGHTON","","CHESTER","","CH4 0NR","20091001","","","","","","","","","","","1","","","","",""
"J3H5A","AA DUA LTD","","","30 LEICESTER ROAD","","","LOUGHBOROUGH","","LE11 2AG","20260819","","","","","","","","","","","1","","","","",""
"J3L6S","MGBASHIR LIMITED","","","32 MAIN STREET","","","SEAHOUSES","","NE68 7RQ","20240515","","","","","","","","","","","1","","","","",""
"J3O7Y","PHARMACY2HOME LIMITED","","","416 BIRMINGHAM ROAD","WYLDE GREEN","","SUTTON COLDFIELD","","B72 1YJ","20230315","","","","","","","","","","","1","","","","",""
"J3R1E","HEALTHCARE PHARMACIA LIMITED","","","SWANPOOL MEDICAL CENTRE","ST MARKS ROAD","","TIPTON","","DY4 0SZ","20230111","","","","","","","","","","","1","","","","",""
"J4A0H","LATE NIGHT YEW TREE LIMITED","","","57-59 YEW TREE LANE","","","SOLIHULL","","B91 2NX","20221116","","","","","","","","","","","1","","","","",""
"J4B5B","DRAGON RETAIL 525 LIMITED","","","3 THE LAURELS","CLARKS HAY","SOUTH CERNEY","CIRENCESTER","","GL7 5UA","20250910","","","","","","","","","","","1","","","","",""
"J4F0K","FUTUREPHARM LTD","","","164 ROCHDALE ROAD","ROYTON","","OLDHAM","","OL2 6QF","20260909","","","","","","","","","","","1","","","","",""
"J4H1Q","SPRING HALL ENTERPRISE LTD","","","236 QUEENS ROAD","","","HALIFAX","","HX1 4NE","20220112","","","","","","","","","","","1","","","","",""
"J4L4C","LP SD EIGHTEEN LIMITED","","","18-20 BROADWAY","BUSHBURY","","WOLVERHAMPTON","","WV10 8EB","20230712","","","","","","","","","","","1","","","","",""
"J4N6T","ELION PHARMA LTD","","","11 GRAND HOTEL BUILDINGS","COMPTON STREET","","EASTBOURNE","","BN21 4EJ","20231220","20250601","","","","","","","","","","1","","","","",""
"J4V5D","I & B PHARMA LIMITED","","","212 STAVELEY ROAD","WHITMORE REANS","","WOLVERHAMPTON","","WV1 4RS","20250319","","","","","","","","","","","1","","","","",""
"J5D2D","COMPLETE CARE (SOUTH WALES) LTD","","","51 HIGH STREET","RHYMNEY","","TREDEGAR","","NP22 5LP","20170911","","","","","","","","","","","1","","","","",""
"J5D6N","NORTH EAST CARE SOLUTION LTD","","","ARCH 15","FORTH GOODS YARD","FORTH STREET","NEWCASTLE UPON TYNE","","NE1 3PG","20220518","","","","","","","","","","","1","","","","",""
"J5D8V","WELFARE HEALTHCARE PARTNERSHIP LTD","","","UNI 1 HOBSON SQUARE","HOBSON AVENUE","TRUMPINGTON","CAMBRIDGE","","CB2 9FN","20210421","","","","","","","","","","","1","","","","",""
"J5F1Z","LP SD ELEVEN LIMITED","","","RIVERSDALE SURGERY","10 MERTHYRMAWR ROAD NORTH","","BRIDGEND","","CF31 3NL","20230901","","","","","","","","","","","1","","","","",""
"J5N2Z","STATION ROAD HEALTHCARE LTD","","","26 STATION ROAD","CLAYTON","","BRADFORD","","BD14 6AN","20251126","","","","","","","","","","","1","","","","",""
"J5N8Z","HEALTH & BEAUTY GX LIMITED","","","60 PACKHORSE ROAD","","","GERRARDS CROSS","","SL9 8EF","20240731","","","","","","","","","","","1","","","","",""
"J5O0E","PHARMAETHICAL LTD","","","UNIT 3","166 METCALFE COURT","WEST PARKSIDE","LONDON","","SE10 0EL","20210106","","","","","","","","","","","1","","","","",""
"J5Q0P","DRAGON RETAIL 714 LIMITED","","","DENTON TURRET MEDICAL CENTRE","10 KENLEY ROAD","","NEWCASTLE UPON TYNE","","NE5 2UY","20260218","","","","","","","","","","","1","","","","",""
"J5Q8Y","LP SD FIFTY FIVE LIMITED","","","47-49 QUEENSWAY","","","BOGNOR REGIS","","PO21 1QN","20230920","","","","","","","","","","","1","","","","",""
"J5R0J","SAFMAAL LTD","","","113 SNEINTON ROAD","SNEINTON","","NOTTINGHAM","","NG2 4QL","20230705","","","","","","","","","","","1","","","","",""
"J5U4V","AP SD FORTY FIVE LIMITED","","","MONTPELIER HEALTH CENTRE","BATH BUILDINGS","MONTPELIER","BRISTOL","","BS6 5PT","20260309","","","","","","","","","","","1","","","","",""
"J5U7A","LP SD ONE HUNDRED TWENTY FOUR LIMITED","","","76 ST. MARY STREET","","","SOUTHAMPTON","","SO14 1NY","20230927","","","","","","","","","","","1","","","","",""
"J5X0D","H&M HEALTHCARE LTD","","","13 BELLEVUE ROAD","WANDSWORTH COMMON","","LONDON","","SW17 7EG","20210512","","","","","","","","","","","1","","","","",""
"J6B0F","AH ENTERPRISES LTD","","","LOW MOOR MEDICAL CENTRE","29 THE PLANTATIONS","WOODSIDE","BRADFORD","","BD12 0TH","20230621","","","","","","","","","","","1","","","","",""
"J6B7N","ACL01 LIMITED","","","HEADCORN SURGERY","THE HARDWICKS","HEADCORN","ASHFORD","","TN27 9AA","20250514","","","","","","","","","","","1","","","","",""
"J6B7S","TRUSTPHARM LIMITED","","","171 NEW BEACON ROAD","","","GRANTHAM","","NG31 9LJ","20230628","","","","","","","","","","","1","","","","",""
"J6C2C","LONDON ROAD PHARMA LIMITED","","","294 LONDON ROAD","NORTH END","","PORTSMOUTH","","PO2 9JN","20240626","","","","","","","","","","","1","","","","",""
"J6E8U","AP SD FOURTEEN LIMITED","","","5-7 WYRE VIEW","KNOTT END-ON-SEA","","POULTON-LE-FYLDE","","FY6 0AE","20260309","","","","","","","","","","","1","","","","",""
"J6M2X","MAURIPHARM (LEATHERHEAD) LTD","","","4 CRADDOCKS PARADE","ASHTEAD","","ASHTEAD","","KT21 1QL","20230517","","","","","","","","","","","1","","","","",""
"J6V7M","MAPEX PHARMACY CONSULTANCY LIMITED","","","89 STATION ROAD","","","WEST WICKHAM","","BR4 0PX","20211208","","","","","","","","","","","1","","","","",""
"J6W6O","RETAIL PHARMACIST LTD","","","73 THE AVENUE","","","HERTFORD","","SG14 3DU","20260611","","","","","","","","","","","1","","","","",""
"J6Z4J","THP CALDERDALE LIMITED","","","SOUTHOWRAM SURGERY","LAW LANE","","HALIFAX","","HX3 9QB","20211006","","","","","","","","","","","1","","","","",""
"J7A4Y","DIME2 LIMITED","","","53 SURBITON ROAD","","","KINGSTON UPON THAMES","","KT1 2HG","20230111","20240201","","","","","","","","","","1","","","","",""
"J7C6X","TW HEALTHCARE SOLUTIONS LIMITED","","","71 WEST STREET","HOYLAND","","BARNSLEY","","S74 9DJ","20260624","","","","","","","","","","","1","","","","",""
"J7D5W","MPHARM HOLDINGS LIMITED","","","36 ABEL STREET","","","BURNLEY","","BB10 1QR","20210303","","","","","","","","","","","1","","","","",""
"J7E1F","BRITON FERRY HEALTHCARE LTD","","","THE PHARMACY","THE QUAYS, BAGLAN","BRITON FERRY","NEATH","","SA11 2FP","20240626","","","","","","","","","","","1","","","","",""
"J7I6F","Q AND S PHARMA LIMITED","","","495-497 UPPER RICHMOND ROAD WEST","EAST SHEEN","","LONDON","","SW14 7PU","20201101","","","","","","","","","","","1","","","","",""
"J7N4M","MEDCARE24 LTD","","","UNIT 4","AUDLEY SHOPPING CT","AUDLEY RANGE","BLACKBURN","","BB1 1TG","20201102","20230728","","","","","","","","","","1","","","","",""
"J7O3F","KANAG LTD","","","1 ST. JOHNS CLOSE","","","NORWICH","","NR1 2AD","20260617","","","","","","","","","","","1","","","","",""
"J7V0Q","AR PHARMA GROUP LIMITED","","","10 OXFORD STREET","","","BRIGHTON","","BN1 4LA","20240320","","","","","","","","","","","1","","","","",""
"J7Z2Q","PREMPHARM LIMITED","","","1 NORTH STREET","STORRINGTON","","PULBOROUGH","","RH20 4DH","20230621","","","","","","","","","","","1","","","","",""
"J8H8Y","CLINPHARM CARE LTD","","","71 PERSHORE ROAD","EDGBASTON","","BIRMINGHAM","","B5 7NX","20210616","","","","","","","","","","","1","","","","",""
"J8L7F","DIRECTMEDS LIMITED","","","852A WOODBOROUGH ROAD","MAPPERLEY","","NOTTINGHAM","","NG3 5QQ","20231108","","","","","","","","","","","1","","","","",""
"J8R4C","WERNETH HEALTHCARE LTD","","","116 OXFORD STREET","WERNETH","","OLDHAM","","OL9 7SJ","20220413","","","","","","","","","","","1","","","","",""
"J8T3B","SIW CORPORATIONS LTD","","","8 LEEDS ROAD","HIPPERHOLME","","HALIFAX","","HX3 8ND","20201001","","","","","","","","","","","1","","","","",""
"J9A3M","WEST END STREET LTD","","","22 WEST END STREET","","","NORWICH","","NR2 4JJ","20230607","","","","","","","","","","","1","","","","",""
"J9C9Y","VENIC LIMITED","","","REAR STORE","66 HIGH STREET","REDBOURN","ST. ALBANS","","AL3 7LN","20260311","","","","","","","","","","","1","","","","",""
"J9D7D","MAPAK (HODDESDON) LIMITED","","","40 CHRISTIAN CLOSE","","","HODDESDON","","EN11 9FF","20260304","","","","","","","","","","","1","","","","",""
"J9G0T","GREENDOCK PHARMA LTD","","","237 BLURTON ROAD","BLURTON","","STOKE-ON-TRENT","","ST3 2AF","20240228","","","","","","","","","","","1","","","","",""
"J9I4D","NORWOOD HEALTHCARE LIMITED","","","11 NORWOOD AVENUE","","","SOUTHPORT","","PR9 7EG","20240626","","","","","","","","","","","1","","","","",""
"J9N4P","HEADINGTON HEALTHCARE LTD","","","207 LONDON ROAD","HEADINGTON","","OXFORD","","OX3 9JA","20210113","","","","","","","","","","","1","","","","",""
"J9O9B","HALTEMPRICE ONLINE LIMITED","","","16 WEST END","SWANLAND","","NORTH FERRIBY","","HU14 3PE","20201118","","","","","","","","","","","1","","","","",""
"J9P2U","REVELLA LTD","","","155 HIGH STREET","ACTON","","LONDON","","W3 6LP","20260311","","","","","","","","","","","1","","","","",""
"J9S6Z","JJ & VJ REED LTD","","","1 CLOS Y MAMETZ","","","PORTHCAWL","","CF36 5DJ","20200609","","","","","","","","","","","1","","","","",""
"J9S8A","AA RX LIMITED","","","THE PHARMACY","HIGH STREET","FARNDON","CHESTER","","CH3 6PT","20210512","20220706","","","","","","","","","","1","","","","",""
"J9T0Z","BOWER HEALTHCARE LTD","","","UNIT 12","FREEPORT SHOPPING MALL","PIT LANE, TALKE PITS","STOKE-ON-TRENT","","ST7 1XD","20260527","","","","","","","","","","","1","","","","",""
"J9V3O","EVERLASTING SOLUTIONS LTD","","","7 PRIORY WALK","","","COLCHESTER","","CO1 1LG","20240717","","","","","","","","","","","1","","","","",""
"J9W0J","AMBER PHARM LTD","","","FOUR LANES END","HORSLEY WOODHOUSE","","ILKESTON","","DE7 6AX","20260311","","","","","","","","","","","1","","","","",""
"J9Z5X","NUTRIBERRY LTD","","","PORTACABIN","THAME COMMUNITY HOSPITAL","EAST STREET","THAME","","OX9 3JT","20260408","","","","","","","","","","","1","","","","",""
"K0C1P","HUDDERSFIELD PHARMA LIMITED","","","45-47 MARKET STREET","","","HUDDERSFIELD","","HD1 2HL","20230823","","","","","","","","","","","1","","","","",""
"K0F6O","OSLERPHARM LIMITED","","","57 OSLER ROAD","HEADINGTON","","OXFORD","","OX3 9BH","20241002","","","","","","","","","","","1","","","","",""
"K0G8B","PYRAMID LAVENDER HILL LIMITED","","","137 LAVENDER HILL","","","LONDON","","SW11 5QJ","20260826","","","","","","","","","","","1","","","","",""
"K0H6G","DALTON IF HEALTHCARE LIMITED","","","75-77 MARKET STREET","","","DALTON-IN-FURNESS","","LA15 8DL","20260429","","","","","","","","","","","1","","","","",""
"K0M4D","THAMES VIEW HEALTH LIMITED","","","481-483 BROMLEY ROAD","DOWNHAM","","BROMLEY","","BR1 4PQ","20220511","","","","","","","","","","","1","","","","",""
"K0N7I","PRIORY FIELDS HEALTHCARE LLP","","","PRIORY FIELDS SURGERY","NURSERY ROAD","","HUNTINGDON","","PE29 3RL","20240313","","","","","","","","","","","1","","","","",""
"K0P2F","HOPE FARM HEALTHCARE LLP","","","HOPE FARM MEDICAL CENTRE","HOPE FARM ROAD","GREAT SUTTON","ELLESMERE PORT","","CH66 2WW","20220413","","","","","","","","","","","1","","","","",""
"K0Q1J","THE RAHBI LIMITED","","","126 HIGH STREET","STAPLE HILL","","BRISTOL","","BS16 5HH","20240320","20260915","","","","","","","","","","1","","","","",""
"K0Q9O","A M PHARMACARE LIMITED","","","65 WESTON ROAD","","","STAFFORD","","ST16 3RL","20220525","","","","","","","","","","","1","","","","",""
"K0R6S","PRIRAH LTD","","","ST ANNES ROAD","HAKIN","","MILFORD HAVEN","","SA73 3LL","20130701","","","","","","","","","","","1","","","","",""
"K0S2W","CCPD TRADING LTD","","","COSHAM PARK HOUSE SURGERY","COSHAM PARK AVENUE","","PORTSMOUTH","","PO6 3BG","20210310","","","","","","","","","","","1","","","","",""
"K0S3R","MEDHEAL LTD","","","SUITE 11","PROSPECT HOUSE","FEATHERSTALL ROAD SOUTH","OLDHAM","","OL9 6HT","20231004","","","","","","","","","","","1","","","","",""
"K1C7V","WOODLANDS PARK HEALTHCARE LIMITED","","","LORDSHILL HEALTH CENTRE","LORDSHILL DISTRICT CENTRE","LORDSHILL","SOUTHAMPTON","","SO16 8HY","20230524","","","","","","","","","","","1","","","","",""
"K1F6M","NEW INTERNATIONAL MEDICAL LTD","","","UNIT 4","ST MARY'S MEDICAL CENTRE","245 HIGH STREET","LONDON","","E15 2LS","20230208","","","","","","","","","","","1","","","","",""
"K1F9I","BH PHARMACY LTD","","","4 TOWNHILL FARM DISTRICT CENTRE","WESSEX ROAD","WEST END","SOUTHAMPTON","","SO18 3RA","20230614","","","","","","","","","","","1","","","","",""
"K1H7I","LAKEWOOD PHARMACY LIMITED","","","108 HIGH STREET","","","WEST WICKHAM","","BR4 0ND","20230111","","","","","","","","","","","1","","","","",""
"K1N6G","AP SD FORTY TWO LIMITED","","","NORFOLK STREET","SHELTON","","STOKE-ON-TRENT","","ST1 4PB","20260715","","","","","","","","","","","1","","","","",""
"K1N9V","A2 HEALTH LTD","","","25 WICKET DRIVE","","","WAKEFIELD","","WF1 3AL","20210609","","","","","","","","","","","1","","","","",""
"K1P2Q","HELLO MEDS LTD","","","UNIT 3","THE OLD POLICE STATION","SHREWSBURY ROAD","DONCASTER","","DN11 8DE","20230308","","","","","","","","","","","1","","","","",""
"K1Q9K","WILLERBY INVESTMENTS LIMITED","","","5-7 KINGSTON ROAD","WILLERBY","","HULL","","HU10 6AD","20250212","","","","","","","","","","","1","","","","",""
"K1R0Y","SEATON HEALTHCARE LIMITED","","","MONKSEATON MEDICAL CENTRE","CAULDWELL AVENUE","","WHITLEY BAY","","NE25 9PH","20230517","","","","","","","","","","","1","","","","",""
"K1Z7S","PSM PHARM LTD","","","47 SWANLEY CENTRE","","","SWANLEY","","BR8 7TQ","20241106","","","","","","","","","","","1","","","","",""
"K2A9Z","THORNES PHARMACY LTD","","","CELTIC HOUSE","CAXTON PLACE","","CARDIFF","","CF23 8HA","20140519","","","","","","","","","","","1","","","","",""
"K2G2T","HEALTHCARE MEDICAL LTD","","","29 CURZON STREET","","","MARYPORT","","CA15 6LN","20210224","","","","","","","","","","","1","","","","",""
"K2Q8T","NORFOLK PHARMA LTD","","","55 WESSEX STREET","","","NORWICH","","NR2 2TJ","20220824","","","","","","","","","","","1","","","","",""
"K2S8M","JPP PHARMA LIMITED","","","80 HIGH STREET","MILTON REGIS","","SITTINGBOURNE","","ME10 2AN","20250312","","","","","","","","","","","1","","","","",""
"K2V1L","AVESTA PHARMA LIMITED","","","86-88 HIGH STREET","HURSTPIERPOINT","","HASSOCKS","","BN6 9PX","20230719","","","","","","","","","","","1","","","","",""
"K2V2U","ABBSOL LTD","","","HESKETH HOUSE","1A HESKETH STREET","GREAT HARWOOD","BLACKBURN","","BB6 7DW","20260107","","","","","","","","","","","1","","","","",""
"K2W0Y","HALO PHARMACY LIMITED","","","5 CROWN MEAD","BATH ROAD","","THATCHAM","","RG18 3JW","20230621","","","","","","","","","","","1","","","","",""
"K2Z8S","PRIVANI LIMITED","","","5 SHAKESPEARE AVENUE","","","ANDOVER","","SP10 3DR","20230607","","","","","","","","","","","1","","","","",""
"K3A7X","MIDDLEFIELD ENTERPRISES LTD","","","48-49 NORTH POINT SHOPPING CENTRE","GOODHART ROAD","BRANSHOLME","HULL","","HU7 4EE","20230607","","","","","","","","","","","1","","","","",""
"K3D0V","KHATKAR PHARMA LIMITED","","","9 VILLIERS ROAD","","","SLOUGH","","SL2 1NW","20230719","","","","","","","","","","","1","","","","",""
"K3F2S","MALHOTRA PHARMA LTD","","","27 BUXTON ROAD","RODWELL","","WEYMOUTH","","DT4 9PQ","20251105","","","","","","","","","","","1","","","","",""
"K3I9N","NORTHBROOK GROUP LIMITED","","","NORTHBROOK HEALTH CENTRE","93 NORTHBROOK ROAD","SHIRLEY","SOLIHULL","","B90 3LX","20240221","","","","","","","","","","","1","","","","",""
"K3M5Q","AP SD SIXTY THREE LIMITED","","","180 SANDGATE ROAD","","","FOLKESTONE","","CT20 2HN","20260323","","","","","","","","","","","1","","","","",""
"K3O0Q","JERICHO PHARMA LIMITED","","","116 WALTON STREET","","","OXFORD","","OX2 6AJ","20230215","","","","","","","","","","","1","","","","",""
"K3P1R","MORRILL INVESTMENTS LIMITED","","","312 HOLDERNESS ROAD","","","HULL","","HU9 3DA","20210203","","","","","","","","","","","1","","","","",""
"K3Q8A","FRATTON ROAD HEALTHCARE LIMITED","","","94-98 FRATTON ROAD","","","PORTSMOUTH","","PO1 5BZ","20260318","","","","","","","","","","","1","","","","",""
"K3V8D","SUMMIT PHARMA LIMTED","","","SWAN STREET","KINGSCLERE","","NEWBURY","","RG20 5PP","20250409","","","","","","","","","","","1","","","","",""
"K3Y0Z","TYERSAL BRADFORD LIMITED","","","6 TYERSAL ROAD","","","BRADFORD","","BD4 8ET","20250219","","","","","","","","","","","1","","","","",""
"K4A6M","SHELLEYS PHARMACY LIMITED","","","162 SHARD END CRESCENT","SHARD END","","BIRMINGHAM","","B34 7BP","20250709","","","","","","","","","","","1","","","","",""
"K4F1H","SUNRISE PHARMA LTD","","","24 ROUNDBUSH CRESCENT","CAERWENT","","CALDICOT","","NP26 5AG","20110201","","","","","","","","","","","1","","","","",""
"K4G8Q","LP SD SEVENTY NINE LIMITED","","","208 LITTLE COATES ROAD","","","GRIMSBY","","DN34 5SU","20230927","","","","","","","","","","","1","","","","",""
"K4R7J","BROMBOROUGH HEALTHCARE LIMITED","","","154 ALLPORT ROAD","BROMBOROUGH","","WIRRAL","","CH62 6BB","20250115","","","","","","","","","","","1","","","","",""
"K4R9S","NEBEL LIMITED","","","8 AVENUE PARADE","THE AVENUE","","SUNBURY-ON-THAMES","","TW16 5HS","20230614","","","","","","","","","","","1","","","","",""
"K4U2B","SELBY PHARMACY LIMITED","","","569-571 MEANWOOD ROAD","","","LEEDS","","LS6 4AY","20210512","","","","","","","","","","","1","","","","",""
"K4U7E","EASTHAMPSTEAD (2024) LTD","","","8 RECTORY ROW","EASTHAMPSTEAD","","BRACKNELL","","RG12 7BN","20240821","","","","","","","","","","","1","","","","",""
"K5B7Y","HADLEIGH HEALTHCARE LTD","","","298 KILN ROAD","","","BENFLEET","","SS7 1QT","20210224","","","","","","","","","","","1","","","","",""
"K5F0T","SMS PHARMACY LTD","","","86 DEVONSHIRE STREET","","","SALFORD","","M7 4AE","20230417","","","","","","","","","","","1","","","","",""
"K5H0R","AP SD EIGHTY FOUR LIMITED","","","PORTISHEAD MEDICAL GROUP","VICTORIA SQUARE","PORTISHEAD","BRISTOL","","BS20 6AQ","20260311","","","","","","","","","","","1","","","","",""
"K5O9B","PI-GEN(EALING)LTD","","","147 BROADWAY","EALING","","LONDON","","W13 9BE","20240807","","","","","","","","","","","1","","","","",""
"K5Y4X","PRIMULUS LTD","","","CHESTER ROAD","ROSSETT","","WREXHAM","","LL12 0HN","20091001","","","","","","","","","","","1","","","","",""
"K6A3A","AP SD FIFTEEN LIMITED","","","40 GRANGE ROAD","WEST KIRBY","","WIRRAL","","CH48 4EF","20260204","","","","","","","","","","","1","","","","",""
"K6C9X","LP SD TWENTY EIGHT LIMITED","","","151-153 MOUNT ROAD","GORTON","","MANCHESTER","","M18 7QT","20230719","","","","","","","","","","","1","","","","",""
"K6D4Z","RANJHA CARE LIMITED","","","13-15 LUMLEY ROAD","","","SKEGNESS","","PE25 3LL","20240703","","","","","","","","","","","1","","","","",""
"K6E1O","PI-GEN PHARMA LTD","","","109-111 FIELD END ROAD","","","PINNER","","HA5 1QG","20250108","","","","","","","","","","","1","","","","",""
"K6G3Y","AP SD SIXTEEN LIMITED","","","27 MARKET PLACE","MILDENHALL","","BURY ST. EDMUNDS","","IP28 7EF","20260209","","","","","","","","","","","1","","","","",""
"K6I0Y","GOLD FUTURES LIMITED","","","738 HOLLOWAY ROAD","","","LONDON","","N19 3JF","20230201","","","","","","","","","","","1","","","","",""
"K6R4H","CALVANI HEALTHCARE LTD","","","OFFICE 2","83 COPLEY ROAD","","DONCASTER","","DN1 2QP","20230913","","","","","","","","","","","1","","","","",""
"K7D3C","AP SD FORTY THREE LIMITED","","","116 HIGH STREET NORTH","","","DUNSTABLE","","LU6 1LN","20260429","","","","","","","","","","","1","","","","",""
"K7E4Z","PEBSHAM LTD","","","UNIT 2.02 HIGH WEALD HOUSE","HIGH WEALD HOUSE","GLOVERS END","BEXHILL-ON-SEA","","TN39 5ES","20240821","","","","","","","","","","","1","","","","",""
"K7I3Y","DHARMASHA LIMITED","","","ADMIRAL MOORE DRIVE","ROYAL BRITISH LEGION VILLAGE","","AYLESFORD","","ME20 7SE","20210701","","","","","","","","","","","1","","","","",""
"K7J0W","ASCENT (SOUTH EAST) LIMITED","","","36 HIGH STREET","","","BAGSHOT","","GU19 5AZ","20230502","20250301","","","","","","","","","","1","","","","",""
"K7K5T","TRIO PHARM LTD","","","122 HIGHLAND ROAD","","","SOUTHSEA","","PO4 9NQ","20230517","","","","","","","","","","","1","","","","",""
"K7P0O","LP SD EIGHTY SIX LIMITED","","","81 HIGH STREET","","","SIDMOUTH","","EX10 8LD","20230920","","","","","","","","","","","1","","","","",""
"K7U4E","ABEDI PHARMACEUTICALS LTD","","","516 MANCHESTER ROAD","","","ACCRINGTON","","BB5 2RG","20250129","","","","","","","","","","","1","","","","",""
"K7V8E","AMAN PHARMACY (JA JONES) LTD","","","70 CWMAMMAN ROAD","GLANAMMAN","","AMMANFORD","","SA18 1DJ","20120401","","","","","","","","","","","1","","","","",""
"K7X3F","PHARMEDIX LTD","","","442 ANLABY ROAD","","","HULL","","HU3 6QP","20201216","","","","","","","","","","","1","","","","",""
"K8A8N","TOWER PHARMACY LTD","","","122 WINCHCOMBE STREET","","","CHELTENHAM","","GL52 2NW","20091001","","","","","","","","","","","1","","","","",""
"K8C1H","SVB HEALTHCARE LIMITED","","","841 HIGH ROAD","GOODMAYES","","ILFORD","","IG3 8TG","20220112","","","","","","","","","","","1","","","","",""
"K8H5H","VARSANI PHARMACY LIMITED","","","261 NORTHFIELD AVENUE","EALING","","LONDON","","W5 4UA","20210224","","","","","","","","","","","1","","","","",""
"K8O9R","MYPHARM LTD","","","WHITCHURCH HEALTH CENTRE","ARMADA ROAD","WHITCHURCH","BRISTOL","","BS14 0SU","20230705","","","","","","","","","","","1","","","","",""
"K8U1Z","OPTNEAR ADDLESTONE LTD","","","92A STATION ROAD","","","ADDLESTONE","","KT15 2AD","20230614","","","","","","","","","","","1","","","","",""
"K8V2H","BOSTON PHARMACARE LTD","","","SOUTH SQUARE","","","BOSTON","","PE21 6JU","20230726","20241001","","","","","","","","","","1","","","","",""
"K8Z3D","EDUNNE HEALTHCARE LTD","","","101-103 STATION ROAD","HEALING","","GRIMSBY","","DN41 7RB","20230118","","","","","","","","","","","1","","","","",""
"K9I0C","WYMONDHAM MEDICAL SERVICES LTD","","","47-47A MARKET STREET","","","WYMONDHAM","","NR18 0AJ","20250730","","","","","","","","","","","1","","","","",""
"K9K5G","APEX PHARMACY LIMITED","","","105 HEADSTONE ROAD","","","HARROW","","HA1 1PG","20250528","","","","","","","","","","","1","","","","",""
"K9N8V","LAFFAK LTD","","","THE GUILTCROSS CLUB","QUEENS SQUARE","","ATTLEBOROUGH","","NR17 2AF","20230428","","","","","","","","","","","1","","","","",""
"K9S4N","AFIFY HEALTHCARE LTD","","","UNIT 3","LONG MEADOW INDUSTRIAL ESTATE","PONTRILAS","HEREFORD","","HR2 0UA","20260722","","","","","","","","","","","1","","","","",""
"K9W9H","EMWHY PHARMA LTD","","","UNIT A2","BLACKBURN ROAD","TOWNSEND INDUSTRIAL ESTATE","DUNSTABLE","","LU5 5BQ","20250924","","","","","","","","","","","1","","","","",""
"L0E5Y","NELSONS (TREDEGAR) LTD","","","4 MORGAN STREET","","","TREDEGAR","","NP22 3NA","20091001","","","","","","","","","","","1","","","","",""
"L0J4T","WILTON PHARMA LTD","","","GROUND FLOOR","5 DELAUNAYS ROAD","CRUMPSALL","MANCHESTER","","M8 4QS","20250730","","","","","","","","","","","1","","","","",""
"L0J9D","CONCORDIA PHARMACY LIMITED","","","UNIT 8","3 KILN SQUARE","","NEWPORT","","NP19 9EH","20251126","","","","","","","","","","","1","","","","",""
"L0O4J","MEIRELES & HARRAS LTD","","","121-123 ROWLANDS ROAD","","","WORTHING","","BN11 3LA","20230809","","","","","","","","","","","1","","","","",""
"L0Q8O","BROOMLANE PHARMA LIMITED","","","70A BROOM LANE","","","ROTHERHAM","","S60 3EW","20250122","","","","","","","","","","","1","","","","",""
"L0X3W","MOHAMED N.A MEHDI MRPHARMS","","","3 TYNE VIEW","LEMINGTON","","NEWCASTLE UPON TYNE","","NE15 8DE","20240731","","","","","","","","","","","1","","","","",""
"L1B9M","SMART PHARMASOLUTIONS LTD","","","RIVERBANK MEDICAL CENTRE","DODSLEY LANE","EASEBOURNE","MIDHURST","","GU29 9AW","20250115","","","","","","","","","","","1","","","","",""
"L1R1S","VCARE HEALTHCARE LIMITED","","","359 RIPPLE ROAD","","","BARKING","","IG11 9PN","20260805","","","","","","","","","","","1","","","","",""
"L1S3N","TH PHARMA LIMITED","","","30 THE TOWN","THORNHILL","","DEWSBURY","","WF12 0RB","20221109","","","","","","","","","","","1","","","","",""
"L1U4F","MEDICAL HEALTHCARE LIMITED","","","51 CLARENDON STREET","","","LEAMINGTON SPA","","CV32 4PN","20251008","","","","","","","","","","","1","","","","",""
"L2E7W","ATHRU CONSULTING LTD","","","59 KINGSLEY ROAD","","","FRODSHAM","","WA6 6SJ","20210203","","","","","","","","","","","1","","","","",""
"L2G3K","COSMAS ONLINE LTD","","","PHARMACY UNIT","98 NEWMARKET ROAD","CRINGLEFORD","NORWICH","","NR4 6UD","20240410","","","","","","","","","","","1","","","","",""
"L2G4R","NEWTON HEATH LTD","","","48A OLD CHURCH STREET","NEWTON HEATH","","MANCHESTER","","M40 2JF","20260624","","","","","","","","","","","1","","","","",""
"L2H3Q","LP SD SEVENTY LIMITED","","","3-4 MINOR CENTRE","GROVEWOOD DRIVE NORTH","WEAVERING","MAIDSTONE","","ME14 5TQ","20230927","","","","","","","","","","","1","","","","",""
"L2J1N","ASCENT (WOLLATON) LIMITED","","","158 RUSSELL DRIVE","WOLLATON","","NOTTINGHAM","","NG8 2BE","20230411","20240613","","","","","","","","","","1","","","","",""
"L2L0T","PHARMA KENECT LTD","","","56 MARKET STREET","","","HEYWOOD","","OL10 4LY","20260107","","","","","","","","","","","1","","","","",""
"L2O9A","LP SD ONE HUNDRED ELEVEN LIMITED","","","84 UPPER HUNTBACH STREET","HANLEY","","STOKE-ON-TRENT","","ST1 2BU","20231004","","","","","","","","","","","1","","","","",""
"L3F7E","MEDSHEALTHCARE LTD","","","VAUXHALL HEALTH CENTRE","111-117 LIMEKILN LANE","","LIVERPOOL","","L5 8XR","20250212","","","","","","","","","","","1","","","","",""
"L3N6A","S E GILL CHEMIST LIMITED","","","35 FRONT STREET","CLEADON","","SUNDERLAND","","SR6 7PG","20250509","","","","","","","","","","","1","","","","",""
"L3P1O","SACH CHEMISTS LTD","","","CHURCHGATE HOUSE","3 CHURCH ROAD","WHITCHURCH","CARDIFF","","CF14 2DX","20171001","","","","","","","","","","","1","","","","",""
"L4G9F","RHODIUM PHARMA LTD","","","81 THORNBRIDGE AVENUE","GREAT BARR","","BIRMINGHAM","","B42 2PW","20221221","","","","","","","","","","","1","","","","",""
"L4I5L","OMICARE HEALTHCARE LTD","","","11-12 STATION ROAD","","","CONSETT","","DH8 5RL","20230809","","","","","","","","","","","1","","","","",""
"L4O2I","WG HEALTHCARE LIMITED","","","23-25 GLOUCESTER ROAD","BISHOPSTON","","BRISTOL","","BS7 8AA","20240807","","","","","","","","","","","1","","","","",""
"L4Q8C","FAIRLIGHT PHARMA LIMITED","","","186 ROWAN ROAD","","","LONDON","","SW16 5HX","20210609","","","","","","","","","","","1","","","","",""
"L4Q9S","MEDPLUS HEALTHCARE LIMITED","","","UNIT 5","UPMINSTER TRADING PARK","WARLEY STREET","UPMINSTER","","RM14 3PJ","20211201","","","","","","","","","","","1","","","","",""
"L4R0S","SOUTH KIRKBY HEALTHCARE LLP","","","CHURCH VIEW HEALTH CENTRE","LANGWAITE ROAD","SOUTH KIRKBY","PONTEFRACT","","WF9 3AP","20240313","","","","","","","","","","","1","","","","",""
"L4S5X","TALYBONT PHARMACY LTD","","","4 TYRREL PLACE","","","TALYBONT","","SY24 5HA","20211101","20250531","","","","","","","","","","1","","","","",""
"L4T4G","CHESTNUT (CARCROFT) LIMITED","","","GREENFIELD LANE","BALBY","","DONCASTER","","DN4 0TG","20251008","","","","","","","","","","","1","","","","",""
"L4T9J","ALLOPATHIC HEALTHCARE LTD","","","72-74 MILTON ROAD","SNEYD GREEN","","STOKE-ON-TRENT","","ST1 6HD","20210310","","","","","","","","","","","1","","","","",""
"L4U1P","DRAGON RETAIL 824 LIMITED","","","9-11 MARTIN HARDIE WAY","","","TONBRIDGE","","TN10 4AE","20260218","","","","","","","","","","","1","","","","",""
"L4W2I","HEALTHCARE DIRECT 2U LTD","","","UNIT 51","20 CAMPUS ROAD","LISTERHILLS SCIENCE PARK","BRADFORD","","BD7 1HR","20260916","","","","","","","","","","","1","","","","",""
"L4W2M","MINERVA CLINICAL SERVICES LIMITED","","","UNIT 3 OLD STATION HOUSE","CAMP ROAD","UPPER HEYFORD","BICESTER","","OX25 5BZ","20221221","","","","","","","","","","","1","","","","",""
"L5D7F","AKHTAR HEALTH LIMITED","","","UNIT 2","SHAW VILLAGE CENTRE","RAMLEAZE DRIVE, SHAW","SWINDON","","SN5 5PY","20260525","","","","","","","","","","","1","","","","",""
"L5E7G","LALIYA PHARMACEUTICALS LTD","","","52 EWHURST ROAD","WEST GREEN","","CRAWLEY","","RH11 7HE","20260408","","","","","","","","","","","1","","","","",""
"L5G7I","AW (SHEPWAY) LTD","","","11-12 NORTHUMBERLAND COURT","NORTHUMBERLAND ROAD","","MAIDSTONE","","ME15 7LW","20260520","","","","","","","","","","","1","","","","",""
"L5H8L","PHARMA CHOICE PILSLEY LTD","","","BRIDGE STREET","PILSLEY","","CHESTERFIELD","","S45 8HE","20260218","","","","","","","","","","","1","","","","",""
"L5I7K","ARUNS PHARM LTD","","","28 THE MARKET","WRYTHE LANE","","CARSHALTON","","SM5 1AG","20230315","","","","","","","","","","","1","","","","",""
"L5M8C","ELECTRA PRESCRIBING SERVICES LTD","","","ALMA ROAD HEALTH CENTRE","1 WOODALL ROAD","","ENFIELD","","EN3 4GS","20210331","","","","","","","","","","","1","","","","",""
"L5O9B","OPAD LIMITED","","","516 HUDDERSFIELD ROAD","WYKE","","BRADFORD","","BD12 8AD","20260128","","","","","","","","","","","1","","","","",""
"L5S0X","MIDLAND PRIMARY EYECARE LTD","","","26 THE GREEN","KINGS NORTON","","BIRMINGHAM","","B38 8SD","20230810","20230811","","","","","","","","","","1","","","","",""
"L5T5D","NOVUSPHARMA (UK) LTD","","","30-32 NORTH STREET","","","CALNE","","SN11 0HH","20210127","","","","","","","","","","","1","","","","",""
"L5U0X","MR HEALTH LIMITED","","","328-330 DUDLEY ROAD","WINSON GREEN","","BIRMINGHAM","","B18 4HJ","20220302","","","","","","","","","","","1","","","","",""
"L5W8Y","GATESHEAD HEALTHCARE LIMITED","","","105 PRINCE CONSORT ROAD","","","GATESHEAD","","NE8 1LR","20240529","","","","","","","","","","","1","","","","",""
"L5Z2U","AP SD FIFTY SIX LIMITED","","","SANDY LANE HEALTH CENTRE","SANDY LANE","","RUGELEY","","WS15 2LB","20260812","","","","","","","","","","","1","","","","",""
"L5Z3Y","LP SD SIXTY LIMITED","","","97 ADDINGTON ROAD","SELSDON","","SOUTH CROYDON","","CR2 8LG","20231011","20250830","","","","","","","","","","1","","","","",""
"L6A7S","PRUDHOE HEALTH LTD","","","UNIT 3","KEPWELL HOUSE","FRONT STREET","PRUDHOE","","NE42 5HH","20250723","","","","","","","","","","","1","","","","",""
"L6H5P","RIVERVIEW MEDICAL LTD","","","10 THE ALMA","LEANDER DRIVE","RIVERVIEW PARK","GRAVESEND","","DA12 4NG","20240131","","","","","","","","","","","1","","","","",""
"L6L0X","DRAGON RETAIL 604 LIMITED","","","50 LOWMOOR ROAD","KIRKBY-IN-ASHFIELD","","NOTTINGHAM","","NG17 7BG","20251112","","","","","","","","","","","1","","","","",""
"L6O7J","AP SD FIFTY ONE LIMITED","","","480 BRISTOL ROAD","SELLY OAK","","BIRMINGHAM","","B29 6BD","20260603","","","","","","","","","","","1","","","","",""
"L6V4H","M&T PRESCRIPTIONS LIMITED","","","251-253 WALWORTH ROAD","","","LONDON","","SE17 1RL","20251112","","","","","","","","","","","1","","","","",""
"L6Z1W","SHRIRAM PHARMA LTD","","","11 GRAND HOTEL BUILDINGS","COMPTON STREET","","EASTBOURNE","","BN21 4EJ","20260401","","","","","","","","","","","1","","","","",""
"L7B2N","JRS PHARMACIES LTD","","","37 WELSH ROAD","GARDEN CITY","","DEESIDE","","CH5 2HU","20111031","","","","","","","","","","","1","","","","",""
"L7L4Q","CARERX LIMITED","","","MAIN ROAD","LANGWITH","","MANSFIELD","","NG20 9BH","20240710","","","","","","","","","","","1","","","","",""
"L7R5N","MUSA786 LIMITED","","","7 FAIRWATER SQUARE","FAIRWATER","","CWMBRAN","","NP44 4TA","20230502","","","","","","","","","","","1","","","","",""
"L7U9U","SAPPHIRE HEALTHCARE SOLUTIONS LIMITED","","","7 THE WESTBURY CENTRE","WESTBURY ROAD","","NEWCASTLE","","ST5 4LY","20230621","","","","","","","","","","","1","","","","",""
"L7W0V","LP SD SEVENTY ONE LIMITED","","","4A THE SINGLETON CENTRE","SINGLETON HILL","SINGLETON","ASHFORD","","TN23 5GR","20230920","","","","","","","","","","","1","","","","",""
"L8G3U","MAHALAKSHMI HEALTHCARE LIMITED","","","NEW STREET","DINNINGTON","","SHEFFIELD","","S25 2EX","20230614","","","","","","","","","","","1","","","","",""
"L8M5Q","GS HEALTH LTD","","","12 CHASE CROSS ROAD","","","ROMFORD","","RM5 3PR","20230614","","","","","","","","","","","1","","","","",""
"L8T6V","LOTUS PHARMA LTD","","","MALMESBURY PRIMARY CARE CENTRE","PRIORY WAY","BURTON HILL","MALMESBURY","","SN16 0FB","20240501","","","","","","","","","","","1","","","","",""
"L8Y4K","ELMWOOD HEALTHCARE LTD","","","9-11 KINGS HEDGES","","","ST. IVES","","PE27 3XS","20230614","20250514","","","","","","","","","","1","","","","",""
"L9P4C","SHEPSHED (MIDLANDS) LTD","","","46B CHARNWOOD ROAD","SHEPSHED","","LOUGHBOROUGH","","LE12 9QF","20240911","","","","","","","","","","","1","","","","",""
"L9Q0Z","M&Z-PHARMA LTD","","","7 TULSE HILL","","","LONDON","","SW2 2TH","20260311","","","","","","","","","","","1","","","","",""
"L9V3I","TANDY INC LTD","","","35 ST ISAN ROAD","","","CARDIFF","","CF14 4LU","20091001","","","","","","","","","","","1","","","","",""
"L9W5H","CLICK SOLUTIONS LTD","","","8 RECTORY ROW","EASTHAMPSTEAD","","BRACKNELL","","RG12 7BN","20230524","20260430","","","","","","","","","","1","","","","",""
"L9Y2O","DUDLEY TAYLOR KENILWORTH LTD","","","42 STATION ROAD","","","KENILWORTH","","CV8 1JD","20230627","","","","","","","","","","","1","","","","",""
"L9Y4A","MEDS PHARMA LTD","","","NEW PRIMARY CARE CENTRE","CRAIG STREET","","PETERBOROUGH","","PE1 2EJ","20220525","","","","","","","","","","","1","","","","",""
"M0A5J","MUSHTAQ AND SONS HEALTHCARE LIMITED","","","MANOR SURGERY","MIDDLE STREET","BEESTON","NOTTINGHAM","","NG9 1GA","20240508","","","","","","","","","","","1","","","","",""
"M0E4E","BESSACARR HEALTHCARE LIMITED","","","65-67 CARR HOUSE ROAD","HYDE PARK","","DONCASTER","","DN1 2BJ","20240828","","","","","","","","","","","1","","","","",""
"M0K9F","BEACON PHARM LIMITED","","","35 ST. STEPHENS ROAD","","","LEICESTER","","LE2 1GH","20250723","","","","","","","","","","","1","","","","",""
"M0M6M","KSMP HEALTHCARE LIMITED","","","5-6 RAVEN WAY","","","NUNEATON","","CV11 6SG","20230614","","","","","","","","","","","1","","","","",""
"M0P5W","GRENDON HEALTHCARE LTD","","","UNIT 23","MERIDIAN CENTRE","KING STREET","OLDHAM","","OL8 1EZ","20230607","","","","","","","","","","","1","","","","",""
"M0T6U","WALKLEY HEALTHCARE LTD","","","35 GREENHOW STREET","","","SHEFFIELD","","S6 3TN","20250219","","","","","","","","","","","1","","","","",""
"M0V1L","SIGMA MED LTD","","","140 WEST ROAD","","","NEWCASTLE UPON TYNE","","NE4 9QB","20210630","","","","","","","","","","","1","","","","",""
"M0X5N","BLUECROSS HEALTH LIMITED","","","4 QUINTON PARADE","CHEYLESMORE","","COVENTRY","","CV3 5HW","20250723","","","","","","","","","","","1","","","","",""
"M1B1P","AMARAVIRA LIMITED","","","5 CASTLEMEAD SHOPPING CENTRE","TOWNSHEND ROAD","WORLE","WESTON-SUPER-MARE","","BS22 7GF","20230913","","","","","","","","","","","1","","","","",""
"M1B5Q","RIFCARE LTD","","","53 SURBITON ROAD","","","KINGSTON UPON THAMES","","KT1 2HG","20231011","","","","","","","","","","","1","","","","",""
"M1E4D","SEDBURY PHARMA LTD","","","BEACHLEY ROAD","SEDBURY","","CHEPSTOW","","NP16 7AA","20260610","","","","","","","","","","","1","","","","",""
"M1E5L","AMMOLITE LTD","","","34 HIGH STREET","","","COWBRIDGE","","CF71 7AG","20240501","","","","","","","","","","","1","","","","",""
"M1I8B","LP SD FIVE LIMITED","","","47A TOWN STREET","DUFFIELD","","BELPER","","DE56 4GG","20230628","","","","","","","","","","","1","","","","",""
"M1I8O","MEDSWAY HEALTHCARE LTD","","","SUITE G04","PILL BOX STUDIOS","115 COVENTRY ROAD","LONDON","","E2 6GG","20260729","","","","","","","","","","","1","","","","",""
"M1N0U","ASPIRE PHARM LTD","","","694 YARDLEY WOOD ROAD","","","BIRMINGHAM","","B13 0HY","20220525","","","","","","","","","","","1","","","","",""
"M1P8J","LODGE LANE HEALTHCARE LIMITED","","","157 LODGE LANE","","","LIVERPOOL","","L8 0QQ","20240710","","","","","","","","","","","1","","","","",""
"M1Q0X","MEWS PHARMA LIMITED","","","10-14 WINSTER MEWS","GAMESLEY","","GLOSSOP","","SK13 0LU","20240724","","","","","","","","","","","1","","","","",""
"M1V9P","STATION AVENUE PHARMACY LTD","","","BRIDLINGTON MEDICAL CENTRE","STATION AVENUE","","BRIDLINGTON","","YO16 4LZ","20240102","","","","","","","","","","","1","","","","",""
"M1W5N","GRH PHARMA LIMITED","","","59 GWENDOLINE STREET","TREHERBERT","","TREORCHY","","CF42 5BL","20230901","","","","","","","","","","","1","","","","",""
"M1W7V","SALFORD PHARMA LIMITED","","","THE ENERGISE CENTRE","3 DOUGLAS GREEN","","SALFORD","","M6 6ES","20231004","","","","","","","","","","","1","","","","",""
"M2A7C","ERDINGTON COMMUNITY HEALTHCARE LTD","","","213 HIGH STREET","ERDINGTON","","BIRMINGHAM","","B23 6SS","20250813","","","","","","","","","","","1","","","","",""
"M2G4M","LP SD FOURTEEN LIMITED","","","PRIORY COURT","43 ST. AUGUSTINES WAY","SOUTH WOOTTON","KING'S LYNN","","PE30 3TE","20230712","","","","","","","","","","","1","","","","",""
"M2O7W","FARAL HEALTHCARE LTD","","","42 BAILEY STREET","OLD BASFORD","","NOTTINGHAM","","NG6 0HA","20250305","","","","","","","","","","","1","","","","",""
"M2P1M","SAXMUNDHAM PHARMA LTD","","","7 HIGH STREET","","","SAXMUNDHAM","","IP17 1DF","20240403","","","","","","","","","","","1","","","","",""
"M2Q9C","OTC DIRECT SERVICES LTD","","","THE GARAGE UNIT","COLLIERY ROAD","KIVETON PARK","SHEFFIELD","","S26 6LR","20210331","","","","","","","","","","","1","","","","",""
"M2T6D","RIDGEWAYS PHARMACY","","","73 BADDELEY GREEN LANE","","","STOKE-ON-TRENT","","ST2 7JL","20210701","20230510","","","","","","","","","","1","","","","",""
"M2Y0I","BIN-SEENA HEALTHCARE LTD","","","73 EDGWARE ROAD","","","LONDON","","W2 2HZ","20241204","","","","","","","","","","","1","","","","",""
"M3C6P","BLYTH HEALTHCARE LIMITED","","","30 BOWES STREET","","","BLYTH","","NE24 1BD","20250319","","","","","","","","","","","1","","","","",""
"M3C7B","DRUGS2U LTD","","","UNIT 11","EVANS BUSINESS CENTRE","BRUNEL ROAD","LEOMINSTER","","HR6 0LX","20230802","","","","","","","","","","","1","","","","",""
"M3D2F","SILVER BROOK HEALTH LTD","","","SOMERSET BRIDGE SURGERY","TAUNTON ROAD","","BRIDGWATER","","TA6 6LD","20260819","","","","","","","","","","","1","","","","",""
"M3D7O","SKP HEALTHCARE LIMITED","","","9 LIMEHURST SQUARE","DUSTON","","NORTHAMPTON","","NN5 6LP","20231213","","","","","","","","","","","1","","","","",""
"M3J8G","ACL02 LIMITED","","","331 WEST GREEN ROAD","TOTTENHAM","","LONDON","","N15 3PB","20250924","","","","","","","","","","","1","","","","",""
"M3L1F","DRAGON RETAIL 566 LIMITED","","","THE OLD SCHOOL HOUSE","MAIN ROAD","PORTSKEWETT","CALDICOT","","NP26 5SA","20250702","","","","","","","","","","","1","","","","",""
"M3P7H","MASTERSMEDICINE LTD","","","453 BECONTREE AVENUE","","","DAGENHAM","","RM8 3UL","20231129","","","","","","","","","","","1","","","","",""
"M3W6Z","DHARITA AND PIYUSH LIMITED","","","4 NORTH STREET","","","WAREHAM","","BH20 4AF","20240501","","","","","","","","","","","1","","","","",""
"M3X7K","PERFICIENT PHARM LTD","","","1 FALKLANDS HOUSE","BLACK BOURTON ROAD","","CARTERTON","","OX18 3DN","20241120","","","","","","","","","","","1","","","","",""
"M4H4P","KAUSER PHARMACY LTD","","","1 CLIFFE AVENUE","BAILDON","","SHIPLEY","","BD17 6NX","20250416","","","","","","","","","","","1","","","","",""
"M4I4H","PLUMSTEAD HS LTD","","","156 PLUMSTEAD HIGH STREET","PLUMSTEAD","","LONDON","","SE18 1JQ","20250122","","","","","","","","","","","1","","","","",""
"M4K2I","J ANDERSEN LIMITED","","","8 HILL HOUSE","","","WALTHAM ABBEY","","EN9 3EL","20230322","","","","","","","","","","","1","","","","",""
"M4K8S","JAY HANUMAN LTD","","","24 HIGH STREET","ROTHERFIELD","","CROWBOROUGH","","TN6 3LJ","20220810","","","","","","","","","","","1","","","","",""
"M4M4T","H BAINBRIDGE LTD","","","68 PLASMAWR ROAD","","","CARDIFF","","CF5 3JX","20091001","","","","","","","","","","","1","","","","",""
"M4O4H","LP SD SIXTY SEVEN LIMITED","","","19B BRIDGE STREET","","","LOUGHBOROUGH","","LE11 1NQ","20230927","","","","","","","","","","","1","","","","",""
"M4Q7T","UPMINSTER PHARMA LTD","","","143 AVON ROAD","","","UPMINSTER","","RM14 1RQ","20260902","","","","","","","","","","","1","","","","",""
"M4R3B","MED X DRUG LIMITED","","","3 HIGH STREET","","","PINNER","","HA5 5PJ","20210324","","","","","","","","","","","1","","","","",""
"M4R5A","SEACLIFFE HEALTH LTD","","","HIGH ROAD","KELLS","","WHITEHAVEN","","CA28 9PG","20250305","","","","","","","","","","","1","","","","",""
"M4S3V","ELIMWELLS LTD","","","454 LODGE AVENUE","","","DAGENHAM","","RM9 4QS","20210728","","","","","","","","","","","1","","","","",""
"M5I6C","RICHARD MOON HEALTHCARE LIMITED","","","66 RICHARD MOON STREET","","","CREWE","","CW1 3AX","20240110","","","","","","","","","","","1","","","","",""
"M5J7D","EA PHARMA2 LTD","","","ROTHERHAM HEALTH VILLAGE","DONCASTER GATE","","ROTHERHAM","","S65 1DA","20230517","","","","","","","","","","","1","","","","",""
"M5K8F","QANUN LTD","","","TAKAMO COMPLEX","THREE COLTS LANE","OFF COVENTRY ROAD","LONDON","","E2 6JN","20260624","","","","","","","","","","","1","","","","",""
"M5M6Z","MMR PHARMA LTD","","","38-40 MARKET SQUARE","ROYTON","","OLDHAM","","OL2 5QD","20241002","","","","","","","","","","","1","","","","",""
"M5Q6I","PNC01 LIMITED","","","PRESTON GROVE MEDICAL CENTRE","PRESTON GROVE","","YEOVIL","","BA20 2BQ","20260311","","","","","","","","","","","1","","","","",""
"M5S9C","AP SD FORTY FOUR LIMITED","","","SANDOWN MEDICAL CENTRE","BROADWAY","","SANDOWN","","PO36 9ET","20260420","","","","","","","","","","","1","","","","",""
"M5X1E","MR NEIL MARK MORRIS","","","19-21 THOMAS STREET","ABERTRIDWR","","CAERPHILLY","","CF83 4AU","20091001","","","","","","","","","","","1","","","","",""
"M6B7F","NDSS HOLDINGS LIMITED","","","WASHINGTON CENTRE","","","WASHINGTON","","NE38 7SS","20250312","","","","","","","","","","","1","","","","",""
"M6M4D","LAYADE PHARMA LTD","","","123 RADIPOLE LANE","SOUTHILL","","WEYMOUTH","","DT4 9SS","20240731","","","","","","","","","","","1","","","","",""
"M6P7G","LP SD FIFTY SIX LIMITED","","","31 BRIDGE STREET","","","LOUGHBOROUGH","","LE11 1NH","20230927","","","","","","","","","","","1","","","","",""
"M6Q1P","GORLESTON PHARMA LTD","","","CENTRAL SURGERY","SUSSEX ROAD","GORLESTON","GREAT YARMOUTH","","NR31 6QB","20240424","","","","","","","","","","","1","","","","",""
"M7F4Q","RXAID LIMITED","","","85 MUIRKIRK ROAD","","","LONDON","","SE6 1BL","20260304","","","","","","","","","","","1","","","","",""
"M7F6Q","BHARTI LIMITED","","","201 OAKRIDGE ROAD","","","BASINGSTOKE","","RG21 5TA","20210811","","","","","","","","","","","1","","","","",""
"M7M1C","MEDIC8 HEALTH GROUP LTD","","","47 HIGH STREET","","","BUSHEY","","WD23 1BD","20210623","","","","","","","","","","","1","","","","",""
"M7O8W","SAMJAY PHARMA SERVICES LTD","","","99 TANKERTON ROAD","","","WHITSTABLE","","CT5 2AJ","20210331","","","","","","","","","","","1","","","","",""
"M7P8U","FISHPONDS TRADING LTD","","","RIVERSIDE MEDICAL CENTRE","23 MARYLEBONE ROAD","","MARCH","","PE15 8BG","20230816","","","","","","","","","","","1","","","","",""
"M7S2I","LP SD EIGHTY FIVE LIMITED","","","HEALTHCARE CENTRE","BRANKSOMEWOOD ROAD","","FLEET","","GU51 4JX","20230920","","","","","","","","","","","1","","","","",""
"M8B1V","VISTA PHARM LTD","","","TERRACE ROAD NORTH","BINFIELD","","BRACKNELL","","RG42 5HR","20230614","","","","","","","","","","","1","","","","",""
"M8N8Z","GABHA PHARMA LTD","","","57 KING STREET","","","SOUTHALL","","UB2 4DQ","20250903","","","","","","","","","","","1","","","","",""
"M8O8E","DE-GALAXY INVESTMENTS LIMITED","","","86 PROMENADE","","","BRIDLINGTON","","YO15 2QL","20250908","","","","","","","","","","","1","","","","",""
"M8U7T","COTSWOLDS PRESCRIPTIONS LIMITED","","","42-44 WARWICK WAY","","","LONDON","","SW1V 1RY","20210811","20241203","","","","","","","","","","1","","","","",""
"M8Y2Q","DUNCHURCH PHARMA LTD","","","58 THE SQUARE","DUNCHURCH","","RUGBY","","CV22 6NU","20241218","","","","","","","","","","","1","","","","",""
"M8Z3P","TCP PHARMA LIMITED","","","52 LODGE ROAD","","","WEST BROMWICH","","B70 8PA","20221019","","","","","","","","","","","1","","","","",""
"M9G6T","REDNOUR LTD","","","21-23 STATION ROAD","","","CULLOMPTON","","EX15 1AH","20240717","","","","","","","","","","","1","","","","",""
"M9H2A","FUTURE RX LIMITED","","","3 THE ARCHES","HILL STREET","","SAFFRON WALDEN","","CB10 1ED","20260610","","","","","","","","","","","1","","","","",""
"M9L3M","JRS FUTURES LTD","","","96 STOCKPORT ROAD","","","ASHTON-UNDER-LYNE","","OL7 0LH","20201216","","","","","","","","","","","1","","","","",""
"M9O0K","RAINBOW PHARMACY IPSWICH LIMITED","","","289 NORWICH ROAD","","","IPSWICH","","IP1 4BP","20210915","","","","","","","","","","","1","","","","",""
"M9P5X","FROSTS (ONLINE) LIMITED","","","UNIT 7","APOLLO OFFICE PARK","IRONSTONE LANE","BANBURY","","OX15 6AY","20211006","","","","","","","","","","","1","","","","",""
"M9R2B","EA PHARMA4 LTD","","","PORTHOLME ROAD","","","SELBY","","YO8 4QH","20240612","","","","","","","","","","","1","","","","",""
"M9W2M","RAVINDER KAUR DUA","","","176 LUTTERWORTH ROAD","","","NUNEATON","","CV11 6PF","20230607","","","","","","","","","","","1","","","","",""
"M9Y2J","ABELL PHARMA LTD","","","BUSHEY MEDICAL CENTRE","LONDON ROAD","","BUSHEY","","WD23 2NN","20250305","","","","","","","","","","","1","","","","",""
"N0D0P","BMC SERVICES LEICESTER LTD","","","4 WHILES LANE","BIRSTALL","","LEICESTER","","LE4 4EE","20250106","","","","","","","","","","","1","","","","",""
"N0D6F","ARCHANA DHAMI","","","54 NURSERY ROAD","","","SUNBURY-ON-THAMES","","TW16 6LG","20210310","","","","","","","","","","","1","","","","",""
"N0N6I","DRAGON RETAIL 520 LIMITED","","","STATION LANE","FARNSFIELD","","NEWARK","","NG22 8LA","20260513","","","","","","","","","","","1","","","","",""
"N0R7Y","ASHAEVE LIMITED","","","17 STATION ROAD","AINSDALE","","SOUTHPORT","","PR8 3HN","20210628","20221005","","","","","","","","","","1","","","","",""
"N0S9P","KESA TECH LTD","","","3 BRIGHTON HILL PARADE","","","BASINGSTOKE","","RG22 4EH","20210120","","","","","","","","","","","1","","","","",""
"N0T3Q","HARTLEPOOL PHARMA LTD","","","UNIT 5","ENTERPRISE COURT","QUEENS MEADOW BUSINESS PARK","HARTLEPOOL","","TS25 2FE","20240327","","","","","","","","","","","1","","","","",""
"N0U2J","POPPYCHEM LTD","","","47 NEWINGTON ROAD","","","RAMSGATE","","CT12 6EW","20231018","","","","","","","","","","","1","","","","",""
"N0V3Y","JHAP HEALTHCARE LTD","","","ST JOHNS MEDICAL CENTRE","62 LONDON ROAD","","GRANTHAM","","NG31 6HR","20240117","20250221","","","","","","","","","","1","","","","",""
"N0V4X","LANSDALES PHARMA LIMITED","","","96 DEVONSHIRE ROAD","","","CHORLEY","","PR7 2DJ","20230621","","","","","","","","","","","1","","","","",""
"N1B6I","XRP HEALTH LTD","","","GROUND & LOWER GROUND FLOOR","20 SPELMAN STREET","","LONDON","","E1 5LQ","20221214","","","","","","","","","","","1","","","","",""
"N1F6X","COMMONSIDE HEALTHCARE LIMITED","","","6 UPPER GREEN EAST","","","MITCHAM","","CR4 2PA","20260304","","","","","","","","","","","1","","","","",""
"N1J5N","ASREV HEALTHCARE LTD","","","7 HARDY CLOSE","NELSON COURT BUSINESS CENTRE","ASHTON-ON-RIBBLE","PRESTON","","PR2 2XP","20260225","","","","","","","","","","","1","","","","",""
"N1J9F","ST MARKS PHARMA LTD","","","ST. MARKS CHURCH","42 DERBY ROAD","","SOUTHPORT","","PR9 0TZ","20260107","","","","","","","","","","","1","","","","",""
"N1L7E","JRYANE LTD","","","UNIT 8","38 LANGLEY CLOSE","WEST DERBY","LIVERPOOL","","L12 0NB","20250226","","","","","","","","","","","1","","","","",""
"N1Q7E","CINDERHILL PHARMACY LIMITED","","","10 BROXTOWE LANE","CINDERHILL","","NOTTINGHAM","","NG8 5NP","20210419","","","","","","","","","","","1","","","","",""
"N1T3M","NEWINGTON CAUSEWAY LIMITED","","","301-303 BOROUGH HIGH STREET","","","LONDON","","SE1 1JH","20210811","","","","","","","","","","","1","","","","",""
"N1W6K","SK PHARMA LIMITED","","","97-99 SILVER STREET","EDMONTON","","LONDON","","N18 1RP","20260617","","","","","","","","","","","1","","","","",""
"N2D5S","PATIENT HEALTHCARE LIMITED","","","UNIT 5-6","THE GUIDE BUSINESS CENTRE","SCHOOL LANE","BLACKBURN","","BB1 2QH","20240807","","","","","","","","","","","1","","","","",""
"N2E5B","HAMISE LTD","","","175-181 COATSWORTH ROAD","","","GATESHEAD","","NE8 1SQ","20250122","","","","","","","","","","","1","","","","",""
"N2G1B","S P MEDLEY LIMITED","","","ST LUKES DRIVE","","","CHIPPENHAM","","SN15 2SD","20230503","","","","","","","","","","","1","","","","",""
"N2H2C","NPG MORPETH LIMITED","","","33 SHIELDS ROAD","STOBHILL","","MORPETH","","NE61 2SB","20220928","","","","","","","","","","","1","","","","",""
"N2M9B","PHARMACY @ HOME LTD","","","32 OAKWOOD GARDENS","","","GATESHEAD","","NE11 0DE","20251008","","","","","","","","","","","1","","","","",""
"N2V3T","GLEBE ROAD PHARMA LTD","","","MORRISON SUPERMARKET","RAILWAY ROAD","","BLACKBURN","","BB1 5AZ","20260218","","","","","","","","","","","1","","","","",""
"N2Z5N","COMMON EDGE HEALTHCARE LIMITED","","","27 COMMON EDGE ROAD","","","BLACKPOOL","","FY4 5AX","20240710","","","","","","","","","","","1","","","","",""
"N3D5W","ATHWAL HEALTHCARE LTD","","","UNIT 3","LOWER HEATHCOTE SQUARE","VICKERS WAY","WARWICK","","CV34 7BR","20230712","","","","","","","","","","","1","","","","",""
"N3G7H","LP SD NINETY THREE LIMITED","","","27 MARKET PLACE","MILDENHALL","","BURY ST. EDMUNDS","","IP28 7EF","20231004","","","","","","","","","","","1","","","","",""
"N3H8J","R&D PHARMACEUTICALS LTD","","","53 MOORLAND ROAD","","","WESTON-SUPER-MARE","","BS23 4HP","20240828","","","","","","","","","","","1","","","","",""
"N3H9Z","EBJ HEALTHCARE LTD","","","CRINOW GLEBE","","","CLYNDERWEN","","SA66 7NP","20180502","","","","","","","","","","","1","","","","",""
"N3I3T","APA PHARMA LTD","","","46 NEW ROAD","","","BROMSGROVE","","B60 2JS","20230517","","","","","","","","","","","1","","","","",""
"N3L0R","EA PHARMA3 LTD","","","66 DONCASTER ROAD","","","SELBY","","YO8 9AJ","20230809","","","","","","","","","","","1","","","","",""
"N3O0W","PAUL APPLEGATE LIMITED","","","61 ILKESTON ROAD","","","NOTTINGHAM","","NG7 3GR","20240731","","","","","","","","","","","1","","","","",""
"N3S1V","KARMA MEDICAL SOLUTIONS LIMITED","","","CLEE MEDICAL CENTRE","323A GRIMSBY ROAD","","CLEETHORPES","","DN35 7ES","20220713","","","","","","","","","","","1","","","","",""
"N4A0Z","FAST TRACK IMAAN HEALTHCARE LTD","","","44 COW LANE","","","KNOTTINGLEY","","WF11 9BX","20250430","","","","","","","","","","","1","","","","",""
"N4C5X","CHELMSFORD HEALTHCARE LTD","","","47 CHELMSFORD ROAD","","","BRADFORD","","BD3 8QN","20260121","","","","","","","","","","","1","","","","",""
"N4G0B","DISPHARMA UK LIMITED","","","127-129 EVELINA ROAD","","","LONDON","","SE15 3HB","20210310","20220622","","","","","","","","","","1","","","","",""
"N4J9H","DOWLAIS PHARMACY LTD","","","82-84 VICTORIA STREET","DOWLAIS","","MERTHYR TYDFIL","","CF48 3RN","20091001","","","","","","","","","","","1","","","","",""
"N4M6O","WEYBRIDGE PHARMA LIMITED","","","305 RICHMOND ROAD","","","KINGSTON UPON THAMES","","KT2 5QU","20201111","","","","","","","","","","","1","","","","",""
"N4N0Z","GOBOWEN CROSS PHARMA LTD","","","THE FORMER TICKET OFFICE","THE CROSS, STATION ROAD","GOBOWEN","OSWESTRY","","SY11 3JS","20260506","","","","","","","","","","","1","","","","",""
"N4V9W","NEW HEIGHTS PHARMACY LIMITED","","","4 TYRREL PLACE","","","TALYBONT","","SY24 5HA","20240601","","","","","","","","","","","1","","","","",""
"N4Y6J","AP SD SIXTY ONE LIMITED","","","15 MCDONALD COURT","HIGH VIEW","","HATFIELD","","AL10 8HR","20260318","","","","","","","","","","","1","","","","",""
"N5J1W","DRAGON RETAIL 530 LIMITED","","","14 QUARRY LANE","NORTH ANSTON","","SHEFFIELD","","S25 4DB","20260826","","","","","","","","","","","1","","","","",""
"N5T9D","MAZIN HEALTHCARE LIMITED","","","2 EASTWAY","","","SALE","","M33 4DX","20210210","","","","","","","","","","","1","","","","",""
"N5Y8X","PRESCRIPTIONS4U LIMITED","","","UNIT C","BROXTOWE PARK BUSINESS CENTRE","CALVERTON DRIVE","NOTTINGHAM","","NG8 6QP","20210908","","","","","","","","","","","1","","","","",""
"N5Z4I","MIDWAY PHARMACY","","","LITTLE FOUNTAIN STREET","MORLEY","","LEEDS","","LS27 9EN","20210401","20230719","","","","","","","","","","1","","","","",""
"N6D0P","WYNCORD LTD","","","UNIT 3","JENNY FIELD DRIVE","","HARROGATE","","HG3 2XQ","20260107","","","","","","","","","","","1","","","","",""
"N6D2Y","WARGRAVE (2024) LTD","","","48 VICTORIA ROAD","WARGRAVE","","READING","","RG10 8AE","20240904","","","","","","","","","","","1","","","","",""
"N6E2R","SRI SAANVI HEALTHCARE LTD","","","6-8 MAIN STREET","","","FRIZINGTON","","CA26 3SA","20241030","","","","","","","","","","","1","","","","",""
"N6F9Y","BARBICAN PHARMA LTD","","","36 GOSWELL ROAD","","","LONDON","","EC1M 7AA","20250709","","","","","","","","","","","1","","","","",""
"N6M5E","CLIFTON PHARMACY LTD","","","7-8 CLIFTON STREET","","","CARDIFF","","CF24 1PW","20091001","","","","","","","","","","","1","","","","",""
"N6N1Z","RJ STANHOPE LIMITED","","","4 TRANMERE COURT","CHURCH ROAD","","BIRKENHEAD","","CH42 5AB","20210106","","","","","","","","","","","1","","","","",""
"N6X1A","PORTSDOWN GROUP HEALTHCARE LIMITED","","","PORTSDOWN GROUP PRACTICE","CROOKHORN LANE","PURBROOK","WATERLOOVILLE","","PO7 5XP","20240724","","","","","","","","","","","1","","","","",""
"N6Y6I","STAPLEHURST PHARMA LTD","","","HIGH STREET","STAPLEHURST","","TONBRIDGE","","TN12 0AA","20230913","","","","","","","","","","","1","","","","",""
"N7D7I","AJPHARMADOC LIMITED","","","388-390 ASHTON ROAD","","","OLDHAM","","OL8 3HF","20240529","20250925","","","","","","","","","","1","","","","",""
"N7F1G","BANU HEALTH LIMITED","","","2ND FLOOR","4 CROPSTON ROAD","ANSTEY","LEICESTER","","LE7 7BJ","20210804","20250413","","","","","","","","","","1","","","","",""
"N7G1P","BELL WALK HEALTHCARE LTD","","","28 SOUTHGATE STREET","","","GLOUCESTER","","GL1 2DP","20211006","","","","","","","","","","","1","","","","",""
"N7G4Q","DEREHAM MEDICAL SUPPLIES LTD","","","COMMERCIAL ROAD","","","DEREHAM","","NR19 1AE","20260211","","","","","","","","","","","1","","","","",""
"N7I5W","RGG SERVICES LIMITED","","","61 JAMES WALTON DRIVE","HALFWAY","","SHEFFIELD","","S20 3GN","20210324","20220427","","","","","","","","","","1","","","","",""
"N7J8Z","MEDIPILLS LTD","","","18 VICTORIA STREET","","","BURNHAM-ON-SEA","","TA8 1AN","20240313","","","","","","","","","","","1","","","","",""
"N7K1X","PERSHORE HEALTHCARE LTD","","","71 PERSHORE ROAD","EDGBASTON","","BIRMINGHAM","","B5 7NX","20250521","","","","","","","","","","","1","","","","",""
"N7L0Z","EVEREADY PHARMA LTD","","","36 HAVEN GREEN","EALING","","LONDON","","W5 2NX","20240515","","","","","","","","","","","1","","","","",""
"N7L1P","AP SD THIRTY TWO LIMITED","","","ABBEY VIEW MEDICAL CENTRE","SALISBURY ROAD","","SHAFTESBURY","","SP7 8DH","20260420","","","","","","","","","","","1","","","","",""
"N7O2B","BILTON PHARM LTD","","","110 GREENWICH AVENUE","","","HULL","","HU9 4UZ","20260923","","","","","","","","","","","1","","","","",""
"N7O5M","GLYNCOCH PHARMACY LTD","","","65 PORCHER AVENUE","GLYNCOCH","","PONTYPRIDD","","CF37 3DD","20140501","","","","","","","","","","","1","","","","",""
"N7O8F","PHARM HT LIMITED","","","9 ST. JAMES ROAD","","","SOUTHAMPTON","","SO15 5FB","20230614","","","","","","","","","","","1","","","","",""
"N7Y8Z","DAY-NIGHT ELLESMERE LIMITED","","","5 CROSS STREET","","","ELLESMERE","","SY12 0AW","20221005","","","","","","","","","","","1","","","","",""
"N8D7Z","GAD HEATHCARE LTD","","","19 SPRING LANE","COLDEN COMMON","","WINCHESTER","","SO21 1SD","20231213","","","","","","","","","","","1","","","","",""
"N8G1X","KP (KINETON) LIMITED","","","WARWICK ROAD","KINETON","","WARWICK","","CV35 0HN","20230627","","","","","","","","","","","1","","","","",""
"N8T0T","RRA GREEN CROSS LIMITED","","","136 CARLYON AVENUE","","","HARROW","","HA2 8SW","20210714","","","","","","","","","","","1","","","","",""
"N9C2Y","AP SD SIXTY SIX LIMITED","","","1 PRIORY COURT","43 ST. AUGUSTINES WAY","SOUTH WOOTTON","KING'S LYNN","","PE30 3TE","20260420","","","","","","","","","","","1","","","","",""
"N9D6C","ROSHBAN HEALTHCARE LIMITED","","","PENN MANOR MEDICAL CENTRE","MANOR ROAD","PENN","WOLVERHAMPTON","","WV4 5PY","20260527","","","","","","","","","","","1","","","","",""
"N9G0M","DEARNE VALLEY PHARMACY LTD","","","UNIT 10B","GOLDTHORPE INDUSTRIAL ESTATE","COMMERCIAL ROAD","ROTHERHAM","","S63 9BL","20230125","","","","","","","","","","","1","","","","",""
"N9L0Y","HATHAWAY HEALTHCARE LTD","","","HATHAWAY MEDICAL CENTRE","MIDDLEFIELD ROAD","","CHIPPENHAM","","SN14 6GT","20241127","","","","","","","","","","","1","","","","",""
"N9L5E","SHIVUM LIMITED","","","36-38 HULLBRIDGE ROAD","SOUTH WOODHAM FERRERS","","CHELMSFORD","","CM3 5NG","20241211","","","","","","","","","","","1","","","","",""
"N9M6T","PONTARDAWE APOTHECARY LTD","","","62 HERBERT STREET","PONTARDAWE","","SWANSEA","","SA8 4ED","20230901","","","","","","","","","","","1","","","","",""
"N9R4W","AS WELLNESS GROUP LTD","","","108 WESTERN ROAD","","","BRIGHTON","","BN1 2AA","20260610","","","","","","","","","","","1","","","","",""
"N9T9J","PHARMADERMA LIMITED","","","31-32 FORE STREET","","","OKEHAMPTON","","EX20 1HB","20230315","","","","","","","","","","","1","","","","",""
"N9U8N","I&M AZAM LTD","","","UNIT 3A","CENTURION OFFICE PARK","TRIBUNE WAY","YORK","","YO30 4RY","20250827","","","","","","","","","","","1","","","","",""
"O0L1F","LEMON PILL LTD","","","OFFICE 327","OMNIBUS BUSINESS CENTRE","39-41 NORTH ROAD","LONDON","","N7 9DP","20241113","","","","","","","","","","","1","","","","",""
"O0L6G","EDEN PHARMACY & HEALTHCARE LIMITED","","","21E BRIARDALE ROAD","","","BLYTH","","NE24 5LB","20210324","","","","","","","","","","","1","","","","",""
"O0N1N","HASSAN ELSANA","","","NORTHERN TRUST CO LTD","UNIT 16B","AIRPORT INDUSTRIAL ESTATE","NEWCASTLE UPON TYNE","","NE3 2EF","20260408","","","","","","","","","","","1","","","","",""
"O0Q3X","JUBILEE PHARMA LTD","","","54-58 JUBILEE CRESCENT","RADFORD","","COVENTRY","","CV6 3ET","20250604","","","","","","","","","","","1","","","","",""
"O0W4N","SHAWBIRCH LTD","","","100 MARKET STREET","HEDNESFORD","","CANNOCK","","WS12 1AG","20210317","","","","","","","","","","","1","","","","",""
"O1I2A","BORTH PHARMACY LTD","","","HIGH STREET","","","BORTH","","SY24 5JQ","20171204","","","","","","","","","","","1","","","","",""
"O1Q8X","ADVANCE RX LIMITED","","","UNIT 4","THE NEIGHBOURHOOD CENTRE","WHITEHORSE LANE","STEVENAGE","","SG1 6NH","20241003","","","","","","","","","","","1","","","","",""
"O2C4H","WIGAN HEALTHCARE LIMITED","","","475 WIGAN ROAD","","","LEIGH","","WN7 5HQ","20240124","","","","","","","","","","","1","","","","",""
"O2C4T","LP SD TWENTY ONE LIMITED","","","PRIMARY MEDICAL CENTRE","BROADGATE LANE","HORSFORTH","LEEDS","","LS18 4SE","20230712","","","","","","","","","","","1","","","","",""
"O2Q0T","LP SD TWENTY THREE LIMITED","","","SEATON HIRST MEDICAL CENTRE","NORHAM ROAD","","ASHINGTON","","NE63 0NG","20230705","","","","","","","","","","","1","","","","",""
"O2Q3M","HEALTHWISE PHARMACY GROUP LTD","","","2B BUTE PLACE","QUAYSIDE","CARDIFF BAY","CARDIFF","","CF10 5AL","20240605","","","","","","","","","","","1","","","","",""
"O2T3O","EJ PHARM LTD","","","35-37 NEWTON ROAD","MUMBLES","","SWANSEA","","SA3 4BD","20091001","","","","","","","","","","","1","","","","",""
"O2V1V","MARKEATON HEALTHCARE LTD","","","126 KEDLESTON ROAD","","","DERBY","","DE22 1FX","20240731","","","","","","","","","","","1","","","","",""
"O3A6X","CRIMSON HEALTH LTD","","","REMMETS HOUSE","UNIT 1","LORD STREET","BURY","","BL9 0RE","20230308","","","","","","","","","","","1","","","","",""
"O3B7W","LAYANSON PHARMA LTD","","","124-125 OSBORNE ROAD","","","PONTYPOOL","","NP4 6LT","20230901","","","","","","","","","","","1","","","","",""
"O3G1O","AP SD SIXTY SEVEN LIMITED","","","LEY HILL SURGERY","228 LICHFIELD ROAD","","SUTTON COLDFIELD","","B74 2UE","20260701","","","","","","","","","","","1","","","","",""
"O3K9L","PHARMACIERGE LIMITED","","","43A WIMPOLE STREET","","","LONDON","","W1G 8AQ","20250507","","","","","","","","","","","1","","","","",""
"O3K9S","PHARMALOC LIMITED","","","2 BLACKPOOL ROAD","BISPHAM","","BLACKPOOL","","FY2 0HR","20240710","","","","","","","","","","","1","","","","",""
"O4B2I","EL PHARMA LTD","","","21-23 MALDEN ROAD","KENTISH TOWN","","LONDON","","NW5 3HY","20221019","","","","","","","","","","","1","","","","",""
"O4B3I","LITTLE LONDON PHARMACY LIMITED","","","LITTLE LONDON SURGERY","LITTLE LONDON","CALDMORE","WALSALL","","WS1 3EP","20241023","","","","","","","","","","","1","","","","",""
"O4C9Q","SCARBOROUGH HEALTHCARE LIMITED","","","10-12 ABERDEEN WALK","","","SCARBOROUGH","","YO11 1XP","20231115","","","","","","","","","","","1","","","","",""
"O4E4J","WALSALL ROAD PARTNERSHIP LIMITED","","","938-940 SCOTT ARMS SHOPPING CENTRE","WALSALL ROAD","GREAT BARR","BIRMINGHAM","","B42 1TQ","20251008","","","","","","","","","","","1","","","","",""
"O4E6C","PG CASTALIA LIMITED","","","19 CASTALIA SQUARE","","","LONDON","","E14 3PQ","20250528","","","","","","","","","","","1","","","","",""
"O4G5B","IHSAN PHARMA (STOKE) LTD","","","84 UPPER HUNTBACH STREET","","","STOKE-ON-TRENT","","ST1 2BU","20230830","20241029","","","","","","","","","","1","","","","",""
"O4G9N","SEEKCARD LTD","","","84 FAIRWOOD DRIVE","BAGLAN","","PORT TALBOT","","SA12 8NU","20091001","","","","","","","","","","","1","","","","",""
"O4J2C","LIFE LINE PHARMA LTD","","","LOWER GROUND FLOOR","101 WHITECHAPEL ROAD","","LONDON","","E1 1DT","20230208","","","","","","","","","","","1","","","","",""
"O4K0J","HUW EVANS (CHEMISTS) LTD","","","CHAPEL STREET","","","TREGARON","","SY25 6HA","20091001","","","","","","","","","","","1","","","","",""
"O4K3T","LP SD SIXTY TWO LIMITED","","","29 HIGH STREET","","","BUNTINGFORD","","SG9 9AB","20230927","","","","","","","","","","","1","","","","",""
"O4K4H","HEALTHCARE SERVICES CONSULTANCY LTD","","","GREENWAY HEALTH CENTRE","DONCASTER ROAD","","BRISTOL","","BS10 5PY","20230111","","","","","","","","","","","1","","","","",""
"O4K6Q","DAY-NIGHT PHARMA MM LTD","","","SAGE CROSS STREET","","","MELTON MOWBRAY","","LE13 1NX","20240717","","","","","","","","","","","1","","","","",""
"O4L1A","SRI VENKATESHWARA HEALTHCARE UK LIMITED","","","22 GILLYGATE","","","YORK","","YO31 7EQ","20241030","","","","","","","","","","","1","","","","",""
"O4T2J","RUKARA LIMITED","","","GEORGE EWEN HOUSE","WATLING STREET","","CONSETT","","DH8 6DP","20250813","","","","","","","","","","","1","","","","",""
"O4T5Y","DARTFORD PHARMACY LIMITED","","","141 DARTFORD ROAD","","","DARTFORD","","DA1 3EN","20260826","","","","","","","","","","","1","","","","",""
"O4X2H","MEDS POINT LTD","","","234 GRANGE ROAD","","","LONDON","","E13 0HG","20250827","","","","","","","","","","","1","","","","",""
"O5A7F","4COURT LTD","","","49 FISHMOOR DRIVE","","","BLACKBURN","","BB2 3UY","20230111","","","","","","","","","","","1","","","","",""
"O5B2W","NBB HEALTHCARE LIMITED","","","11 PECKINGHAM STREET","","","HALESOWEN","","B63 3AW","20221116","","","","","","","","","","","1","","","","",""
"O5G8J","AP SD THIRTY SEVEN LIMITED","","","18 PARLAUNT ROAD","LANGLEY","","SLOUGH","","SL3 8BB","20260422","","","","","","","","","","","1","","","","",""
"O5H0Z","DRAGON RETAIL 536 LIMITED","","","RUSHDEN MEDICAL CENTRE","ADNITT ROAD","","RUSHDEN","","NN10 9TR","20250917","","","","","","","","","","","1","","","","",""
"O5I3V","NPG WOLSINGHAM LIMITED","","","12 MARKET PLACE","WOLSINGHAM","","BISHOP AUCKLAND","","DL13 3AE","20240807","","","","","","","","","","","1","","","","",""
"O5I4I","LP SD FIFTY TWO LIMITED","","","ALLENDALE HOUSE","ROCKWOOD HILL ROAD","GREENSIDE","RYTON","","NE40 4AX","20230802","","","","","","","","","","","1","","","","",""
"O5M5N","COX MOUNTAIN LIMITED","","","8 VALENTINE ROAD","","","HUNSTANTON","","PE36 5DN","20241127","","","","","","","","","","","1","","","","",""
"O5O4D","PYRAMID PHARMACY","","","220-222 HIGH STREET","WALTHAMSTOW","","LONDON","","E17 7JH","20211208","20250625","","","","","","","","","","1","","","","",""
"O5P8U","VNKPHARMA LTD","","","202 SOUTHWARK PARK ROAD","","","LONDON","","SE16 3RW","20210609","","","","","","","","","","","1","","","","",""
"O5R2J","DAYS PHARMA LTD","","","10A DEAN ROAD","","","SOUTHAMPTON","","SO18 6AP","20230607","","","","","","","","","","","1","","","","",""
"O5R2X","CROOKHAM HEALTH LTD","","","157-159 ALDERSHOT ROAD","CHURCH CROOKHAM","","FLEET","","GU52 8JS","20260401","","","","","","","","","","","1","","","","",""
"O5S0Q","MEDSCHECK SUB 1 LTD","","","61 LONDON ROAD","COWPLAIN","","WATERLOOVILLE","","PO8 8UJ","20250122","","","","","","","","","","","1","","","","",""
"O6C3I","K2 INNOVATIONS LTD","","","UNIT 10 CHANDLERS YARD","GREY FRIARS","","GRANTHAM","","NG31 6PG","20240904","","","","","","","","","","","1","","","","",""
"O6C7S","MEDICURE PHARMA LIMITED","","","62 NEW CHAPEL STREET","MILL HILL","","BLACKBURN","","BB2 4DT","20260121","","","","","","","","","","","1","","","","",""
"O6E4O","ASHCROFT PHARMA LIMITED","","","162 CLAYTON ROAD","","","BRADFORD","","BD7 2RD","20211215","","","","","","","","","","","1","","","","",""
"O6F4P","H MALIK HEALTHCARE LTD","","","23 LAWRENCE AVENUE","AWSWORTH","","NOTTINGHAM","","NG16 2SN","20241211","","","","","","","","","","","1","","","","",""
"O6K4B","FAIRGREEN HOLDINGS LIMITED","","","10 FITZALAN ROAD","ROFFEY","","HORSHAM","","RH13 6AA","20250129","20260730","","","","","","","","","","1","","","","",""
"O6N1A","CHARMINSTER PHARMACY LIMITED","","","357 CHARMINSTER ROAD","","","BOURNEMOUTH","","BH8 9QR","20240731","","","","","","","","","","","1","","","","",""
"O6N5S","WARLEY PHARMA LTD","","","UNIT 9-10","TOLLGATE SHOPPING PRECINCT","HIGH STREET","SMETHWICK","","B67 7RA","20230322","","","","","","","","","","","1","","","","",""
"O6Q2B","DRAGON RETAIL 701 LIMITED","","","55-57 BURN TERRACE","HOWDON-ON-TYNE","","WALLSEND","","NE28 7BJ","20251001","","","","","","","","","","","1","","","","",""
"O6Q4V","WELCOME HEALTH PHARMACIES LIMITED","","","THE LIBRARY SITE","GLEBE ROAD","","BEDLINGTON","","NE22 6JX","20230329","","","","","","","","","","","1","","","","",""
"O6R8E","SEREN PLUS LTD","","","CHURCHGATE HOUSE","3 CHURCH ROAD","WHITCHURCH","CARDIFF","","CF14 2DX","20111101","","","","","","","","","","","1","","","","",""
"O6S6Y","HASAZA LTD","","","6 QUEENSWAY","","","MANCHESTER","","M19 1QP","20230823","","","","","","","","","","","1","","","","",""
"O7C9B","DRAGON RETAIL 704 LIMITED","","","HEBBURN HOUSE","ROTHER CLOSE","","HEBBURN","","NE31 2SP","20250716","","","","","","","","","","","1","","","","",""
"O7E3U","SHARE SEVA LIMITED","","","200-202 ST THOMAS ROAD","NORMANTON","","DERBY","","DE23 8SX","20220608","","","","","","","","","","","1","","","","",""
"O7F0J","HAK LOCUM LIMITED","","","1 RUSKIN STREET","","","PRESTON","","PR1 4NA","20250212","","","","","","","","","","","1","","","","",""
"O7I1I","ABBEY HOUSE PHARMACY (DAVENTRY) LIMITED","","","GOLDING CLOSE","","","DAVENTRY","","NN11 4FE","20230627","","","","","","","","","","","1","","","","",""
"O7J9R","MEDICINE MARKET PLACE LTD","","","THE ISSA MEDICAL CENTRE","73 ST. GREGORY ROAD","","PRESTON","","PR1 6YA","20250129","","","","","","","","","","","1","","","","",""
"O7K2B","DRAGON RETAIL 705 LIMITED","","","59 BOLDON LANE","","","SOUTH SHIELDS","","NE34 0AR","20260812","","","","","","","","","","","1","","","","",""
"O7M1P","VANI PHARMA LTD","","","29 HIGH STREET","","","BUNTINGFORD","","SG9 9AB","20230614","20240927","","","","","","","","","","1","","","","",""
"O7O1P","AA DIRECT SERVICES LIMITED","","","74-78 PRIORY ROAD","ANFIELD","","LIVERPOOL","","L4 2SH","20251217","","","","","","","","","","","1","","","","",""
"O7O3G","TREORCHY PHARMACY LTD","","","127 BUTE STREET","","","TREORCHY","","CF42 6AY","20200901","","","","","","","","","","","1","","","","",""
"O8B8V","WELLFIELD BUXTON LTD","","","2 TEMPLE ROAD","","","BUXTON","","SK17 9BZ","20230104","","","","","","","","","","","1","","","","",""
"O8E8T","RAZI GROUP LTD","","","MORGAN REACH HOUSE","136 HAGLEY ROAD","","BIRMINGHAM","","B16 9NX","20251126","","","","","","","","","","","1","","","","",""
"O8K2X","LIVERPOOL ROAD HEALTHCARE LTD","","","FOUR ACRE HEALTH CENTRE","BURNAGE AVENUE","CLOCK FACE","ST. HELENS","","WA9 4QB","20240214","","","","","","","","","","","1","","","","",""
"O8L0B","ADA PHARMA LIMITED","","","50 VALKYRIE ROAD","","","WESTCLIFF-ON-SEA","","SS0 8BU","20230614","","","","","","","","","","","1","","","","",""
"O8L0Y","HSZ PHARMA LIMITED","","","78-80 LANCASTER ROAD","ST JOHNS CENTRE","","PRESTON","","PR1 1DD","20250305","","","","","","","","","","","1","","","","",""
"O8M5R","MEDS4U LIMITED","","","ELLIOTT STREET","SILSDEN","","KEIGHLEY","","BD20 0DG","20260513","","","","","","","","","","","1","","","","",""
"O8O1X","STP HEALTHCARE LTD","","","28 KEIRBY WALK","","","BURNLEY","","BB11 2DE","20260701","","","","","","","","","","","1","","","","",""
"O8R9H","HMV HEALTHCARE LTD","","","16 BROMLEIGH DRIVE","","","COVENTRY","","CV2 5LX","20240501","","","","","","","","","","","1","","","","",""
"O9F4G","CIFA ALLIANCE LIMITED","","","RYALLS PARK MEDICAL CENTRE","MARSH LANE","","YEOVIL","","BA21 3BA","20260812","","","","","","","","","","","1","","","","",""
"O9F6M","CHEMICARE (MOSELEY) LTD","","","159 CHURCH ROAD","YARDLEY","","BIRMINGHAM","","B25 8UP","20210421","20220629","","","","","","","","","","1","","","","",""
"O9M9O","AP SD TWENTY TWO LIMITED","","","386 LINTHORPE ROAD","","","MIDDLESBROUGH","","TS5 6HA","20260323","","","","","","","","","","","1","","","","",""
"O9P9Y","LP SD EIGHTY FOUR LIMITED","","","RAJ MEDICAL CENTRE","LACEBY ROAD","","GRIMSBY","","DN34 5LP","20230927","","","","","","","","","","","1","","","","",""
"O9Q9U","AP SD SEVENTEEN LIMITED","","","ARUNDEL HEALTH CENTRE","GREEN LANE CLOSE","","ARUNDEL","","BN18 9HG","20260225","","","","","","","","","","","1","","","","",""
"O9R4K","ROTHWELL WEST LTD","","","49 COMMERCIAL STREET","ROTHWELL","","LEEDS","","LS26 0AP","20260204","","","","","","","","","","","1","","","","",""
"O9T1S","AW (HEALEY) LIMITED","","","462 WHITWORTH ROAD","","","ROCHDALE","","OL12 0SN","20250108","","","","","","","","","","","1","","","","",""
"P002","VE LETTSOM CHEMIST","","","84 VESTRY ROAD","CAMBERWELL","","LONDON","","SE5 8PQ","20040401","","","","","","","","","","","1","","","","",""
"P003","PEPYS PHARMACY","","","2 GOLDEN HIND PLACE","GROVE STREET","","LONDON","","SE8 3QG","20040401","20200114","","","","","","","","","","1","","","","",""
"P004","ALLIED (MIDDLETON) PHARMACY","","","25 RING ROAD","LINGWELL CROFT SURGERY","MIDDLETON","LEEDS","","LS10 3LT","20040401","20190312","","","","","","","","","","1","","","","",""
"P005","ELM PARK PHARMACY","","","208 - 212 ELM PARK AVENUE","","","HORNCHURCH","","RM12 4SD","20040401","","","","","","","","","","","1","","","","",""
"P007","BAS PHARMACY","","","24 UPPER TACHBROOK STREET","","","LONDON","","SW1V 1SW","20040401","","","","","","","","","","","1","","","","",""
"P00A","VITALTONE LTD","","","VITALTONE PHARMACY","14 THE SQUARE","","CATERHAM","","CR3 6QA","20040401","","","","","","","","","","","1","","","","",""
"P00E","NETTESWELL PHARMACY","","","1 PYPERS HATCH","","","HARLOW","","CM20 3NG","20040401","20201105","","","","","","","","","","1","","","","",""
"P00F","JARDINES (UK) LTD","","","LAKESIDE","2 SHIRWELL CRESCENT","FURZTON","MILTON KEYNES","","MK4 1GA","20040401","","","","","","","","","","","1","","","","",""
"P00G","DUDLEY TAYLOR PHARMACIES LTD","","","TAYLOR GROUP HOUSE","WEDGNOCK INDUSTRIAL ESTATE","","WARWICK","","CV34 5YA","20040401","","","","","","","","","","","1","","","","",""
"P00J","R. K. SIRPAL","","","SIRPAL CHEMIST","274-276 LADYPOOL ROAD","","BIRMINGHAM","","B12 8JU","20040401","","","","","","","","","","","1","","","","",""
"P00K","STAVELEY PHARMACY","","","6 MARKET PLACE","STAVELEY","","CHESTERFIELD","","S43 3UR","20040401","20190212","","","","","","","","","","1","","","","",""
"P00N","MOLEND LTD","","","64 STATION ROAD","","","UPMINSTER","","RM14 2TD","20040401","","","","","","","","","","","1","","","","",""
"P00P","GOLDSTRANDS PHARMACY","","","780 FULHAM ROAD","","","LONDON","","SW6 5SL","20040401","20250223","","","","","","","","","","1","","","","",""
"P00Q","TRENT HEALTH PHARMACY LTD","","","339 ASH BANK ROAD","WERRINGTON","","STOKE-ON-TRENT","","ST9 0JS","20040401","","","","","","","","","","","1","","","","",""
"P00R","RISHI PHARMACY","","","84 HART RD","","","BENFLEET","","SS7 3PF","20040401","","","","","","","","","","","1","","","","",""
"P00T","NR PATEL CHEMISTS","","","153 BOWES ROAD","","","LONDON","","N13 4SE","20040401","","","","","","","","","","","1","","","","",""
"P00V","WISE (CHEMIST) LTD","","","372-374 DICKENSON ROAD","","","MANCHESTER","","M13 0WQ","20040401","20201020","","","","","","","","","","1","","","","",""
"P00W","BEACHTECH LTD","","","H S CHEMISTS","16 CARLISLE ROAD","","BRADFORD","","BD8 8AD","20040401","20180829","","","","","","","","","","1","","","","",""
"P00X","ASHFORD LODGE PHARMACY","","","122 FELTHAM HILL ROAD","","","ASHFORD","","TW15 2BX","20040401","20240930","","","","","","","","","","1","","","","",""
"P00Y","CRAWLEY CHEMISTS LTD","","","18 HASLETT AVENUE WEST","","","CRAWLEY","","RH10 1HS","20040401","20190305","","","","","","","","","","1","","","","",""
"P011","CARE PHARMACEUTICAL LTD","","","742 - 744 ALUM ROCK ROAD","WARD END","","BIRMINGHAM","","B8 3PP","20040401","","","","","","","","","","","1","","","","",""
"P014","BOURNE PHARMACY LTD","","","24O UTTOXETER ROAD","BLYTHE BRIDGE","","STOKE-ON-TRENT","","ST11 9LY","20040401","20190305","","","","","","","","","","1","","","","",""
"P015","ALNEBURGH PHARMACY LTD","","","ALNEBURGH HOUSE","EWANRIGG ROAD","","MARYPORT","","CA15 8EL","20040401","","","","","","","","","","","1","","","","",""
"P016","BROOK RETAIL LTD","","","8 WESTBROOK CENTRE","GRASSMERE WAY","","WATERLOOVILLE","","PO7 8SE","20040401","","","","","","","","","","","1","","","","",""
"P017","CHEL PHARMACY LTD","","","173 GREAT PORTLAND STREET","","","LONDON","","W1W 5PH","20040401","","","","","","","","","","","1","","","","",""
"P018","ACHEASON CHEMIST","","","273 HIGH ROAD","LEYTONSTONE","","LONDON","","E11 4HH","20040401","","","","","","","","","","","1","","","","",""
"P019","VILLAGE STREET PHARMACY LTD","","","217 VILLAGE STREET","NORMANTON","","DERBY","","DE23 8DD","20040401","","","","","","","","","","","1","","","","",""
"P01J","G. P. ROBERTS LTD","","","12 ALBERT ROAD","","","MANCHESTER","","M19 3PJ","20040401","","","","","","","","","","","1","","","","",""
"P01L","SHADFORTH PHARMACEUTICALS COMPANY LTD","","","UNIT 11","ROBJOHNS ROAD","","CHELMSFORD","","CM1 3AG","20040401","","","","","","","","","","","1","","","","",""
"P01M","HALE VILLAGE PHARMACY","","","3 IVY FARM COURT","TOWN LANE","HALE VILLAGE","LIVERPOOL","","L24 4AG","20040401","20190326","","","","","","","","","","1","","","","",""
"P01N","BOREHAMWOOD SUPPLIES LTD","","","7 HOWARD DRIVE","","","BOREHAMWOOD","","WD6 2NY","20040401","","","","","","","","","","","1","","","","",""
"P01T","J WILLIAMSON CHEMIST","","","1 MANSTON DRIVE","","","BISHOP'S STORTFORD","","CM23 5EJ","20040401","","","","","","","","","","","1","","","","",""
"P01V","WOLSTENHOLME & MCDIARMID LTD","","","67 MARKET STREET","SHAW","","OLDHAM","","OL2 8NP","20040401","","","","","","","","","","","1","","","","",""
"P01W","BEN WILSON LTD","","","GALLAGHERS CHEMISTS","7 AUSTHORPE VIEW","","LEEDS","","LS15 8NN","20040401","","","","","","","","","","","1","","","","",""
"P01X","RISE PARK PHARMACY","","","173 RISE PARK PARADE","EASTERN AVENUE EAST","","ROMFORD","","RM1 4NT","20040401","","","","","","","","","","","1","","","","",""
"P01Y","CRISTALS CHEMIST","","","4 LYNTON PARADE","TURNERS HILL","CHESHUNT","WALTHAM CROSS","","EN8 8LF","20040401","20240630","","","","","","","","","","1","","","","",""
"P022","RODING PHARMACY","","","214 REDBRIDGE LANE EAST","REDBRIDGE","","ILFORD","","IG4 5BQ","20040401","","","","","","","","","","","1","","","","",""
"P023","BOOKACHEMIST RECRUITMENT LTD","","","4 ROTHERHAM ROAD","GREAT HOUGHTON","","BARNSLEY","","S72 0DB","20040401","","","","","","","","","","","1","","","","",""
"P025","AIDWELL LTD","","","6 ELYSTAN STREET","","","LONDON","","SW3 3NS","20040401","","","","","","","","","","","1","","","","",""
"P026","THE COTSWOLD PHARMACY","","","MARKET PLACE","NORTHLEACH","","CHELTENHAM","","GL54 3EG","20040401","20260223","","","","","","","","","","1","","","","",""
"P027","BROCKLEHURST CHEMIST LTD","","","214 WILLERBY ROAD","","","HULL","","HU5 5JW","20040401","","","","","","","","","","","1","","","","",""
"P02C","KELTONE LTD","","","ROCHMILLS CHEMIST","HIGH STREET","MOULTON","NORTHAMPTON","","NN3 7SR","20040401","","","","","","","","","","","1","","","","",""
"P02D","OZA PHARMACY","","","50 LOWMOOR ROAD","KIRKBY-IN-ASHFIELD","","NOTTINGHAM","","NG17 7BG","20040401","20230628","","","","","","","","","","1","","","","",""
"P02F","GOODCARE DUSKS LTD","","","WALLER PHARMACY","279 HEATHWAY","","DAGENHAM","","RM9 5AQ","20040401","","","","","","","","","","","1","","","","",""
"P02G","ANANT S. PATEL","","","384 HOLLINWOOD","NEW MOSTON","","MANCHESTER","","M40 0JD","20040401","","","","","","","","","","","1","","","","",""
"P02H","B.J. WILSON LTD","","","13 STADIUM BUSINESS COURT","MILLENNIUM WAY","PRIDE PARK","DERBY","","DE24 8HP","20040401","","","","","","","","","","","1","","","","",""
"P02L","CROSBY CHEMISTS LTD","","","THE CRESCENT PHARMACY","3 THE CRESCENT","THORNTON","LIVERPOOL","","L23 4TA","20040401","20190312","","","","","","","","","","1","","","","",""
"P02N","ROYAL PHARMACY","","","57 HIGH TOWN ROAD","","","LUTON","","LU2 0BW","20040401","","","","","","","","","","","1","","","","",""
"P02P","DUBISON LTD","","","168 CHURCH ROAD","","","LONDON","","NW10 9NH","20040401","","","","","","","","","","","1","","","","",""
"P02T","THE VILLAGE PHARMACY","","","218-220 HIGH STREET","","","HAYES","","UB3 5DS","20040401","","","","","","","","","","","1","","","","",""
"P02W","BERE PENINSULA PHARMACY LTD","","","3 FORE STREET","BERE ALSTON","","YELVERTON","","PL20 7AA","20040401","","","","","","","","","","","1","","","","",""
"P02X","ALAN CHALMERS (CHEMISTS) LTD","","","THE MARTIN PHARMACY","6 BAYLIS PARADE","OATLANDS DRIVE","SLOUGH","","SL1 3LF","20040401","","","","","","","","","","","1","","","","",""
"P02Y","CROFT MEDICAL CENTRE LTD","","","40 GOMER STREET","","","WILLENHALL","","WV13 2DR","20040401","","","","","","","","","","","1","","","","",""
"P030","BRISCO'S CHEMIST","","","1 - 3 KINGSWAY","KIRBY-IN-ASHFIELD","","NOTTINGHAM","","NG17 7BB","20040401","","","","","","","","","","","1","","","","",""
"P031","AMG HEALTHCARE LTD","","","SELSDON HOUSE","212-220 ADDINGTON ROAD","","SOUTH CROYDON","","CR2 8LD","20040401","20190312","","","","","","","","","","1","","","","",""
"P032","ANCHOR HEALTH LTD","","","UNIT 2","45 - 47 ELGIN AVENUE","MAIDA VALE","LONDON","","W9 3PP","20040401","","","","","","","","","","","1","","","","",""
"P034","CENTRECHEM LTD","","","11 FRONT STREET","SEDGEFIELD","","STOCKTON-ON-TEES","","TS21 3AT","20040401","","","","","","","","","","","1","","","","",""
"P036","ALLENS PHARMACY","","","19 CASTALIA SQUARE","ISLE OF DOGS","","LONDON","","E14 3PQ","20040401","20260630","","","","","","","","","","1","","","","",""
"P037","NEWLAND COMMUNITY PHARMACY LTD","","","59 - 61 NEWLAND AVENUE","","","HULL","","HU5 3BG","20040401","20190312","","","","","","","","","","1","","","","",""
"P039","BIRK AND NAGRA","","","THE PHARMACY","COURT STREET","","LEAMINGTON SPA","","CV31 2BB","20040401","","","","","","","","","","","1","","","","",""
"P03C","SHAUNAKS PHARMACY LTD","","","SHAUNAK HOUSE","NETHAM ROAD","","BRISTOL","","BS5 9PF","20040401","","","","","","","","","","","1","","","","",""
"P03D","ZEMMEL CHEMISTS LTD","","","UNIT 7","THE VIBE","175 BROUGHTON LANE","SALFORD","","M7 1US","20040401","","","","","","","","","","","1","","","","",""
"P03E","NIEMANS CHEMIST LTD","","","12 BYWARD STREET","","","LONDON","","EC3R 5AS","20040401","","","","","","","","","","","1","","","","",""
"P03G","Z.A. AKRAM LTD","","","PHARMACY","22 HIGH STREET","WOMBWELL","BARNSLEY","","S73 0AA","20040401","","","","","","","","","","","1","","","","",""
"P03H","DEJURE LTD","","","GEDDES CHEMIST","211 THREE BRIDGES ROAD","","CRAWLEY","","RH10 1LG","20040401","","","","","","","","","","","1","","","","",""
"P03M","GLASSHOUSE CHEMIST","","","42-44 GLASSHOUSE STREET","","","NOTTINGHAM","","NG1 3LW","20040401","","","","","","","","","","","1","","","","",""
"P03P","HUGH LLOYD CHEMIST","","","34 MARKET PLACE","","","LONDON","","NW11 6JJ","20040401","","","","","","","","","","","1","","","","",""
"P03Q","PANCHOLI CHEMIST","","","9 LOUGHBOROUGH ROAD","","","LEICESTER","","LE4 5LJ","20040401","","","","","","","","","","","1","","","","",""
"P03V","WOODSIDE (LONDON) LTD","","","WOODSIDE PHARMACY","851 HIGH ROAD","LEYTONSTONE","LONDON","","E11 1HH","20040401","","","","","","","","","","","1","","","","",""
"P03W","BERKLEY TRADERS LTD","","","RUPRAI LEE PHARMACY","19 BURNT ASH HILL","","LONDON","","SE12 0AA","20040401","","","","","","","","","","","1","","","","",""
"P040","FARAH CHEMISTS LTD","","","136 ARMSTRONG ROAD","","","NEWCASTLE UPON TYNE","","NE4 8PR","20040401","","","","","","","","","","","1","","","","",""
"P043","ROSKELLS PHARMACY","","","175 ALLESLEY OLD ROAD","","","COVENTRY","","CV5 8FJ","20040401","","","","","","","","","","","1","","","","",""
"P045","AQSA PHARMACY","","","91 LONDON ROAD","","","HIGH WYCOMBE","","HP11 1BU","20040401","","","","","","","","","","","1","","","","",""
"P046","BOX PHARMACY","","","10 HIGH STREET","","","BOX","","SN13 8NN","20040401","","","","","","","","","","","1","","","","",""
"P047","DERNPORT LTD","","","23 UPPER TULSE HILL","","","LONDON","","SW2 2SD","20040401","","","","","","","","","","","1","","","","",""
"P048","DES CHEMIST LTD","","","43 WHARFEDALE ROAD","LONG EATON","","NOTTINGHAM","","NG10 3HG","20040401","","","","","","","","","","","1","","","","",""
"P04A","U & U LTD","","","57-59 FOXHALL ROAD","","","IPSWICH","","IP3 8JU","20040401","","","","","","","","","","","1","","","","",""
"P04C","TRACEWICK LTD","","","BUSBYS PHARMACY","9 GROVE PARK ROAD","","LONDON","","W4 3RS","20040401","","","","","","","","","","","1","","","","",""
"P04D","ROFFEY CHEMIST","","","10 FITZALAN ROAD","","","HORSHAM","","RH13 6AA","20040401","","","","","","","","","","","1","","","","",""
"P04E","NORMAN AF","","","55 SENHOUSE STREET","","","MARYPORT","","CA15 6BL","20040401","","","","","","","","","","","1","","","","",""
"P04J","MASTERS (UK) LTD","","","MASTERS PHARMACY","741A STRATFORD ROAD","SPARKHILL","BIRMINGHAM","","B11 4DG","20040401","","","","","","","","","","","1","","","","",""
"P04N","MACKENZIES PHARMACY","","","121-123 CHANTERLANDS AVENUE","","","HULL","","HU5 3TG","20040401","","","","","","","","","","","1","","","","",""
"P04P","EAGERCARE LTD","","","THE PHARMACY","53 SURBITON ROAD","","KINGSTON UPON THAMES","","KT1 2HG","20040401","20241031","","","","","","","","","","1","","","","",""
"P04R","CASTLEMAYNE PHARMACY","","","1 KIBCAPS","","","BASILDON","","SS16 5SA","20040401","","","","","","","","","","","1","","","","",""
"P04T","THOMPSONS CHEMIST","","","86-88 BEULAH ROAD","","","THORNTON HEATH","","CR7 8JF","20040401","","","","","","","","","","","1","","","","",""
"P04W","IMAGECRAFT LTD","","","54 NURSERY ROAD","","","SUNBURY-ON-THAMES","","TW16 6LG","20040401","20220518","","","","","","","","","","1","","","","",""
"P050","BLUNDENS CHEMIST","","","314 STAFFORD ROAD","","","CROYDEN","","CR0 4NH","20040401","","","","","","","","","","","1","","","","",""
"P051","GADEBRIDGE PHARMACY","","","12 ROSSGATE","GADEBRIDGE","","HEMEL HEMPSTEAD","","HP1 3LG","20040401","","","","","","","","","","","1","","","","",""
"P055","FORREST DP LTD","","","413 ROCKY LANE","GREAT BARR","","BIRMINGHAM","","B42 1NL","20040401","","","","","","","","","","","1","","","","",""
"P056","COBREST LTD","","","382 KENSINGTON HIGH STREET","","","LONDON","","W14 8NL","20040401","","","","","","","","","","","1","","","","",""
"P057","MODBURY PHARMACY LTD","","","5 BROAD STREET","","","MODBURY","","PL21 0PS","20040401","","","","","","","","","","","1","","","","",""
"P05C","B. J. CHEMISTS LTD","","","B J CHEMISTS","195 GULSON ROAD","","COVENTRY","","CV1 2HZ","20040401","","","","","","","","","","","1","","","","",""
"P05D","STAR PHARMACY","","","295 WALSALL ROAD","PERRY BARR","","BIRMINGHAM","","B42 1TY","20040401","","","","","","","","","","","1","","","","",""
"P05E","MASWELL PARK PHARMACY","","","4 CENTRAL AVENUE","","","HOUNSLOW","","TW3 2QH","20040401","","","","","","","","","","","1","","","","",""
"P05F","DAY LEWIS PLC","","","DAY LEWIS HOUSE","2 PETERWOOD WAY","","CROYDON","","CR0 4UQ","20040401","","","","","","","","","","","1","","","","",""
"P05J","PHARMACY INITIATIVE 1 PLC","","","63-65 WHITEHORSE ROAD","","","CROYDON","","CR0 2JG","20040401","","","","","","","","","","","1","","","","",""
"P05K","AE HOBBS LTD","","","72 MOUNT PLEASANT ROAD","","","TUNBRIDGE WELLS","","TN1 1RL","20040401","","","","","","","","","","","1","","","","",""
"P05L","KNIGHTS CHEMIST LTD","","","18 OXLEASOW ROAD","MOONS MOAT EAST","","REDDITCH","","B98 0RE","20040401","","","","","","","","","","","1","","","","",""
"P05M","DAVIDSON PHARMACY","","","3 STATION ROAD","","","BILLINGHAM","","TS23 1AG","20040401","","","","","","","","","","","1","","","","",""
"P05N","ALLCURES PLC","","","ALLCURES HOUSE","ARISDALE AVENUE","","SOUTH OCKENDON","","RM15 5TT","20040401","","","","","","","","","","","1","","","","",""
"P05P","ETHERLOCK LTD","","","COOPERS CHEMIST","144-150 HIGH ROAD","","LONDON","","NW10 2PB","20040401","","","","","","","","","","","1","","","","",""
"P05Q","CHAGCREST LIMITED","","","CHAGCREST CHEMIST","141-143 BUSHEY MILL LANE","","WATFORD","","WD24 7PD","20040401","","","","","","","","","","","1","","","","",""
"P05R","LAMS CHEMISTS","","","THE MEDICAL CENTRE","PONTEFRACT ROAD","","BARNSLEY","","S71 5PN","20040401","20190312","","","","","","","","","","1","","","","",""
"P05T","QUEENS PARK PHARMACY","","","67 SALUSBURY ROAD","","","LONDON","","NW6 6NJ","20040401","20190319","","","","","","","","","","1","","","","",""
"P05W","RAINBOW PHARMACY","","","289 NORWICH ROAD","","","IPSWICH","","IP1 4BP","20040401","20221005","","","","","","","","","","1","","","","",""
"P05X","ALEXMAIN LTD","","","SHAHS CHEMIST","69 VALLEY ROAD","","LIVERSEDGE","","WF15 6DL","20040401","20200204","","","","","","","","","","1","","","","",""
"P05Y","CROWNMAX LTD","","","LAKENHEATH PHARMACY","46-50 HIGH STREET","LAKENHEATH","BRANDON","","IP27 9DS","20040401","20200312","","","","","","","","","","1","","","","",""
"P061","COOPERS CHEMIST LTD","","","36 ABEL STREET","","","BURNLEY","","BB10 1QR","20040401","20190212","","","","","","","","","","1","","","","",""
"P063","DOLPHINS LTD","","","9 - 11 BROADWAY","","","LONDON","","SW1H 0AZ","20040401","","","","","","","","","","","1","","","","",""
"P064","EILBECK JF (CHEMIST) LTD","","","10 ADELAIDE ROAD","","","SEAHAM","","SR7 7EF","20040401","20190219","","","","","","","","","","1","","","","",""
"P065","CHRISDAN LTD","","","45/47 WESTCLIFFE DRIVE","LAYTON","","BLACKPOOL","","FY3 7BH","20040401","","","","","","","","","","","1","","","","",""
"P068","FREE ACCESS","","","92 ELTHORNE PARK ROAD","","","LONDON","","W7 2JD","20040401","20200831","","","","","","","","","","1","","","","",""
"P06A","PARADE PHARMACY","","","8 - 10 HIGH STREET","FLECKNEY","","LEICESTER","","LE8 8AJ","20040401","20181115","","","","","","","","","","1","","","","",""
"P06C","GEORGE WILSON (PEMBERTON LTD)","","","SHERWOOD DRIVE","","","WIGAN","","WN5 9QX","20040401","","","","","","","","","","","1","","","","",""
"P06D","FORDBRIGHT MANAGEMENT LTD","","","SCORAH CHEMISTS","87 MACCLESFIELD ROAD","HAZEL GROVE","STOCKPORT","","SK7 6BG","20040401","20200825","","","","","","","","","","1","","","","",""
"P06G","BIRCHILL & WATSON CO LTD","","","16 HIGH STREET","","","STONE","","ST15 8AW","20040401","20200204","","","","","","","","","","1","","","","",""
"P06H","H. PAL","","","PAL PHARMACY","117 ALUM ROCK ROAD","","BIRMINGHAM","","B8 1ND","20040401","","","","","","","","","","","1","","","","",""
"P06J","HI WELDRICKS LTD","","","LEEDALE HOUSE","RAILWAY COURT","","DONCASTER","","DN4 5FB","20040401","","","","","","","","","","","1","","","","",""
"P06K","STEVES PHARMACY","","","36 BRIDGE ROAD","","","GRAYS","","RM17 6BU","20040401","20170618","","","","","","","","","","1","","","","",""
"P06L","SAFEDALE LIMITED","","","131 GREEN DRAGON LANE","","","LONDON","","N21 1EU","20040401","","","","","","","","","","","1","","","","",""
"P06M","MEDICINES FOR LIFE LTD","","","GRAHAMS CHEMIST","99 FORD GREEN ROAD","","STOKE-ON-TRENT","","ST6 1NT","20040401","","","","","","","","","","","1","","","","",""
"P06P","CONWAY CHEMIST","","","8 STATION PARADE","NOEL ROAD","","LONDON","","W3 0DS","20040401","20200202","","","","","","","","","","1","","","","",""
"P06R","TEAN PHARMACY LIMITED","","","19 HIGH STREET","TEAN","","STOKE-ON-TRENT","","ST10 4DY","20040401","","","","","","","","","","","1","","","","",""
"P06T","ACORN PHARMACY","","","641 WATFORD WAY","","","LONDON","","NW7 3JR","20040401","20200202","","","","","","","","","","1","","","","",""
"P06V","AKHTAR S","","","134 CRICKLEWOOD BROADWAY","","","LONDON","","NW2 3EE","20040401","","","","","","","","","","","1","","","","",""
"P06W","CHANSONS PHARMACY","","","6 CROWN PARADE","UPMINSTER ROAD SOUTH","","RAINHAM","","RM13 9BD","20040401","","","","","","","","","","","1","","","","",""
"P06X","DUNSTONES CHEMIST","","","62 MALLIN STREET","","","SMETHWICK","","B66 1QZ","20040401","","","","","","","","","","","1","","","","",""
"P06Y","CROYCHEM LTD","","","38 LOWER ADDISCOMBE ROAD","","","CROYDON","","CR0 6AA","20040401","","","","","","","","","","","1","","","","",""
"P070","QUICKSECURE LTD","","","HIGHFIELD PHARMACY","241 HIGHFIELD ROAD","FARNWORTH","BOLTON","","BL4 0NX","20040401","20190227","","","","","","","","","","1","","","","",""
"P071","CROSSLEY F (CHEMISTS) LTD","","","273 - 275 LYTHAM ROAD","","","BLACKPOOL","","FY4 1DP","20040401","","","","","","","","","","","1","","","","",""
"P072","FILTERLIGHT LTD","","","5 KINGSWAY","","","WEST WICKHAM","","BR4 9JB","20040401","","","","","","","","","","","1","","","","",""
"P074","CLEVECHEM LTD","","","COATHAM ROAD","","","REDCAR","","TS10 1RH","20040401","","","","","","","","","","","1","","","","",""
"P075","FILERANGE LTD","","","5 CHERRY TREE WALK","WHITECROSS STREET","","LONDON","","EC1Y 8NX","20040401","","","","","","","","","","","1","","","","",""
"P076","DHANANI LTD","","","121 BURN OAK BROADWAY","BURNT OAK","","EDGWARE","","HA8 5EN","20040401","","","","","","","","","","","1","","","","",""
"P078","CLAMARY LTD","","","34 BRACKLEY STREET","FARNWORTH","","BOLTON","","BL4 9DR","20040401","20190326","","","","","","","","","","1","","","","",""
"P079","GOODY DD & YE","","","2 ASHLEIGH DALE","","","HUDDERSFIELD","","HD2 2DL","20040401","","","","","","","","","","","1","","","","",""
"P07E","WHITEFIELD CHEMIST","","","76 HIGH STREET","CHESHUNT","","WALTHAM CROSS","","EN8 0AJ","20040401","","","","","","","","","","","1","","","","",""
"P07F","LLOYDS PHARMACY LTD","","","SAPPHIRE COURT","PARADISE WAY","COVENTRY WALSGRAVE TRIANGLE","COVENTRY","","CV2 2TX","19890228","","","","","","","","","","","1","","","","",""
"P07G","RAHANU LTD","","","144 SOHO ROAD","HANDSWORTH","","BIRMINGHAM","","B21 9LN","20040401","","","","","","","","","","","1","","","","",""
"P07K","THE GROUP PHARMACY","","","GLEBE STREET","","","ASHTON-UNDER-LYNE","","OL6 6HD","20040401","20190312","","","","","","","","","","1","","","","",""
"P07L","KAMAL ENT LTD","","","HEER CHEMIST","16 CHALVEY ROAD WEST","","SLOUGH","","SL1 2PN","20040401","","","","","","","","","","","1","","","","",""
"P07N","JAYS PHARMACY","","","21 BRECKNOCK ROAD","","","LONDON","","N7 0BL","20040401","20250430","","","","","","","","","","1","","","","",""
"P07Q","W. PRICE CHEMIST","","","8 PENNINE PARADE","PENNINE DRIVE","","LONDON","","NW2 1NT","20040401","","","","","","","","","","","1","","","","",""
"P07T","SATURN PHARMACY","","","75 MITCHAM LANE","","","LONDON","","SW16 6LY","20040401","","","","","","","","","","","1","","","","",""
"P07X","BABYLON HEALTH LTD","","","57 UXBRIDGE ROAD","SHEPHERDS BUSH","","LONDON","","W12 8NR","20040401","","","","","","","","","","","1","","","","",""
"P07Y","KINGSTON PHARMACY","","","442 ANLABY ROAD","","","HULL","","HU3 6QP","20040401","20210104","","","","","","","","","","1","","","","",""
"P081","BANN'S PHARMACY LIMITED","","","FORE STREET","","","ST DENNIS","","PL26 8AB","20040401","","","","","","","","","","","1","","","","",""
"P082","PEACHES PHARMACY","","","185 HALESOWEN ROAD","OLD HILL","","CRADLEY HEATH","","B64 6HF","20040401","20230213","","","","","","","","","","1","","","","",""
"P084","CHRISCHEM PHARMACY","","","578 MILE END ROAD","","","LONDON","","E3 4PH","20040401","20250301","","","","","","","","","","1","","","","",""
"P085","GREEN LAND PHARMACY LTD","","","153 ALLERTON ROAD","MESSLEY HILL","","LIVERPOOL","","L18 2DD","20040401","","","","","","","","","","","1","","","","",""
"P086","FRIENDS PHARMACY LTD","","","46 LOWER CLAPTON ROAD","","","LONDON","","E5 0RN","20040401","","","","","","","","","","","1","","","","",""
"P087","FUTURECHART LTD","","","200 WIGSTON ROAD","WOODWAY PARK","","COVENTRY","","CV2 2RH","20040401","","","","","","","","","","","1","","","","",""
"P088","ABALANE LTD","","","20 QUEEN SQUARE","","","HIGH WYCOMBE","","HP11 2DF","20040401","20220629","","","","","","","","","","1","","","","",""
"P08A","SHAKESPEARES CHEMIST","","","9 OAK LANE","","","BRADFORD","","BD9 4PU","20040401","","","","","","","","","","","1","","","","",""
"P08E","WAGPHARM CHEMIST","","","8 MITRE ROAD","","","LONDON","","E15 3JF","20040401","","","","","","","","","","","1","","","","",""
"P08F","BOOTS UK LIMITED","","","1 THANE ROAD","","","NOTTINGHAM","","NG90 1BS","19900401","","","","","","","","","","","1","","","","",""
"P08H","KAYS MEDICAL","","","1 WINDWARD DRIVE","SPEKE","","LIVERPOOL","","L24 8QR","20040401","","","","","","","","","","","1","","","","",""
"P08K","REXALL CHEMIST","","","204 PENN ROAD","","","WOLVERHAMPTON","","WV4 4AA","20040401","","","","","","","","","","","1","","","","",""
"P08N","ETWALL PHARMACY","","","4-6 CHESTNUT GROVE","ETWALL","","DERBY","","DE65 6NG","20040401","","","","","","","","","","","1","","","","",""
"P08P","IBCHEM LTD","","","LISTER CHEMISTS","123 HIGH STREET","","IBSTOCK","","LE67 6JQ","20040401","","","","","","","","","","","1","","","","",""
"P08R","HIGHER CRUMPSALL PHARMACY","","","LEE CHEMIST","248 MIDDLETON ROAD","","MANCHESTER","","M8 4WA","20040401","20241001","","","","","","","","","","1","","","","",""
"P08T","ROXANNES DISP CHEMIST","","","51 THE BROADWAY","","","GREENFORD","","UB6 9PN","20040401","","","","","","","","","","","1","","","","",""
"P08V","ALEXANDER JHR & NDP","","","ALEXANDERS PHARMACY","49-51 STUART ROAD","CROSBY","LIVERPOOL","","L23 0QE","20040401","","","","","","","","","","","1","","","","",""
"P08X","ALI-CHEM LTD","","","THOMAS WALKER PHARMACY","87 PRINCES STREET","","PETERBOROUGH","","PE1 2SS","20040401","","","","","","","","","","","1","","","","",""
"P091","AVEYCARE LTD","","","21 STATION ROAD","LYMINGE","","FOLKESTONE","","CT18 8HQ","20040401","20190228","","","","","","","","","","1","","","","",""
"P092","ALLEN & BARNFIELD CHEMISTS LTD","","","39 WOLFE ROAD","FOXHILL","","SHEFFIELD","","S6 1BT","20040401","","","","","","","","","","","1","","","","",""
"P093","EDLESBOROUGH PHARMACEUTICAL SUPPLIES LTD","","","11 COW LANE","EDLESBOROUGH","","DUNSTABLE","","LU6 2HT","20040401","","","","","","","","","","","1","","","","",""
"P095","COTTINGHAM PHARMACY","","","342 WELLINGTON STREET","","","GRIMSBY","","DN32 7JR","20040401","20191201","","","","","","","","","","1","","","","",""
"P097","HERRINGTON SOCIAL CENTRE PHARMACY","","","HERRINGTON MEDICAL CENTRE","PHILADELPHIA LANE","","HOUGHTON-LE-SPRING","","DH4 4LE","20040401","","","","","","","","","","","1","","","","",""
"P098","DRURY'S PHARMACIES LTD","","","NEWQUAY HEALTH CENTRE","ST THOMAS ROAD","","NEWQUAY","","TR7 1RU","20040401","20190312","","","","","","","","","","1","","","","",""
"P099","DIRAN LTD","","","139A WENNINGTON ROAD","","","RAINHAM","","RM13 9TR","20040401","","","","","","","","","","","1","","","","",""
"P09C","KADRI PHARMACY LTD","","","87-89 MEADOW STREET","","","PRESTON","","PR1 1TS","20040401","","","","","","","","","","","1","","","","",""
"P09D","PARK LANE PHARMACY","","","3 PARK LANE","","","WEDNESBURY","","WS10 9PR","20040401","","","","","","","","","","","1","","","","",""
"P09F","VYAS LTD","","","7 CHURCH STREET","","","LUTTERWORTH","","LE17 4AE","20040401","","","","","","","","","","","1","","","","",""
"P09H","NORTH MEOLS PHARMACY LTD","","","15 CHURCH ROAD","","","SOUTHPORT","","PR9 8ET","20040401","","","","","","","","","","","1","","","","",""
"P09K","GARCHAYS CHEMIST","","","183 EDWARD STREET","","","NUNEATON","","CV11 5QU","20040401","","","","","","","","","","","1","","","","",""
"P09N","THE PAINSWICK PHARMACY LTD","","","NEW STREET","PAINSWICK","","STROUD","","GL6 6XH","20040401","","","","","","","","","","","1","","","","",""
"P09V","ALCHEM PHARMACY","","","123 THE BROADWAY","","","SOUTHALL","","UB1 1LW","20040401","","","","","","","","","","","1","","","","",""
"P09X","MILBORNE PORT PHARMACY LTD","","","10 HIGH STREET","MILBORNE PORT","","SHERBORNE","","DT9 5AG","20040401","","","","","","","","","","","1","","","","",""
"P0A0","OVAL PHARMACY","","","8 THE OVAL","","","STEVENAGE","","SG1 5RB","20040401","","","","","","","","","","","1","","","","",""
"P0A1","KRISTAL PHARMACY","","","127 EVELINA ROAD","","","LONDON","","SE15 3HB","20040401","20191231","","","","","","","","","","1","","","","",""
"P0A3","DRUIDS HEATH PHARMACY","","","17 POUND ROAD","","","BIRMINGHAM","","B14 5SB","20040401","","","","","","","","","","","1","","","","",""
"P0A4","JAMES HELGASON LTD","","","MANNINGS CHEMIST","35 PRINCESS STREET","","KNUTSFORD","","WA16 6BW","20040401","20190312","","","","","","","","","","1","","","","",""
"P0A7","BRIDGEGATE CHEMIST LTD","","","54 BRIDGEGATE","","","RETFORD","","DN22 7UZ","20040401","20190312","","","","","","","","","","1","","","","",""
"P0A8","PEARCARE PHARMACY","","","86 ALEXANDRA DRIVE","","","SURBITON","","KT5 9AG","20040401","","","","","","","","","","","1","","","","",""
"P0A9","DUKES PHARMACY","","","196 DUKES RIDE","","","CROWTHORNE","","RG45 6DS","20040401","","","","","","","","","","","1","","","","",""
"P0AA","MORETON PHARMACY","","","8 FORD STREET","MORETONHAMPSTEAD","","NEWTON ABBOT","","TQ13 8LN","20040401","","","","","","","","","","","1","","","","",""
"P0AF","JENNERS PHARMACY LTD","","","JENNERS CHEMISTS","236 COWLEY ROAD","","OXFORD","","OX4 1UH","20040401","20190212","","","","","","","","","","1","","","","",""
"P0AH","JEPHSON PHARMACY","","","BARRETT WAY","WROUGHTON","","SWINDON","","SN4 9LW","20040401","","","","","","","","","","","1","","","","",""
"P0AK","NEMHILL LTD","","","CHEMCO PHARMACY","268 THE BROADWAY","","LONDON","","SW19 1SB","20040401","","","","","","","","","","","1","","","","",""
"P0AM","MORECAMBE BAY CHEMIST","","","28-30 REGENT ROAD","","","MORECAMBE","","LA3 1QN","20040401","","","","","","","","","","","1","","","","",""
"P0AQ","WESTWAY PHARMACY","","","11 WESTWAY","","","LONDON","","W12 0PT","20040401","20240131","","","","","","","","","","1","","","","",""
"P0AR","GROSSMAN PHARMACY","","","6 OXGATE COURT PARADE","COLES GREEN ROAD","","LONDON","","NW2 7ET","20040401","20240331","","","","","","","","","","1","","","","",""
"P0AT","BEECHES PHARMACY","","","2B BEECHES AVENUE","","","CARSHALTON","","SM5 3LF","20040401","20190312","","","","","","","","","","1","","","","",""
"P0AV","JM PATEL LTD","","","STONE PHARMACY","229 LONDON ROAD","","GREENHITHE","","DA9 9DF","20040401","","","","","","","","","","","1","","","","",""
"P0AX","JOHN & JOHN LIMITED","","","HOUSLEY PHARMACY","93 SITWELL STREET","SPONDON","DERBY","","DE21 7FH","20040401","","","","","","","","","","","1","","","","",""
"P0B7I","LP SD THIRTY THREE LIMITED","","","230 COPPICE FARM WAY","","","WILLENHALL","","WV12 5XZ","20230803","","","","","","","","","","","1","","","","",""
"P0C1","SG BARAI LTD","","","SG BARIA CHEMIST","39 ERSKINE ROAD","","SUTTON","","SM1 3AT","20040401","","","","","","","","","","","1","","","","",""
"P0C3","ASHWORTH DISPENSING CHEMIST","","","229 BEAVER ROAD","","","ASHFORD","","TN23 7SJ","20040401","20190513","","","","","","","","","","1","","","","",""
"P0C4","THE AXBRIDGE SQUARE CO LTD","","","THE MEDIEVAL HOUSE","THE SQUARE","","AXBRIDGE","","BS26 2AR","20040401","20230531","","","","","","","","","","1","","","","",""
"P0C5","SHALLY'S CHEMIST","","","37 BEECH AVENUE","SHERWOOD RISE","","NOTTINGHAM","","NG7 7LJ","20040401","","","","","","","","","","","1","","","","",""
"P0C6","SHARCHEM LTD","","","UNIT 11-12","HALLMARK TRADING ESTATE","FOURTH WAY","WEMBLEY","","HA9 0LB","20040401","","","","","","","","","","","1","","","","",""
"P0C7","JOHNSTON PHARMACY","","","50-52 JOHNSTON STREET","","","BLACKBURN","","BB2 1HD","20040401","","","","","","","","","","","1","","","","",""
"P0C8","SHARISH LTD","","","CLARKE PHARMACY","125 ST. JOHN'S HILL","BATTERSEA","LONDON","","SW11 1SZ","20040401","20240823","","","","","","","","","","1","","","","",""
"P0C9","GREAT BERRY PHARMACY","","","UNIT 4","GREAT BERRY CENTRE","NIGHTINGALES","BASILDON","","SS16 6SA","20040401","","","","","","","","","","","1","","","","",""
"P0CA","JN & P SHAW","","","126 BORSTAL STREET","BORSTAL","","ROCHESTER","","ME1 3JS","20040401","","","","","","","","","","","1","","","","",""
"P0CF","SILVERSANDS (MEDWAY) LTD","","","318 HIGH STREET","ST MARY CRAY","","ORPINGTON","","BR6 0NG","20040401","20251130","","","","","","","","","","1","","","","",""
"P0CH","SINCLAIR DALAPA LTD","","","CROFTON PARK PHARMACY","435 BROCKLEY ROAD","CROFTON PARK","LONDON","","SE4 2PJ","20040401","","","","","","","","","","","1","","","","",""
"P0CJ","HARRISONS PHARMACY","","","59 WENTWORTH AVENUE","","","SLOUGH","","SL2 2DS","20040401","20190326","","","","","","","","","","1","","","","",""
"P0CK","TOTLEY PHAEMACY","","","185 BASLOW ROAD","","","SHEFFIELD","","S17 4DT","20040401","","","","","","","","","","","1","","","","",""
"P0CL","SINGLEWELL PHARMACY LTD","","","SINGLEWELL PHARMACY","133 SINGLEWELL ROAD","","GRAVESEND","","DA11 7QA","20040401","","","","","","","","","","","1","","","","",""
"P0CM","SIT FPW (CHEMISTS)","","","THE ESPLANADE","CHAPEL ST. LEONARDS","","SKEGNESS","","PE24 5TB","20040401","","","","","","","","","","","1","","","","",""
"P0CN","SJ & JW EVANS LTD","","","EVANS PHARMACY","GALEN HOUSE","231 WORCESTER ROAD","MALVERN","","WR14 1SU","20040401","","","","","","","","","","","1","","","","",""
"P0CP","SK CHEMISTS LTD","","","W D TIFFENBERGS","240 LONGMOOR LANE","","LIVERPOOL","","L9 0EP","20040401","20190326","","","","","","","","","","1","","","","",""
"P0CQ","SODASKILL LTD","","","FRIAR PARK CHEMIST","158 CRANKHALL LANE","","WEDNESBURY","","WS10 0EB","20040401","","","","","","","","","","","1","","","","",""
"P0CR","PAULS PHARMACY","","","31 REVESBY WALK","NECHELLS","","BIRMINGHAM","","B7 4LG","20040401","20190718","","","","","","","","","","1","","","","",""
"P0CT","GLOBE PHARMACY LIMITED","","","61 STATION ROAD","","","LETCHWORTH GARDEN CITY","","SG6 3BJ","20040401","","","","","","","","","","","1","","","","",""
"P0CW","SPC LIMITED","","","MUXTON PHARMACY","9C FIELDHOUSE DRIVE","MUXTON","TELFORD","","TF2 8JQ","20040401","","","","","","","","","","","1","","","","",""
"P0CY","BAUM PHARMACY","","","10-12 MANOR PARK PARADE","LEE HIGH ROAD","LEWISHAM","LONDON","","SE13 5PB","20040401","20200408","","","","","","","","","","1","","","","",""
"P0D0","KEMSLEY PHARMACY","","","JOHN GOODHEW MEDICAL CENTRE","GROVEHURST ROAD","KEMSLEY","SITTINGBOURNE","","ME10 2ST","20040401","20190409","","","","","","","","","","1","","","","",""
"P0D1","TUDOR PHARMACY","","","TUDOR COURT","WOOTTON HOPE DRIVE, WOOTTON","","NORTHAMPTON","","NN4 6FF","20040401","20190312","","","","","","","","","","1","","","","",""
"P0D7","BD CHEM LTD","","","182 COLDHARBOUR LANE","","","LONDON","","SE5 9QH","20041215","","","","","","","","","","","1","","","","",""
"P0DA","TALAT KHOSHAKHLAQ & CO LTD","","","WILLOWS PHARMACY","DOWNHAM MARKET HEALTH CENTRE","PARADISE ROAD","DOWNHAM MARKET","","PE38 9JE","20041215","","","","","","","","","","","1","","","","",""
"P0DD","RAJ SUDDHI LTD","","","126 KEDLESTON ROAD","","","DERBY","","DE22 1FX","20050102","20250831","","","","","","","","","","1","","","","",""
"P0DE","SKYFARM LEEDS LTD","","","35 HAREHILLS ROAD","","","LEEDS","","LS8 5HR","20050101","20241130","","","","","","","","","","1","","","","",""
"P0DF","R YUNG LTD","","","MIXENDEN PHARMACY","101 MIXENDEN ROAD","","HALIFAX","","HX2 8PU","20050101","","","","","","","","","","","1","","","","",""
"P0DH","JAJR INVESTMENTS (UK) LTD","","","HIGH STREET","UPPER BEEDING","","STEYNING","","BN44 3HZ","20050201","","","","","","","","","","","1","","","","",""
"P0DK","LAMA LA","","","99 TANKERTON ROAD","","","WHITSTABLE","","CT5 2AJ","20050201","20220504","","","","","","","","","","1","","","","",""
"P0DN","ALLIED CHLORIN LTD","","","STALBRIDGE PHARMACY","HIGH STREET","STALBRIDGE","STURMINSTER NEWTON","","DT10 2LL","20050201","20190305","","","","","","","","","","1","","","","",""
"P0DP","FYNN TJ & JV","","","42 VANN ROAD","FERNHURST","","HASLEMERE","","GU27 3JN","20050210","","","","","","","","","","","1","","","","",""
"P0DR","AUDENSHAW PHARMACY LTD","","","3 CHAPEL STREET","AUDENSHAW","","MANCHESTER","","M34 5DE","20050208","","","","","","","","","","","1","","","","",""
"P0DT","FELKRIS LTD","","","516 HUDDERSFIELD ROAD","WYKE","","BRADFORD","","BD12 8AD","20050201","","","","","","","","","","","1","","","","",""
"P0E0","TABPHARM LIMITED","","","17 BRANTWOOD ROAD","","","BEXLEYHEATH","","DA7 6LQ","20120128","","","","","","","","","","","1","","","","",""
"P0E1","3D & CO LTD","","","18 DERWENT DRIVE","","","LOUGHBOROUGH","","LE11 3RJ","20071009","20241126","","","","","","","","","","1","","","","",""
"P0E4","ASH SHIFA LTD","","","CHURCH LANE PHARMACY","23 CHURCH LANE","","PUDSEY","","LS28 7LD","20071002","","","","","","","","","","","1","","","","",""
"P0E5","MAYFLOWER HEALTHCARE LTD","","","DEVONSHIRE PHARMACY","215 EDGWARE ROAD","","LONDON","","W2 1ES","20071021","","","","","","","","","","","1","","","","",""
"P0E6","PARTEJ LIMITED","","","51 STOKE PARK DRIVE","","","IPSWICH","","IP2 9TH","20120201","","","","","","","","","","","1","","","","",""
"P0E7","PRIORY FIELDS HEALTHCARE LLP","","","NURSERY ROAD","","","HUNTINGDON","","PE29 3RL","20120120","20190813","","","","","","","","","","1","","","","",""
"P0E8","AVANTGARDE PHARMA LTD","","","41 CALDMORE GREEN","","","WALSALL","","WS1 3RW","20120116","","","","","","","","","","","1","","","","",""
"P0E9","MANEPH RESOURCES LIMITED","","","KIDLINGTON HEALTH CENTRE","EXETER CLOSE","OXFORD ROAD","KIDLINGTON","","OX5 1AP","20120202","","","","","","","","","","","1","","","","",""
"P0EA","GEORGIAN PHARMA LTD","","","111 HELE ROAD","","","TORQUAY","","TQ2 7PS","20050201","","","","","","","","","","","1","","","","",""
"P0EG","APPLEY BRIDGE PHARMACY","","","53 WOODNOOK ROAD","APPLEY BRIDGE","","WIGAN","","WN6 9JR","20050301","20200310","","","","","","","","","","1","","","","",""
"P0EL","17TH CENTURY HEALTH FOODS LTD","","","1-3 PERSHORE ROAD SOUTH","","","BIRMINGHAM","","B30 3EE","20050201","","","","","","","","","","","1","","","","",""
"P0EM","GILES EVANS","","","BEULAH HOUSE","HIGH STREET","HIGHLEY","BRIDGNORTH","","WV16 6LP","20050302","","","","","","","","","","","1","","","","",""
"P0ER","MR ANIL KUMAR SHARMA","","","6 CHAPEL STREET","WATERBEACH","","CAMBRIDGE","","CB25 9HR","20050228","20230531","","","","","","","","","","1","","","","",""
"P0ET","MR NILESH MORJARIA","","","168-170 BARTON ROAD","","","LUTON","","LU3 2BE","20050301","","","","","","","","","","","1","","","","",""
"P0EV","SUTTON & MERTON OOH COOP LIMITED","","","ROBIN HOOD LANE","","","SUTTON","","SM1 2RJ","20050309","","","","","","","","","","","1","","","","",""
"P0EX","N. L. WADE LTD","","","136 GLOUCESTER AVENUE","","","CHELMSFORD","","CM2 9LG","20050301","20190312","","","","","","","","","","1","","","","",""
"P0F0","SHARIQ HUSSAIN LTD","","","27 UPPER LANE","NETHERTON","","WAKEFIELD","","WF4 4NG","20120213","","","","","","","","","","","1","","","","",""
"P0F1","COLLINS HEALTHCARE LTD","","","102 BARKERHOUSE ROAD","","","NELSON","","BB9 9EU","20050401","","","","","","","","","","","1","","","","",""
"P0F2","ARIEL OBERLANDER","","","BEEHIVE PHARMACY","8 BEEHIVE LANE","","ILFORD","","IG1 3RD","20050401","","","","","","","","","","","1","","","","",""
"P0F3","MR KHALID AYUB","","","11A UNION STREET","","","BEDFORD","","MK40 2SF","20050401","","","","","","","","","","","1","","","","",""
"P0F7","ABC PHARMACIES","","","1351 LONDON ROAD","","","LONDON","","SW16 4BE","20050405","20190312","","","","","","","","","","1","","","","",""
"P0FA","MR G WINSON","","","3 HIGH STREET","WAINFLEET","","SKEGNESS","","PE24 4BS","20050411","","","","","","","","","","","1","","","","",""
"P0FC","E & C HO LTD","","","SOUTH HYLTON PHARMACY","20 RAILWAY TERRACE","","SUNDERLAND","","SR4 0PY","20050415","","","","","","","","","","","1","","","","",""
"P0FE","SHAHRYAR ALI SUZANAR","","","5 BALGORES LANE","","","ROMFORD","","RM2 5JR","20050426","","","","","","","","","","","1","","","","",""
"P0FF","POOLEARTH TORQUAY LTD","","","SHIPHAY PHARMACY","37 BANBURY PARK","","TORQUAY","","TQ2 7HN","20050501","","","","","","","","","","","1","","","","",""
"P0FG","CFS LTD","","","WAINWRIGHTS CHEMIST","5 RIVERSIDE","","EASTLEIGH","","SO50 6LP","20050401","","","","","","","","","","","1","","","","",""
"P0FH","PHILLIPS GRAHAM","","","MANOR PHARMACY","THE CORNER","HIGH STREET, ELSTREE","BOREHAMWOOD","","WD6 3BY","20050411","20180509","","","","","","","","","","1","","","","",""
"P0FL","CB PHARMACIES LTD","","","P J INGRAM CHEMIST","351 HIGH STREET","","WEST BROMWICH","","B70 9QG","20050501","","","","","","","","","","","1","","","","",""
"P0FM","RJ'S PHARMACY","","","210 EALING ROAD","","","WEMBLEY","","HA0 4QG","20050405","","","","","","","","","","","1","","","","",""
"P0FN","HEALTHY LIVING PHARMACY LIMITED","","","40 REEVY ROAD WEST","","","BRADFORD","","BD6 3LX","20050425","","","","","","","","","","","1","","","","",""
"P0FP","PATEL KALPEN","","","BACUP HEALTH CENTRE","YORKSHIRE STREET","","BACUP","","OL13 9AE","20050501","","","","","","","","","","","1","","","","",""
"P0FQ","KHAN S","","","ABRAM PHARMACY","358 WARRINGTON ROAD","ABRAM","WIGAN","","WN2 5XA","20050501","","","","","","","","","","","1","","","","",""
"P0FR","COURT S G","","","DARLEY PHARMACY","THE GRANGE","17 PELHAM ROAD","GRAVESEND","","DA11 0HN","20050516","20190409","","","","","","","","","","1","","","","",""
"P0FX","MEDIPHARMACY LTD","","","139 BLENDON ROAD","","","BEXLEY","","DA5 1BT","20050503","20260731","","","","","","","","","","1","","","","",""
"P0FY","UDUENI O","","","CHURCH PHARMACY","99 QUEENS ROAD","","WEYBRIDGE","","KT13 9UQ","20050503","","","","","","","","","","","1","","","","",""
"P0G0","BLUE HOUSE RETAIL LIMITED","","","NISA SUPERMARKET","BLUE HOUSE LANE","","WASHINGTON","","NE37 2TE","20120210","","","","","","","","","","","1","","","","",""
"P0G1","JAIRATH V","","","356 -358 WORSLEY ROAD","ECCLES","","MANCHESTER","","M30 8JA","20050701","20181205","","","","","","","","","","1","","","","",""
"P0G2","DHESI J","","","FALCONWOOD PHARMACY","3 FALCONWOOD PARADE","","WELLING","","DA16 2PL","20050701","","","","","","","","","","","1","","","","",""
"P0G4","JASMINA LIMITED","","","MOUNT ELGON PHARMACY","304 KINGSTON ROAD","","LONDON","","SW20 8LX","20050701","20220706","","","","","","","","","","1","","","","",""
"P0G8","MCKAY HEALTHCARE LTD","","","3 HIGH STREET","SILKSTONE","","BARNSLEY","","S75 4JH","20120206","","","","","","","","","","","1","","","","",""
"P0G9","LEXDEN HEALTHCARE LTD","","","15 CAVALRY ROAD","","","COLCHESTER","","CO2 7GH","20120213","20200131","","","","","","","","","","1","","","","",""
"P0GA","C & P APOTHECARIES LTD","","","SPENCERS PHARMACY","203 HALE ROAD","","WIDNES","","WA8 8QB","20050516","","","","","","","","","","","1","","","","",""
"P0GD","LA PHARMA LTD","","","ROSS PHARMACY","28 THE BROADWAY","JOEL STREET","NORTHWOOD","","HA6 1PF","20050531","","","","","","","","","","","1","","","","",""
"P0GE","ANR LOCUMS LTD","","","TYERSAL PHARMACY","6 TYERSAL ROAD","","BRADFORD","","BD4 8ET","20050601","","","","","","","","","","","1","","","","",""
"P0GF","NORCHEM HEALTHCARE LTD","","","T MEIKLE CHEMIST","51 MIDDLE STREET","BLACKHALL COLLIERY","HARTLEPOOL","","TS27 4EE","20050502","20190219","","","","","","","","","","1","","","","",""
"P0GG","KEMKAY LTD","","","3 CLIFTON BUILDINGS","AVENUE ROAD","","FRESHWATER","","PO40 9UT","20050601","","","","","","","","","","","1","","","","",""
"P0GH","GNOSALL HEALTHCARE LTD","","","24 HIGH STREET","GNOSALL","","STAFFORD","","ST20 0EX","20050501","20190312","","","","","","","","","","1","","","","",""
"P0GJ","TH DOLMAN LIMITED","","","9 LINKFIELD CORNER","","","REDHILL","","RH1 1BD","20050601","","","","","","","","","","","1","","","","",""
"P0GM","PRISTINE CARE LTD","","","30 CHURCH ROAD","","","LONDON","","E12 6AQ","20050501","","","","","","","","","","","1","","","","",""
"P0GN","EHASNUL HAQ","","","GATEWAY HOUSE","WYCOMBE RETAIL PARK","RYEMEAD WAY","HIGH WYCOMBE","","HP11 1FY","20050606","","","","","","","","","","","1","","","","",""
"P0GQ","PENIEL INTERNATIONAL LTD","","","HEATH PHARMACY","MAIDSTONE ROAD","HORSMONDEN","TONBRIDGE","","TN12 8JJ","20050601","","","","","","","","","","","1","","","","",""
"P0GV","HEALTHFIRST CARE LTD","","","17 BERRYLANDS ROAD","","","SURBITON","","KT5 8QX","20050601","20250831","","","","","","","","","","1","","","","",""
"P0GW","GEORGE WICKHAM LTD","","","ALPHINGTON PHARMACY","87 CHURCH ROAD","ALPHINGTON","EXETER","","EX2 8SY","20050701","","","","","","","","","","","1","","","","",""
"P0GX","CARTER CHEMIST (2005) LTD","","","114 HIGH STREET","","","NORTHWOOD","","HA6 1BJ","20050601","","","","","","","","","","","1","","","","",""
"P0GY","SATURLEY LTD","","","ACCRINGTON PHARMACY","257 WHALLEY ROAD","","ACCRINGTON","","BB5 5AD","20050601","","","","","","","","","","","1","","","","",""
"P0H0","GATECROWN VENTURES LIMITED","","","177 ELLIOTT STREET","TYLDESLEY","","MANCHESTER","","M29 8DR","20120210","","","","","","","","","","","1","","","","",""
"P0H1","MEDEX HEALTH LTD","","","26A HALL STREET","","","WEDNESBURY","","WS10 8NW","20050630","20181009","","","","","","","","","","1","","","","",""
"P0H4","MS KAREN SMILLIE & MS DEBORAH BAKER","","","50 WESTERN ROAD","","","LEWES","","BN7 1RP","20050717","","","","","","","","","","","1","","","","",""
"P0H6","B K KANDOLA LTD","","","7 PARKWAY","LITTLE PAXTON","","ST. NEOTS","","PE19 6PA","20050731","","","","","","","","","","","1","","","","",""
"P0H9","OSBON MEDICALS LIMITED","","","55 HIGH STREET","ST. MARY CRAY","","ORPINGTON","","BR5 3NJ","20050724","","","","","","","","","","","1","","","","",""
"P0HD","MR K CHANDI","","","18 LADYBROOK PLACE","","","MANSFIELD","","NG18 5JP","20050731","20190212","","","","","","","","","","1","","","","",""
"P0HE","RAMZAN LTD","","","96 HIGH STREET","PENSNETT","","BRIERLEY HILL","","DY5 4ED","20050731","","","","","","","","","","","1","","","","",""
"P0HK","MR MAIK UDDIN","","","287 STRETFORD ROAD","URMSTON","","MANCHESTER","","M41 9NU","20050802","","","","","","","","","","","1","","","","",""
"P0HL","MR G M LAD","","","49 MAIN STREET","LOWDHAM","","NOTTINGHAM","","NG14 7AB","20050714","","","","","","","","","","","1","","","","",""
"P0HN","JOHN FOREMAN","","","51 EXMOUTH MARKET","","","LONDON","","EC1R 4QL","20050531","20190212","","","","","","","","","","1","","","","",""
"P0HP","HIGHTOWN PHARMACY (MERSEYSIDE) LTD","","","HIGHTOWN HOTEL","LOWER ALT ROAD","","LIVERPOOL","","L38 0BB","20050731","","","","","","","","","","","1","","","","",""
"P0HQ","PATHVALLEY LTD","","","4 BROADWAY","BEBINGTON","","WIRRAL","","CH63 5NH","20050731","20190312","","","","","","","","","","1","","","","",""
"P0HW","DAVEE LTD","","","67 CHURCH STREET","DARTON","","BARNSLEY","","S75 5HQ","20050731","","","","","","","","","","","1","","","","",""
"P0J0","BRINNINGTON PHARMACY LIMITED","","","BRINNINGTON HEALTH CENTRE","BRINNINGTON ROAD","","STOCKPORT","","SK5 8BS","20120213","20190312","","","","","","","","","","1","","","","",""
"P0J3","MAPLEWOOD INVESTMENTS LTD","","","320 LONDON ROAD","","","WESTCLIFF-ON-SEA","","SS0 7JJ","20050731","","","","","","","","","","","1","","","","",""
"P0JA","MR Z MALIK","","","NEWCASTLE ROAD","LOGGERHEADS","","MARKET DRAYTON","","TF9 4PB","20050919","20190430","","","","","","","","","","1","","","","",""
"P0JD","H Z H PHARMACY LTD","","","WENTWORTH COURT","EUROLINK INDUSTRIAL CENTRE","CASTLE ROAD","SITTINGBOURNE","","ME10 3RN","20050925","","","","","","","","","","","1","","","","",""
"P0JE","MIDCOUNTIES CO-OPERATIVE PHARMACY","","","CO-OPERATIVE HOUSE","WARWICK TECHNOLOGY PARK","GALLOWS HILL","WARWICK","","CV34 6DA","20050925","20240217","","","","","","","","","","1","","","","",""
"P0JF","S KHOSLA","","","BURNS CHEMIST","334 HIGH ROAD LEYTONSTONE","","LONDON","","E11 3HR","20050918","","","","","","","","","","","1","","","","",""
"P0JH","PRAREN LTD","","","STYVECHALE PHARMACY","84 BAGINTON ROAD","","COVENTRY","","CV3 6FQ","20050929","","","","","","","","","","","1","","","","",""
"P0JJ","F W PICKFORD (KETTERING) LTD","","","PARTRIDGES CHEMIST","75 ST. JOHNS ROAD","","KETTERING","","NN15 5AZ","20050930","20190319","","","","","","","","","","1","","","","",""
"P0JK","GORGEMEAD LIMITED","","","5 HEADLANDS LANE","","","KNOTTINGLEY","","WF11 0LA","20050930","20220601","","","","","","","","","","1","","","","",""
"P0JL","PSG TRADING LTD","","","HARRIS CHEMISTS","74 BOTLEY ROAD","","OXFORD","","OX2 0BU","20050930","20180419","","","","","","","","","","1","","","","",""
"P0JM","SK KOCHHAR & MP ADDISON","","","FISHLOCK CHEMIST","17 STATION ROAD","AINSDALE","SOUTHPORT","","PR8 3HN","20050930","20190326","","","","","","","","","","1","","","","",""
"P0JP","A & S SHILLAM LTD","","","PARK PHARMACY","268 UPPER SHOREHAM ROAD","","SHOREHAM-BY-SEA","","BN43 6BF","20050930","","","","","","","","","","","1","","","","",""
"P0JT","C & D HEALTHCARE LTD","","","SEDGLEY PARK PHARMACY","33 BURY NEW ROAD","PRESTWICH","MANCHESTER","","M25 9JY","20051017","","","","","","","","","","","1","","","","",""
"P0JV","JSM TRADING LTD","","","113 STANLEY ROAD","","","TEDDINGTON","","TW11 8UB","20051002","","","","","","","","","","","1","","","","",""
"P0JW","H SHACKLETON LTD","","","6 BROAD STREET","","","HEREFORD","","HR4 9AP","20051031","","","","","","","","","","","1","","","","",""
"P0JX","P&U MANGAL LTD","","","OAKLANDS PARK PHARMACY","126 OATLANDS DRIVE","","WEYBRIDGE","","KT13 9HL","20051031","","","","","","","","","","","1","","","","",""
"P0K0","FIRSTCARE (UK) LIMITED","","","BULWELL RIVERSIDE CENTRE","MAIN STREET","BULWELL","NOTTINGHAM","","NG6 8QJ","20120220","","","","","","","","","","","1","","","","",""
"P0K2","BANANA DIGITAL LTD","","","83 CHEAP STREET","","","SHERBORNE","","DT9 3BA","20051016","","","","","","","","","","","1","","","","",""
"P0K3","COTTINGHAM (WALTHAM) LTD","","","COTTINGHAM CHEMISTS","41 HIGH STREET","WALTHAM","GRIMSBY","","DN37 0LJ","20051031","20251129","","","","","","","","","","1","","","","",""
"P0K8","GJ MALEY LTD","","","MICHAEL STREET PHARMACY","36 MICHAEL STREET","","PEEL","","IM5 1HD","19890228","20241011","","","","","","","","","","1","","","","",""
"P0KA","THE KIRK MICHAEL VILLAGE PHARMACY LTD","","","THE VILLAGE PHARMACY","MAIN ROAD","","KIRK MICHAEL","","IM6 1AB","20050630","","","","","","","","","","","1","","","","",""
"P0KC","LAXEY CHEMIST","","","S C RODAN - CHEMIST","15A NEW ROAD","","LAXEY","","IM4 7BD","19890228","","","","","","","","","","","1","","","","",""
"P0KD","KINRADE'S PHARMACY LTD","","","KINRADE CHEMIST","BALLAQUAYLE ROAD","","DOUGLAS","","IM2 5DF","19921031","","","","","","","","","","","1","","","","",""
"P0KE","PATEL MP","","","CASTLE PHARMACY","20 MALEW STREET","","CASTLETOWN","","IM9 1AD","19890228","","","","","","","","","","","1","","","","",""
"P0KG","JA HEMENSLEY","","","HEMENSLEYS CHEMIST","1 WINDSOR ROAD","","DOUGLAS","","IM1 3JX","19890228","","","","","","","","","","","1","","","","",""
"P0KJ","RIVERSIDE PHARMACY LTD","","","1 SHREWSBURY WALK","","","ISLEWORTH","","TW7 7DE","20051113","","","","","","","","","","","1","","","","",""
"P0KK","P LAL & R KAPILA","","","NORTON HILL PHARMACY","10-12 NORTON HILL DRIVE","","COVENTRY","","CV2 3AS","20051031","","","","","","","","","","","1","","","","",""
"P0KL","ROSE HEALTHCARE LTD","","","126 CREEK ROAD","","","LONDON","","SE8 3BN","20051123","","","","","","","","","","","1","","","","",""
"P0KP","F KARSAN","","","69-71 CITY WAY","","","ROCHESTER","","ME1 2BA","20051205","","","","","","","","","","","1","","","","",""
"P0KQ","SURECARE HEALTH LINK LTD","","","CARTWRIGHTS CHEMIST","67 LEYTONSTONE ROAD","","LONDON","","E15 1JA","20051130","","","","","","","","","","","1","","","","",""
"P0KR","FAITH PHARMACY LTD","","","109 OXFORD STREET","","","OLDHAM","","OL9 7SJ","20051113","20190326","","","","","","","","","","1","","","","",""
"P0KT","MEDISENSE PHARMACY LTD","","","9 HIGH STREET","","","LONDON","","N8 7PS","20051130","","","","","","","","","","","1","","","","",""
"P0KW","GATEACRE CHEMISTS LTD","","","HAROLD LOMAX CHEMISTS","516 MATHER AVENUE","","LIVERPOOL","","L19 4UG","20051130","","","","","","","","","","","1","","","","",""
"P0KY","CARTER CHEMIST LTD","","","VANTAGE CHEMISTS","135 HIGH STREET","","RICKMANSWORTH","","WD3 1AR","20051113","","","","","","","","","","","1","","","","",""
"P0L0","AD HEALTH LIMITED","","","267 HUNTS CROSS AVENUE","WOOLTON","","LIVERPOOL","","L25 9ND","20120214","","","","","","","","","","","1","","","","",""
"P0L1","EGGBOROUGH PHARMACY LTD","","","87 SELBY ROAD","EGGBOROUGH","","GOOLE","","DN14 0LJ","20051211","","","","","","","","","","","1","","","","",""
"P0L2","PROGREZION UK LTD","","","26 WHITTAKER LANE","PRESTWICH","","MANCHESTER","","M25 1FX","20051215","","","","","","","","","","","1","","","","",""
"P0L3","LLOYDS RETAIL CHEMISTS LTD","","","95-97 BRIDGE STREET","","","WORKSOP","","S80 1DL","20051130","20221031","","","","","","","","","","1","","","","",""
"P0L5Y","ADRIAN THOMAS LTD","","","3 HIGH STREET","","","LAMPETER","","SA48 7BA","20091001","","","","","","","","","","","1","","","","",""
"P0L6","WM MORRISON SUPERMARKETS PLC","","","HILLMORE HOUSE","GAIN LANE","","BRADFORD","","BD3 7DL","20051130","","","","","","","","","","","1","","","","",""
"P0L7","CO-OP HEALTHCARE LTD","","","BRIDGE STREET","","","BAKEWELL","","DE45 1DS","20051231","20190312","","","","","","","","","","1","","","","",""
"P0L8","MR VH PATEL & MR MH PATEL","","","LORDS PHARMACY","98 TOOTING HIGH STREET","","LONDON","","SW17 0RR","20051206","20190312","","","","","","","","","","1","","","","",""
"P0LA","MR YOGESH PATEL","","","552 KINGSBURY ROAD","","","LONDON","","NW9 9HH","20051130","","","","","","","","","","","1","","","","",""
"P0LC","ATHERTON PHARMACY CONSORTIUM LTD","","","NELSON STREET","ATHERTON","","MANCHESTER","","M46 0LE","20051231","20190312","","","","","","","","","","1","","","","",""
"P0LD","TSGK ENTERPRISES LTD","","","EASTER PHARMACY","54 STATION WAY","","BUCKHURST HILL","","IG9 6LL","20051206","","","","","","","","","","","1","","","","",""
"P0LE","NORTH VIEW PHARMACY LTD","","","29 NORTH VIEW","WESTBURY PARK","","BRISTOL","","BS6 7PT","20051130","","","","","","","","","","","1","","","","",""
"P0LF","CHIPORUM LTD","","","15 CHURCHILL CRESCENT","","","FARNBOROUGH","","GU14 8EL","20051130","20190312","","","","","","","","","","1","","","","",""
"P0LJ","WHITE ROSE SURGERY LTD","","","EXCHANGE STREET","SOUTH ELMSALL","","PONTEFRACT","","WF9 2RD","20060123","","","","","","","","","","","1","","","","",""
"P0LK","HENGATE HEALTHCARE LTD","","","24 HENGATE","","","BEVERLEY","","HU17 8BN","20060110","","","","","","","","","","","1","","","","",""
"P0LN","MEDICHEM (LEEDS) LTD","","","MEDICHEM","42 HARROGATE ROAD","","LEEDS","","LS7 4LA","20060131","","","","","","","","","","","1","","","","",""
"P0LP","CLEAR PHARMACY (IOM) LTD","","","MICHAEL STREET PHARMACY","36 MICHAEL STREET","","PEEL","","IM5 1HD","20051231","","","","","","","","","","","1","","","","",""
"P0LR","MR KIRAN PATEL","","","43 CENTRAL PARADE","NEW ADDINGTON","","CROYDON","","CR0 0JD","20060122","20190305","","","","","","","","","","1","","","","",""
"P0LT","T HUSSAIN & I HAQ","","","157 UPPER COMMERCIAL STREET","","","BATLEY","","WF17 5DH","20060131","20190326","","","","","","","","","","1","","","","",""
"P0LW","DAY LEWIS LTD (JAYPHARMA LTD)","","","12 WELLINGTON WAY","","","WATERLOOVILLE","","PO7 7ED","20060131","20190312","","","","","","","","","","1","","","","",""
"P0LY","MR SHUIAB REHMAT","","","299 NORMANTON ROAD","","","DERBY","","DE23 6UU","20060205","","","","","","","","","","","1","","","","",""
"P0M0","MEDCURE LTD","","","3 BROOK LANE","","","OLDHAM","","OL8 2BD","20120227","","","","","","","","","","","1","","","","",""
"P0M2","IDEAL PHARMA LTD","","","PHARMCO CHEMIST","51 LYNCHFORD ROAD","","FARNBOROUGH","","GU14 6EJ","20060127","","","","","","","","","","","1","","","","",""
"P0M4","MR & MRS AA ALAGBE","","","HODGSON PHARMACY","25 TEMPLE HILL SQUARE","","DARTFORD","","DA1 5HY","20051231","","","","","","","","","","","1","","","","",""
"P0M5","LISA CORKER","","","14-16 BUTTERMARKET STREET","","","WARRINGTON","","WA1 2LR","20060131","","","","","","","","","","","1","","","","",""
"P0M6","MR N GOMPELS","","","WAINWRIGHT ROAD","","","WORCESTER","","WR4 9FA","20060209","","","","","","","","","","","1","","","","",""
"P0M9","MR ZULFIQAR ALI","","","DAVINA CHEMIST","316 PLATT LANE","","MANCHESTER","","M14 7DA","20060215","","","","","","","","","","","1","","","","",""
"P0MA","PHARM-ASSIST (HEALTHCARE) LTD","","","HALTON PHARMACY","253 SELBY ROAD","","LEEDS","","LS15 7JR","20060305","","","","","","","","","","","1","","","","",""
"P0ME","GLEDRESA LIMITED","","","51 LONDON ROAD","","","DOVER","","CT17 0SP","20060225","","","","","","","","","","","1","","","","",""
"P0MF","MR DANA FATHIPOUR","","","SHIRLEY PHARMACY","175 SHIRLEY ROAD","","CROYDON","","CR0 8SS","20060131","","","","","","","","","","","1","","","","",""
"P0MG","BESTWAY NATIONAL CHEMISTS LTD","","","MERCHANTS WAREHOUSE","CASTLE STREET","","MANCHESTER","","M3 4LZ","20060302","","","","","","","","","","","1","","","","",""
"P0MJ","PHARMACY WORLD LTD","","","45 REDHILL ROAD","","","STOCKTON-ON-TEES","","TS19 9BX","20060228","","","","","","","","","","","1","","","","",""
"P0ML","WHIPPENDELL HEALTH CARE LTD","","","504 WHIPPENDELL ROAD","","","WATFORD","","WD18 7QJ","20060310","","","","","","","","","","","1","","","","",""
"P0MM","PATEL DA","","","MD PHARMACY","80 WHIPPENDELL ROAD","","WATFORD","","WD18 7LR","20060210","","","","","","","","","","","1","","","","",""
"P0MN","CG MURRAY & SON LTD","","","MAPLE ROAD","","","MALVERN","","WR14 1GQ","20060313","20190326","","","","","","","","","","1","","","","",""
"P0MP","ARK HEALTHCARE LTD","","","566-568 STRATFORD ROAD","SPARKHILL","","BIRMINGHAM","","B11 4AN","20060301","","","","","","","","","","","1","","","","",""
"P0MQ","KAYPHARMA LTD","","","1 SUMMER LANE","","","EXETER","","EX4 8BU","20060301","20190312","","","","","","","","","","1","","","","",""
"P0MR","HINTONS PHARMACY LTD","","","9 FAIRCROSS HOUSE","116 THE PARADE, HIGH STREET","","WATFORD","","WD17 1BD","20060201","","","","","","","","","","","1","","","","",""
"P0MT","BUCKDEN MINI MARKET LTD","","","2 HUNTS END","BUCKDEN","","ST. NEOTS","","PE19 5SU","20060301","","","","","","","","","","","1","","","","",""
"P0MX","PAN HEALTHCARE LIMITED","","","299 CHURCH ROAD","SHELDON","","BIRMINGHAM","","B26 3YH","20060301","","","","","","","","","","","1","","","","",""
"P0MY","GODDAY AVBULIMEN","","","CARE CHEMIST","104 GROVE VALE","","LONDON","","SE22 8DR","20060402","","","","","","","","","","","1","","","","",""
"P0N0","GJ HEALTHCARE LIMITED","","","284 BALDWINS LANE","HALL GREEN","","BIRMINGHAM","","B28 0XB","20120217","","","","","","","","","","","1","","","","",""
"P0N2","MEDICINES 4 U LTD","","","HADDENHAM PHARMACY","1 STATION ROAD","HADDENHAM","ELY","","CB6 3XD","20060401","","","","","","","","","","","1","","","","",""
"P0N5","ZEMMEL J","","","STERLING PHARMACY","103 LAPWING LANE","","MANCHESTER","","M20 6UR","20060401","","","","","","","","","","","1","","","","",""
"P0N5D","NORCHEM HEALTHCARE LTD","","","18 OXLEASOW ROAD","MOONS MOAT EAST","","REDDITCH","","B98 0RE","20200301","20250131","","","","","","","","","","1","","","","",""
"P0N6","SOMMERVILLE R","","","247 CHARLESTOWN ROAD","","","MANCHESTER","","M9 7BD","20060401","20250630","","","","","","","","","","1","","","","",""
"P0N8","THACKER P","","","THACKER PHARMACY","436 ALTRINCHAM ROAD","","MANCHESTER","","M23 9AB","20060401","","","","","","","","","","","1","","","","",""
"P0N9J","LP SD TWENTY SIX LIMITED","","","162 SHANNON ROAD","","","HULL","","HU8 9RW","20230719","","","","","","","","","","","1","","","","",""
"P0NC","HIGHMARK SERVICES LIMITED","","","4 BAXTER GATE","","","LOUGHBOROUGH","","LE11 1TG","20060329","","","","","","","","","","","1","","","","",""
"P0NF","FOURTH DIMENSIONS LTD","","","MANSFIELD CHEMIST","MAIDS HEAD PARADE, HIGH STREET","THORPE-LE-SOKEN","CLACTON-ON-SEA","","CO16 0DY","20060401","20230630","","","","","","","","","","1","","","","",""
"P0NH","KOASTA LTD","","","SPAR SUPERMARKET","DUNNOCK WAY","","OXFORD","","OX4 7EX","20060417","","","","","","","","","","","1","","","","",""
"P0NK","AL-KASS MRS R","","","DANA PHARMACY","100 VICTORIA ROAD","","RUISLIP","","HA4 0AL","20060403","","","","","","","","","","","1","","","","",""
"P0NM","MR DHARMENDRA PATEL","","","41 SALISBURY ROAD","","","PINNER","","HA5 2NJ","20060419","","","","","","","","","","","1","","","","",""
"P0NN","MR NIGEL MORLEY","","","HUGHENDEN VALLEY SURGERY","VALLEY ROAD","HUGHENDEN VALLEY","HIGH WYCOMBE","","HP14 4LG","20060406","","","","","","","","","","","1","","","","",""
"P0NP","HEALTHCARE PHARMACIES LIMITED","","","THE WILLOWS MEDICAL CENTRE","8 OSBOURNE DRIVE","QUEENSBURY","BRADFORD","","BD13 2GD","20060501","20190312","","","","","","","","","","1","","","","",""
"P0NQ","A MEAKIN","","","544 RADFORD ROAD","","","NOTTINGHAM","","NG7 7EA","20060427","","","","","","","","","","","1","","","","",""
"P0NT","DHM PHARM LTD","","","SHEPLEY HEALTH CENTRE","25 JOS LANE","SHEPLEY","HUDDERSFIELD","","HD8 8DJ","20060402","20220629","","","","","","","","","","1","","","","",""
"P0NV","PHILIP DAWES","","","KEYHAM PHARMACY","206 SALTASH ROAD","KEYHAM","PLYMOUTH","","PL2 2BD","20060507","20190312","","","","","","","","","","1","","","","",""
"P0NW","REPEAT PRESCRIPTION ORDER LINE LTD","","","14A CHURCH STREET","THORNEY","","PETERBOROUGH","","PE6 0QB","20060330","","","","","","","","","","","1","","","","",""
"P0NX","MR TIMOTHY GIBBS","","","4 QUAY STREET","","","YARMOUTH","","PO41 0PB","20060409","","","","","","","","","","","1","","","","",""
"P0NY","N EBRAHIM","","","POWELLS CHEMIST","9 GREENHILL LANE","RIDDINGS","ALFRETON","","DE55 4EX","20060501","","","","","","","","","","","1","","","","",""
"P0P1","E-NOVA HEALTHCARE LIMITED","","","CHEADLES CHEMISTS","115 HIGH STREET","","WHITSTABLE","","CT5 1AY","20060503","20260409","","","","","","","","","","1","","","","",""
"P0P2","MR SARBJIT ROOPRAI","","","BARRETTS HOME BAKERY LTD","238 MONKMOOR ROAD","","SHREWSBURY","","SY2 5SR","20060508","","","","","","","","","","","1","","","","",""
"P0P3","DAY-NIGHT PHARMACY LTD","","","5 WILSON STREET","","","DERBY","","DE1 1PG","20060522","","","","","","","","","","","1","","","","",""
"P0P7","DR S KARIM","","","HEMPSTEAD CHEMIST","148 HEMPSTEAD ROAD","HEMPSTEAD","GILLINGHAM","","ME7 3QE","20060501","","","","","","","","","","","1","","","","",""
"P0P8","BARRINGTON HEALTHCARE LTD","","","160 NEWTON ROAD","","","RUSHDEN","","NN10 0HJ","20060526","","","","","","","","","","","1","","","","",""
"P0P9","ULTRA HEALTH LIMITED","","","FOUNTAIN HALL","FOUNTAIN STREET","","BRADFORD","","BD1 3RA","20060517","20220302","","","","","","","","","","1","","","","",""
"P0PC","PURE HEALTH MEDICAL LTD","","","NORTHWAY PHARMACY","6 ALDERWOOD PRECINCT","","DUDLEY","","DY3 3QY","20060430","20190219","","","","","","","","","","1","","","","",""
"P0PE","TAMRUSH LTD","","","DUNCANS CHEMIST","24 BROMLEY HILL","","BROMLEY","","BR1 4JX","20060530","","","","","","","","","","","1","","","","",""
"P0PF","MR DIVESH SHAH","","","MATTOCK PHARMACY","163 FOSSE ROAD NORTH","","LEICESTER","","LE3 5EZ","20060403","20230831","","","","","","","","","","1","","","","",""
"P0PG","WOODROFFE RICHARD","","","MEDWYN CENTRE","REIGATE ROAD","","DORKING","","RH4 1SD","20060601","","","","","","","","","","","1","","","","",""
"P0PJ","SHAH SS","","","ARLESEY PHARMACY","31 HIGH STREET","","ARLESEY","","SG15 6RA","20060601","","","","","","","","","","","1","","","","",""
"P0PL","GREET PHARMACY LTD","","","228 WARWICK ROAD","SPARKHILL","","BIRMINGHAM","","B11 2NB","20060601","","","","","","","","","","","1","","","","",""
"P0PM","WILKINSON PHARMACY","","","C/O DEANE PHARMACY","HORSFIELD STREET","","BOLTON","","BL3 4LU","20060530","","","","","","","","","","","1","","","","",""
"P0PP","SEBPHARM LTD","","","2 CARLTON LANE","LOFTHOUSE","","WAKEFIELD","","WF3 3LJ","20060614","","","","","","","","","","","1","","","","",""
"P0PT","SABIR LTD","","","FORUM PHARMACY","304 WALSGRAVE ROAD","","COVENTRY","","CV2 4BL","20060601","","","","","","","","","","","1","","","","",""
"P0PV","TARIQ MAHMOOD","","","HADEN VALE PHARMACY","50 BARRS ROAD","","CRADLEY HEATH","","B64 7HG","20060710","","","","","","","","","","","1","","","","",""
"P0PW","DALSTON PHARMACY LIMITED","","","2 VICARS COTTAGES","THE SQUARE","DALSTON","CARLISLE","","CA5 7LW","20060710","","","","","","","","","","","1","","","","",""
"P0PX","SPARKBROOK ENTERPRISES LTD","","","SPARKBROOK PHARMACY","159 STRATFORD ROAD","SPARKHILL","BIRMINGHAM","","B11 1RB","20060601","","","","","","","","","","","1","","","","",""
"P0PY","COPMANTHORPE PHARMACY LTD","","","UNIT 8","THE SHOPPING PRECINCT","MAIN STREET","YORK","","YO23 3GG","20060701","","","","","","","","","","","1","","","","",""
"P0Q0","AMANAH HEALTHCARE LIMITED","","","UNIT 1","116-120 WOODGRANGE ROAD","","LONDON","","E7 0EW","20120220","","","","","","","","","","","1","","","","",""
"P0Q1","DCT HEALTHCARE","","","87 MOSTON LANE EAST","","","MANCHESTER","","M40 3GP","20060701","20190212","","","","","","","","","","1","","","","",""
"P0Q2","LAVILLE LTD","","","6 CHURCH STREET","","","LONDON","","E15 3HX","20060531","","","","","","","","","","","1","","","","",""
"P0Q5","MISS MICHELLE WARNER","","","UNIVERSITY OF SUSSEX","HEALTH CENTRE BUILDING","REFECTORY ROAD, FALMER","BRIGHTON","","BN1 9RW","20060630","","","","","","","","","","","1","","","","",""
"P0Q6","PILL SOLUTIONS LTD","","","SUNSET PHARMACY","165 HIGH STREET","","STAINES","","TW18 4PA","20060702","","","","","","","","","","","1","","","","",""
"P0Q9","MR E MOHAMMED","","","29-31 RUSHBY STREET","","","SHEFFIELD","","S4 8GN","20060730","20240131","","","","","","","","","","1","","","","",""
"P0QC","BD HEALTHCARE LTD","","","21 LANGLEY HIGH STREET","","","OLDBURY","","B69 4SN","20060731","","","","","","","","","","","1","","","","",""
"P0QG","M & W (BRIGHTON) LTD","","","175 PRESTON ROAD","","","BRIGHTON","","BN1 6AG","20060720","20190312","","","","","","","","","","1","","","","",""
"P0QH","PANCROFT LTD","","","10 FAIRGREEN PARADE","LONDON ROAD","","MITCHAM","","CR4 3NA","20060730","","","","","","","","","","","1","","","","",""
"P0QJ","PHARMACARE LTD","","","112 STOKE ROAD","","","SLOUGH","","SL2 5AP","20060731","","","","","","","","","","","1","","","","",""
"P0QK","MR R BURNS","","","7 NORTH GUARDS","","","SUNDERLAND","","SR6 7EJ","20060731","20240516","","","","","","","","","","1","","","","",""
"P0QM","MARTYN DREW","","","3 WEST ROAD","","","WOOLACOMBE","","EX34 7BW","20060731","","","","","","","","","","","1","","","","",""
"P0QN","CELTICPHARM LTD","","","96 CHESSINGTON ROAD","","","EPSOM","","KT19 9UR","20060731","","","","","","","","","","","1","","","","",""
"P0QP","SHANTI MEDI-CARE LIMITED","","","SHANTI MEDICAL CENTRE","160 ST. HELENS ROAD","","BOLTON","","BL3 3PH","20060725","","","","","","","","","","","1","","","","",""
"P0QQ","BROOKPHARM LTD","","","BROOK PHARMACY","109 CHINBROOK ROAD","","LONDON","","SE12 9QL","20060731","","","","","","","","","","","1","","","","",""
"P0QR","WOOD END HEALTHCARE LTD","","","172 WATERLOO STREET","","","BURTON-ON-TRENT","","DE14 2NQ","20060807","20220629","","","","","","","","","","1","","","","",""
"P0QT","PASAD LTD","","","115 BLABY ROAD","","","WIGSTON","","LE18 4PB","20060723","20200831","","","","","","","","","","1","","","","",""
"P0QV","ST MATHIAS LTD","","","MANOR ROAD","FISHPONDS","","BRISTOL","","BS16 2JD","20060731","","","","","","","","","","","1","","","","",""
"P0QY","WOODEND HEALTHCARE LTD","","","112 WOLVERHAMPTON ROAD","","","STAFFORD","","ST17 4AH","20060806","","","","","","","","","","","1","","","","",""
"P0R0","MEDALDI LIMITED","","","38 STATION ROAD","","","BILLINGSHURST","","RH14 9SE","20120218","","","","","","","","","","","1","","","","",""
"P0R1","WARWICK RADCLIFFE HEALTHCARE LTD","","","2 THE WILLOWS","GARDNER STREET","HERSTMONCEUX","HAILSHAM","","BN27 4LE","20060731","","","","","","","","","","","1","","","","",""
"P0R2","AUDLEY MILLS LIMITED","","","57 EASTWOOD ROAD","","","RAYLEIGH","","SS6 7JF","20060813","","","","","","","","","","","1","","","","",""
"P0R3","MS REENA KANDA","","","19 RIPPLE ROAD","","","BARKING","","IG11 7NP","20060820","","","","","","","","","","","1","","","","",""
"P0R4","GLENHAZEL LIMITED","","","BARKERS CHEMISTS","245 GARRATT LANE","","LONDON","","SW18 4DU","20060730","20171122","","","","","","","","","","1","","","","",""
"P0R5","GAINMOOR LTD","","","HESWALL HILLS PHARMACY","119 BRIMSTAGE ROAD","HESWALL","WIRRAL","","CH60 1XF","20060731","20191008","","","","","","","","","","1","","","","",""
"P0R9","FURSEWOOD LTD","","","7 BRUS CORNER","","","HARTLEPOOL","","TS24 9LA","20060817","","","","","","","","","","","1","","","","",""
"P0RE","GRAND HEALTHCARE (UK) LTD","","","THE GRAND PHARMACY","11 GRAND HOTEL BUILDINGS","COMPTON STREET","EASTBOURNE","","BN21 4EJ","20060831","20170712","","","","","","","","","","1","","","","",""
"P0RF","MID SUFFOLK MEDICAL SUPPLIES LTD","","","5 BROAD STREET","","","EYE","","IP23 7AF","20060831","","","","","","","","","","","1","","","","",""
"P0RH","OPTIPHARM PHARMACEUTICALS LTD","","","29 BRIDGE ROAD","","","WEMBLEY","","HA9 9AB","20060831","20191022","","","","","","","","","","1","","","","",""
"P0RJ","ROBERT AND ROBERTS LTD","","","NEVILLE PHARMACY","6 NEVILLE PARADE","","NEWTON AYCLIFFE","","DL5 5DH","20060831","","","","","","","","","","","1","","","","",""
"P0RP","JHL CARE LIMITED","","","HESSLE PHARMACY","225 BOOTHFERRY ROAD","","HESSLE","","HU13 9BB","20060731","","","","","","","","","","","1","","","","",""
"P0RR","NEWDAYS PHARMACY LTD","","","60 WENSLEY ROAD","","","READING","","RG1 6DJ","20060831","","","","","","","","","","","1","","","","",""
"P0RT","MEDICINE CLINIC LTD","","","143 NEW ROAD","WEST PARLEY","","FERNDOWN","","BH22 8EB","20060904","","","","","","","","","","","1","","","","",""
"P0RX","MRS P C ONDHIA","","","WOODLAND AVENUE","WORLINGHAM","","BECCLES","","NR34 7EF","20060924","","","","","","","","","","","1","","","","",""
"P0T0","EAP (UK) LIMITED","","","UNIT 8","NEILLS ROAD","BOLD INDUSTRIAL PARK, BOLD","ST. HELENS","","WA9 4TU","20120227","20200313","","","","","","","","","","1","","","","",""
"P0T3","PAUL BARRY","","","9 BELSIZE TERRACE","","","LONDON","","NW3 4AX","20060930","","","","","","","","","","","1","","","","",""
"P0T4","DIAMOND HEALTHCARE (N.W.) LIMITED","","","317-319 DERBY STREET","","","BOLTON","","BL3 6LH","20060926","","","","","","","","","","","1","","","","",""
"P0T7","ANIKCHEM LTD","","","RICHARDS & CURTIS","9 SIDMOUTH PARADE","SIDMOUTH ROAD","LONDON","","NW2 5HG","20061001","","","","","","","","","","","1","","","","",""
"P0T8","ANAND SAI LTD","","","457 WANDSWORTH ROAD","","","LONDON","","SW8 4NX","20060930","","","","","","","","","","","1","","","","",""
"P0TA","RHEANON LTD","","","THE PRIMARY CARE CENTRE","HAWSTEAD ROAD","","LONDON","","SE6 4JH","20061008","","","","","","","","","","","1","","","","",""
"P0TC","MR ONKAR SINGH","","","TAYLORS CHEMIST","266 TAMWORTH ROAD","AMINGTON","TAMWORTH","","B77 3DQ","20060930","20181009","","","","","","","","","","1","","","","",""
"P0TD","AL-SHIFA TRADING LTD","","","2 PRIORY ROAD","","","HIGH WYCOMBE","","HP13 6SE","20060930","","","","","","","","","","","1","","","","",""
"P0TF","NORSWORTHY LTD","","","18 FORE STREET","TOPSHAM","","EXETER","","EX3 0HE","20061031","20240221","","","","","","","","","","1","","","","",""
"P0TG","APPLE & WAY LTD","","","683 ROMFORD ROAD","","","LONDON","","E12 5AD","20060905","","","","","","","","","","","1","","","","",""
"P0TK","KAMAL & ASSOCIATES","","","HIGHFIELD ROAD","HEMSWORTH","","PONTEFRACT","","WF9 4DP","20061029","20190312","","","","","","","","","","1","","","","",""
"P0TL","MR NEIL ANSELL & MRS ANNA ANSELL","","","BAMPTON PHARMACY","22 FORE STREET","BAMPTON","TIVERTON","","EX16 9ND","20061031","","","","","","","","","","","1","","","","",""
"P0TM","MR ANWAR PATHAK","","","MOSS SIDE HEALTH CENTRE","MONTON STREET","","MANCHESTER","","M14 4GP","20061025","","","","","","","","","","","1","","","","",""
"P0TN","MR M BARBOUR","","","LIFESTYLE PHARMACY","19A HIGH STREET","","CREDITON","","EX17 3AH","20061118","20190409","","","","","","","","","","1","","","","",""
"P0TP","PCP (TAMWORTH) LTD","","","PRIMARY CARE PHARMACY","30 HOSPITAL STREET","","TAMWORTH","","B79 7EB","20061116","20200922","","","","","","","","","","1","","","","",""
"P0TQ","HEALTHCARE LTD","","","ORMAY CHEMIST","224 BEXLEY ROAD","","ERITH","","DA8 3HD","20061101","20241128","","","","","","","","","","1","","","","",""
"P0TR","WOODSIDE (EA) LIMITED","","","WOODSIDE PHARMACY","THORPEWOOD MEDICAL CENTRE","140 WOODSIDE ROAD","NORWICH","","NR7 9QL","20061127","","","","","","","","","","","1","","","","",""
"P0TT","JAN-PHARMA LIMITED","","","CHURCHFIELDS PHARMACY","211 HIGH ROAD","","LONDON","","E18 2PB","20061101","","","","","","","","","","","1","","","","",""
"P0TW","ICENI DEVELOPMENT LTD","","","THE SURGERY","CHEQUERS LANE","PAPWORTH EVERARD","CAMBRIDGE","","CB23 3QQ","20061130","","","","","","","","","","","1","","","","",""
"P0TX","MR B PARKASH","","","64 LANGDALE ROAD","","","DUNSTABLE","","LU6 3BS","20061202","","","","","","","","","","","1","","","","",""
"P0U9W","PARC CANOL LTD","","","69 PARC-Y-BRYN","CREIGIAU","","CARDIFF","","CF15 9SE","20111003","","","","","","","","","","","1","","","","",""
"P0V0","MR D RAJDEV","","","7 PRIESTWOOD SQUARE","","","BRACKNELL","","RG42 1UD","20120301","","","","","","","","","","","1","","","","",""
"P0V1","ASSURA PHARMACY LTD","","","WEST BYFLEET HEALTH CENTRE","MADEIRA ROAD","","WEST BYFLEET","","KT14 6DH","20061130","20190409","","","","","","","","","","1","","","","",""
"P0V2","PENYFFORDD PHARMACY","","","238 WHETLEY LANE","","","BRADFORD","","BD8 9DJ","20061203","20190326","","","","","","","","","","1","","","","",""
"P0V3","BUTT & HOBBS LTD","","","TAYLOR HOUSE","55-57 BRADFORD ROAD","","DEWSBURY","","WF13 2EG","20061130","","","","","","","","","","","1","","","","",""
"P0V6","DALHART PHARMACY LTD","","","R W WILSON PHARMACY","50 FRONT STREET","WINLATON","BLAYDON-ON-TYNE","","NE21 6AD","20061130","","","","","","","","","","","1","","","","",""
"P0V8","FASIAL SHEIKH","","","48 GAISBY LANE","","","SHIPLEY","","BD18 1AX","20061217","","","","","","","","","","","1","","","","",""
"P0VC","SS BANSAL & D LONG","","","1 WHINCHAT ROAD","","","LONDON","","SE28 0DZ","20061219","","","","","","","","","","","1","","","","",""
"P0VD","MR S SARWAR","","","1096 STRATFORD ROAD","HALL GREEN","","BIRMINGHAM","","B28 8AD","20061219","","","","","","","","","","","1","","","","",""
"P0VE","MR DANIEL GILBERT","","","VICTORIA PHARMACY","58 HORSEFERRY ROAD","","LONDON","","SW1P 2AF","20061219","","","","","","","","","","","1","","","","",""
"P0VF","C A NWAOSHAI","","","HERBERT PHARMACY","60 HERBERT ROAD","","LONDON","","SE18 3SH","20061219","20251031","","","","","","","","","","1","","","","",""
"P0VG","SHIFA HEALTHCARE LTD","","","1 WHALLEY RANGE","","","BLACKBURN","","BB1 6DX","20061221","","","","","","","","","","","1","","","","",""
"P0VJ","TWYFORD PHARMACEUTICAL SERVICES LTD","","","DOCTORS SURGERY","HAZELEY ROAD","TWYFORD","WINCHESTER","","SO21 1QY","20061208","","","","","","","","","","","1","","","","",""
"P0VL","MR AMIT ASHOKKUMAR SHAH","","","A R CHEMIST","176-178 OLD KENT ROAD","","LONDON","","SE1 5TY","20061231","","","","","","","","","","","1","","","","",""
"P0VM","REGAL 100 LTD","","","525 ANLABY ROAD","","","HULL","","HU3 6EN","20070101","","","","","","","","","","","1","","","","",""
"P0VP","BESPOKE PHARMACY LTD","","","MARISCO MEDICAL CENTRE","STANLEY AVENUE","","MABLETHORPE","","LN12 1DP","20070107","20220323","","","","","","","","","","1","","","","",""
"P0VQ","IAN STRACHAN","","","445 HALE ROAD","","","WIDNES","","WA8 8UU","20070107","","","","","","","","","","","1","","","","",""
"P0VR","FORWARD PHARMACY LIMITED","","","648 MILE END ROAD","","","LONDON","","E3 4LH","20061130","","","","","","","","","","","1","","","","",""
"P0VV","SAWSTON PARTNERSHIP LTD","","","SAWSTON MEDICAL CENTRE","24 LONDON ROAD","SAWSTON","CAMBRIDGE","","CB22 3HU","20070114","","","","","","","","","","","1","","","","",""
"P0VY","HOWARD SHINEBAUM MARTIN SHINEBAUM","","","33B MAIN STREET","SHENSTONE","","LICHFIELD","","WS14 0LZ","20070121","20190409","","","","","","","","","","1","","","","",""
"P0W2","ADNAN ALI","","","36 HEATH CRESCENT","","","COVENTRY","","CV2 4PR","20070114","20250513","","","","","","","","","","1","","","","",""
"P0W3","S.A. PHARMACY LIMITED","","","13 MARKET PLACE","PATRINGTON","","HULL","","HU12 0RA","20061231","20201108","","","","","","","","","","1","","","","",""
"P0W4","ADVANCE PHARMACIES LTD","","","DRUMMOND COMMUNITY CENTRE","DRUMMOND ROAD","HEDGE END","SOUTHAMPTON","","SO30 2AD","20070128","","","","","","","","","","","1","","","","",""
"P0W5","ARIDOR LIMITED","","","J R RICHARDS PHARMACY","11 REDBRIDGE LANE EAST","","ILFORD","","IG4 5ET","20070131","","","","","","","","","","","1","","","","",""
"P0W6","CHALGROVE PHARMACY LTD","","","CHALGROVE PHARMACY","60 HIGH STREET","CHALGROVE","OXFORD","","OX44 7SS","20070131","","","","","","","","","","","1","","","","",""
"P0W8","LIPTROTS CALVERLEY LTD","","","100 THORNHILL STREET","CALVERLEY","","PUDSEY","","LS28 5PD","20070131","20190312","","","","","","","","","","1","","","","",""
"P0W8D","FIROZ HEALTHCARE LIMITED","","","175 WEOLEY CASTLE ROAD","SELLY OAK","","BIRMINGHAM","","B29 5QH","20230607","","","","","","","","","","","1","","","","",""
"P0W9","MR M SHAH TSU (EUROPE) LTD","","","WALKERS CHEMIST","410 GREEN LANES","","LONDON","","N13 5XG","20070202","","","","","","","","","","","1","","","","",""
"P0W9T","GLENTWORTH HEALTHCARE LTD","","","ABERGELE ROAD","BODELWYDDAN","","RHYL","","LL18 5SS","20120901","","","","","","","","","","","1","","","","",""
"P0WA","CASTLE POINT (UK) LTD","","","482 CASTLE LANE WEST","","","BOURNEMOUTH","","BH8 9UD","20070214","","","","","","","","","","","1","","","","",""
"P0WC","TWILIGHT UK LTD","","","134 ANDERTON ROAD","","","BIRMINGHAM","","B11 1ND","20070205","","","","","","","","","","","1","","","","",""
"P0WE","ALISON J HAYES","","","PINES PHARMACY","39 PINES ROAD","","EXMOUTH","","EX8 5NH","20070227","20220912","","","","","","","","","","1","","","","",""
"P0WF","MR W AHMAD","","","32 MOLYNEUX DRIVE","","","PRESCOT","","L35 5DY","20070225","","","","","","","","","","","1","","","","",""
"P0WH","IJZ VIRDEE LTD","","","LESLIE BONHAM CHEMISTS","88-89 KING WILLIAM STREET","","COVENTRY","","CV1 5JF","20070305","","","","","","","","","","","1","","","","",""
"P0WK","OAKWOOD PHARMACY","","","643 ROUNDHAY ROAD","","","LEEDS","","LS8 4BA","20070303","20240930","","","","","","","","","","1","","","","",""
"P0WL","HEALTH PHARM (LEICESTER) LTD","","","HOWITTS CHEMIST","435 SAFFRON LANE","","LEICESTER","","LE2 6UG","20070301","","","","","","","","","","","1","","","","",""
"P0WM","JASRUP LTD","","","PHARMACY","463 FINCHLEY ROAD","","LONDON","","NW3 6HN","20070301","20250905","","","","","","","","","","1","","","","",""
"P0WP","CLICK TRADING LTD","","","3 OSBOURNE COURT","THELWALL NEW ROAD","GRAPPENHALL","WARRINGTON","","WA4 2LS","20070305","","","","","","","","","","","1","","","","",""
"P0WV","MR A PATEL & MRS M PATEL","","","9 LIMEHURST SQUARE","","","NORTHAMPTON","","NN5 6LP","20070131","20250110","","","","","","","","","","1","","","","",""
"P0WW","KIRKLEY PHARMACY LTD","","","216 LONDON ROAD SOUTH","","","LOWESTOFT","","NR33 0BB","20070306","","","","","","","","","","","1","","","","",""
"P0WX","PREMIER PHARMACY LTD","","","111 BUXTON ROAD","","","WALSALL","","WS3 3RT","20070218","20190409","","","","","","","","","","1","","","","",""
"P0X1","OLIVE TREE HEALTHCARE LTD","","","463 STRATFORD ROAD","SPARKHILL","","BIRMINGHAM","","B11 4LD","20070304","","","","","","","","","","","1","","","","",""
"P0X2V","MUNGO PARK PHARMA LTD","","","109 MUNGO PARK ROAD","","","RAINHAM","","RM13 7PP","20260722","","","","","","","","","","","1","","","","",""
"P0X3","RADCLIFFE PHARMACY LIMITED","","","62 CROSS LANE","RADCLIFFE","","MANCHESTER","","M26 2RF","20070325","","","","","","","","","","","1","","","","",""
"P0X4","BLP CHEMISTS LTD","","","190 ABINGDON ROAD","","","OXFORD","","OX1 4RA","20070314","20221005","","","","","","","","","","1","","","","",""
"P0X5","MANIMOSS LTD","","","91 HIGH STREET","HORSELL","","WOKING","","GU21 4SY","20070318","20190409","","","","","","","","","","1","","","","",""
"P0X6","FAMAFORCE LTD","","","42-44 GLASSHOUSE STREET","","","NOTTINGHAM","","NG1 3LW","20070325","20190129","","","","","","","","","","1","","","","",""
"P0X9","SURE HEALTH LTD","","","7-9 KINNERLEY STREET","","","WALSALL","","WS1 2LD","20070401","","","","","","","","","","","1","","","","",""
"P0XC","PRIYASHA LTD","","","28 LARK LANE","","","LIVERPOOL","","L17 8US","20070331","20221031","","","","","","","","","","1","","","","",""
"P0XD","PHARMACY EXPRESS LTD","","","10 MAIN STREET","GARFORTH","","LEEDS","","LS25 1EZ","20070318","20190326","","","","","","","","","","1","","","","",""
"P0XE","DK WOOD LTD","","","UNICORN HOUSE","THE VILLAGE","PRESTBURY","MACCLESFIELD","","SK10 4DG","20070228","","","","","","","","","","","1","","","","",""
"P0XF","BOLDASSET LTD","","","83 HIGH STREET","LINDFIELD","","HAYWARDS HEATH","","RH16 2HN","20070331","20190409","","","","","","","","","","1","","","","",""
"P0XG","MR PRASHANT PATEL","","","150 SOUTHAMPTON ROW","","","LONDON","","WC1B 5AL","20070330","20220302","","","","","","","","","","1","","","","",""
"P0XH","LEAL HEALTHCARE LTD","","","OLD BRIDGE HOUSE","HIGH STREET","","STOCKBRIDGE","","SO20 6EX","20070401","","","","","","","","","","","1","","","","",""
"P0XJ","HUDDERSFIELD HEALTH FOCUS LTD","","","2 GREENHEAD ROAD","","","HUDDERSFIELD","","HD1 4EN","20070409","","","","","","","","","","","1","","","","",""
"P0XK","CARING NATIONWIDE LIMITED","","","16-20 ST. AUGUSTINES GATE","HEDON","","HULL","","HU12 8EX","20070401","20260801","","","","","","","","","","1","","","","",""
"P0XL","LARCHFIELD DAWA LTD","","","24 ROSS ROAD","","","MAIDENHEAD","","SL6 2SZ","20070406","","","","","","","","","","","1","","","","",""
"P0XN","MR J A SCHOFIELD","","","FLAGG COURT HEALTH CENTRE","","","SOUTH SHIELDS","","NE33 2LS","20070311","20230103","","","","","","","","","","1","","","","",""
"P0XQ","MR M ASIF","","","29 ALUM ROCK ROAD","","","BIRMINGHAM","","B8 1LR","20070415","","","","","","","","","","","1","","","","",""
"P0XR","C & T ASSOCIATES","","","77 GREAT STONE ROAD","STRETFORD","","MANCHESTER","","M32 8GR","20070405","","","","","","","","","","","1","","","","",""
"P0XW","ADUR MEDICAL LTD","","","7-11 EAST STREET","","","SHOREHAM-BY-SEA","","BN43 5ZE","20070430","","","","","","","","","","","1","","","","",""
"P0XX","IXWORTH MEDICAL SERVICES LTD","","","IXWORTH SURGERY","THETFORD ROAD","IXWORTH","BURY ST. EDMUNDS","","IP31 2HD","20070429","","","","","","","","","","","1","","","","",""
"P0Y0","MR JANAK KHILOSIA","","","2 CHAPEL STREET","","","STALYBRIDGE","","SK15 2AW","20120301","20250331","","","","","","","","","","1","","","","",""
"P0Y1","ROSEPHARM LTD","","","CHURCH HILL","MARNHULL","","STURMINSTER NEWTON","","DT10 1PU","20070430","","","","","","","","","","","1","","","","",""
"P0Y2","MR HETAL GANDHI GB HEALTHCARE LTD","","","73 GOLBORNE ROAD","","","LONDON","","W10 5NP","20070503","","","","","","","","","","","1","","","","",""
"P0Y4","MR G RAY","","","14 GREGOR SHANKS WAY","WATTON","","THETFORD","","IP25 6FA","20070430","20251128","","","","","","","","","","1","","","","",""
"P0Y7","AVERROES PHARMACY LTD","","","12 PARKSIDE ROAD","","","BRADFORD","","BD5 8DN","20070420","20180808","","","","","","","","","","1","","","","",""
"P0Y7E","TD MEDICARE LTD","","","213 ASHBY HIGH STREET","","","SCUNTHORPE","","DN16 2JP","20221026","","","","","","","","","","","1","","","","",""
"P0Y9","KAPOOR PHARMACY SERVICE","","","521A WILBRAHAM ROAD","","","MANCHESTER","","M21 0UF","20070529","","","","","","","","","","","1","","","","",""
"P0YA","SKF LO (CHEMIST) LTD","","","HOLBECK PHARMACY","5A SHAFTON LANE","","LEEDS","","LS11 9LY","20070531","20250206","","","","","","","","","","1","","","","",""
"P0YC","SONI & VIRDEE LTD","","","THE GAINSBOROUGH PHARMACY LTD","13 REYNOLDS ROAD","","IPSWICH","","IP3 0JL","20070603","20201006","","","","","","","","","","1","","","","",""
"P0YD","M & B HEALTHCARE","","","ADEL PHARMACY","141 LONG CAUSEWAY","","LEEDS","","LS16 8EX","20070531","","","","","","","","","","","1","","","","",""
"P0YE","DAVENTRY PHARMA LTD","","","5 ST. JOHNS SQUARE","","","DAVENTRY","","NN11 4FG","20070603","","","","","","","","","","","1","","","","",""
"P0YH","STR TRAINING LTD","","","CHESHAM PRECINCT","182 WALMERSLEY ROAD","","BURY","","BL9 6LL","20070603","","","","","","","","","","","1","","","","",""
"P0YJ","MR MUBARAK ASMAL","","","49 BREWERY LANE","","","DEWSBURY","","WF12 9DU","20070610","","","","","","","","","","","1","","","","",""
"P0YK","NEW PARK PHARMACY LTD","","","85 NEW PARK ROAD","","","LONDON","","SW2 4ES","20070531","","","","","","","","","","","1","","","","",""
"P0YN","S&D HEALTHPHARM LTD","","","7 KEMSING WALK","","","SALFORD","","M5 4BS","20070531","20250830","","","","","","","","","","1","","","","",""
"P0YQ","COOPERS CHEMIST MARSKE LTD","","","10 PARK AVENUE","","","REDCAR","","TS10 3JZ","20070615","","","","","","","","","","","1","","","","",""
"P0YR","PAMC LIMITED","","","49-61 HIGH STREET","","","CROYDON","","CR0 1QD","20070625","","","","","","","","","","","1","","","","",""
"P0YT","ALPINECARE LIMITED","","","16 SWANSCOMBE ROAD","","","LONDON","","W11 4SX","20070630","","","","","","","","","","","1","","","","",""
"P0YW","M&K PHARMA LTD","","","633 STONEY STANTON ROAD","","","COVENTRY","","CV6 5GA","20070630","20190831","","","","","","","","","","1","","","","",""
"P0YX","SP PHARM LIMITED","","","165 HIGH STREET","","","STAINES","","TW18 4PA","20070709","","","","","","","","","","","1","","","","",""
"P103","CHEMPHARM LTD","","","VICARAGE PHARMACY","75 VICARAGE ROAD","","WEST BROMWICH","","B71 1AW","20040401","","","","","","","","","","","1","","","","",""
"P104","ALAN STOCKLEY & CO LTD","","","37 LYNN ROAD","SNETTISHAM","","KING'S LYNN","","PE31 7LR","20040401","","","","","","","","","","","1","","","","",""
"P106","ABINGTON PHARMACY","","","51F BEECH AVENUE","","","NORTHAMPTON","","NN3 2JG","20040401","20201006","","","","","","","","","","1","","","","",""
"P108","BSB PHARMACY LTD","","","158 OLD OSCOTT LANE","GREAT BARR","","BIRMINGHAM","","B44 8TS","20040401","","","","","","","","","","","1","","","","",""
"P109","NORMOSS PHARMACY LTD","","","112 NORMOSS ROAD","","","BLACKPOOL","","FY3 8QP","20040401","","","","","","","","","","","1","","","","",""
"P10D","NATIONAL SOCIETY FOR EPILEPSY","","","PHARMACY DEPT","CHALFONT CENTRE","CHALFONT ST. PETER","GERRARDS CROSS","","SL9 0RJ","20040401","20201101","","","","","","","","","","1","","","","",""
"P10F","ASDA STORES LTD","","","ASDA HOUSE","GREAT WILSON STREET","","LEEDS","","LS11 5AD","20040401","","","","","","","","","","","1","","","","",""
"P10J","S. T. SHAW LTD","","","59 LIDGET STREET","","","HUDDERSFIELD","","HD3 3JP","20040401","20190312","","","","","","","","","","1","","","","",""
"P10L","BRITANNIA PHARMACY","","","414-416 GREEN LANE","","","ILFORD","","IG3 9JX","20040401","20190305","","","","","","","","","","1","","","","",""
"P10M","BADIANI & CO LTD","","","54 ISTEAD RISE","","","GRAVESEND","","DA13 9JF","20040401","","","","","","","","","","","1","","","","",""
"P10N","KINGSWAY PHARMACY","","","288 BARKING ROAD","EAST HAM","","LONDON","","E6 3BA","20040401","","","","","","","","","","","1","","","","",""
"P10P","MORREL'S PHARMACY LTD","","","220 KNUTTON LANE","","","NEWCASTLE","","ST5 6HF","20040401","","","","","","","","","","","1","","","","",""
"P10Q","J.K. PHARMACEUTICALS LTD","","","JAYPLEX CHEMIST","MANSFIELD ROAD","","NOTTINGHAM","","NG5 3FN","20040401","","","","","","","","","","","1","","","","",""
"P10R","LONGBOON & WISE LTD","","","RUSHOLME HEALTH CENTRE","WALMER STREET","RUSHOLME","MANCHESTER","","M14 5NP","20040401","","","","","","","","","","","1","","","","",""
"P10T","PATTANI P","","","19-21 MAIN STREET","EVINGTON","","LEICESTER","","LE5 6DN","20040401","","","","","","","","","","","1","","","","",""
"P10V","GRANDBYDALE LTD","","","HADDENS PHARMACY","65-67 STANLEY ROAD","","BOOTLE","","L20 7BZ","20040401","20250531","","","","","","","","","","1","","","","",""
"P10Y","TJL DALTON","","","12 CHESWICK WAY","SHIRLEY","","SOLIHULL","","B90 4JA","20040401","","","","","","","","","","","1","","","","",""
"P110","SIDDAL PHARMACY","","","115 OXFORD LANE","SIDDAL","","HALIFAX","","HX3 9DG","20040401","20170820","","","","","","","","","","1","","","","",""
"P111","BRODWELL LTD","","","WALFORD MILL PHARMACY","KNOBCROOK ROAD","","WIMBORNE","","BH21 1NL","20040401","","","","","","","","","","","1","","","","",""
"P114","BENJAMIN CORY LTD","","","BENJAMIN CHEMIST","190 STOKE NEWINGTON HIGH ST","","LONDON","","N16 7JD","20040401","","","","","","","","","","","1","","","","",""
"P115","APHARM LTD","","","MOORS PHARMACY","175 STATION ROAD","WEST MOORS","FERNDOWN","","BH22 0HX","20040401","","","","","","","","","","","1","","","","",""
"P117","RASONS PHARMACY","","","323 HARROW ROAD","","","WEMBLEY","","HA9 6BA","20040401","20180808","","","","","","","","","","1","","","","",""
"P118","CARBOEBOURNE LTD","","","PESTLE & MORTAR","213 KENSINGTON HIGH STREET","","LONDON","","W8 6BD","20040401","","","","","","","","","","","1","","","","",""
"P11A","GLEADLESS VALLEY PHARMACY LIMITED","","","153 BLACKSTOCK ROAD","","","SHEFFIELD","","S14 1FX","20040401","20190312","","","","","","","","","","1","","","","",""
"P11C","PADDOCK HEAD PHARMACY","","","203 LUCK LANE","PADDOCK","","HUDDERSFIELD","","HD1 4RB","20040401","","","","","","","","","","","1","","","","",""
"P11D","P & S CHEMIST","","","111 ILFORD LANE","","","ILFORD","","IG1 2RJ","20040401","","","","","","","","","","","1","","","","",""
"P11F","WAREMOSS LTD","","","WESTMINSTER HOUSE","BOLTON CLOSE","BELLBROOK INDUSTRIAL ESTATE","UCKFIELD","","TN22 1PH","20040401","","","","","","","","","","","1","","","","",""
"P11J","POLYPHARM LTD","","","MANSONS CHEMIST","195 WANDSWORTH HIGH STREET","","LONDON","","SW18 4JE","20040401","","","","","","","","","","","1","","","","",""
"P11M","HOWELLS & HARRISON (SOUTHEND) LTD","","","129 THE BROADWAY","","","SOUTHEND-ON-SEA","","SS1 3EX","20040401","","","","","","","","","","","1","","","","",""
"P11P","ARNOLDS PHARMACY","","","21 NELSON ROAD","WESTWARD HO","","BIDEFORD","","EX39 1LF","20040401","","","","","","","","","","","1","","","","",""
"P11R","GEE PHARM CHEMIST","","","1-3 BLACKHEATH HILL","GREENWICH SOUTH ST","GREENWICH","LONDON","","SE10 8PB","20040401","","","","","","","","","","","1","","","","",""
"P11V","ANGIES CHEMISTS","","","3 HIGH STREET","","","PINNER","","HA5 5PJ","20040401","20220504","","","","","","","","","","1","","","","",""
"P11Y","DANBECK LTD","","","ST. JOHNS WOOD PHARMACY","142 ST. JOHNS WOOD HIGH STREET","","LONDON","","NW8 7SE","20040401","","","","","","","","","","","1","","","","",""
"P120","LEES PHARMACY LTD","","","LEES PHARMACY","98-100 HOOLE ROAD","","WIRRAL","","CH49 8EG","20040401","","","","","","","","","","","1","","","","",""
"P122","FLOOKBURGH PHARMACY","","","1 MARKET STREET","FLOOKBURGH","","GRANGE-OVER-SANDS","","LA11 7JU","20040401","","","","","","","","","","","1","","","","",""
"P124","ETP (UK) LTD","","","HEALTHFARE CHEMIST","9 COLMAN PARADE","SOUTHBURY ROAD","ENFIELD","","EN1 1YY","20040401","","","","","","","","","","","1","","","","",""
"P125","EASTPHARM LTD","","","GRANSHAWS CHEMIST","137 CANN HALL ROAD","LEYTONSTONE","LONDON","","E11 3NJ","20040401","","","","","","","","","","","1","","","","",""
"P12A","THOMAS BELL (CHEMIST) LTD","","","LAKE ROAD","","","AMBLESIDE","","LA22 0AD","20040401","","","","","","","","","","","1","","","","",""
"P12C","NUCARE PHARMACY","","","3 HAMILTON LEA","BROWNHILLS ROAD","NORTON CANES","CANNOCK","","WS11 9SY","20040401","","","","","","","","","","","1","","","","",""
"P12E","OTFORD PHARMACY","","","4 HIGH STREET","OTFORD","","SEVENOAKS","","TN14 5PQ","20040401","","","","","","","","","","","1","","","","",""
"P12F","ALFA CHEMISTS LTD","","","UNIT A1 BRIDGE PARK PLAZA","BRIDGE PARK ROAD","THURMASTON","LEICESTER","","LE4 8BL","20040401","","","","","","","","","","","1","","","","",""
"P12H","PRAMUKH PHARMACY","","","486A CALEDONIAN ROAD","","","LONDON","","N7 9RP","20040401","20200115","","","","","","","","","","1","","","","",""
"P12K","OZA CHEMIST","","","9 FULHAM BROADWAY","","","LONDON","","SW6 1AA","20040401","","","","","","","","","","","1","","","","",""
"P12N","WOODS PHARMACY","","","2 BELLGATE","HIGHFIELD","","HEMEL HEMPSTEAD","","HP2 5SB","20040401","20221130","","","","","","","","","","1","","","","",""
"P12R","BIOTECH PHARMACY","","","96 CAMDEN ROAD","","","LONDON","","NW1 9EA","20040401","20260723","","","","","","","","","","1","","","","",""
"P12V","ALSHIFA LTD","","","MERTON CHEMIST","223 STANLEY ROAD","","BOOTLE","","L20 3DY","20040401","","","","","","","","","","","1","","","","",""
"P12W","BIOPHARMA LTD","","","GOLDS CHEMIST","24 SEVEN WAYS PARADE","WOODFORD AVENUE","ILFORD","","IG2 6JX","20040401","20220427","","","","","","","","","","1","","","","",""
"P131","COLECROSS LTD","","","COLECROSS CHEMIST","1 HYLANDS PARADE","WOOD STREET","CHELMSFORD","","CM2 8BW","20040401","","","","","","","","","","","1","","","","",""
"P132","VICTORIA PHARMACY","","","2 PENGELLY WAY","THREEMILESTONE","","TRURO","","TR3 6DP","20040401","20180530","","","","","","","","","","1","","","","",""
"P133","DEVKIPHARM LTD","","","PORTER CHEMISTS","2B HALES DRIVE","","CANTERBURY","","CT2 7AB","20040401","","","","","","","","","","","1","","","","",""
"P134","LABGUARD LTD","","","PETTER PHARMACY","47 THE BROADWAY","CROUCH END","LONDON","","N8 8DT","20040401","20200317","","","","","","","","","","1","","","","",""
"P135","ELGON CHEMISTS LTD","","","6 - 8 NAZEINGBURY PARADE","NAZEING","","WALTHAM ABBEY","","EN9 2JL","20040401","","","","","","","","","","","1","","","","",""
"P139","EDEN PHARMACY LTD","","","EDEN PHARMACY","79-85 GOODMAYES ROAD","GOODMAYES","ILFORD","","IG3 9UB","20040401","","","","","","","","","","","1","","","","",""
"P13A","COOPERS CHEMIST","","","364 BOWES ROAD","","","LONDON","","N11 1AH","20040401","","","","","","","","","","","1","","","","",""
"P13D","BARNES PHARMACY","","","5 HIGH STREET","BARNES","","LONDON","","SW13 9LB","20040401","20210203","","","","","","","","","","1","","","","",""
"P13F","CARE PHARMACY LTD","","","68A-70A SUGAR LANE","KNOWSLEY","","PRESCOT","","L34 0ER","20040401","","","","","","","","","","","1","","","","",""
"P13G","THE JOHN PREDDY COMPANY LTD","","","12/14 BROAD STREET","","","SEAFORD","","BN25 1ND","20040401","","","","","","","","","","","1","","","","",""
"P13J","C & P JAY LIMITED","","","LAVENHAM PHARMACY","98-99 HIGH STREET","LAVENHAM","SUDBURY","","CO10 9PZ","20040401","20250614","","","","","","","","","","1","","","","",""
"P13N","BROOKVALE PHARMACY LTD","","","15 MEADVALE ROAD","","","LEICESTER","","LE2 3WN","20040401","","","","","","","","","","","1","","","","",""
"P13P","HAYWARDS PHARMACY","","","353 ARCHWAY ROAD","","","LONDON","","N6 4EJ","20040401","","","","","","","","","","","1","","","","",""
"P13Q","KALMAK CHEMISTS LTD","","","1 MILROY WALK","KINGS REACH","STAMFORD ST","LONDON","","SE1 9LW","20040401","20190409","","","","","","","","","","1","","","","",""
"P13T","VILLAGE PHARMACY","","","5 HASTINGS COURT","COLLINGHAM","","WETHERBY","","LS22 5AW","20040401","","","","","","","","","","","1","","","","",""
"P13V","RIDGWAY PHARMACY","","","65 RIDGWAY","","","LONDON","","SW19 4SS","20040401","","","","","","","","","","","1","","","","",""
"P13X","DALE PHARMACY","","","224 BEBINGTON ROAD","ROCK FERRY","","BIRKENHEAD","","CH42 4QF","20040401","20190305","","","","","","","","","","1","","","","",""
"P13Y","DANFO LTD","","","35-37 OLD BROMPTON ROAD","","","LONDON","","SW7 3HZ","20040401","","","","","","","","","","","1","","","","",""
"P141","BRIDGE PHARMACY LTD","","","BRIDGE PHARMACY","128 HULME HALL ROAD","CHEADLE HULME","CHEADLE","","SK8 6LQ","20040401","20190312","","","","","","","","","","1","","","","",""
"P142","DAVINA PHARMACY LTD","","","LEE'S CHEMIST","200-202 ELLIOTT STREET","TYLDESLEY","MANCHESTER","","M29 8DS","20040401","","","","","","","","","","","1","","","","",""
"P144","WEST CHEMIST","","","4 KINGSLEY PARK TERRACE","","","NORTHAMPTON","","NN2 7HG","20040401","20171130","","","","","","","","","","1","","","","",""
"P145","MAI'S PHARMACY","","","M W FAN PHARMACY","348 BUXTON ROAD","GREAT MOOR","STOCKPORT","","SK2 7BY","20040401","","","","","","","","","","","1","","","","",""
"P147","DAVID HAYES","","","PLEASLEY PHARMACY","6 POPLAR DRIVE","PLEASLEY","MANSFIELD","","NG19 7TA","20040401","","","","","","","","","","","1","","","","",""
"P148","KC PHARMACY","","","23 BROAD STREET","","","TEDDINGTON","","TW11 8QZ","20040401","","","","","","","","","","","1","","","","",""
"P149","BOARSHAW PHARMACY LTD","","","104 HEREFORD WAY","MIDDLETON","","MANCHESTER","","M24 2NL","20040401","","","","","","","","","","","1","","","","",""
"P14C","ST PAUL'S (HCC) LTD","","","49 HIGH STREET","","","RUNCORN","","WA7 1AH","20040401","20190212","","","","","","","","","","1","","","","",""
"P14H","PHARMA-Z LTD","","","NATURAL HEALTH PHARMACY","3 KINGSWAY","HEMSBY","GREAT YARMOUTH","","NR29 4JT","20040401","20220504","","","","","","","","","","1","","","","",""
"P14K","KSC 1T LTD","","","52 SOUTH ROAD","","","SOUTHALL","","UB1 1RQ","20040401","","","","","","","","","","","1","","","","",""
"P14L","MAGRATH PHARMACY","","","68 CALEDONIAN","","","TAMWORTH","","B77 2ED","20040401","","","","","","","","","","","1","","","","",""
"P14M","MERITPLAN LTD","","","ST STEPHENS CHEMIST","35 ST. STEPHENS ROAD","","LEICESTER","","LE2 1GH","20040401","","","","","","","","","","","1","","","","",""
"P14N","ALBERT WILDE LTD","","","2 GRANGE ROAD","","","FLEETWOOD","","FY7 8BH","20040401","","","","","","","","","","","1","","","","",""
"P14R","LYNGOLD LTD","","","50-52 BEN JONSON ROAD","","","LONDON","","E1 3NN","20040401","","","","","","","","","","","1","","","","",""
"P14T","BUSH PHARMACY","","","334 UXBRIDGE ROAD","","","LONDON","","W12 7LL","20040401","","","","","","","","","","","1","","","","",""
"P14V","PARWAY PHARMACY","","","160 NORTH END ROAD","","","LONDON","","W14 9PR","20040401","20190409","","","","","","","","","","1","","","","",""
"P14X","ALTWOOD PHARMACY LTD","","","47 WOOTTON WAY","","","MAIDENHEAD","","SL6 4QZ","20040401","","","","","","","","","","","1","","","","",""
"P14Y","DANOLI LTD","","","WEST HEATH PHARMACY","3 WEST HEATH SHOPPING CENTRE","HOLMES CHAPEL ROAD","CONGLETON","","CW12 4NB","20040401","","","","","","","","","","","1","","","","",""
"P150","PILLBOX LIMITED","","","PILLBOX CHEMIST","154 MEADGATE AVENUE","GREAT BADDOW","CHELMSFORD","","CM2 7LJ","20040401","","","","","","","","","","","1","","","","",""
"P152","GATLEY PHARMACY","","","214 LIVERPOOL ROAD","ECCLES","","MANCHESTER","","M30 0PF","20040401","","","","","","","","","","","1","","","","",""
"P155","BECCLES HCC LTD","","","THE PHARMACY","BECCLES MEDICAL CENTRE","ST. MARYS ROAD","BECCLES","","NR34 9NQ","20040401","","","","","","","","","","","1","","","","",""
"P157","JOHN LOW LIMITED","","","25A HOPE STREET","","","CROOK","","DL15 9HS","20040401","","","","","","","","","","","1","","","","",""
"P158","GALLEYWOOD PHARMACY LTD","","","39 WATCHOUSE ROAD","GALLEYWOOD","","CHELMSFORD","","CM2 8PU","20040401","","","","","","","","","","","1","","","","",""
"P159","BENSON CHEMISTS LTD","","","146 GREAT PORTLAND STREET","","","LONDON","","W1W 6QB","20040401","","","","","","","","","","","1","","","","",""
"P15A","SVR CHEMIST LTD","","","145-147 EAST BARNET ROAD","","","BARNET","","EN4 8QZ","20040401","","","","","","","","","","","1","","","","",""
"P15C","PATSONS CHEMIST","","","67 STONELEIGH BROADWAY","","","EPSOM","","KT17 2HP","20040401","20240516","","","","","","","","","","1","","","","",""
"P15D","J & J WHITTAKER LTD","","","J & J WHITTAKER CHEMISTS","32 WANSBECK ROAD SOUTH","","NEWCASTLE UPON TYNE","","NE3 3HQ","20040401","","","","","","","","","","","1","","","","",""
"P15G","B&D DUDLEY (CHEMISTS) LTD","","","TREETOPS PHARMACY","BRIDLE ROAD","BROMBOROUGH","WIRRAL","","CH62 6AP","20040401","","","","","","","","","","","1","","","","",""
"P15J","PCT HEALTHCARE LTD","","","UNIT 6","HORIZON","BUTTERMILK LANE","CHESTERFIELD","","S44 6AE","20040401","","","","","","","","","","","1","","","","",""
"P15L","ADAM MYERS LTD","","","BEECHFIELD","BELBROUGHTON ROAD","CLENT","STOURBRIDGE","","DY9 0EW","20040401","20250331","","","","","","","","","","1","","","","",""
"P15M","ASHLEX LTD","","","185 LADY MARGARET ROAD","","","SOUTHALL","","UB1 2PT","20040401","","","","","","","","","","","1","","","","",""
"P15P","E.A BROADBURN CHEMIST LTD","","","14-16 ST. PETERS AVENUE","","","CLEETHORPES","","DN35 8HL","20040401","20180110","","","","","","","","","","1","","","","",""
"P15Q","HEALTHCHEM BATTERSEA LTD","","","166-168 BATTERSEA BRIDGE ROAD","BATTERSEA","","LONDON","","SW11 3AW","20040401","","","","","","","","","","","1","","","","",""
"P15V","SWAN PHARMACY","","","119 SOUTH END","","","CROYDON","","CR0 1BJ","20040401","20230630","","","","","","","","","","1","","","","",""
"P15X","GS AMAR LTD","","","ALLESLEY CHEMISTS","134 BIRMINGHAM ROAD","ALLESLEY","COVENTRY","","CV5 9HA","20040401","","","","","","","","","","","1","","","","",""
"P15Y","DARU PHARMA LTD","","","186 SOUTH EALING ROAD","","","LONDON","","W5 4RJ","20040401","20180606","","","","","","","","","","1","","","","",""
"P162","GRACEY PHARMACY LIMITED","","","TRIDENT PHARMACY","187 WORPLE ROAD","RAYNES PARK","LONDON","","SW20 8RE","20040401","","","","","","","","","","","1","","","","",""
"P163","J SWIRE & SON LTD","","","210-212 KING CROSS ROAD","KING CROSS","","HALIFAX","","HX1 3JP","20040401","","","","","","","","","","","1","","","","",""
"P165","COLEHILL PHARMACY LTD","","","COLEHILL PHARMACY","42 MIDDLEHILL ROAD","COLEHILL","WIMBORNE","","BH21 2SE","20040401","20190305","","","","","","","","","","1","","","","",""
"P166","BARE PHARMACY LTD","","","BARE PHARMACY","45 PRINCES CRESCENT","BARE","MORECAMBE","","LA4 6BY","20040401","","","","","","","","","","","1","","","","",""
"P169","DL CARTER & SON LTD","","","114-116 FOWLER STREET","","","SOUTH SHIELDS","","NE33 1PZ","20040401","","","","","","","","","","","1","","","","",""
"P16C","JUBICHEM LIMITED","","","16 SHELVERS HILL","","","TADWORTH","","KT20 5PU","20040401","","","","","","","","","","","1","","","","",""
"P16D","GRASMERE PHARMACY","","","1 OAKBANK","BROADGATE, GRASMERE","","AMBLESIDE","","LA22 9TA","20040401","20190331","","","","","","","","","","1","","","","",""
"P16E","NORTHLANDS PHARMACY","","","38 LARCH WAY","NORTHLANDS AVENUE","","HAYWARDS HEATH","","RH16 3RT","20040401","20190312","","","","","","","","","","1","","","","",""
"P16F","SWETTENHAM CHEMISTS LIMITED","","","1 WESTMINSTER AVENUE","","","CHESTER","","CH4 8JB","20040401","","","","","","","","","","","1","","","","",""
"P16G","GELOO GROUP","","","GBL HOUSE","CLEAVER STREET","","BLACKBURN","","BB1 5DG","20040401","","","","","","","","","","","1","","","","",""
"P16J","P.L. GILBERT & P.S. ARMSTRONG","","","40 MARKET STREET","ECKINGTON","","SHEFFIELD","","S21 4JH","20040401","20241128","","","","","","","","","","1","","","","",""
"P16P","C J PHARMACY","","","9 CHURCH ROAD","","","LONDON","","NW4 4EB","20040401","20230103","","","","","","","","","","1","","","","",""
"P16R","MAGUIRE FI LTD","","","12 STOKESLEY ROAD","MARTON-IN-CLEVELAND","","MIDDLESBROUGH","","TS7 8DX","20040401","","","","","","","","","","","1","","","","",""
"P16T","PLANTEVEN LTD","","","BARKERS CHEMIST","105 CHURCH STREET","","CROYDON","","CR0 1RN","20040401","20190305","","","","","","","","","","1","","","","",""
"P16V","TRINITY PHARMACY","","","TRINITY PHARMACEUTICALS LTD","46 TRINITY ROAD","","LONDON","","SW17 7RE","20040401","20201013","","","","","","","","","","1","","","","",""
"P16W","BLACKWELLS CHEMISTS","","","245 CROYDON ROAD","","","BECKENHAM","","BR3 3PS","20040401","","","","","","","","","","","1","","","","",""
"P172","FOXLYDIATE CHEMIST","","","175 BATCHLEY ROAD","BATCHLEY","","REDDITCH","","B97 6JB","20040401","20230412","","","","","","","","","","1","","","","",""
"P173","RAMSAY PHARMACY LTD","","","42 FORE STREET","ST. JUST","","PENZANCE","","TR19 7LJ","20040401","20190813","","","","","","","","","","1","","","","",""
"P174","NITIN LAD LTD","","","ABBEY PHARMACY","313 STOCKBROOK STREET","","DERBY","","DE22 3WH","20040401","","","","","","","","","","","1","","","","",""
"P177","M HUSSAIN (CHEMISTS) LTD","","","1A HARNALL LANE EAST","","","COVENTRY","","CV1 5AE","20040401","","","","","","","","","","","1","","","","",""
"P178","OAKLEY PHARMACY","","","10 OAKLEY ROAD","DOVERCOURT","","HARWICH","","CO12 4QZ","20040401","20180815","","","","","","","","","","1","","","","",""
"P17C","ASHCROFT CHEMIST","","","GREENFIELD OSTEOPATHIC PRACTICE","93 GREENFIELD ROAD","DENTONS GREEN","ST. HELENS","","WA10 6SL","20040401","","","","","","","","","","","1","","","","",""
"P17E","HURST JH LTD","","","5 HIGH STREET","","","RIPLEY","","DE5 3AB","20040401","","","","","","","","","","","1","","","","",""
"P17F","G WHITFIELD LTD","","","1A CHURCH STREET","","","HOUGHTON LE SPRING","","DH4 4DN","20040401","","","","","","","","","","","1","","","","",""
"P17Q","STOCK & LINDSAY LTD","","","STOCK & LINDSEY CHEMIST","UNIT 3, MATCHBOROUGH CENTRE","MATCHBOROUGH WAY","REDDITCH","","B98 0EP","20040401","","","","","","","","","","","1","","","","",""
"P17R","MAIN CHEMIST","","","46 MAIN STREET","BROUGHTON ASTLEY","","LEICESTER","","LE9 6RD","20040401","","","","","","","","","","","1","","","","",""
"P17T","POONIAN JS PHARMACY","","","663 STAFFORD ROAD","","","WOLVERHAMPTON","","WV10 6QG","20040401","","","","","","","","","","","1","","","","",""
"P17V","REVELSTOKE PHARMACY","","","15 REVELSTOKE ROAD","","","LONDON","","SW18 5NJ","20040401","20201013","","","","","","","","","","1","","","","",""
"P17W","BLADON B (HALE) LTD","","","219 ASHLEY ROAD","HALE","","ALTRINCHAM","","WA15 9SZ","20040401","","","","","","","","","","","1","","","","",""
"P181","DENBIGH PHARMACY","","","60 DENBIGH ROAD","","","LUTON","","LU3 1NR","20040401","20260817","","","","","","","","","","1","","","","",""
"P182","ANDREW J HIRST PHARMACY","","","THE PHARMACY","52 SOUTHGATE","","ELLAND","","HX5 0DQ","20040401","20190312","","","","","","","","","","1","","","","",""
"P184","BRADFORD ROAD PHARMACY","","","107 BRADFORD ROAD","","","HUDDERSFIELD","","HD1 6DZ","20040401","20240531","","","","","","","","","","1","","","","",""
"P185","MASON & SON (CHEMISTS) LTD","","","63 NORTH STREET","WHITWICK","","COALVILLE","","LE67 5HB","20040401","","","","","","","","","","","1","","","","",""
"P188","PARKWATERS LTD","","","GREENFIELD PHARMACY","61 CHAMBERLAYNE ROAD","KENSAL RISE","LONDON","","NW10 3ND","20040401","","","","","","","","","","","1","","","","",""
"P189","MANN'S PHARMACY LTD","","","852A WOODBOROUGH ROAD","MAPPERLEY","","NOTTINGHAM","","NG3 5QQ","20040401","","","","","","","","","","","1","","","","",""
"P18A","MARKS TEY PHARMACY","","","101 LONDON ROAD","MARKS TEY","","COLCHESTER","","CO6 1EB","20040401","","","","","","","","","","","1","","","","",""
"P18G","KHOSPHARM CHEMIST GROUP","","","MANOR PHARMACY","75 MANOR ROAD","","WALLINGTON","","SM6 0DE","20040401","20190305","","","","","","","","","","1","","","","",""
"P18H","J. CUBBIN & SONS LTD","","","100-102 VICTORIA ROAD","","","WALLASEY","","CH45 2JF","20040401","","","","","","","","","","","1","","","","",""
"P18K","HC HEARD PHARMACY","","","43 BRENT STREET","","","LONDON","","NW4 2EA","20040401","","","","","","","","","","","1","","","","",""
"P18L","LIFESTYLE PHARMACY LIMITED","","","3-5 BROAD STREET","","","OTTERY ST. MARY","","EX11 1BT","20040401","","","","","","","","","","","1","","","","",""
"P18P","ELGON (ENFIELD) LTD","","","291 HIGH STREET","","","ENFIELD","","EN3 4DN","20040401","","","","","","","","","","","1","","","","",""
"P18R","MK SHAH PHARMACY","","","736 HERTFORD ROAD","","","ENFIELD","","EN3 6PR","20040401","","","","","","","","","","","1","","","","",""
"P18T","PRIMACHEM LIMITED","","","58 ELMTON ROAD","CRESWELL","","WORKSOP","","S80 4JE","20040401","","","","","","","","","","","1","","","","",""
"P18W","BLIEP CHEMISTS","","","14 ST. MARYS AVENUE","BLETCHLEY","","MILTON KEYNES","","MK3 5DT","20040401","","","","","","","","","","","1","","","","",""
"P18X","STRAWBERRY HILL PHARMACY","","","3 WELLESLEY PARADE","WELLESLEY ROAD","","TWICKENHAM","","TW2 5SQ","20040401","20220629","","","","","","","","","","1","","","","",""
"P18Y","DAVEY'S LIMITED","","","112 DINAS LANE","","","LIVERPOOL","","L36 2NS","20040401","","","","","","","","","","","1","","","","",""
"P191","K PHARMACY","","","41-43 STAINLAND ROAD","GREETLAND","","HALIFAX","","HX4 8BD","20040401","","","","","","","","","","","1","","","","",""
"P192","SK PHARMACY LTD","","","279 HARNALL LANE EAST","","","COVENTRY","","CV1 5AX","20040401","20231219","","","","","","","","","","1","","","","",""
"P193","JALLAS CHEMIST","","","311-313 HORN LANE","","","LONDON","","W3 0BU","20040401","20181205","","","","","","","","","","1","","","","",""
"P194","BROADMAY PHARMACY","","","4 HAWES CLOSE","","","WALSALL","","WS1 3HG","20040401","","","","","","","","","","","1","","","","",""
"P196","BUTLER GREEN PHARMACY","","","FIELDS NEW ROAD","CHADDERTON","","OLDHAM","","OL9 8NH","20040401","","","","","","","","","","","1","","","","",""
"P198","SPRINGPHARM LTD","","","PRIMARY CARE PHARMACY","30 HOSPITAL STREET","","TAMWORTH","","B79 7EB","20040401","","","","","","","","","","","1","","","","",""
"P19A","LYDEARD CARE LTD","","","THE SURGERY","MOUNT STREET, BISHOPS LYDEARD","","TAUNTON","","TA4 3LH","20040401","20250301","","","","","","","","","","1","","","","",""
"P19C","UNITED PHARMACY","","","5 THE PARADE","CROYDON ROAD","","LONDON","","SE20 7AA","20040401","","","","","","","","","","","1","","","","",""
"P19E","PHARMACY ON-LINE","","","164 RUFFORD ROAD","","","SOUTHPORT","","PR9 8HU","20040401","20200204","","","","","","","","","","1","","","","",""
"P19F","B & S SINGH","","","6 CHURCH STREET","PADDOCK","","HUDDERSFIELD","","HD1 4TR","20040401","","","","","","","","","","","1","","","","",""
"P19J","PJ STEPHENS","","","40 VICTORIA ROAD","NETLEY ABBEY","","SOUTHAMPTON","","SO31 5DQ","20040401","20240531","","","","","","","","","","1","","","","",""
"P19K","PARADE CHEMIST","","","25 GRAND PARADE","GREEN LANES","","LONDON","","N4 1LG","20040401","","","","","","","","","","","1","","","","",""
"P19L","FRESHPHASE LTD","","","60 PARK ROAD","","","WIGAN","","WN6 7AA","20040401","","","","","","","","","","","1","","","","",""
"P19M","WHITWORTH CHEMIST LTD","","","2C ATKINSONS WAY","FOXHILLS INDUSTRIAL ESTATE","","SCUNTHORPE","","DN15 8QJ","20040401","","","","","","","","","","","1","","","","",""
"P19P","WEST MIDLANDS CO-OP PHARMACY","","","135A BLOXWICH ROAD","","","WALSALL","","WS2 8BS","20040401","20180327","","","","","","","","","","1","","","","",""
"P19R","MANN GS","","","271 WESTDALE LANE","CARLTON","","NOTTINGHAM","","NG4 4FG","20040401","20250901","","","","","","","","","","1","","","","",""
"P19T","PUJARA VL","","","181 SNEINTON DALE","","","NOTTINGHAM","","NG2 4HU","20040401","","","","","","","","","","","1","","","","",""
"P19V","AP CHEMIST","","","41 HIGH STREET COLLIERS WOOD","","","LONDON","","SW19 2JE","20040401","","","","","","","","","","","1","","","","",""
"P19W","BLUNDELLS PHARMACY LTD","","","159 POOLSTOCK LANE","","","WIGAN","","WN3 5HL","20040401","","","","","","","","","","","1","","","","",""
"P19X","AMIN MB","","","COURTS PHARMACY","38 THE CENTRE","","WALTON-ON-THAMES","","KT12 1QJ","20040401","20240101","","","","","","","","","","1","","","","",""
"P19Y","DAVID JAGGER LTD","","","5-7 STAITHE STREET","","","WELLS-NEXT-THE-SEA","","NR23 1AG","20040401","","","","","","","","","","","1","","","","",""
"P1A0","SMARTTS CHEMIST","","","42 FERNHILL ROAD","","","BOOTLE","","L20 9HH","20040401","20190326","","","","","","","","","","1","","","","",""
"P1A0Z","RVP PHARMA LIMITED","","","252 BLACKFEN ROAD","","","SIDCUP","","DA15 8PW","20220810","","","","","","","","","","","1","","","","",""
"P1A4","BLATT'S PHARMACY","","","213 CLAPHAM PARK ROAD","","","LONDON","","SW4 7EX","20040401","","","","","","","","","","","1","","","","",""
"P1A5","REGAL PHARMACY","","","48 CHATSWORTH ROAD","","","LONDON","","E5 0LP","20040401","","","","","","","","","","","1","","","","",""
"P1A7","K&K (1982) LTD","","","2 HIGH STREET","CASTLE VALE","","BIRMINGHAM","","B35 7PR","20040401","","","","","","","","","","","1","","","","",""
"P1A8","K&K PHARMACY LTD","","","KASLIS CHEMIST","218 TOMKINSON ROAD","","NUNEATON","","CV10 8BW","20040401","","","","","","","","","","","1","","","","",""
"P1A9","K.K.P.R. LTD","","","HORNSEY ROAD PHARMACY","84 HORNSEY ROAD","","LONDON","","N7 7NN","20040401","","","","","","","","","","","1","","","","",""
"P1AF","MCLAREN PHARMACY","","","67 BEDFORD ROAD","MARSTON MORETAINE","","BEDFORD","","MK43 0LA","20040401","20250401","","","","","","","","","","1","","","","",""
"P1AH","SS KALSI","","","125 ST. MARYS PARADE","GASCOIGNE ROAD","","BARKING","","IG11 7TF","20040401","20221101","","","","","","","","","","1","","","","",""
"P1AJ","FOREST PHARMACY","","","131 ARNOLD ROAD","","","NOTTINGHAM","","NG5 5HR","20040401","","","","","","","","","","","1","","","","",""
"P1AK","KANARI LTD","","","KANARI PHARMACY","682-684 FULHAM ROAD","","LONDON","","SW6 5SA","20040401","","","","","","","","","","","1","","","","",""
"P1AL","M D DISPENSING CHEMIST","","","4 FILEY CLOSE","","","STEVENAGE","","SG1 2JW","20040401","20250306","","","","","","","","","","1","","","","",""
"P1AM","STOTFOLD PHARMACY","","","3 BROOK STREET","STOTFOLD","","HITCHIN","","SG5 4LA","20040401","20250625","","","","","","","","","","1","","","","",""
"P1AQ","M KAPOOR","","","497 OLDHAM ROAD","","","ROCHDALE","","OL16 4TF","20040401","20250625","","","","","","","","","","1","","","","",""
"P1AR","J KARIA","","","FAIRLEE QUEENSTOWN PHARMACY","48 QUEENSTOWN ROAD","","LONDON","","SW8 3RY","20040401","","","","","","","","","","","1","","","","",""
"P1AT","KARSONS LTD","","","506 NEW CROSS ROAD","","","LONDON","","SE14 6TJ","20040401","","","","","","","","","","","1","","","","",""
"P1AW","A KASSAM","","","A KASSAM PHARMACY","GALES DRIVE","","CRAWLEY","","RH10 1QA","20040401","","","","","","","","","","","1","","","","",""
"P1AY","P KAUR","","","130 FAR GOSFORD STREET","","","COVENTRY","","CV1 5EA","20040401","","","","","","","","","","","1","","","","",""
"P1B6P","DRAGON RETAIL 719 LIMITED","","","33 FRONT STREET","CAMPERDOWN","","NEWCASTLE UPON TYNE","","NE12 5UT","20250910","","","","","","","","","","","1","","","","",""
"P1C0","CAVENDISH PLACE PHARMACY","","","118 CAVENDISH PLACE","","","EASTBOURNE","","BN21 3TZ","20040401","20170629","","","","","","","","","","1","","","","",""
"P1C1","WOODGROVE PHARMACY","","","7 WOODGROVE PARADE","CATTON GROVE ROAD","","NORWICH","","NR3 3NS","20040401","","","","","","","","","","","1","","","","",""
"P1C3","THE CHIEF CORNERSTONE LTD","","","125 UXBRIDGE ROAD","","","RICKMANSWORTH","","WD3 7DN","20040401","","","","","","","","","","","1","","","","",""
"P1C4","TT PHARMACY","","","174 CROYDON ROAD","","","LONDON","","SE20 7YZ","20040401","20170402","","","","","","","","","","1","","","","",""
"P1C6","TOTALHILL LTD","","","D R EVANS PHARMACY","15 ELGIN CRESCENT","","LONDON","","W11 2JA","20040401","","","","","","","","","","","1","","","","",""
"P1C7","TOWER COURT PHARMACY LTD","","","TOWER COURT PHARMACY","1 TOWER COURT","OAKDALE ROAD","YORK","","YO30 4WL","20040401","20190801","","","","","","","","","","1","","","","",""
"P1C8","TOWNFIELD PHARMACY LTD","","","TOWNFIELD PHARMACY","3 TOWNFIELD CLOSE","","PRENTON","","CH43 9JW","20040401","20190326","","","","","","","","","","1","","","","",""
"P1C9","TRUCO LTD","","","GREENFIELD PHARMACY","77 TOLPITS LANE","","WATFORD","","WD18 6NT","20040401","20190326","","","","","","","","","","1","","","","",""
"P1CA","DA TUBB LTD","","","NEWTON HILL","NEWTON FERRERS","","PLYMOUTH","","PL8 1AB","20040401","20231231","","","","","","","","","","1","","","","",""
"P1CC","THE MILEHOUSE PHARMACY","","","17 WOLSELEY ROAD","","","PLYMOUTH","","PL2 3AA","20040401","","","","","","","","","","","1","","","","",""
"P1CD","TURNBULLS CHEMIST","","","155 ESSEX ROAD","","","LONDON","","N1 2SN","20040401","","","","","","","","","","","1","","","","",""
"P1CG","ANDREW TYLEE LTD","","","25 HYDE PARK ROAD","","","LEEDS","","LS6 1PY","20040401","","","","","","","","","","","1","","","","",""
"P1CK","PRIMA PHARMACY","","","171 BELLS HILL","","","BARNET","","EN5 2TB","20040401","","","","","","","","","","","1","","","","",""
"P1CP","VARIOUS SERVICES LTD","","","106 GOLBORNE ROAD","","","LONDON","","W10 5PS","20040401","20190326","","","","","","","","","","1","","","","",""
"P1CQ","VASANI DN","","","NORTH WEALD CHEMIST","46-48 HIGH ROAD","NORTH WEALD","EPPING","","CM16 6BU","20040401","","","","","","","","","","","1","","","","",""
"P1CT","VIBIKAS LTD","","","THE WALTON PHARMACY","10 WALTON STREET","WALTON ON THE HILL","TADWORTH","","KT20 7RT","20040401","","","","","","","","","","","1","","","","",""
"P1D1","CANNON HIL (UK) LTD","","","200 EDWARD ROAD","BALSALL HEATH","","BIRMINGHAM","","B12 9LY","20070723","","","","","","","","","","","1","","","","",""
"P1D3","GRAHAM YOUNG CHEMIST (2007) LTD","","","GRAHAM YOUNG CHEMIST","681 LINCOLN ROAD","","PETERBOROUGH","","PE1 3HA","20070713","","","","","","","","","","","1","","","","",""
"P1D4","MAG PHARMA LTD","","","STAVELEY CHEMISTS","212 STAVELEY ROAD","","WOLVERHAMPTON","","WV1 4RS","20070801","20250528","","","","","","","","","","1","","","","",""
"P1D5F","PI GEN PHARMA LTD","","","30 COOMBE LANE","","","LONDON","","SW20 8ND","20260225","20260324","","","","","","","","","","1","","","","",""
"P1D6","VALEMED LTD","","","LEEMA PHARMACY","91-93 TUNSTALL ROAD","","SUNDERLAND","","SR2 7RW","20070801","","","","","","","","","","","1","","","","",""
"P1D9","MR N E SMITH","","","CLARE PHARMACY","WELL LANE","CLARE","SUDBURY","","CO10 8NH","20070731","","","","","","","","","","","1","","","","",""
"P1DC","MRS HINA K SHAH","","","3 LAKIN DRIVE","THORPE ASTLEY","BRAUNSTONE","LEICESTER","","LE3 3RU","20070812","20250905","","","","","","","","","","1","","","","",""
"P1DE","MED-CHEM PHARMACY","","","73 GRAND PARADE","GREEN LANES","","LONDON","","N4 1DU","20070819","","","","","","","","","","","1","","","","",""
"P1DG","HENDRAS@PENRYN LTD","","","56 LOWER MARKET STREET","","","PENRYN","","TR10 8BH","20070831","","","","","","","","","","","1","","","","",""
"P1DJ","JAMES FOWLER PHARMACY LTD","","","31-33 FISHER STREET","","","CARLISLE","","CA3 8RF","20070831","","","","","","","","","","","1","","","","",""
"P1DR","MOHAMMED AZAM","","","7 LINCOLN ROAD","","","PETERBOROUGH","","PE1 2RJ","20070917","20240430","","","","","","","","","","1","","","","",""
"P1DT","N & C LIMITED","","","86 PROMENADE","","","BRIDLINGTON","","YO15 2QL","20070924","20181221","","","","","","","","","","1","","","","",""
"P1DV","DAMIAN LTD","","","27 BROOKLANDS AVENUE","BROUGHTON","","BRIGG","","DN20 0DY","20070924","","","","","","","","","","","1","","","","",""
"P1DW","RONEXIS LTD","","","18 FRASER ROAD","KINGS WORTHY","","WINCHESTER","","SO23 7PJ","20070830","","","","","","","","","","","1","","","","",""
"P1DY","PRENTEX LTD","","","BROOKLANDS PHARMACY","48 BROOKLANDS PARADE","","WOLVERHAMPTON","","WV1 2NE","20071001","","","","","","","","","","","1","","","","",""
"P1E0","SSLD HEALTHCARE LTD","","","60 COLNE ROAD","","","BURNLEY","","BB10 1LG","20120301","","","","","","","","","","","1","","","","",""
"P1E1","NO 8 PHARMACY LTD","","","8 HIGH STREET","","","BEDWORTH","","CV12 8NF","20071001","","","","","","","","","","","1","","","","",""
"P1E2","INCABELL LTD","","","WORLDS END PHARMACY","469 KINGS ROAD","","LONDON","","SW10 0LU","20071001","","","","","","","","","","","1","","","","",""
"P1E3","KHAN AJAIZ","","","159 WATERLOO ROAD","","","STOKE-ON-TRENT","","ST6 2ER","20071001","","","","","","","","","","","1","","","","",""
"P1E6","GODDCARE PARTNERS LTD","","","N TALATI CHEMISTS","282 HEATHWAY","","DAGENHAM","","RM10 8QS","20070930","","","","","","","","","","","1","","","","",""
"P1E7","PHARMTA LTD","","","10-12 PARKHILLS ROAD","","","BURY","","BL9 9AX","20070922","","","","","","","","","","","1","","","","",""
"P1E8","GUILSBOROUGH MED SUPP LTD","","","GUILSBOROUGH SURGERY","WEST HADDON ROAD","GUILSBOROUGH","NORTHAMPTON","","NN6 8QE","20070930","","","","","","","","","","","1","","","","",""
"P1ED","DERIX LTD","","","DERIX HEALTHCARE PHARMACY","1065 LONDON ROAD","","LEIGH-ON-SEA","","SS9 3JP","20071015","","","","","","","","","","","1","","","","",""
"P1EE","SR CHAUDHRY","","","775 STRATFORD ROAD","SPARKHILL","","BIRMINGHAM","","B11 4DG","20120213","","","","","","","","","","","1","","","","",""
"P1EF","VENTURE MEDICA LTD","","","MEDWAY PHARMACY","18 MEDWAY PARADE","PERIVALE","GREENFORD","","UB6 8HR","20071001","","","","","","","","","","","1","","","","",""
"P1EG","MR NABEIL NASR","","","18 ELEPHANT LANE","THATTO HEATH","","ST. HELENS","","WA9 5QW","20071029","20190312","","","","","","","","","","1","","","","",""
"P1EH","SPRINGVALE PHARMACY","","","SPRING VALE MEDICAL CENTRE","RIEVAULX ROAD","","WHITBY","","YO21 1SD","20071001","20190227","","","","","","","","","","1","","","","",""
"P1EK","FRESHNAME 376 LTD","","","37 HIGH STREET","HEADCORN","","ASHFORD","","TN27 9NL","20071101","20250625","","","","","","","","","","1","","","","",""
"P1EL","WILLOW PHARMACY LTD","","","34 UNION STREET","","","RYDE","","PO33 2LE","20071101","","","","","","","","","","","1","","","","",""
"P1EM","ZPHARM LTD (MR YAR JUSSAB)","","","107A TURNBULL DRIVE","","","LEICESTER","","LE3 2JW","20071101","","","","","","","","","","","1","","","","",""
"P1EP","N9 LIMITED","","","FOREST PHARMACY","FOREST PRIMARY CARE CENTRE","308A HERTFORD ROAD","LONDON","","N9 7HD","20071101","","","","","","","","","","","1","","","","",""
"P1EQ","MR JOYNAL MEAH","","","SEYMOUR PHARMACY","56 CRAWFORD STREET","","LONDON","","W1H 4JH","20071101","","","","","","","","","","","1","","","","",""
"P1ET","ALLCURES COM (2006) LIMITED","","","34 EAST THURROCK ROAD","","","GRAYS","","RM17 6SP","20071126","","","","","","","","","","","1","","","","",""
"P1EV","CCS (DUNWOODY WAY) LTD","","","EAGLE BRIDGE HEALTH CENTRE","DUNWOODY WAY","","CREWE","","CW1 3AW","20071105","20190312","","","","","","","","","","1","","","","",""
"P1EW","MR M HOLLAND & MRS M HOLLAND","","","HOLLOW LANE","KINGSLEY","","FRODSHAM","","WA6 8EF","20071105","","","","","","","","","","","1","","","","",""
"P1F0","PAK HEALTHCARE LTD","","","38E ALUM ROCK ROAD","","","BIRMINGHAM","","B8 1JA","20120224","","","","","","","","","","","1","","","","",""
"P1F1","D G NEIL LIMITED","","","95 WENLOCK ROAD","","","SOUTH SHIELDS","","NE34 9BD","20071201","","","","","","","","","","","1","","","","",""
"P1F2","MEDICENTRE (NEWCASTLE) LTD","","","MEDICENTRE","117 GRAINGER STREET","","NEWCASTLE UPON TYNE","","NE1 5AE","20071130","","","","","","","","","","","1","","","","",""
"P1F3","WELLE LTD","","","UPWELL HEALTH CENTRE","TOWNLEY CLOSE","UPWELL","WISBECH","","PE14 9BT","20071203","","","","","","","","","","","1","","","","",""
"P1F4","BORG PHARMA LTD","","","6 NEW PARADE","EAST WITTERING","","CHICHESTER","","PO20 8EA","20071201","","","","","","","","","","","1","","","","",""
"P1F6","MRS ISHRIT AHMED","","","4 SUTTON COURT ROAD","","","UXBRIDGE","","UB10 9HP","20071201","","","","","","","","","","","1","","","","",""
"P1F7","MOUL PHARMACY LTD","","","14 LOWER STONE CLOSE","FRAMPTON COTTERELL","","BRISTOL","","BS36 2LE","20071201","","","","","","","","","","","1","","","","",""
"P1F8","MR P MODASIA HEMEEMA LTD","","","385 DURNSFORD ROAD","","","LONDON","","SW19 8EF","20071201","20200303","","","","","","","","","","1","","","","",""
"P1F9","CLINPHARM HEALTHCARE LTD","","","674 COVENTRY ROAD","SMALL HEATH","","BIRMINGHAM","","B10 0UU","20071112","","","","","","","","","","","1","","","","",""
"P1FA","CCS (WEST STREET) LTD","","","143 WEST STREET","","","CREWE","","CW1 3HH","20071101","20190326","","","","","","","","","","1","","","","",""
"P1FC","DOZ UK LTD","","","ENDO CHEMISTS","70 CHAPEL MARKET","","LONDON","","N1 9ER","20071211","","","","","","","","","","","1","","","","",""
"P1FF","NARESH SINGH & PERDITA SINGH-KAVANAGH","","","LAFFORDS CHEMIST","7-8 THE BROADWAY","","CROYDON","","CR0 4QR","20071201","","","","","","","","","","","1","","","","",""
"P1FG","DRUGMART LTD","","","72 SPOTLAND ROAD","","","ROCHDALE","","OL12 6PQ","20071214","","","","","","","","","","","1","","","","",""
"P1FJ","STEVEN LO","","","UNIT 5","FARFIELD PARK, MANVERS","","ROTHERHAM","","S63 5DB","20071213","","","","","","","","","","","1","","","","",""
"P1FL","NICKLEVALE LTD","","","GLENLYN MEDICAL CENTRE","115 MOLESEY PARK ROAD","","EAST MOLESEY","","KT8 0JX","20080101","","","","","","","","","","","1","","","","",""
"P1FN","CHEMISTREE LTD","","","UNIT 7","CURO PARK","FROGMORE","ST. ALBANS","","AL2 2DD","20080116","20220504","","","","","","","","","","1","","","","",""
"P1FQ","JEROME U ANEKWE","","","68 KEIGHLEY ROAD","COWLING","","KEIGHLEY","","BD22 0BH","20080101","","","","","","","","","","","1","","","","",""
"P1FT","MR AMIT PATEL","","","HAINAULT CHEMISTS","49 HAINAULT ROAD","","LONDON","","E11 1EA","20080201","20200105","","","","","","","","","","1","","","","",""
"P1FX","F P CROSS LTD","","","F P CROSS PHARMACEUTICAL CHEMI","4 VILLAGE RISE","WESTON ROAD","LOWESTOFT","","NR32 4PT","20080201","","","","","","","","","","","1","","","","",""
"P1FY","S FLEMING LIMITED","","","METRO PHARMACY","77 ELLISON STREET","","JARROW","","NE32 3JU","20080201","","","","","","","","","","","1","","","","",""
"P1G0","HJ ADU & SONS LTD","","","9 BURWASH ROAD","","","HOVE","","BN3 8GP","20120227","","","","","","","","","","","1","","","","",""
"P1G3","M E CRONIN LTD","","","NEWHAM PHARMACY","9 HIGH NEWHAM COURT","","STOCKTON-ON-TEES","","TS19 8PD","20080201","20251022","","","","","","","","","","1","","","","",""
"P1G4","RX HEALTHCARE LTD","","","RX PHARMACY","256 WELLINGTON ROAD","HANDSWORTH","BIRMINGHAM","","B20 2QL","20080128","","","","","","","","","","","1","","","","",""
"P1G5","CONVERYS LTD","","","CONVERYS LTD","LATE NIGHT CHEMIST","119 BELLE VALE ROAD","LIVERPOOL","","L25 2PE","20080201","20180831","","","","","","","","","","1","","","","",""
"P1G6","SKELLERN DOUGHTY LTD","","","JAYBEE PHARMACY","1 THE PRECINCT","AMLWCH AVENUE","STOCKPORT","","SK2 5RR","20080201","","","","","","","","","","","1","","","","",""
"P1G8","DHIREN RAVAL","","","5 EATON PLACE","BINGHAM","","NOTTINGHAM","","NG13 8BD","20080216","","","","","","","","","","","1","","","","",""
"P1G9","HEALTHSIDE LTD","","","35 RICHMOND WAY","","","LONDON","","W14 0AS","20080131","","","","","","","","","","","1","","","","",""
"P1GA","MR P DEOL","","","88A KING STREET","","","MAIDSTONE","","ME14 1BH","20080218","","","","","","","","","","","1","","","","",""
"P1GC","ARTHUR MEDICAL SERVICES LTD","","","THE MEDICAL CENTRE","MAIN STREET","HORSLEY WOODHOUSE","ILKESTON","","DE7 6AX","20080225","","","","","","","","","","","1","","","","",""
"P1GE","MR NEIL SANGHVI","","","A J KING","222 REGENTS PARK ROAD","","LONDON","","N3 3HP","20080201","","","","","","","","","","","1","","","","",""
"P1GG","OAKSIDE PHARM LTD","","","1 ZETLAND ROAD","LOFTUS","","SALTBURN-BY-THE-SEA","","TS13 4PP","20080301","20241115","","","","","","","","","","1","","","","",""
"P1GJ","ADAMS HEALTHCARE LTD","","","ADAMS PHARMACY","50-52 NECHELLS PARK ROAD","","BIRMINGHAM","","B7 5PR","20080225","20250731","","","","","","","","","","1","","","","",""
"P1GK","SOUDYRAH LTD","","","WEST ST. LEONARDS PHARMACY","7 BEXHILL ROAD","","ST. LEONARDS-ON-SEA","","TN38 0AH","20080301","","","","","","","","","","","1","","","","",""
"P1GL","GUIDEBROOK LIMITED","","","WEST TOWN CHEMIST","63 MAYORS WALK","","PETERBOROUGH","","PE3 6EX","20080229","20190409","","","","","","","","","","1","","","","",""
"P1GM","SHAAN LTD","","","THE PHARMACY","HIGH STREET","GOUDHURST","CRANBROOK","","TN17 1AG","20080301","","","","","","","","","","","1","","","","",""
"P1GN","MR MANISH PATEL","","","MR PICKFORD'S PHARMACY","19 NORWICH ROAD","","LEICESTER","","LE4 0LR","20080304","20190319","","","","","","","","","","1","","","","",""
"P1GQ","PHARMACENTRIC LTD","","","40 LONDON ROAD","BLACKWATER","","CAMBERLEY","","GU17 9AA","20080218","","","","","","","","","","","1","","","","",""
"P1GR","HR PHARM LIMITED","","","49-51 THE BROADWAY","","","LONDON","","N8 8DT","20080301","20260531","","","","","","","","","","1","","","","",""
"P1GT","FERNDOWN PHARMACY LTD","","","487 RINGWOOD ROAD","","","FERNDOWN","","BH22 9AG","20080308","","","","","","","","","","","1","","","","",""
"P1GV","MR R MASON","","","BUTT LANE PHARMACY","147 CONGLETON ROAD, TALKE","","STOKE-ON-TRENT","","ST7 1LL","20080317","","","","","","","","","","","1","","","","",""
"P1GW","WEAVEDESIGN LTD","","","RIVERSIDE PHARMACY","BARNARD AVENUE","","BRIGG","","DN20 8AS","20080325","","","","","","","","","","","1","","","","",""
"P1GX","JKB HEALTHCARE LTD","","","1 CURDALE ROAD","","","BIRMINGHAM","","B32 4HD","20080303","20190219","","","","","","","","","","1","","","","",""
"P1H0","HELSTON MEDICAL SERVICES LTD","","","TRELAWNEY ROAD","","","HELSTON","","TR13 8AU","20120301","","","","","","","","","","","1","","","","",""
"P1H1","PI-GEN PHARMA LTD","","","157 PITSHANGER LANE","","","LONDON","","W5 1RH","20080401","20190409","","","","","","","","","","1","","","","",""
"P1H3","DS & RS POONE LTD","","","BUGBROOKE PHARMACY","LEVITTS ROAD","BUGBROOKE","NORTHAMPTON","","NN7 3QN","20080401","","","","","","","","","","","1","","","","",""
"P1H4","CSPC (PHARMACY) LIMITED","","","ALCHEM PHARMACY","SPRINGBANK COMM RES CENTRE","SPRINGBANK WAY","CHELTENHAM","","GL51 0LG","20080401","20190312","","","","","","","","","","1","","","","",""
"P1H5","MINIKSHA PUN","","","TIMSBURY PHARMACY","HIGH STREET","TIMSBURY","BATH","","BA2 0HT","20080331","","","","","","","","","","","1","","","","",""
"P1H6","PATELEY BRIDGE HEALTH CARE LTD","","","PATELEY BRIDGE PHARMACY","25 HIGH STREET","PATELEY BRIDGE","HARROGATE","","HG3 5AL","20080401","","","","","","","","","","","1","","","","",""
"P1H7","OCEAN HEALTHCARE LIMITED","","","12 HIGH ROAD","","","LONDON","","E18 2QL","20080407","","","","","","","","","","","1","","","","",""
"P1H8","MR S HUSSAIN","","","XTREME PHARMACY","62 WITTON ROAD","","BIRMINGHAM","","B6 6LE","20080408","20220831","","","","","","","","","","1","","","","",""
"P1H9","LIFECARE LIMITED","","","HAWTHORN HEALTH CENTRE","SCOTTON ROAD","SCOTTER","GAINSBOROUGH","","DN21 3SB","20080401","","","","","","","","","","","1","","","","",""
"P1HA","PETTS WOOD PHARMACY LTD","","","83 QUEENSWAY","PETTS WOOD","","ORPINGTON","","BR5 1DQ","20080407","","","","","","","","","","","1","","","","",""
"P1HE","WESTWOOD PHARMACY","","","57 FEATHERSTALL ROAD NORTH","","","OLDHAM","","OL9 6QB","20080418","","","","","","","","","","","1","","","","",""
"P1HF","MJ LOCUM SERVICES LTD","","","MILTON PHARMACY","260 MILTON ROAD","","WESTON-SUPER-MARE","","BS22 8EN","20080418","","","","","","","","","","","1","","","","",""
"P1HG","APTEKA LTD","","","CARTERS CHEMIST","47 ROMAN WAY","","LONDON","","N7 8XF","20080417","","","","","","","","","","","1","","","","",""
"P1HH","S & A HEALTH LTD","","","30 KEIGHLEY ROAD","","","BINGLEY","","BD16 2EZ","20080409","","","","","","","","","","","1","","","","",""
"P1HK","PHARMBURY LTD","","","107 BOLTON ROAD","","","BURY","","BL8 2NW","20080501","20190228","","","","","","","","","","1","","","","",""
"P1HL","FRANK JONES (CHEMIST) LTD","","","1-2 NEWBOTTLE STREET","","","HOUGHTON LE SPRING","","DH4 4AN","20080501","","","","","","","","","","","1","","","","",""
"P1HN","DHARMINDER SINGH","","","5 THE SQUARE","KEYWORTH","","NOTTINGHAM","","NG12 5JT","20080512","","","","","","","","","","","1","","","","",""
"P1HP","MRJ TRADING LTD","","","1 CROSSROADS","CHURCH ROAD, WILSTEAD","","BEDFORD","","MK45 3HJ","20080512","","","","","","","","","","","1","","","","",""
"P1HR","FARALI LTD","","","119 HAMPDEN GARDENS","","","AYLESBURY","","HP21 8NP","20080425","","","","","","","","","","","1","","","","",""
"P1HT","SPA HEALTHCARE (UK) LTD","","","40 HIGH STREET","MARKYATE","","ST. ALBANS","","AL3 8PB","20080510","","","","","","","","","","","1","","","","",""
"P1HW","LOZELLS HEALTH LTD","","","RANA CHEMIST","117 LOZELLS ROAD","","BIRMINGHAM","","B19 2TR","20080403","","","","","","","","","","","1","","","","",""
"P1HY","C R HEALTHCARE LTD","","","110 HIGH ROAD","HALTON","","LANCASTER","","LA2 6PU","20080512","","","","","","","","","","","1","","","","",""
"P1J0","DAVID ZEITOUNE","","","48 FENTHAM ROAD","HAMPTON-IN-ARDEN","","SOLIHULL","","B92 0AY","20120201","","","","","","","","","","","1","","","","",""
"P1J1","ZODS LTD","","","396 NEW HEY ROAD","","","WIRRAL","","CH49 9DA","20120312","","","","","","","","","","","1","","","","",""
"P1J2","WESTCLIFFE PHARMA LTD","","","WESTCLIFFE ROAD","","","SHIPLEY","","BD18 3EE","20120305","","","","","","","","","","","1","","","","",""
"P1J3","OSMAN ALI","","","THE PHARMACY UNIT","CHESTNUT AVENUE, CARCROFT","","DONCASTER","","DN6 8AG","20120312","","","","","","","","","","","1","","","","",""
"P1J5","COMMUNITY PHARMACIES (UK) LIMITED","","","STOCKTON HEATH MEDICAL CENTRE","THE FORGE, LONDON ROAD","STOCKTON HEATH","WARRINGTON","","WA4 6HJ","20120319","20250319","","","","","","","","","","1","","","","",""
"P1J6","SMS PHARMACY LTD","","","86 DEVONSHIRE STREET","","","SALFORD","","M7 4AE","20120319","20221005","","","","","","","","","","1","","","","",""
"P1J7","NORFOLK HEALTHCARE LIMITED","","","171 KING STREET","","","GREAT YARMOUTH","","NR30 2PA","20120320","","","","","","","","","","","1","","","","",""
"P1J8","GLEORESA LIMITED","","","127 FOLKESTONE ROAD","","","DOVER","","CT17 9SG","20120312","","","","","","","","","","","1","","","","",""
"P1JA","T D PHARMA LTD","","","STUDLEY PHARMACY","POOL MEDICAL CENTRE","POOL ROAD","STUDLEY","","B80 7QU","20080501","20190219","","","","","","","","","","1","","","","",""
"P1JC","COOKE'S LIMITED","","","76 ALBERT ROAD","","","WIDNES","","WA8 6JT","20080607","","","","","","","","","","","1","","","","",""
"P1JD","ALPIC LTD","","","LANE END PHARMACY","1 HIGH STREET","LANE END","HIGH WYCOMBE","","HP14 3JF","20080601","20201006","","","","","","","","","","1","","","","",""
"P1JE","MR C SHAIDA","","","BIN-SEENA PHARMACY","73 EDGWARE ROAD","","LONDON","","W2 2HZ","20080602","20260101","","","","","","","","","","1","","","","",""
"P1JL","COLLINS PHARMACY (NOTT'M) LTD","","","CARLTON HILL PHARMACY","359 CARLTON HILL","CARLTON","NOTTINGHAM","","NG4 1HW","20080501","","","","","","","","","","","1","","","","",""
"P1JM","KAYLAN SHAH LTD","","","SAVEMORE PHARMACY","67 WESTBURY AVENUE","","LONDON","","N22 6SA","20080601","","","","","","","","","","","1","","","","",""
"P1JN","WARD GREEN HEALTHCARE LIMITED","","","95 VERNON ROAD","WORSBROUGH","","BARNSLEY","","S70 5HJ","20080521","","","","","","","","","","","1","","","","",""
"P1JP","BERINSFIELD HEALTHCARE SERVICES LTD","","","BERINSFIELD HEALTH CENTRE","FANE DRIVE","BERINSFIELD","WALLINGFORD","","OX10 7NE","20080601","","","","","","","","","","","1","","","","",""
"P1JQ","LANGLEY HEALTHCARE LTD","","","PARK LANGLEY PHARMACY","90 WICKHAM ROAD","","BECKENHAM","","BR3 6QH","20080606","","","","","","","","","","","1","","","","",""
"P1JV","VICTORIA CHEMISTS LTD","","","118A VICTORIA ROAD","","","MIDDLESBROUGH","","TS1 3HY","20080625","20250430","","","","","","","","","","1","","","","",""
"P1JW","PRESCRIPTIONS2YOU LIMITED","","","89-91 PIER AVENUE","","","CLACTON-ON-SEA","","CO15 1QE","20080617","","","","","","","","","","","1","","","","",""
"P1K0","PHARMISENSE","","","118 ADELAIDE STREET","","","BLACKPOOL","","FY1 4LN","20120309","20250602","","","","","","","","","","1","","","","",""
"P1K1","BRADPHARM LTD","","","BRADSHAW STREET","ORRELL","","WIGAN","","WN5 0AB","20080701","","","","","","","","","","","1","","","","",""
"P1K2","SEEMED HEALTHCARE LIMITED","","","32 HARDY STREET","","","OLDHAM","","OL4 1DU","20080702","","","","","","","","","","","1","","","","",""
"P1K3","RAJKEL LIMITED","","","GREENCHEM CHEMISTS","20 BYWOOD AVENUE","","CROYDON","","CR0 7RA","20080607","","","","","","","","","","","1","","","","",""
"P1K4","ROSE MEDICAL LIMITED","","","SUBURB PHARMACY","390 HOLLINS ROAD","","OLDHAM","","OL8 3BE","20080701","","","","","","","","","","","1","","","","",""
"P1K5","PILLS2U.CO.UK LTD","","","POND CHASE NURSERY","FOLLY LANE","","HOCKLEY","","SS5 4SR","20080703","20230930","","","","","","","","","","1","","","","",""
"P1K6","MS SHADEIA YOUNIS","","","READ & SIMONSTONE PHARMACY","90 WHALLEY ROAD","READ","BURNLEY","","BB12 7PN","20080630","20240216","","","","","","","","","","1","","","","",""
"P1K7","B.S. LOCUMS LTD","","","HEDGERAIL PHARMACY","ROGERS LANE","STOKE POGES","SLOUGH","","SL2 4LR","20080704","","","","","","","","","","","1","","","","",""
"P1K8","SHIRAZ & SONS LIMITED","","","DOSTHILL PHARMACY","57 HIGH STREET","DOSTHILL","TAMWORTH","","B77 1LG","20080604","","","","","","","","","","","1","","","","",""
"P1K9","MOHAMMED ASIM","","","ASIM'S CHEMISTS","14-16 COLWICK ROAD","","NOTTINGHAM","","NG2 4BU","20080701","","","","","","","","","","","1","","","","",""
"P1KC","LAMSON LIMITED","","","KEW PHARMACY","4 ELLENBROOK GREEN","","IPSWICH","","IP2 9RR","20080707","","","","","","","","","","","1","","","","",""
"P1KD","PHARMCET LTD","","","SPROTBROUGH VILLAGE PHARMACY","14 MAIN STREET","SPROTBROUGH","DONCASTER","","DN5 7RF","20080714","20240623","","","","","","","","","","1","","","","",""
"P1KF","4COURT HEALTHCARE LTD","","","BLACKBURN SERVICE STATION","WHALLEY BANKS","","BLACKBURN","","BB2 1NT","20080715","","","","","","","","","","","1","","","","",""
"P1KG","MR S REHMAN","","","ABBEYDALE PHARMACY","715 ABBEYDALE ROAD","","SHEFFIELD","","S7 2BE","20080707","20200831","","","","","","","","","","1","","","","",""
"P1KH","WOODHOUSE HEALTHCARE SERVICES LTD","","","WOODHOUSE PHARMACY","5 SKELTON LANE","WOODHOUSE","SHEFFIELD","","S13 7LY","20080721","20220608","","","","","","","","","","1","","","","",""
"P1KK","MEDICATION EVERY DAY SERVICES LIMITED","","","THE PHARMACY","240 CHICHESTER ROAD","","PORTSMOUTH","","PO2 0AU","20080701","","","","","","","","","","","1","","","","",""
"P1KM","LOCTECH PHARMACIA LIMITED","","","WELLCARE PHARMACY","WELLFIELD HOUSE","33 NEW HEY ROAD","HUDDERSFIELD","","HD3 4AL","20080728","","","","","","","","","","","1","","","","",""
"P1KN","LEADING 2 HEALTH LIMITED","","","SHELLEY'S CHEMIST","47 YARDLEY GREEN ROAD","BORDESLEY GREEN","BIRMINGHAM","","B9 5PU","20080719","","","","","","","","","","","1","","","","",""
"P1KQ","ANSER IQBAL","","","MIDDLESTOWN PHARMACY","97 NEW ROAD","MIDDLESTOWN","WAKEFIELD","","WF4 4NS","20080731","20250917","","","","","","","","","","1","","","","",""
"P1KR","MR NADEEM M YASIN","","","EASTON PHARMACY","116 STAPLETON ROAD","","BRISTOL","","BS5 0PS","20080810","","","","","","","","","","","1","","","","",""
"P1KT","GP CARE PHARMACY LTD","","","5 SOMERSET SQUARE","NAILSEA","","BRISTOL","","BS48 1RP","20080805","20190312","","","","","","","","","","1","","","","",""
"P1KV","PLATT BRIDGE CONSORTIUM LLP","","","LIVERPOOL ROAD PHARMACY","612 LIVERPOOL ROAD","PLATT BRIDGE","WIGAN","","WN2 5BB","20080731","","","","","","","","","","","1","","","","",""
"P1KW","VALINS (BURY) LTD","","","HUNTLEY MOUNT PHARMACY","HUNTLEY MOUNT ROAD","","BURY","","BL9 6JA","20080817","","","","","","","","","","","1","","","","",""
"P1KX","NP PHARM LTD","","","HOME GROUND PHARMACY","HOME GROUND SURGERY","THAMES AVENUE","SWINDON","","SN25 1QQ","20080804","20231016","","","","","","","","","","1","","","","",""
"P1KY","WATERTON PHARMACY LTD","","","FRAMFIELD MEDICAL CENTRE","IPSWICH ROAD","","WOODBRIDGE","","IP12 4FD","20080901","","","","","","","","","","","1","","","","",""
"P1L0","OJELACEUTICALS LIMITED","","","1 WHEELWRIGHT LANE","","","COVENTRY","","CV6 4HF","20120307","20190409","","","","","","","","","","1","","","","",""
"P1L2","THE MOUNTS PARTNERSHIP LTD","","","MOUNTS MEDICAL CENTRE","CAMPBELL STREET","","NORTHAMPTON","","NN1 3DS","20080901","","","","","","","","","","","1","","","","",""
"P1L2I","ARYAN PHARMA LIMITED","","","13 EDLOGAN SQUARE","CROESYCEILIOG","","CWMBRAN","","NP44 2NR","20240601","","","","","","","","","","","1","","","","",""
"P1L3","MR KASSIM KURJI","","","50 LINCOLN ROAD","","","PETERBOROUGH","","PE1 2RY","20080818","20240630","","","","","","","","","","1","","","","",""
"P1L6","MEDI PHARMACY LTD","","","LADY MARGARET ROAD","","","SOUTHALL","","UB1 2NH","20080829","20190305","","","","","","","","","","1","","","","",""
"P1L8","RAWNSLEY SURGERY LTD","","","RAWNSLEY ROAD","","","CANNOCK","","WS12 1JF","20080901","20190331","","","","","","","","","","1","","","","",""
"P1L9","A2Z HEALTHCARE (UK) LTD","","","196 NEW ROAD","RUBERY","REDNAL","BIRMINGHAM","","B45 9JA","20080901","","","","","","","","","","","1","","","","",""
"P1LA","PUDSEY CARE LLP","","","46 CHAPELTOWN","","","PUDSEY","","LS28 8BS","20080901","20170501","","","","","","","","","","1","","","","",""
"P1LC","MATRIX PRIMARY HEALTHCARE LTD","","","38 ARELEY COMMON","","","STOURPORT-ON-SEVERN","","DY13 0NQ","20080908","","","","","","","","","","","1","","","","",""
"P1LF","SUHAIB ABDULLAH","","","63 NABBS LANE","HUCKNALL","","NOTTINGHAM","","NG15 6NT","20080908","20190326","","","","","","","","","","1","","","","",""
"P1LG","PHARMACY CARE PLUS LIMITED","","","236 QUEENS ROAD","","","HALIFAX","","HX1 4NE","20080804","","","","","","","","","","","1","","","","",""
"P1LH","LATENITE LIMITED","","","351 DUDLEY ROAD","WINSON GREEN","","BIRMINGHAM","","B18 4HB","20080821","20230403","","","","","","","","","","1","","","","",""
"P1LK","MR J MCCONVILLE","","","CATTS ALLEY","","","SNODLAND","","ME6 5SN","20080915","20190409","","","","","","","","","","1","","","","",""
"P1LL","YPG PROJECT LTD","","","95-97 PRIORY ROAD","","","DUDLEY","","DY1 4EH","20080915","","","","","","","","","","","1","","","","",""
"P1LM","AASH PHARM LTD","","","148 HORN LANE","ACTON","","LONDON","","W3 6PG","20080911","","","","","","","","","","","1","","","","",""
"P1LN","WINSHILL PHARMACY LIMITED","","","MELBOURNE AVENUE","","","BURTON-ON-TRENT","","DE15 0EP","20080929","20190212","","","","","","","","","","1","","","","",""
"P1LP","ANJI'S PHARMACY LIMITED","","","335 LEA BRIDGE ROAD","","","LONDON","","E10 7LA","20081001","","","","","","","","","","","1","","","","",""
"P1LQ","VALE PHARMA LIMITED","","","68 STAINLAND ROAD","GREETLAND","","HALIFAX","","HX4 8BD","20081001","","","","","","","","","","","1","","","","",""
"P1LR","CALEA UK LIMITED","","","CESTRIAN COURT","EASTGATE WAY","MANOR PARK","RUNCORN","","WA7 1NT","20081001","","","","","","","","","","","1","","","","",""
"P1LT","MR AKSHAY PATEL","","","10-11 REGENT SQUARE","","","NORTHAMPTON","","NN1 2NQ","20080903","20220629","","","","","","","","","","1","","","","",""
"P1LW","BLACKWELL MEDICAL SERVICES LTD","","","BLACKWELL MEDICAL CENTRE","6 GLOVES LANE","BLACKWELL","ALFRETON","","DE55 5JJ","20081006","20190305","","","","","","","","","","1","","","","",""
"P1LY","FLAGSHIP (DORSET) LTD","","","20 HOGSHILL STREET","","","BEAMINSTER","","DT8 3AA","20081001","","","","","","","","","","","1","","","","",""
"P1M0","MEDICAL SPECIALISTS PHARMACY","","","WESTMINSTER HOUSE","49 KNOWSLEY STREET","","BURY","","BL9 0ST","20120328","20200302","","","","","","","","","","1","","","","",""
"P1M1","MARLBOROUGH UK LTD","","","B LEUNG","99 KENNINGTON LANE","","LONDON","","SE11 4HQ","20081001","","","","","","","","","","","1","","","","",""
"P1M2","MISS BITA FAIZOLLAHI","","","THOMSON CRAIG","70-72 WALM LANE","","LONDON","","NW2 4RA","20080901","","","","","","","","","","","1","","","","",""
"P1M5","R CHANDARANA","","","2 THE GREAT BRIDGE CENTRE","CHARLES STREET","","WEST BROMWICH","","B70 0BF","20081015","","","","","","","","","","","1","","","","",""
"P1M6","HAYDON BRIDGE PHARMACY LIMITED","","","5 CHURCH STREET","HAYDON BRIDGE","","HEXHAM","","NE47 6JG","20081020","20250731","","","","","","","","","","1","","","","",""
"P1M7","IMAAN LTD","","","UNIT 2","GREEN LANE","NEW TUPTON","CHESTERFIELD","","S42 6BH","20081027","","","","","","","","","","","1","","","","",""
"P1M8","MR DN DESAI","","","ANDREW BASS PHARMACY","1148 GREEN LANE","BEACONTREE HEATH","DAGENHAM","","RM8 1BP","20081101","20201030","","","","","","","","","","1","","","","",""
"P1MC","WESTLEE LTD","","","41 HIGH STREET","NAVENBY","","LINCOLN","","LN5 0DZ","20081106","","","","","","","","","","","1","","","","",""
"P1MD","REGINA TAMJIDI","","","67 SCROOBY ROAD","HARWORTH","","DONCASTER","","DN11 8JN","20081110","20230423","","","","","","","","","","1","","","","",""
"P1MF","RUDGWICK HEALTHCARE LTD","","","TISMANS VIEW","CHURCH STREET","RUDGWICK","HORSHAM","","RH12 3HA","20081101","","","","","","","","","","","1","","","","",""
"P1MG","DIRECT HEALTHCARE LTD","","","UNIT 8 SPON LANE IND EST","SPRING ROAD","","SMETHWICK","","B66 1PE","20081101","20190430","","","","","","","","","","1","","","","",""
"P1MH","GREEN EMERALD INVESTMENTS LTD","","","115 NARBOROUGH ROAD","","","LEICESTER","","LE3 0PA","20081114","20260202","","","","","","","","","","1","","","","",""
"P1MJ","UNG LIMITED","","","UNIT 3, 469 MANCHESTER ROAD","LOSTOCK GRALAM","","NORTHWICH","","CW9 7QB","20081117","","","","","","","","","","","1","","","","",""
"P1MK","MYCHEM LTD","","","12A EAST STREET","TOLLESBURY","","MALDON","","CM9 8QD","20081117","","","","","","","","","","","1","","","","",""
"P1ML","FLOORTARGET LTD","","","26 GREENSIDE","BARBER SQUARE","","HECKMONDWIKE","","WF16 9QQ","20081111","20190227","","","","","","","","","","1","","","","",""
"P1MM","PEVENSEY LTD","","","109 ROSENDALE ROAD","","","LONDON","","SE21 8EZ","20081108","","","","","","","","","","","1","","","","",""
"P1MN","LONG CLAWSON MEDICAL SERVICE LTD","","","LONG CLAWSON MEDICAL PRACTICE","THE SANDS","LONG CLAWSON","MELTON MOWBRAY","","LE14 4PA","20081103","","","","","","","","","","","1","","","","",""
"P1MP","AIM RX LTD","","","98 HIGH STREET","GOLBORNE","","WARRINGTON","","WA3 3DA","20081201","","","","","","","","","","","1","","","","",""
"P1MQ","MR DILJIT SINGH BAGHRA","","","234 ASTILL LODGE ROAD","ANSTEY HEIGHTS","","LEICESTER","","LE4 1EF","20081201","","","","","","","","","","","1","","","","",""
"P1MR","JASMI LIMITED","","","406 KINGSLAND ROAD","","","LONDON","","E8 4AA","20081101","","","","","","","","","","","1","","","","",""
"P1MT","MEDICHEST LTD","","","2-3 BERRYMOOR COURT","BERRYMOOR ROAD","","WELLINGBOROUGH","","NN8 2DL","20081101","","","","","","","","","","","1","","","","",""
"P1MW","FOREST MEDICAL SERVICES LTD","","","MILL LANE","HEADLEY","","BORDON","","GU35 8LH","20081209","","","","","","","","","","","1","","","","",""
"P1MY","WAYPOWER LIMITED","","","GREGORY OLIVER PHARMACY","453 PORTERS AVENUE","","DAGENHAM","","RM9 4ND","20081215","20190305","","","","","","","","","","1","","","","",""
"P1N0","SAMEER PATEL","","","130 DUKE STREET","","","ST. HELENS","","WA10 2JL","20120402","20250205","","","","","","","","","","1","","","","",""
"P1N2","ST ALDHELM'S PHARMACY LIMITED","","","FROME HEALTH CENTRE","ENOS WAY","","FROME","","BA11 2FH","20120330","","","","","","","","","","","1","","","","",""
"P1N3","NOORANI & SON LIMITED","","","NORTHLANDS SURGERY","30-32 NORTH STREET","","CALNE","","SN11 0HH","20120401","20210203","","","","","","","","","","1","","","","",""
"P1N4","PRIMARY HEALTHCARE PLUS LIMITED","","","81 LIVERPOOL ROAD","FORMBY","","LIVERPOOL","","L37 6BU","20120402","","","","","","","","","","","1","","","","",""
"P1N5","GREEN CROSS CONSULTING LIMITED","","","FARNHAM ROAD SURGERY","301 FARNHAM ROAD","","SLOUGH","","SL2 1HD","20120301","20190813","","","","","","","","","","1","","","","",""
"P1N6","TEBI HEALTH LIMITED","","","37 GRANVILLE ROAD","","","BLACKBURN","","BB2 6HD","20120326","","","","","","","","","","","1","","","","",""
"P1N7","MR DIVYAKANT MAZNY","","","292 WEST END ROAD","","","RUISLIP","","HA4 6LS","20120404","","","","","","","","","","","1","","","","",""
"P1N8","MEDICSTAR (UK) LIMITED","","","334 MANCHESTER ROAD","WEST TIMPERLEY","","ALTRINCHAM","","WA14 5NH","20120401","","","","","","","","","","","1","","","","",""
"P1N9","KARSONS PHARMACY LTD","","","1 MAIN ROAD","","","ONCHAN","","IM3 1BA","20120322","","","","","","","","","","","1","","","","",""
"P1NA","THE BATH PHARMACY COMPANY LIMITED","","","UNIT 20","BURNETT BUSINESS PARK","GYPSY LANE, KEYNSHAM","BRISTOL","","BS31 2ED","20120410","","","","","","","","","","","1","","","","",""
"P1NC","U MIR PHARMA LTD","","","UNIT 10","CROFT ROAD INDUSTRIAL ESTATE","","NEWCASTLE","","ST5 0TW","20120402","","","","","","","","","","","1","","","","",""
"P1ND","EURO GARAGES LIMITED","","","BEEHIVE TRADING PARK","HASLINGDEN ROAD","","BLACKBURN","","BB1 2EE","20120404","20241121","","","","","","","","","","1","","","","",""
"P1NE","NGS PHARMA LTD","","","39 CHAPEL ROAD","WEST BERGHOLT","","COLCHESTER","","CO6 3JB","20120402","","","","","","","","","","","1","","","","",""
"P1NF","BIRCHWOOD EA LIMITED","","","BIRCHWOOD MEDICAL PRACTICE","20 PARK LANE","","NORTH WALSHAM","","NR28 0BQ","20120410","","","","","","","","","","","1","","","","",""
"P1NG","YASIN IBRAHIM","","","185 ROCHDALE ROAD","","","BURY","","BL9 7BB","20120409","","","","","","","","","","","1","","","","",""
"P1NJ","MR FAHEEM AHMED","","","2 MARKET SQUARE","","","BICESTER","","OX26 6AA","20120416","","","","","","","","","","","1","","","","",""
"P1NK","ZAIMRA LTD","","","2 SOMERSET HOUSE","SOMERSET AVENUE","","BRIGHOUSE","","HD6 3TR","20120416","","","","","","","","","","","1","","","","",""
"P1NL","NO.8 GROUP (MIDLANDS) LIMITED","","","87 LONG STREET","","","ATHERSTONE","","CV9 1BB","20120425","","","","","","","","","","","1","","","","",""
"P1NM","FARMACEUTICS HEALTHCARE LIMITED","","","67 COLNE ROAD","BRIERFIELD","","NELSON","","BB9 5NP","20120420","20180808","","","","","","","","","","1","","","","",""
"P1NN","M&H PHARMA LIMITED","","","45C HIGH STREET","","","OAKHAM","","LE15 6AJ","20120421","","","","","","","","","","","1","","","","",""
"P1NP","PILL BOX CHEMISTS LIMITED","","","1-3 ALEXANDRA ROAD","ENGLEFIELD GREEN","","EGHAM","","TW20 0RR","20120410","20190312","","","","","","","","","","1","","","","",""
"P1NQ","DALEMARK LIMITED","","","HEATH BUSINESS PARK","COAL PIT LANE","WOLSTON","COVENTRY","","CV8 3GB","20120423","","","","","","","","","","","1","","","","",""
"P1NR","CONSULT 24/7 LTD","","","172 TRING ROAD","","","AYLESBURY","","HP20 1JR","20120410","","","","","","","","","","","1","","","","",""
"P1NT","MR JOSEPH TERENCE WATSON","","","UNIT 18","ALEXANDRA CENTRE","PARKGATE","ROTHERHAM","","S62 6JE","20120420","","","","","","","","","","","1","","","","",""
"P1NW","SECURICARE (MEDICAL) LIMITED","","","COMPASS HOUSE","KNAVES BEECH WAY","LOUDWATER","HIGH WYCOMBE","","HP10 9QY","20120502","20240811","","","","","","","","","","1","","","","",""
"P1NX","MOHAMMED SAEED-KHAN","","","168 ROUNDHAY ROAD","","","LEEDS","","LS8 5PL","20120501","","","","","","","","","","","1","","","","",""
"P1NY","MR UMER BHUTA","","","833 MOSS BANK WAY","","","BOLTON","","BL1 5SN","20120426","20201019","","","","","","","","","","1","","","","",""
"P1P0","RED OAK HEALTHCARE LIMITED","","","75 FAGLEY ROAD","","","BRADFORD","","BD2 3LS","20120427","","","","","","","","","","","1","","","","",""
"P1P2","SHIFA MEDICAL LIMITED","","","225 CHAPELTOWN ROAD","","","LEEDS","","LS7 3DX","20120430","","","","","","","","","","","1","","","","",""
"P1P4","MR ZULFIQAR ALI JAFRY","","","120 CITY ROAD","","","BRADFORD","","BD8 8JT","20120504","","","","","","","","","","","1","","","","",""
"P1P5","HEALTH-CHEM LIMITED","","","354 WESTDALE LANE","MAPPERLEY","","NOTTINGHAM","","NG3 6ET","20120427","","","","","","","","","","","1","","","","",""
"P1P6","MOORSIDE PHARMA LIMITED","","","124 UNDERCLIFFE ROAD","","","BRADFORD","","BD2 3BN","20120430","","","","","","","","","","","1","","","","",""
"P1P7","MIDDLEFORTH LIMITED","","","88-90 LEYLAND ROAD","PENWORTHAM","","PRESTON","","PR1 9QJ","20120401","","","","","","","","","","","1","","","","",""
"P1P8","MR S SAINI","","","9 HIGH STREET","WALSALL WOOD","","WALSALL","","WS9 9LR","20120501","","","","","","","","","","","1","","","","",""
"P1P9","CHURCH STREET HEALTHCARE LIMITED","","","DAVID CORBET HOUSE","2 CALLOWS LANE","","KIDDERMINSTER","","DY10 2JG","20120507","","","","","","","","","","","1","","","","",""
"P1PA","PHARMACEE SERVICES LTD","","","9 CHELLS INDUSTRIAL UNITS","CHELLS WAY","","STEVENAGE","","SG2 0LQ","20120515","","","","","","","","","","","1","","","","",""
"P1PD","EVEREST HEALTHCARE LTD","","","496 WILBRAHAM ROAD","CHORLTON CUM HARDY","","MANCHESTER","","M21 9AS","20120526","","","","","","","","","","","1","","","","",""
"P1PE","MAYLANDSEA DISPENSING LTD","","","IMPERIAL AVENUE","MAYLANDSEA","","CHELMSFORD","","CM3 6AH","20120524","","","","","","","","","","","1","","","","",""
"P1PF","HG HEALTHCARE LIMITED","","","82-84 HORTON GRANGE ROAD","","","BRADFORD","","BD7 3AQ","20120528","","","","","","","","","","","1","","","","",""
"P1PG","KEIRBY HEALTHCARE LIMITED","","","56-58 KEIRBY WALK","","","BURNLEY","","BB11 2DE","20120528","20190312","","","","","","","","","","1","","","","",""
"P1PH","AL-GHANI LIMITED","","","195A LUMB LANE","","","BRADFORD","","BD8 7SG","20120521","","","","","","","","","","","1","","","","",""
"P1PJ","GLOBAL MEDICINES LTD","","","8 COPSON STREET","","","MANCHESTER","","M20 3HE","20120601","","","","","","","","","","","1","","","","",""
"P1PL","BILLAZE LIMITED","","","364 CRICKLEWOOD LANE","","","LONDON","","NW2 2QJ","20120622","","","","","","","","","","","1","","","","",""
"P1PM","WB HEALTHCARE LTD","","","154 BORDESLEY GREEN ROAD","","","BIRMINGHAM","","B8 1BY","20120604","","","","","","","","","","","1","","","","",""
"P1PN","RSA & CO LIMITED","","","20 UPDOWN HILL","","","WINDLESHAM","","GU20 6AF","20120601","","","","","","","","","","","1","","","","",""
"P1PP","KIRPAL SINGH SONDHI","","","197 ALCESTER ROAD","MOSELEY","","BIRMINGHAM","","B13 8PX","20120601","","","","","","","","","","","1","","","","",""
"P1PQ","SHAHID IQBAL","","","1518 STRATFORD ROAD","HALL GREEN","","BIRMINGHAM","","B28 9ET","20120608","","","","","","","","","","","1","","","","",""
"P1PR","KTRADE LIMITED","","","17 STATION PARADE","","","BARKING","","IG11 8ED","20120617","","","","","","","","","","","1","","","","",""
"P1PT","MEDIPHARMA HEALTHCARE LTD","","","805-807 STRATFORD ROAD","SPARKHILL","","BIRMINGHAM","","B11 4DA","20120606","","","","","","","","","","","1","","","","",""
"P1PV","Z TAHIR LIMITED","","","1 WEST VIEW","STATION ROAD","BARDNEY","LINCOLN","","LN3 5UB","20120601","","","","","","","","","","","1","","","","",""
"P1PW","PHARMASIA8 LIMITED","","","195 BRAMLEY ROAD","SOUTHGATE","","LONDON","","N14 4XA","20120602","","","","","","","","","","","1","","","","",""
"P1PX","PRAYOSHA HEALTHCARE LIMITED","","","UNIT D&E IWADE VILLAGE CENTRE","THE STREET","IWADE","SITTINGBOURNE","","ME9 8SH","20120501","","","","","","","","","","","1","","","","",""
"P1Q0","MANPRA LIMITED","","","336 EASTCOTE LANE","","","HARROW","","HA2 9AJ","20120611","","","","","","","","","","","1","","","","",""
"P1Q1","B & R VISION LIMITED","","","72 HIGH STREET","ACTON","","LONDON","","W3 6LE","20120620","","","","","","","","","","","1","","","","",""
"P1Q2","MOHAMMAD TAHIR COMRAN","","","51 HUGHENDEN ROAD","","","HIGH WYCOMBE","","HP13 5HS","20120601","20241031","","","","","","","","","","1","","","","",""
"P1Q3","PP & B (HINCKLEY) LIMITED","","","2ND FLOOR","25 COTON ROAD","","NUNEATON","","CV11 5TW","20120601","","","","","","","","","","","1","","","","",""
"P1Q4","REVEL HEALTHCARE SERVICES LIMITED","","","REVEL SURGERY","BROAD STREET","BRINKLOW","RUGBY","","CV23 0LN","20120620","","","","","","","","","","","1","","","","",""
"P1Q5","CLINICPHARMA LIMITED","","","UNIT 11 AVION CENTRE","BARGATE DRIVE","","WOLVERHAMPTON","","WV6 0QW","20120620","","","","","","","","","","","1","","","","",""
"P1Q6","SHREE MEDICINES LIMITED","","","179 BLACKSTOCK ROAD","","","LONDON","","N5 2LL","20120611","","","","","","","","","","","1","","","","",""
"P1Q7","L&P 242 LIMITED","","","3 COTTINGLEY VALE","COTTINGLEY","","LEEDS","","LS11 0JY","20120610","","","","","","","","","","","1","","","","",""
"P1Q8","RUSHPORT ADVISORY LLP","","","CROSS COURT SHOPS","PLOMER GREEN AVENUE","DOWNLEY","HIGH WYCOMBE","","HP13 5UW","20120618","","","","","","","","","","","1","","","","",""
"P1QA","MR M IJAZ","","","CHEADLE HEATH PHARMACY","238 STOCKPORT ROAD","","STOCKPORT","","SK3 0LX","20120627","20200316","","","","","","","","","","1","","","","",""
"P1QC","THE UPTON HEALTHCARE ALLIANCE LIMITED","","","THE VILLAGE PHARMACY","45 MERCIAN WAY","","SLOUGH","","SL1 5ND","20120627","","","","","","","","","","","1","","","","",""
"P1QD","SINGH PHARMA LIMITED","","","OTLEY PHARMACY","14A MARKET PLACE","","OTLEY","","LS21 3AQ","20120627","","","","","","","","","","","1","","","","",""
"P1QF","MR MAYUR PALA & MR KULVINDER DOSANJH","","","STONEYCROFT CHEMIST","41 FRANCIS STREET","","LEICESTER","","LE2 2BE","20120701","","","","","","","","","","","1","","","","",""
"P1QH","OAKFIELD PHARMA LIMITED","","","OAKFIELD PHARMACY","96 OAKFIELD ROAD","WHICKHAM","NEWCASTLE UPON TYNE","","NE16 5QU","20120701","","","","","","","","","","","1","","","","",""
"P1QJ","ASIANSBURY LIMITED","","","WEMBLEY PHARMACY","183 EALING ROAD","","WEMBLEY","","HA0 4TH","20120704","","","","","","","","","","","1","","","","",""
"P1QK","IPSA PHARMACY LIMITED","","","IPSA PHARMACY, 7 HARBEN PARADE","FINCHLEY ROAD","HAMPSTEAD","LONDON","","NW3 6JP","20120711","20191101","","","","","","","","","","1","","","","",""
"P1QL","MONKBAR PHARMACY LTD","","","MONKBAR PHARMACY","3 GOODRAMGATE","","YORK","","YO1 7LJ","20120706","","","","","","","","","","","1","","","","",""
"P1QN","VINEYARD PHARMACY LIMITED","","","VINEYARD PHARMACY","241 ELGIN AVENUE","","LONDON","","W9 1NJ","20120625","","","","","","","","","","","1","","","","",""
"P1QP","NUTRICHEM LTD","","","REEMS PHARMACY","107 UXBRIDGE ROAD","","HARROW","","HA3 6DN","20120718","","","","","","","","","","","1","","","","",""
"P1QQ","WHITEHAVEN HEALTHCARE LTD","","","WHITEHAVEN LATE NIGHT PHARMACY","UNIT 1, LOWTHER BUILDINGS","LOWTHER STREET","WHITEHAVEN","","CA28 7DG","20120716","","","","","","","","","","","1","","","","",""
"P1QT","EZCT LIMITED","","","AIREDALE PHARMACY","ELIZABETH COURT","ELIZABETH DRIVE","CASTLEFORD","","WF10 3TG","20120718","","","","","","","","","","","1","","","","",""
"P1QV","BARKEREND PHARMACY LIMITED","","","BARKEREND PHARMACY","489 BARKEREND ROAD","","BRADFORD","","BD3 8QX","20120718","20181017","","","","","","","","","","1","","","","",""
"P1QW","ALEXANDER RICHARD HADDY","","","CARLETON IN CRAVEN PHARMACY","OLD COBBLERS COTTAGE","WEST ROAD, CARLETON","SKIPTON","","BD23 3DT","20120716","20260330","","","","","","","","","","1","","","","",""
"P1QX","WESTCLIFF MEDICINES LIMITED","","","WESTCLIFF PHARMACY","POOLE ROAD MEDICAL CENTRE","7 POOLE ROAD, WESTBOURNE","BOURNEMOUTH","","BH2 5QR","20120718","","","","","","","","","","","1","","","","",""
"P1QY","PBS ENTERPRISE LIMITED","","","119 BATH ROAD","","","HOUNSLOW","","TW3 3BT","20120720","","","","","","","","","","","1","","","","",""
"P1R1","HARLOW HEALTHCARE LIMITED","","","GROUND FLR","WYCH ELM HOUSE","HAMSTEL ROAD","HARLOW","","CM20 1QR","20120717","","","","","","","","","","","1","","","","",""
"P1R2","IPHARM (UK) LTD","","","UNIT 4","11 JAMESON ROAD","ASTON","BIRMINGHAM","","B6 7SJ","20120716","","","","","","","","","","","1","","","","",""
"P1R3","REHMAN ENTERPRISES LTD","","","2 YORK ROAD","","","SHEFFIELD","","S9 5DH","20120725","","","","","","","","","","","1","","","","",""
"P1R4","BLUEBELL HEALTHCARE SERVICES","","","122 WINCOBANK AVENUE","","","SHEFFIELD","","S5 6BB","20120723","20200630","","","","","","","","","","1","","","","",""
"P1R7","FAIRVIEW PHARMACY LIMITED","","","FAIRVIEW PHARMACY","293-295 BURNT OAK BROADWAY","","EDGWARE","","HA8 5ED","20120701","","","","","","","","","","","1","","","","",""
"P1R9","PRISTINE HEALTH LTD","","","BELL PHARMACY","534 ROMAN ROAD","BOW","LONDON","","E3 5ES","20120801","20171002","","","","","","","","","","1","","","","",""
"P1RC","HI-JI LIMITED","","","MASTERS PHARMACY","176 SHOOTERS HILL ROAD","BLACKHEATH","LONDON","","SE3 8RP","20120801","","","","","","","","","","","1","","","","",""
"P1RD","ROSEBERY HEALTHCARE LLP","","","ROSEBERY PHARMACY","ROSEBERY HEALTH CENTRE","ROSEBERY STREET","LOUGHBOROUGH","","LE11 5DX","20120808","","","","","","","","","","","1","","","","",""
"P1RE","SGBSYP LIMITED","","","OAKLEY PHARMACY","4 CHARTER COURT","OAKLEY VALE NEIGHBOURHOOD CENTRE","CORBY","","NN18 8QT","20120802","","","","","","","","","","","1","","","","",""
"P1RF","RAZA MEDICS LIMITED","","","351 DUNSTABLE ROAD","","","LUTON","","LU4 8BY","20120815","","","","","","","","","","","1","","","","",""
"P1RG","DAYCHEM LTD","","","HADWEN PRACTICE","GLEVUM WAY","ABBEYDALE","GLOUCESTER","","GL4 4BL","20120815","","","","","","","","","","","1","","","","",""
"P1RJ","TOTAL LINK LTD","","","78 BURNLEY ROAD","","","LONDON","","NW10 1EJ","20120815","","","","","","","","","","","1","","","","",""
"P1RK","TUFFLEY HEALTHCARE LIMITED","","","16 SEVENTH AVENUE","TUFFLEY","","GLOUCESTER","","GL4 0EB","20120822","","","","","","","","","","","1","","","","",""
"P1RL","MR IAN GREENEP","","","38 WOOLMER WAY","","","BORDON","","GU35 9QF","20120813","20191014","","","","","","","","","","1","","","","",""
"P1RN","ALCHEMY PHARMACEUTICALS LTD","","","ST. GEORGES MEDICAL CENTRE","2A PARSONS LANE","LITTLEPORT","ELY","","CB6 1JU","20120822","","","","","","","","","","","1","","","","",""
"P1RP","JS LOCUM SERVICES LIMITED","","","36 AVONDALE AVENUE","PENSHAW","","HOUGHTON LE SPRING","","DH4 7QS","20120822","","","","","","","","","","","1","","","","",""
"P1RQ","MIALL SMITH LIMITED","","","110 PEARTREE LANE","","","WELWYN GARDEN CITY","","AL7 3UJ","20120815","","","","","","","","","","","1","","","","",""
"P1RT","SHARPS HEALTHCARE LTD","","","26 COOMBE ROAD","","","BRIGHTON","","BN2 4EA","20080128","","","","","","","","","","","1","","","","",""
"P1RW","MT BALRAJ SINGH ATWAL","","","134 BUCKINGHAM CRESCENT","","","BICESTER","","OX26 4HB","20120829","20250528","","","","","","","","","","1","","","","",""
"P1S1U","K & L HEALTHCARE HOLDINGS LIMITED","","","KENNEDY WAY SURGERY","KENNEDY WAY","YATE","BRISTOL","","BS37 4AA","20210526","","","","","","","","","","","1","","","","",""
"P1T0","FAIRBREAK LIMITED","","","278 CHURCH ROAD","HAYDOCK","","ST. HELENS","","WA11 0LF","20120905","20170920","","","","","","","","","","1","","","","",""
"P1T1","WHEATFIELD LIMITED","","","60 WHEATFIELD ROAD","","","LUTON","","LU4 0TR","20120903","","","","","","","","","","","1","","","","",""
"P1T2","SALUS PHARMACY LIMITED","","","62A HAVANNAH STREET","","","CONGLETON","","CW12 2AT","20120901","","","","","","","","","","","1","","","","",""
"P1T3","NKD HEALTHCARE LIMITED","","","12 ROTUNDA TERRACE","MONTPELLIER STREET","","CHELTENHAM","","GL50 1SW","20120831","","","","","","","","","","","1","","","","",""
"P1T4","PHARMACAREUK LIMITED","","","46 WOODSLEY ROAD","","","LEEDS","","LS3 1DT","20120905","","","","","","","","","","","1","","","","",""
"P1T5","FIRSTLINE PHARMACY LTD","","","54 LONG CHAULDEN","","","HEMEL HEMPSTEAD","","HP1 2HX","20120901","","","","","","","","","","","1","","","","",""
"P1T7","WISE PHARMACIES LIMITED","","","11 LONDON ROAD","","","SANDBACH","","CW11 3BD","20120823","","","","","","","","","","","1","","","","",""
"P1TA","APPLETREE HEALTHCARE LTD","","","CRAILMAY PHARMACY","70 GREEN STREET","FOREST GATE","LONDON","","E7 8JG","20120901","20230331","","","","","","","","","","1","","","","",""
"P1TC","HJ EVERETT (CHEMIST) LIMITED","","","DRUMMOND COMMUNITY CENTRE","DRUMMOND ROAD, HEDGE END","","SOUTHAMPTON","","SO30 2AD","20120910","20190409","","","","","","","","","","1","","","","",""
"P1TD","AUM HEALTH SERVICES LTD","","","12 HOLLINGBURY PLACE","","","BRIGHTON","","BN1 7GE","20120910","","","","","","","","","","","1","","","","",""
"P1TE","TWELVERS LINK LTD","","","4-6 BRIDGE STREET","","","FORDINGBRIDGE","","SP6 1AH","20120919","","","","","","","","","","","1","","","","",""
"P1TG","TRINITY PHARMA LTD","","","COCKERMOUTH HOSPITAL","ISEL ROAD","","COCKERMOUTH","","CA13 9HT","20120926","","","","","","","","","","","1","","","","",""
"P1TJ","PHARMACY MEDICINES LTD","","","11 FENLAKE BUSINESS CTRE","FENGATE","","PETERBOROUGH","","PE1 5BQ","20121001","","","","","","","","","","","1","","","","",""
"P1TK","MSN PHARM LTD","","","28 CLAREMONT HILL","","","SHREWSBURY","","SY1 1RD","20121001","","","","","","","","","","","1","","","","",""
"P1TM","WM BROWN (KINGSHURST) LIMITED","","","UNIT 6","AMPHION BUSINESS PARK","SILVERSTONE DRIVE","COVENTRY","","CV6 6PD","20120928","20190409","","","","","","","","","","1","","","","",""
"P1TN","AQUA PHARMACY LTD","","","UNIT 2, ATHENA HALL","DUKE STREET","","IPSWICH","","IP1 1DG","20120926","","","","","","","","","","","1","","","","",""
"P1TP","SPHN&M LIMITED","","","15 ST. PETERS HILL","","","GRANTHAM","","NG31 6QA","20120915","","","","","","","","","","","1","","","","",""
"P1TR","LONG EATON HEALTHCARE LTD","","","THE MOIR MEDICAL CENTRE","REGENT STREET","LONG EATON","NOTTINGHAM","","NG10 1QQ","20120901","","","","","","","","","","","1","","","","",""
"P1TT","TELEPHONE HOUSE LIMITED","","","71 HIGH STREET","","","SOUTHAMPTON","","SO14 2NW","20121001","","","","","","","","","","","1","","","","",""
"P1TV","BEACON PRIMARY HEALTHCARE LTD","","","BEACON PHARMACY","SKEGNESS ROAD","INGOLDMELLS","SKEGNESS","","PE25 1JL","20121008","20250331","","","","","","","","","","1","","","","",""
"P1TW","AHMEYS LIMITED","","","AHMEYS MIDNIGHT PHARMACY","150 OXFORD ROAD","COWLEY","OXFORD","","OX4 2EA","20121006","20170511","","","","","","","","","","1","","","","",""
"P1TY","SUMMERSDALE PHARMACY LTD","","","SUMMERSDALE PHARMACY","LAVANT ROAD SURGERY","8 LAVANT ROAD","CHICHESTER","","PO19 5RH","20121001","","","","","","","","","","","1","","","","",""
"P1U4B","JAHAN HEALTHCARE LIMITED","","","578 MILE END ROAD","","","LONDON","","E3 4PH","20240124","","","","","","","","","","","1","","","","",""
"P1V0","SAEED LTD","","","MOORCLOSE PHARMACY","UNIT 6,MOORCLOSE RD/ABOUT","MOORCLOSE","WORKINGTON","","CA14 3RW","20121010","20190326","","","","","","","","","","1","","","","",""
"P1V1","HYIRIS LTD","","","2-8 LONGFORD ROAD","LONGFORD","","COVENTRY","","CV6 6DX","20121017","","","","","","","","","","","1","","","","",""
"P1V2","GREEN CROSS CHEMISTS LTD","","","237 OAKBROOK ROAD","","","SHEFFIELD","","S11 7EB","20121008","","","","","","","","","","","1","","","","",""
"P1V3","QUAYDISE PHARMACY LTD","","","GOSFORTH STREET","","","NEWCASTLE UPON TYNE","","NE2 1XT","20121001","20190312","","","","","","","","","","1","","","","",""
"P1V4","MIDSOMER DISPENSING LTD","","","MIDSOMER PHARMACY","98 HIGH STREET","MIDSOMER NORTON","RADSTOCK","","BA3 2DE","20121024","","","","","","","","","","","1","","","","",""
"P1V5","MUTAMBSN LTD","","","KINGSWAY PHARMACY","GROUND FLOOR SHOP,5 KINGSWAY PARADE","HUYTON","LIVERPOOL","","L36 2QA","20121018","","","","","","","","","","","1","","","","",""
"P1V5V","WAVE HEALTHCARE LTD","","","THE STRAND","","","SAUNDERSFOOT","","SA69 9ES","20240828","","","","","","","","","","","1","","","","",""
"P1V6","SJB AND AVP LTD","","","SPRING ROAD PHARMACY","203 SPRING ROAD","","IPSWICH","","IP4 5NQ","20121024","","","","","","","","","","","1","","","","",""
"P1V7","HST HEALTHCARE LIMITED","","","CHURCHVIEW PHARMACY","249 HALESOWEN ROAD","","CRADLEY HEATH","","B64 6JD","20121024","","","","","","","","","","","1","","","","",""
"P1V8","FAHIM SAMRI","","","ROCHFORD PHARMACY","33 WEST STREET","","ROCHFORD","","SS4 1BE","20121001","","","","","","","","","","","1","","","","",""
"P1V9","STERLING SQUARE LTD","","","22 NEWCHURCH ROAD","","","ROSSENDALE","","BB4 7QX","20121011","","","","","","","","","","","1","","","","",""
"P1VA","I-DISPENSE LIMITED","","","UNIT 15","PINFOLD INDUSTRIAL ESTATE","FIELD CLOSE, BLOXWICH","WALSALL","","WS3 3JS","20121031","","","","","","","","","","","1","","","","",""
"P1VC","MR GOWARDHAN KOTRA","","","A10 MEADOWBANK IND EST","HARRISON STREET","","ROTHERHAM","","S61 1EE","20121024","","","","","","","","","","","1","","","","",""
"P1VD","UK PHARMASERVICES LTD","","","278 KEIGHLEY ROAD","","","BRADFORD","","BD9 4LH","20121031","20190407","","","","","","","","","","1","","","","",""
"P1VE","LEEGATE PHARMA LIMITED","","","18 LEEGATE","LEE","","LONDON","","SE12 8SS","20121018","","","","","","","","","","","1","","","","",""
"P1VF","ADVANCE PHARMA LTD","","","246A WEDNESBURY ROAD","","","WALSALL","","WS2 9QN","20121031","","","","","","","","","","","1","","","","",""
"P1VG","MICHAEL LORD","","","UNIT 61","THE GUINEAS SHOPPING CTR","","NEWMARKET","","CB8 8EQ","20121107","20230531","","","","","","","","","","1","","","","",""
"P1VJ","SAFFRON APOTHECARIES (LEICESTER) LIMITED","","","40-42 WOOD STREET","EARL SHILTON","","LEICESTER","","LE9 7ND","20121101","20190409","","","","","","","","","","1","","","","",""
"P1VK","HARROGATE HEALTHCARE LLP","","","28-30 KINGS ROAD","","","HARROGATE","","HG1 5JP","20121105","20190813","","","","","","","","","","1","","","","",""
"P1VL","JACKSON'S OF SEACOMBE LIMITED","","","118 ST PAULS ROAD","","","WALLASEY","","CH44 7AW","20121031","20191008","","","","","","","","","","1","","","","",""
"P1VM","SB PHARMA LTD","","","129 EAST END ROAD","EAST FINCHLEY","","LONDON","","N2 0SZ","20121027","","","","","","","","","","","1","","","","",""
"P1VP","NAVID KALEEM","","","1-5- NORFOLK STREET","SHELTON","","STOKE-ON-TRENT","","ST1 4PB","20121105","","","","","","","","","","","1","","","","",""
"P1VQ","MEDICHEM (WIBSEY) LIMITED","","","WIBSEY & QUEENSBURY M/C","FAIR ROAD","","BRADFORD","","BD6 1TD","20121105","20260405","","","","","","","","","","1","","","","",""
"P1VR","IA EAST MIDLANDS LTD","","","MOINS CHEMIST","11-15 COVENTRY ROAD","","MARKET HARBOROUGH","","LE16 9BX","20121109","","","","","","","","","","","1","","","","",""
"P1VT","NASSLAM LTD","","","NASSLAM PHARMACY","19 EDGWARE ROAD","","LONDON","","W2 2JE","20121112","","","","","","","","","","","1","","","","",""
"P1VV","SALMAN HEALTHCARE LIMITED","","","REYNOLDS WAY PHARMACY","7 REYNOLDS WAY","","ABINGDON","","OX14 5JT","20121101","","","","","","","","","","","1","","","","",""
"P1VW","TRIMAK LIMITED","","","COWPLAIN PHARMACY","26-30 LONDON ROAD","COWPLAIN","WATERLOOVILLE","","PO8 8DL","20121121","","","","","","","","","","","1","","","","",""
"P1VX","PENWORTHAM HEALTHCARE LIMITED","","","HBS PHARMACY","ST. FILLANS MEDICAL CENTRE","2 LIVERPOOL ROAD, PENWORTHAM","PRESTON","","PR1 0AD","20121107","20190409","","","","","","","","","","1","","","","",""
"P1VY","SYNERGISE HEALTHCARE LIMITED","","","SYNERGISE PHARMACY","56 YARM LANE","","STOCKTON-ON-TEES","","TS18 1EP","20121121","","","","","","","","","","","1","","","","",""
"P1W0","MR ABDUL GHAFOOR","","","ALPHA CHEMIST","7 GREENS END","WOOLWICH","LONDON","","SE18 6HX","20121121","20250531","","","","","","","","","","1","","","","",""
"P1W1","PH4RMACY LIMITED","","","KARIM'S CHUCKERY PHARMACY","7-9 KINNERLEY STREET","THE CHUCKERY","WALSALL","","WS1 2LD","20121121","","","","","","","","","","","1","","","","",""
"P1W2","GORHAM MEDICAL LIMITED","","","EAST STREET PHARMACY","WARDERS MEDICAL CENTRE","EAST STREET","TONBRIDGE","","TN9 1LA","20121121","20190312","","","","","","","","","","1","","","","",""
"P1W3","DANISH VITRAN","","","EAST LEEDS PHARMACY","80 OSMONDTHORPE LANE","","LEEDS","","LS9 9EF","20121121","","","","","","","","","","","1","","","","",""
"P1W4","A MANN LTD","","","270 NEW HALL LANE","","","PRESTON","","PR1 4ST","20121128","20250128","","","","","","","","","","1","","","","",""
"P1W5","MARTIN TAYLOR","","","60 GRENVILLE AVENUE","LOCKING","","WESTON-SUPER-MARE","","BS24 8AR","20121128","","","","","","","","","","","1","","","","",""
"P1W7","LAWTON PHARMACY CONSULTANTS LIMITED","","","CANFORD HTH","9 MITCHELL ROAD","","POOLE","","BH17 8UE","20121128","20190409","","","","","","","","","","1","","","","",""
"P1W8","ANSAR MAHMOOD LIMITED","","","169 MOSSLEY ROAD","","","ASHTON-UNDER-LYNE","","OL6 6NE","20121128","","","","","","","","","","","1","","","","",""
"P1W9","OPAL PHARMACY LIMITED","","","CHELTENHAM PHARMACY","SPRINGBANK COMM RES CTR","SPRINGBANK WAY","CHELTENHAM","","GL51 0LG","20121201","","","","","","","","","","","1","","","","",""
"P1WA","MANGOPHARM LTD","","","526 SUTTON ROAD","","","SOUTHEND-ON-SEA","","SS2 5PW","20121101","","","","","","","","","","","1","","","","",""
"P1WC","MUHAMMAD OBAID UR RAHMAN","","","DROYLSDEN PHARMACY","91 MARKET STREET","DROYLSDEN","MANCHESTER","","M43 6DD","20121205","","","","","","","","","","","1","","","","",""
"P1WD","MR ASHOK S TOSAR","","","RAINBOW PHARMACY","12 WHITE HORSE DRIVE","EMERSON VALLEY","MILTON KEYNES","","MK4 2AS","20121205","","","","","","","","","","","1","","","","",""
"P1WE","STOCKTON HEATH HEALTHCARE LLP","","","STOCKTON HEATH PHARMACY","STOCKTON HEATH MED CENTRE","THE FORGE, STOCKTON HEATH","WARRINGTON","","WA4 6HJ","20121205","20200114","","","","","","","","","","1","","","","",""
"P1WF","R.H. PHARMA LIMITED","","","EVERCREECH PHARMACY","VICTORIA SQUARE","EVERCREECH","SHEPTON MALLET","","BA4 6JP","20121203","20251006","","","","","","","","","","1","","","","",""
"P1WG","HOPE FARM HEALTHCARE LLP","","","HOPE FARM PHARMACY","HOPE FARM ROAD","GREAT SUTTON","ELLESMERE PORT","","CH66 2WW","20121126","20190813","","","","","","","","","","1","","","","",""
"P1WH","JANRIS LIMITED","","","22A KITCHENER AVENUE","","","GRAVESEND","","DA12 5HY","20121212","","","","","","","","","","","1","","","","",""
"P1WJ","ROSEMARY STREET HEALTH LIMITED","","","ROSEMARY STREET","","","MANSFIELD","","NG19 6AB","20121210","","","","","","","","","","","1","","","","",""
"P1WK","DAYNIGHT PHARMACY LTD","","","41 SHERRARD STREET","","","MELTON MOWBRAY","","LE13 1XH","20121129","","","","","","","","","","","1","","","","",""
"P1WL","KHANPHARMA LIMITED","","","47 YARDLEY GREEN ROAD","BORDESLEY GREEN","","BIRMINGHAM","","B9 5PU","20121109","","","","","","","","","","","1","","","","",""
"P1WM","ROPHE LIMITED","","","HOLMES PHARMACY","CHESTER ROAD","KELSALL","TARPORLEY","","CW6 0RZ","20121201","","","","","","","","","","","1","","","","",""
"P1WN","DINNINGTON PARTNERSHIP LTD","","","DINNINGTON PHARMACY","NEW STREET","DINNINGTON","SHEFFIELD","","S25 2EZ","20121219","","","","","","","","","","","1","","","","",""
"P1WP","HAVA HEALTHCARE LIMITED","","","HAVA HEALTHCARE","73A CASTLE STREET","EDGELEY","STOCKPORT","","SK3 9AT","20121219","","","","","","","","","","","1","","","","",""
"P1WQ","MEDPHARM VENTURES LTD","","","PHARMACY4HOMES","FIRST FLOOR","130A WHITE ABBEY ROAD","BRADFORD","","BD8 8DP","20121219","","","","","","","","","","","1","","","","",""
"P1WR","ROSEBANK PHARMACY","","","GALGATE HEALTH CENTRE","HIGHLAND BROW","GALGATE","LANCASTER","","LA2 0NB","20121219","","","","","","","","","","","1","","","","",""
"P1WT","ANGLEBOND LIMITED","","","160 PINNER ROAD","","","HARROW","","HA1 4JJ","20121218","","","","","","","","","","","1","","","","",""
"P1WV","HADO UK LIMITED","","","135 HAMILTON ROAD","","","FELIXSTOWE","","IP11 7BL","20120102","","","","","","","","","","","1","","","","",""
"P1WW","RAMMAH SHARMA AND PARMOD SHARMA","","","ONE STOP PHARMACY","SUITE 32 & CUPBOARD","BOND HOUSE, ST. JOHNS SQUARE","WOLVERHAMPTON","","WV2 4AX","20130109","","","","","","","","","","","1","","","","",""
"P1WX","MDS HEALTHCARE LIMITED","","","464 RANGLET ROAD","WALTON SUMMIT CENTRE","BAMBER BRIDGE","PRESTON","","PR5 8AR","20130101","","","","","","","","","","","1","","","","",""
"P1WY","ANCORA HEALTHCARE LIMITED","","","291 ASHBY ROAD","","","SCUNTHORPE","","DN16 2AB","20130107","","","","","","","","","","","1","","","","",""
"P1X0","FOLESHILL HEALTH CARE LIMITED","","","FOLESHILL PHARMACY","579A FOLESHILL ROAD","","COVENTRY","","CV6 5JR","20121203","","","","","","","","","","","1","","","","",""
"P1X1","GREYMATTER PRIVATE LTD","","","WHEATON ASTON PHARMACY","39 HIGH STREET","WHEATON ASTON","STAFFORD","","ST19 9NP","20130109","20231009","","","","","","","","","","1","","","","",""
"P1X2","NEW PARK ENTERPRISES LTD","","","DOORSTEP PHARMACY","106 HIGH STREET","","HARROW","","HA1 3LP","20121201","","","","","","","","","","","1","","","","",""
"P1X3","BAHATI19 LIMITED","","","LYNTON PHARMACY","17-18 LEE ROAD","","LYNTON","","EX35 6BP","20121101","20210815","","","","","","","","","","1","","","","",""
"P1X5","MR SAJAD KHAN","","","LATE NIGHT YEW TREE PHARMACY","49 YEW TREE LANE","ELMDON HEATH","SOLIHULL","","B91 2NX","20130109","20240226","","","","","","","","","","1","","","","",""
"P1X7","KENNEDY BROTHERS LIMITED","","","MOORE'S PHARMACY","45 CRAVEN ROAD","PADDINGTON","LONDON","","W2 3BX","20130101","","","","","","","","","","","1","","","","",""
"P1X8","ISLINGTON PHARMACY","","","UNIT A","31 NORTH ROAD","","LONDON","","N7 9GL","20130107","","","","","","","","","","","1","","","","",""
"P1X9","MR AMEEK SINGH BHOGAL","","","21 SOHO ROAD","HANDSWORTH","","BIRMINGHAM","","B21 9SN","20130116","","","","","","","","","","","1","","","","",""
"P1XA","OPTNEAR LIMITED","","","54 GLENGALL ROAD","","","EDGWARE","","HA8 8SX","20130115","","","","","","","","","","","1","","","","",""
"P1XD","J & J HEALTHCARE LIMITED","","","UNIT 4, ACORN HOUSE","LONGSHOT LANE","","BRACKNELL","","RG12 1RL","20130103","20170920","","","","","","","","","","1","","","","",""
"P1XE","MR AMIR IKHLAS","","","SUITE 1","177 LEES ROAD","","OLDHAM","","OL4 1JP","20130116","","","","","","","","","","","1","","","","",""
"P1XH","RICHPHARM (LONDON) LIMITED","","","31-33 PARK ROAD","","","TEDDINGTON","","TW11 0AB","20130104","","","","","","","","","","","1","","","","",""
"P1XK","HEALTHY CHOICE PHARMA LTD","","","DEWSBURY PHARMACY","NEW MEDICAL CENTRE","HEALDS ROAD","DEWSBURY","","WF13 4HT","20130123","","","","","","","","","","","1","","","","",""
"P1XM","PERRY VALE LIMITED","","","PERRY VALE PHARMACY","SHOP 1, 193 PERRY VALE","FOREST HILL","LONDON","","SE23 2JF","20121214","","","","","","","","","","","1","","","","",""
"P1XN","TRT HEALTHCARE LTD","","","BELLEVUE PHARMACY","69 PERSHORE ROAD","EDGBASTON","BIRMINGHAM","","B5 7NX","20130111","","","","","","","","","","","1","","","","",""
"P1XQ","BROADHEATH HEALTHCARE LIMITED","","","70 MANCHESTER ROAD","BROADHEATH","","ALTRINCHAM","","WA14 4PJ","20130107","20190326","","","","","","","","","","1","","","","",""
"P1XR","DOCTORS PHARMACY LIMITED","","","9 RAILWAY ROAD","","","ORMSKIRK","","L39 2DN","20130130","","","","","","","","","","","1","","","","",""
"P1XT","GA HEALTHCARE LIMITED","","","ESSINGTON COMMUNITY CENTRE","HOBNOCK","ESSINGTON","WOLVERHAMPTON","","WV11 2RF","20130117","20190409","","","","","","","","","","1","","","","",""
"P1XV","PHOENIX COMPANY GORING LIMITED","","","5 THE WATERFRONT","GORING-BY-THE-SEA","","WORTHING","","BN12 4FD","20130128","20190212","","","","","","","","","","1","","","","",""
"P1XX","MHA TRADING LTD","","","224B HAVANT ROAD","DRAYTON","","PORTSMOUTH","","PO6 1PA","20130206","20240215","","","","","","","","","","1","","","","",""
"P1XY","SWANMED LTD","","","THE SWAN SURGERY","NORTHGATE BUSINESS PARK","","BURY ST EDMUNDS","","IP33 1AE","20130206","","","","","","","","","","","1","","","","",""
"P1Y0","ALPHA PHARMACY SUPPLIES LTD","","","101D GWENDOLEN ROAD","","","LEICESTER","","LE5 5FL","20130211","","","","","","","","","","","1","","","","",""
"P1Y1","MR MANJIT S MANN","","","THE WYCHWOOD SURGERY","MEADOW LANE","SHIPTON-UNDER-WYCHWOOD","CHIPPING NORTON","","OX7 6BW","20130213","","","","","","","","","","","1","","","","",""
"P1Y2","RUSHPORT (ROMSEY) LIMITED","","","10 GREAT WELL DRIVE","","","ROMSEY","","SO51 7QP","20130201","","","","","","","","","","","1","","","","",""
"P1Y3","ALRAHI & SINGH LIMITED","","","103 LINTHORPE ROAD","","","MIDDLESBROUGH","","TS1 5DD","20130211","","","","","","","","","","","1","","","","",""
"P1Y4","PHARMCARE LIMITED","","","88 NEW ROAD SIDE","HORSFORTH","","LEEDS","","LS18 4QB","20130211","","","","","","","","","","","1","","","","",""
"P1Y5","LEIGH PARK PHARMACY LIMITED","","","DAVIES CHEMISTS","12 WEST STREET","","HAVANT","","PO9 1PF","20130215","20220608","","","","","","","","","","1","","","","",""
"P1Y7","OLDFIELD HEALTHCARE LIMITED","","","OLDFIELD PHARMACY","128 SEAMONS ROAD","OLDFIELD BROW","ALTRINCHAM","","WA14 4LJ","20130214","","","","","","","","","","","1","","","","",""
"P1Y8","MOHAMMED KAMRAN","","","ARCHWAY PHARMACY","ARCH 5 CORONATION BRIDGE","KIMBERWORTH ROAD","ROTHERHAM","","S61 1AA","20130220","20220316","","","","","","","","","","1","","","","",""
"P1Y9","SYNERGIE PARTNERSHIPS UK LTD","","","SOWERBY BRIDGE PHARMACY","UNIT 4A STATION ROAD","STATION ROAD","SOWERBY BRIDGE","","HX6 3AA","20130220","","","","","","","","","","","1","","","","",""
"P1YA","CORE PHARMA LIMITED","","","HOUGHTON PHARMACY","31 QUEENSWAY","","HOUGHTON LE SPRING","","DH5 8EL","20130220","","","","","","","","","","","1","","","","",""
"P1YC","KILDONAN HEALTHCARE LTD","","","RAMSBOTTOM ROAD","HORWICH","","BOLTON","","BL6 5NW","20130201","","","","","","","","","","","1","","","","",""
"P1YE","THE MALTBY PARTNERSHIP LIMITED","","","8 BLYTH ROAD","MALTBY","","ROTHERHAM","","S66 8JD","20130227","20240917","","","","","","","","","","1","","","","",""
"P1YG","YNS HEALTHCARE LIMITED","","","TANNER STREET CHEMIST","1 TANNER COURT","TANNER STREET","THETFORD","","IP24 2BQ","20130306","","","","","","","","","","","1","","","","",""
"P1YH","COMPODER LIMITED","","","LOCKWOOD PHARMACY","227 LOCKWOOD ROAD","LOCKWOOD","HUDDERSFIELD","","HD1 3TG","20130306","","","","","","","","","","","1","","","","",""
"P1YJ","GILLINGHAM MC LTD","","","WOODLANDS PHARMACY","GILLINGHAM MEDICAL CENTRE","WOODLANDS ROAD","GILLINGHAM","","ME7 2BU","20130306","","","","","","","","","","","1","","","","",""
"P1YK","PURA PHARMACEUTICALS LTD","","","ROGER DAVIES PHARMACY","41 STROUD GREEN ROAD","","LONDON","","N4 3EF","20130306","","","","","","","","","","","1","","","","",""
"P1YM","MPDH LIMITED","","","FOUNTAIN PHARMACY","183 EVINGTON ROAD","","LEICESTER","","LE2 1QN","20130216","20171005","","","","","","","","","","1","","","","",""
"P1YN","RIZWAN AKHTAR LIMITED","","","SHEFFIELD LATE NIGHT PHARMACY","277 FULWOOD ROAD","","SHEFFIELD","","S10 3BD","20130306","","","","","","","","","","","1","","","","",""
"P1YP","LINCOLNSHIRE CO-OPERATIVE LIMITED","","","LINCOLN CO-OP CHEMISTS","176 WINCHESTER ROAD","","GRANTHAM","","NG31 8RX","20130207","20190312","","","","","","","","","","1","","","","",""
"P1YQ","LAVYNCHY LIMITED","","","1 SHELFORD ROAD","RADCLIFFE-ON-TRENT","","NOTTINGHAM","","NG12 2AE","20130313","","","","","","","","","","","1","","","","",""
"P1YR","MS ELENA TAMADONI","","","6 YORICK ROAD","WEST MERSEA","","COLCHESTER","","CO5 8HT","20130313","","","","","","","","","","","1","","","","",""
"P1YT","MR VINCENT KWADZO TORKU","","","18 BROOME WAY","JAYWICK","","CLACTON-ON-SEA","","CO15 2HN","20130301","20220713","","","","","","","","","","1","","","","",""
"P1YV","BOUNCE HEALTHCARE LTD","","","43 MOSS WAY","","","LIVERPOOL","","L11 0BL","20130301","","","","","","","","","","","1","","","","",""
"P1YW","ELLAND PHARMCO LIMITED","","","18 HUDDERSFIELD ROAD","","","ELLAND","","HX5 9DW","20130313","20200602","","","","","","","","","","1","","","","",""
"P1YX","ROAN HEALTHCARE LIMITED","","","LOUGHBOROUGH STUDENTS UNION","ASHBY ROAD","","LOUGHBOROUGH","","LE11 3TT","20130301","","","","","","","","","","","1","","","","",""
"P1YY","HELIOS PHARMA LIMITED","","","104 WORTLEY ROAD","HIGH GREEN","","SHEFFIELD","","S35 4LU","20130313","","","","","","","","","","","1","","","","",""
"P200","ARROWEDGE LTD","","","62 POOLE ROAD","","","BOURNEMOUTH","","BH4 9DZ","20040401","","","","","","","","","","","1","","","","",""
"P203","BRIGHTBRIDGE LTD","","","MEDICHEM CHEMIST","100 WHITE HORSE LANE","","LONDON","","E1 4LR","20040401","20190312","","","","","","","","","","1","","","","",""
"P20A","THE WESTON PHARMACY","","","5-6 WESTON SQUARE","","","MACCLESFIELD","","SK11 8SS","20040401","20190212","","","","","","","","","","1","","","","",""
"P20C","METHLEY PHARMACY","","","PRIMARY SUPPORT UNIT LTD","PINFOLD LANE","MICKLETOWN METHLEY","LEEDS","","LS26 9AB","20040401","","","","","","","","","","","1","","","","",""
"P20D","MARKRISE PHARMACY LTD","","","121 MITCHAM LANE","WEST STREATHAM","","LONDON","","SW16 6LY","20040401","20250213","","","","","","","","","","1","","","","",""
"P20G","KEENCARE LTD","","","KEENCARE PHARMACY","18 COLLEGE ROAD","","HARROW","","HA1 1BE","20040401","20190212","","","","","","","","","","1","","","","",""
"P20H","COOLMAIN SERVICES LTD","","","LEAKS CHEMISTS LTD","6 BLUE HOUSE BUILDINGS","HIGH STREET, CARRVILLE","DURHAM","","DH1 1AR","20040401","","","","","","","","","","","1","","","","",""
"P20J","A. D. PHILLIPS","","","15 COMMERCIAL STREET","TRIMDON COLLIERY","","TRIMDON STATION","","TS29 6AD","20040401","20251103","","","","","","","","","","1","","","","",""
"P20K","O M PHARMACY","","","1 THE BROADWAY","","","BEDFORD","","MK40 2TJ","20040401","20241231","","","","","","","","","","1","","","","",""
"P20M","SUTTON ASSOCIATES LTD","","","RAYS CHEMISTS","167 LONDON ROAD","","MITCHAM","","CR4 2JB","20040401","","","","","","","","","","","1","","","","",""
"P20N","STATION AVENUE PHARMACY","","","BRIDLINGTON MEDICAL CENTRE","STATION AVENUE","","BRIDLINGTON","","YO16 4LZ","20040401","20190227","","","","","","","","","","1","","","","",""
"P20P","ZADAMS CHEMISTS LTD","","","841 HIGH ROAD","","","ILFORD","","IG3 8TG","20040401","","","","","","","","","","","1","","","","",""
"P20Q","CEMAT LTD","","","STURDEE AVE PHARMACY","46 STURDEE AVENUE","","GILLINGHAM","","ME7 2HN","20040401","","","","","","","","","","","1","","","","",""
"P20R","MANSELL AJM LTD","","","8 ST. JOHNS PARADE","MATTOCK LANE","","LONDON","","W13 9LL","20040401","","","","","","","","","","","1","","","","",""
"P20T","PUNNI CHEMIST","","","49 HIGH STREET","CHESHUNT","","WALTHAM CROSS","","EN8 0BS","20040401","","","","","","","","","","","1","","","","",""
"P20V","ARCHER PHARMACY","","","289 ARCHER ROAD","","","STEVENAGE","","SG1 5HF","20040401","20181003","","","","","","","","","","1","","","","",""
"P20Y","DAVID JARVIS LTD","","","43 EASTBOURNE ROAD","","","MIDDLESBROUGH","","TS5 6QN","20040401","","","","","","","","","","","1","","","","",""
"P210","C & C FORSTER LTD","","","144 MELROSE DRIVE","ST. HELEN AUCKLAND","","BISHOP AUCKLAND","","DL14 9DN","20040401","","","","","","","","","","","1","","","","",""
"P211","ALEX CREWE LTD","","","ARC PHARMACY","PORTHOLME ROAD","","SELBY","","YO8 4QH","20040401","20230705","","","","","","","","","","1","","","","",""
"P212","CASE G & HALL M","","","UPPER GREEN PHARMACY","5 UPPER GREEN","","WOLVERHAMPTON","","WV6 8QQ","20040401","20240228","","","","","","","","","","1","","","","",""
"P213","CALAXOR LTD","","","JONES PHARMACY","133 EARLE ROAD","","LIVERPOOL","","L7 6HD","20040401","","","","","","","","","","","1","","","","",""
"P214","ATCHEM LTD","","","DEVS CHEMIST","110 SEVEN SISTERS ROAD","","LONDON","","N7 6AE","20040401","","","","","","","","","","","1","","","","",""
"P215","ABBEYMINT LTD","","","CROWN PHARMACY","148 MANOR WAY","","BOREHAMWOOD","","WD6 1QX","20040401","20190212","","","","","","","","","","1","","","","",""
"P217","AB CHEMIST LTD","","","THE CLOCK PHARMACY","1 GAYTON ROAD","","KING'S LYNN","","PE30 4EA","20040401","","","","","","","","","","","1","","","","",""
"P21D","M.S. PHARMACY LTD","","","BERKELEY PHARMACY","14 MARKET PLACE","","BERKELEY","","GL13 9BB","20040401","20250101","","","","","","","","","","1","","","","",""
"P21E","SANDYLIGHT LTD","","","96 OLD OAK COMMON LANE","EAST ACTON","","LONDON","","W3 7DA","20040401","20220629","","","","","","","","","","1","","","","",""
"P21F","MCCABE (CHEMISTS) LTD","","","101 BROAD LANE","NORRIS GREEN","","LIVERPOOL","","L11 1AD","20040401","","","","","","","","","","","1","","","","",""
"P21H","F. MALTBY & SONS LTD","","","5 PROCTORS ROAD","","","LINCOLN","","LN2 4LA","20040401","20190312","","","","","","","","","","1","","","","",""
"P21J","NELSONBACH PHARMACIES LTD","","","73 DUKE STREET","","","LONDON","","W1K 5BY","20040401","20171213","","","","","","","","","","1","","","","",""
"P21K","DICEFORE LTD","","","272 UXBRIDGE ROAD","","","PINNER","","HA5 4HS","20040401","","","","","","","","","","","1","","","","",""
"P21L","ALAN CRYER","","","1 KENNETH STREET","","","ROTHERHAM","","S65 1AB","20040401","","","","","","","","","","","1","","","","",""
"P21P","MILE STAR LTD","","","MILESTAR LTD","5 KINGSMEAD WAY","","LONDON","","E9 5QG","20040401","","","","","","","","","","","1","","","","",""
"P21R","MILTONS CHEMIST","","","1375 LEEK ROAD","","","STOKE-ON-TRENT","","ST2 8BW","20040401","20240328","","","","","","","","","","1","","","","",""
"P21T","PURDOME LTD","","","86 WESTMEAD ROAD","","","SUTTON","","SM1 4HY","20040401","","","","","","","","","","","1","","","","",""
"P21V","CARE CHEMISTS","","","43 DANEBURY AVENUE","","","LONDON","","SW15 4DQ","20040401","","","","","","","","","","","1","","","","",""
"P224","BAXENDEN PHARMACY","","","516 MANCHESTER ROAD","","","ACCRINGTON","","BB5 2RG","20040401","20171001","","","","","","","","","","1","","","","",""
"P226","BUTT CHEMIST LTD","","","HARRISON PHARMACY","165 OLD SHOREHAM ROAD","SOUTHWICK","BRIGHTON","","BN42 4QB","20040401","","","","","","","","","","","1","","","","",""
"P227","ASSOCIATED CHEMISTS (WICKER) LTD","","","55 -71 WICKER","","","SHEFFIELD","","S3 8HT","20040401","","","","","","","","","","","1","","","","",""
"P22A","ELMS PHARMACY LTD","","","1199 LONDON ROAD","","","LEIGH-ON-SEA","","SS9 3JB","20040401","","","","","","","","","","","1","","","","",""
"P22C","SALASJI LTD","","","DUMLERS PHARMACY","436-438 GARRATT LANE","","LONDON","","SW18 4HN","20040401","20200831","","","","","","","","","","1","","","","",""
"P22D","TARGETGRANGE LTD","","","26 ACLAND CRESCENT","","","LONDON","","SE5 8EQ","20040401","","","","","","","","","","","1","","","","",""
"P22E","MILLSTREAM PHARMACY","","","THE AVENUE","FEATHERSTONE","","WOLVERHAMPTON","","WV10 7AX","20040401","","","","","","","","","","","1","","","","",""
"P22F","S & S CHEMISTS LTD","","","SANDS PHARMACY","MARKET PLACE","BURNHAM MARKET","KING'S LYNN","","PE31 8HD","20040401","20190630","","","","","","","","","","1","","","","",""
"P22H","HARTSHILL PHARMACY LTD","","","430 HARTSHILL ROAD","","","STOKE-ON-TRENT","","ST4 7PL","20040401","20190305","","","","","","","","","","1","","","","",""
"P22J","RITECHEM PHARMACY LTD","","","177 ASHBURNHAM ROAD","","","RICHMOND","","TW10 7NR","20040401","","","","","","","","","","","1","","","","",""
"P22K","HARIA CHEMIST","","","358 COOMBE LANE","","","LONDON","","SW20 0RJ","20040401","20201006","","","","","","","","","","1","","","","",""
"P22L","R.J LAD CHEMISTS LTD","","","201 BIRCH LANE","","","DUKINFIELD","","SK16 5AT","20040401","","","","","","","","","","","1","","","","",""
"P22M","ECHO PHARMACY","","","OAKFIELD HEALTH CENTRE","WINDSOR ROAD","","GRAVESEND","","DA12 5BW","20040401","","","","","","","","","","","1","","","","",""
"P22P","HARTQUEST LTD","","","PARK PHARMACY","14A GARSTON PARK PARADE","","WATFORD","","WD25 9LQ","20040401","","","","","","","","","","","1","","","","",""
"P22Q","H.S. EASON PHARMACY","","","EASTONS CHEMIST","215A WATLING STREET","WILNECOTE","TAMWORTH","","B77 5BB","20040401","","","","","","","","","","","1","","","","",""
"P22T","GRANGE PHARMACY","","","MISTRYS CHEMIST","8 HOWLEY GRANGE ROAD","","HALESOWEN","","B62 0HN","20040401","","","","","","","","","","","1","","","","",""
"P22X","ANDREWS HEALTHCARE LTD","","","WYBORNS PHARMACY","35 LANSDOWN PLACE","","LEWES","","BN7 2JU","20040401","","","","","","","","","","","1","","","","",""
"P230","G & N BRUNSDEN LTD","","","COOKHAM PHARMACY","LOWER ROAD","COOKHAM","MAIDENHEAD","","SL6 9HF","20040401","20190212","","","","","","","","","","1","","","","",""
"P231","AR MCCONNELL LTD","","","VILLAGE PHARMACY","PIONEERING CARE CENTRE","COBBLERS HALL, BURN LANE","NEWTON AYCLIFFE","","DL5 4SE","20040401","","","","","","","","","","","1","","","","",""
"P233","WIGSTON PHARMACY","","","36 LEICESTER ROAD","","","WIGSTON","","LE18 1DR","20040401","","","","","","","","","","","1","","","","",""
"P234","VICTORIA CHEMISTS","","","524 LONDON ROAD","","","SUTTON","","SM3 8HW","20040401","","","","","","","","","","","1","","","","",""
"P235","SHILLING PHARMACY","","","UNIT N, 96 GARRATT LANE","","","LONDON","","SW18 4DH","20040401","20180613","","","","","","","","","","1","","","","",""
"P236","J.B BARBOUR PHARMACIES LTD","","","119 BRAMFORD ROAD","","","IPSWICH","","IP1 2LW","20040401","20190409","","","","","","","","","","1","","","","",""
"P239","PARK GRANGE PHARMACY","","","37 PARK GRANGE DRIVE","","","SHEFFIELD","","S2 3SF","20040401","20251124","","","","","","","","","","1","","","","",""
"P23C","MILTONS LTD","","","15-19 CAMPBELL PLACE","","","STOKE-ON-TRENT","","ST4 1NH","20040401","20240328","","","","","","","","","","1","","","","",""
"P23D","ROTAMOL LTD","","","88 STREATHAM HILL","","","LONDON","","SW2 4RD","20040401","","","","","","","","","","","1","","","","",""
"P23E","JOHNS & KELYNACK LTD","","","IN WAITROSE STORE","BRIDGE ROAD","","WELWYN GARDEN CITY","","AL8 6AB","20040401","20220302","","","","","","","","","","1","","","","",""
"P23F","NAIMANS UK LTD","","","BRIAN SAUNDERS CHEMIST","12 GREEN LANE","","REDRUTH","","TR15 1JT","20040401","20190326","","","","","","","","","","1","","","","",""
"P23H","RASAVI LTD","","","S R PHARMACY","4 KINGS FURLONG CENTRE","","BASINGSTOKE","","RG21 8YT","20040401","","","","","","","","","","","1","","","","",""
"P23J","NAILESH PATEL","","","191 BRAMHALL LANE","","","STOCKPORT","","SK2 6JA","20040401","","","","","","","","","","","1","","","","",""
"P23N","R KARIMS PHARMACY LTD","","","140 MOSLEY STREET","","","BLACKBURN","","BB2 3RX","20040401","","","","","","","","","","","1","","","","",""
"P23P","CUBITT TOWN PHARMACY","","","143 MANCHESTER ROAD","","","LONDON","","E14 3DN","20040401","","","","","","","","","","","1","","","","",""
"P23T","QCROSS LTD","","","25 FRIERN BARNET ROAD","","","LONDON","","N11 1NE","20040401","","","","","","","","","","","1","","","","",""
"P23V","MEDISTOP LTD","","","MOSSLEY CHEMIST","10 CRESSWELL CRESCENT","","WALSALL","","WS3 2UW","20040401","","","","","","","","","","","1","","","","",""
"P23X","DITCHLING PHARMACY","","","UNIT 3","2 SOUTH STREET","DITCHLING","HASSOCKS","","BN6 8UQ","20040401","","","","","","","","","","","1","","","","",""
"P241","PATEL H R","","","CARTERS CHEMIST","24 BRIDGE STREET","","PINNER","","HA5 3JF","20040401","","","","","","","","","","","1","","","","",""
"P243","WEST END PHARMACY","","","3 HEYSHAM ROAD","HEYSHAM","","MORECAMBE","","LA3 1DA","20040401","","","","","","","","","","","1","","","","",""
"P244","AMIN B & AMIN R","","","VICTORIA CHEMIST","80 HIGH STREET","","BANSTEAD","","SM7 2NN","20040401","","","","","","","","","","","1","","","","",""
"P245","DAVID CARTER DISPENSING CHEMIST LTD","","","16 CRESCENT ROAD","","","WINDERMERE","","LA23 1DT","20040401","","","","","","","","","","","1","","","","",""
"P246","HEALTH DISPENSE LTD","","","SHARMINS CHEMIST","3-4 CLIVE PARADE","","NORTHWOOD","","HA6 2QF","20040401","","","","","","","","","","","1","","","","",""
"P248","CALVERTON PHARMACY","","","62 CALVERTON ROAD","","","LUTON","","LU3 2SZ","20040401","","","","","","","","","","","1","","","","",""
"P249","HOUSE OF MISTRY","","","15-17 SOUTH END ROAD","","","LONDON","","NW3 2PT","20040401","","","","","","","","","","","1","","","","",""
"P24A","WHETSTONE CHEMIST","","","WHETSTONE","","","LEICESTER","","LE8 6LP","20040401","","","","","","","","","","","1","","","","",""
"P24C","COPES PHARMACY","","","570-572 STREATHAM HIGH ROAD","","","LONDON","","SW16 3QQ","20040401","","","","","","","","","","","1","","","","",""
"P24D","SHAN CHEMIST LTD","","","453 ROMFORD ROAD","","","LONDON","","E7 8AB","20040401","","","","","","","","","","","1","","","","",""
"P24E","MOUNT FARM PHARMACY","","","LAWSON PLACE","","","BURY ST. EDMUNDS","","IP32 7EW","20040401","","","","","","","","","","","1","","","","",""
"P24F","BRITTON & ROBSON LTD","","","46 HIGH STREET","WILLINGTON","","CROOK","","DL15 0PG","20040401","","","","","","","","","","","1","","","","",""
"P24G","MEDIWARD LTD","","","231 HILL LANE","","","MANCHESTER","","M9 6RG","20040401","","","","","","","","","","","1","","","","",""
"P24J","MISTRYS HEALTHY OPTIONS LTD","","","85-87 HIGH STREET","","","RUSHDEN","","NN10 0NZ","20040401","20230904","","","","","","","","","","1","","","","",""
"P24N","L & D THAKEMAR","","","SHAFTESBURY PHARMACY","5/6 SHAFTESBURY PARADE","SOUTH HARROW","HARROW","","HA2 0AJ","20040401","","","","","","","","","","","1","","","","",""
"P24Q","ELSTEAD PHARMACY","","","2 CARLTON HOUSE","MILFORD ROAD","ELSTEAD","GODALMING","","GU8 6HR","20040401","20230227","","","","","","","","","","1","","","","",""
"P24R","MARTDECK LTD","","","IMPERIAL PHARMACY","139 EPSOM ROAD","","SUTTON","","SM3 9EY","20040401","","","","","","","","","","","1","","","","",""
"P24T","QUIZCHOICE LTD","","","HUSBANDS CHEMIST","114 UPPER RICHMOND ROAD","","LONDON","","SW15 2SP","20040401","","","","","","","","","","","1","","","","",""
"P24W","BOYLE A","","","ANTHONY BOYLE PHARMACY","158-160 WINDSOR STREET","","LIVERPOOL","","L8 8EH","20040401","","","","","","","","","","","1","","","","",""
"P251","GRASMERE (LEIGH) LTD","","","PHARMACY DEPT","GRASMERE STREET HEALTH CENTRE","GRASMERE STREET","LEIGH","","WN7 1XB","20040401","20190212","","","","","","","","","","1","","","","",""
"P252","TOMLINSONS CHEMIST","","","11 MARKET SQUARE","","","LYTHAM ST. ANNES","","FY8 5LW","20040401","","","","","","","","","","","1","","","","",""
"P254","FINSTEAD UK LTD","","","PORTMANS PHARMACY","93-95 TACHBROOK STREET","","LONDON","","SW1V 2QA","20040401","","","","","","","","","","","1","","","","",""
"P255","BURNT OAK PHARMACY","","","71-73 BURNT OAK BROADWAY","","","EDGWARE","","HA8 5EP","20040401","","","","","","","","","","","1","","","","",""
"P256","GOHIL R","","","GOHILS PHARMACY","CLOVER HOUSE","BOSTON ROAD","SLEAFORD","","NG34 7HD","20040401","20201130","","","","","","","","","","1","","","","",""
"P257","CROMBIE & SADLER LTD","","","14 OLD STATION CLOSE","CRAWLEY DOWN","","CRAWLEY","","RH10 4TX","20040401","20190326","","","","","","","","","","1","","","","",""
"P25C","STATION PHARMACY LIMITED","","","24 STATION ROAD","MAGHULL","","LIVERPOOL","","L31 3DB","20040401","","","","","","","","","","","1","","","","",""
"P25D","S.G. MANNING","","","34 NEW PARK ROAD","","","LONDON","","SW2 4UN","20040401","20170713","","","","","","","","","","1","","","","",""
"P25E","SAYDON PHARMACY","","","156 GREEN LANE","CASTLE BROMWICH","","BIRMINGHAM","","B36 0BU","20040401","","","","","","","","","","","1","","","","",""
"P25F","J.N. MURRAY CHEMISTS LIMITED","","","108 DUKE STREET","","","BARROW-IN-FURNESS","","LA14 1LS","20040401","20190321","","","","","","","","","","1","","","","",""
"P25G","M S DISPENSING CHEMIST","","","M SOLANKY","467 LEA BRIDGE ROAD","LEYTON","LONDON","","E10 7EA","20040401","","","","","","","","","","","1","","","","",""
"P25H","MEDIMPO LTD","","","63 IMPERIAL WAY","","","CROYDON","","CR0 4RR","20040401","","","","","","","","","","","1","","","","",""
"P25K","MILWARDS (CHEMIST) LTD","","","65 MILEHOUSE LANE","","","NEWCASTLE","","ST5 9JZ","20040401","","","","","","","","","","","1","","","","",""
"P25L","PRIME PHARMACEUTICALS UK LTD","","","1428 LONDON ROAD","","","LONDON","","SW16 4BZ","20040401","","","","","","","","","","","1","","","","",""
"P25N","CHAVE & JACKSON LTD","","","6 BROAD STREET","","","HEREFORD","","HR4 9AP","20040401","","","","","","","","","","","1","","","","",""
"P25P","CARE 4U PHARMACY LTD","","","MERCHANTS WAREHOUSE","21 CASTLE STREET","","MANCHESTER","","M3 4LZ","20040401","20180320","","","","","","","","","","1","","","","",""
"P25Q","LUNTS PHARMACIES","","","1 HEREFORD ROAD","","","SHREWSBURY","","SY3 7QT","20040401","","","","","","","","","","","1","","","","",""
"P25R","THE MALTHOUSE PHARMACY","","","BREAKSPEAR ROAD NORTH","HAREFIELD","","UXBRIDGE","","UB9 6NF","20040401","","","","","","","","","","","1","","","","",""
"P25V","AUST & WILKINSON CHEMIST","","","133-135 HIGHER PARR STREET","","","ST. HELENS","","WA9 1DA","20040401","20250430","","","","","","","","","","1","","","","",""
"P25W","BRIDGNORTH ROAD PHARMACY LTD","","","41 BRIDGNORTH ROAD","","","WOLVERHAMPTON","","WV6 8AF","20040401","","","","","","","","","","","1","","","","",""
"P25Y","DAVISON (CHEMIST) LTD","","","42 PARK VIEW","WIDEOPEN","","NEWCASTLE UPON TYNE","","NE13 6LH","20040401","","","","","","","","","","","1","","","","",""
"P265","COPNOR PHARMACY","","","336 COPNOR ROAD","","","PORTSMOUTH","","PO3 5EL","20040401","","","","","","","","","","","1","","","","",""
"P266","DALES PHARMACY","","","414-416 EDGWARE ROAD","","","LONDON","","W2 1ED","20040401","20171011","","","","","","","","","","1","","","","",""
"P268","CHEMITEX PHARMACY","","","332 HORNSEY ROAD","","","LONDON","","N7 7HE","20040401","20221102","","","","","","","","","","1","","","","",""
"P269","TEN O' CLOCK CHEMIST","","","59 WOODSTOCK ROAD","","","OXFORD","","OX2 6HJ","20040401","","","","","","","","","","","1","","","","",""
"P26C","JOHN WILSON CHEMISTS","","","17-19 VIVIAN AVENUE","HENDON","","LONDON","","NW4 3UX","20040401","20260430","","","","","","","","","","1","","","","",""
"P26E","LEVEN PHARMACY","","","29 HIGH STILE","LEVEN","","BEVERLEY","","HU17 5NL","20040401","","","","","","","","","","","1","","","","",""
"P26G","SHEEVNALI LTD","","","CROSS CHEMIST","133 LONDON ROAD","","BENFLEET","","SS7 5UH","20040401","","","","","","","","","","","1","","","","",""
"P26H","P SHUKK","","","EASTWARE PHARMACY","2B EAST STREET","","WARE","","SG12 9HJ","20040401","","","","","","","","","","","1","","","","",""
"P26J","R. S. BAINS LTD","","","2 LIVINGSTONE ROAD","","","GRAVESEND","","DA12 5DZ","20040401","","","","","","","","","","","1","","","","",""
"P26L","THE STORE WITH MORE LTD","","","CARTERS CHEMISTS","524-526 HIGH ROAD","","WEMBLEY","","HA9 7BS","20040401","","","","","","","","","","","1","","","","",""
"P26M","SAMAT CHEMIST","","","274 VICTORIA ROAD EAST","","","LEICESTER","","LE5 0LF","20040401","","","","","","","","","","","1","","","","",""
"P26N","CANNING LTD","","","61 ILKESTON ROAD","","","NOTTINGHAM","","NG7 3GR","20040401","20250731","","","","","","","","","","1","","","","",""
"P26P","KITSONS CHEMIST","","","8 ORCHARD PLACE","BARLASTON","","STOKE-ON-TRENT","","ST12 9DL","20040401","20190305","","","","","","","","","","1","","","","",""
"P26Q","M & M (CHEMISTS) LTD","","","172-174 NEWGATE STREET","","","BISHOP AUCKLAND","","DL14 7EJ","20040401","20190219","","","","","","","","","","1","","","","",""
"P26T","WELLSWOOD PHARMACY","","","WELLSWOOD HOUSE","","","BOREHAMWOOD","","WD6 1PR","20040401","","","","","","","","","","","1","","","","",""
"P26W","BRIGSTOCK LTD","","","BRIGSTOCK MEDICAL CENTRE","141 BRIGSTOCK ROAD","","THORNTON HEATH","","CR7 7JN","20040401","","","","","","","","","","","1","","","","",""
"P270","J ANDERSEN LTD","","","87 MOUNT ROAD","","","HASTINGS","","TN35 5LA","20040401","20200331","","","","","","","","","","1","","","","",""
"P271","PENRITH HEALTH CENTRE (PD) CONSORTIUM LTD","","","THE PHARMACY","PENRITH HEALTH CENTRE","BRIDGE LANE","PENRITH","","CA11 8HW","20040401","20200317","","","","","","","","","","1","","","","",""
"P272","OPL ENTERPRISES LTD","","","4 CENTURION WAY","","","BROUGH","","HU15 1AY","20040401","","","","","","","","","","","1","","","","",""
"P273","JONES CML & JONES DRC","","","102 HIGH STREET","WOOTTON BASSETT","","SWINDON","","SN4 7AU","20040401","20170906","","","","","","","","","","1","","","","",""
"P274","ROSS CHEMIST","","","7 FORE STREET","BISHOPSTEIGNTON","","TEIGNMOUTH","","TQ14 9QR","20040401","20230103","","","","","","","","","","1","","","","",""
"P275","FOREST CHEMIST","","","615 FOREST ROAD","","","LONDON","","E17 4PP","20040401","20230502","","","","","","","","","","1","","","","",""
"P277","SOKA BLACKMORE PHARMACY LTD","","","2 PEMBROKE PARADE","PEMBROKE ROAD","","ERITH","","DA8 1DB","20040401","","","","","","","","","","","1","","","","",""
"P279","CLEMITSONS LTD","","","25A HOPE STREET","","","CROOK","","DL15 9HS","20040401","","","","","","","","","","","1","","","","",""
"P27D","ST PETERS PHARMACY","","","51 ST. PETER'S STREET","ISLINGTON","","LONDON","","N1 8JR","20040401","","","","","","","","","","","1","","","","",""
"P27E","GOHIL CHEMIST","","","102 ROTHERHAM ROAD","","","COVENTRY","","CV6 4FR","20040401","","","","","","","","","","","1","","","","",""
"P27G","WEBBERS CHEMIST","","","105 HEADSTONE ROAD","","","HARROW","","HA1 1PG","20040401","20180216","","","","","","","","","","1","","","","",""
"P27H","VITTORIA HEALTHCARE LTD","","","VITTORIA PHARMACY","134 ST. ANNE STREET","","BIRKENHEAD","","CH41 3SJ","20040401","20190219","","","","","","","","","","1","","","","",""
"P27J","SHAH PHARMACY","","","13 NORTH PARADE","NORTH ROAD","","SOUTHALL","","UB1 2LF","20040401","","","","","","","","","","","1","","","","",""
"P27L","NORCHEM LTD","","","CHILTON WAY","CHILTON INDUSTRIAL ESTATE","CHILTON","FERRYHILL","","DL17 0PD","20040401","20190219","","","","","","","","","","1","","","","",""
"P27N","BATH & DISTRICT PHARMACY LTD","","","THE PULTENEY PRACTICE","35 GREAT PULTENEY STREET","","BATH","","BA2 4BY","20040401","","","","","","","","","","","1","","","","",""
"P27T","RAHAD LTD","","","HAYDONS PHARMACY","130 HAYDONS ROAD","","LONDON","","SW19 1AE","20040401","","","","","","","","","","","1","","","","",""
"P27W","BROWN & BURR LTD","","","STATION VIEW HEALTH CENTRE","SOUTHFIELD ROAD","","HINCKLEY","","LE10 1UA","20040401","","","","","","","","","","","1","","","","",""
"P27X","ASHQUIX LTD","","","NOOR DISPENSING CHEMIST","221 ASTON LANE","PERRY BARR","BIRMINGHAM","","B20 3HY","20040401","","","","","","","","","","","1","","","","",""
"P27Y","THEYDON BOIS PHARMACY","","","10 FOREST DRIVE","THEYDON BOIS","","EPPING","","CM16 7EY","20040401","20230214","","","","","","","","","","1","","","","",""
"P280","HOUNSELL & GREENE","","","45 UPPER OLDFIELD PARK","","","BATH","","BA2 3HT","20040401","","","","","","","","","","","1","","","","",""
"P281","HANNS LTD","","","KINGS PHARMACY","50 GREENFORD ROAD","","GREENFORD","","UB6 9AT","20040401","","","","","","","","","","","1","","","","",""
"P282","MORNICREST LTD","","","MARKET CHEMIST","85-87 CHURCH STREET","","LONDON","","NW8 8EU","20040401","","","","","","","","","","","1","","","","",""
"P284","KK MISTRY DISPENSING CHEMIST LTD","","","34 STATION AVENUE","","","COVENTRY","","CV4 9HS","20040401","","","","","","","","","","","1","","","","",""
"P285","LUDZKER DH LTD","","","KAYS CHEMIST","127 LONDON ROAD","","LIVERPOOL","","L3 8JA","20040401","20200331","","","","","","","","","","1","","","","",""
"P286","BURRAGE PHARMACY","","","57 BURRAGE PLACE","","","LONDON","","SE18 7BE","20040401","20260530","","","","","","","","","","1","","","","",""
"P287","CROSSROADS PHARMACY","","","334 STAINES ROAD","","","TWICKENHAM","","TW2 5AT","20040401","20260603","","","","","","","","","","1","","","","",""
"P288","MOSER & SOLOMONS LTD","","","BERKELEY COURT PHARMACY","5-7 MELCOMBE STREET","","LONDON","","NW1 6AE","20040401","20241003","","","","","","","","","","1","","","","",""
"P28C","QUADRANT PHARMACIES LTD","","","17 THE QUADRANT","","","ST. ALBANS","","AL4 9RB","20040401","","","","","","","","","","","1","","","","",""
"P28E","PATERSON HEATH & CO LTD","","","143 LAMBETH WALK","","","LONDON","","SE11 6EE","20040401","20190409","","","","","","","","","","1","","","","",""
"P28F","J SAINSBURY PLC","","","33 HOLBORN","","","LONDON","","EC1N 2HT","20040401","20230906","","","","","","","","","","1","","","","",""
"P28H","MANICHEM LTD","","","47 BOULTON ROAD","","","READING","","RG2 0NU","20040401","20200929","","","","","","","","","","1","","","","",""
"P28J","ROSEHILL PHARMACY","","","28 THE MARKET","WRYTHE LANE","","CARSHALTON","","SM5 1AG","20040401","20190312","","","","","","","","","","1","","","","",""
"P28K","NITI PHARMACY","","","26 THE PAVILION","HIGH STREET","","WALTHAM CROSS","","EN8 7BY","20040401","","","","","","","","","","","1","","","","",""
"P28L","ROMA LTD","","","111 MAIN ROAD","MIDDLETON CHENEY","","BANBURY","","OX17 2PD","20040401","20190312","","","","","","","","","","1","","","","",""
"P28Q","MANSONS CHEMISTS LTD","","","15 WOODGRANGE ROAD","","","LONDON","","E7 8BA","20040401","","","","","","","","","","","1","","","","",""
"P28T","G LOWE CHEMIST","","","203 EAST LANE","","","WEMBLEY","","HA0 3NG","20040401","","","","","","","","","","","1","","","","",""
"P290","JAMAICA ROAD PHARMACY","","","182 JAMAICA ROAD","","","LONDON","","SE16 4RT","20040401","20240321","","","","","","","","","","1","","","","",""
"P291","BRAMPTON CHEMIST","","","97B HIGH STREET","BRAMPTON","","HUNTINGDON","","PE28 4TQ","20040401","","","","","","","","","","","1","","","","",""
"P292","ST ANNES PHARMACY LTD","","","24 ST. ANNES ROAD EAST","","","LYTHAM ST. ANNES","","FY8 1UR","20040401","20200204","","","","","","","","","","1","","","","",""
"P293","TADLEY HEALTHCARE LIMITED","","","MORLAND PHARMACY","40 NEW ROAD","","TADLEY","","RG26 3AN","20040401","20190212","","","","","","","","","","1","","","","",""
"P294","F P WATSON LTD","","","6-7 BAILGATE","","","LINCOLN","","LN1 3AE","20040401","","","","","","","","","","","1","","","","",""
"P295","GLOBE CHEMIST","","","8 KINGS PARADE","ASKEW ROAD","","LONDON","","W12 9BA","20040401","20170702","","","","","","","","","","1","","","","",""
"P296","STEETON HEALTHCARE LIMITED","","","STEETON PHARMACY","CHAPEL ROAD","STEETON","KEIGHLEY","","BD20 6NU","20040401","","","","","","","","","","","1","","","","",""
"P298","MALCHEM CHEMIST","","","60 HIGH STREET","","","SMETHWICK","","B66 1DS","20040401","","","","","","","","","","","1","","","","",""
"P299","WESTFROST LTD","","","P J WILKINSON CHEMIST","273A ACKLAM ROAD","","MIDDLESBROUGH","","TS5 7BP","20040401","20190312","","","","","","","","","","1","","","","",""
"P29A","BEES CHEMIST","","","261 WICK ROAD","","","LONDON","","E9 5DG","20040401","","","","","","","","","","","1","","","","",""
"P29C","WOODVIEW PHARMACY","","","HOLMECROSS ROAD","THORPLANDS","","NORTHAMPTON","","NN3 8AW","20040401","20230131","","","","","","","","","","1","","","","",""
"P29D","BLACKWOOD PHARMACY","","","87 BLACKWOOD ROAD","STREETLY","","SUTTON COLDFIELD","","B74 3PW","20040401","","","","","","","","","","","1","","","","",""
"P29F","TESCO PLC","","","TESCO HOUSE","P O BOX 266","CIRRUS BUILDING, SHIRE PARK","WELWYN GARDEN CITY","","AL7 1SQ","20040401","","","","","","","","","","","1","","","","",""
"P29G","HOWITTS CHEMIST LTD","","","435 SAFFRON LANE","","","LEICESTER","","LE2 6UG","20040401","","","","","","","","","","","1","","","","",""
"P29H","PHARMPLEX LTD","","","70-72 ALMA ROAD","","","WINDSOR","","SL4 3EZ","20040401","","","","","","","","","","","1","","","","",""
"P29K","PINHOE PHARMACY LTD","","","1A STATION ROAD","PINHOE","","EXETER","","EX1 3SA","20040401","","","","","","","","","","","1","","","","",""
"P29L","AVICENNA PLC","","","2 GLEBE ROAD","","","WARLINGHAM","","CR6 9NJ","20040401","","","","","","","","","","","1","","","","",""
"P29N","BLAKEBERRY LTD","","","BLAKEBERRY CHEMISTS","96 HIGH STREET SOUTH","","LONDON","","E6 3RL","20040401","","","","","","","","","","","1","","","","",""
"P29Q","MEDICARE CHEMISTS LTD","","","1 MELTHAM ROAD","","","HUDDERSFIELD","","HD1 3TJ","20040401","","","","","","","","","","","1","","","","",""
"P29R","FIELDS PHARMACY","","","1 LONGFIELD ROAD","TWYFORD","","READING","","RG10 9AN","20040401","20231013","","","","","","","","","","1","","","","",""
"P29T","QUEENSWAY PHARMACY","","","63 SOUTHCHURCH ROAD","","","SOUTHEND-ON-SEA","","SS1 2NL","20040401","20200329","","","","","","","","","","1","","","","",""
"P29V","SOUTHCOTE PHARMACY","","","36 CORONATION SQUARE","","","READING","","RG30 3QN","20040401","","","","","","","","","","","1","","","","",""
"P29W","BUCKLEIGH PHARMACY LTD","","","LINDSAY CHEMIST","CLIFTON ROAD","","KINGSTON UPON THAMES","","KT2 6PF","20040401","","","","","","","","","","","1","","","","",""
"P29X","ASHZONE LTD","","","WALDEN CHEMISTS","65 ELIZABETH STREET","EATON SQUARE","LONDON","","SW1W 9PJ","20040401","","","","","","","","","","","1","","","","",""
"P2A0","MH KAY","","","KAYS CHEMIST LTD","108 BROMHAM ROAD","","BEDFORD","","MK40 2QH","20040401","","","","","","","","","","","1","","","","",""
"P2A1","KD KATARIA LTD","","","K D PHARMACY","2 THE FOLD","","BIRMINGHAM","","B38 9BL","20040401","","","","","","","","","","","1","","","","",""
"P2A2","KDS MEDICARE LTD","","","COSPHARM LTD","281-283 MITCHAM ROAD","","LONDON","","SW17 9JQ","20040401","","","","","","","","","","","1","","","","",""
"P2A3","KEATS PHARMACY LTD","","","KEATS PHARMACY","30 ROSSLYN HILL","","LONDON","","NW3 1NH","20040401","","","","","","","","","","","1","","","","",""
"P2A5","KEIGHLEY HEALTH CENTRE (PHM DPT)","","","KEIGHLEY HEALTH CENTRE","OAKWORTH ROAD","","KEIGHLEY","","BD21 1SA","20040401","20200317","","","","","","","","","","1","","","","",""
"P2A6","KENNET PHARMACY LTD","","","55 GEORGE LANE","","","MARLBOROUGH","","SN8 4BY","20040401","20190129","","","","","","","","","","1","","","","",""
"P2A7","KEPIER PHARMACY","","","KEPIER MEDICAL PRACTICE","LEYBURN GROVE","","HOUGHTON LE SPRING","","DH4 5EQ","20040401","","","","","","","","","","","1","","","","",""
"P2A8","MR KERAI","","","HARVEST END","","","WATFORD","","WD25 9UB","20040401","20251015","","","","","","","","","","1","","","","",""
"P2A9","KEY PHARMACEUTICALS LTD","","","JOHN G CLIFFORD","3 THE CAUSEWAY","GODMANCHESTER","HUNTINGDON","","PE29 2HA","20040401","20181003","","","","","","","","","","1","","","","",""
"P2AC","JK KHAIRA","","","214 BIRMINGHAM ROAD","","","WEST BROMWICH","","B70 6QJ","20040401","","","","","","","","","","","1","","","","",""
"P2AD","KA KHALIQ","","","LANSDALE PHARMACY LTD","BUCKINGHAM HOUSE","CHURCH ROAD, PENN","HIGH WYCOMBE","","HP10 8LN","20040401","20190409","","","","","","","","","","1","","","","",""
"P2AF","DS KHATKAR LTD","","","400 FARNHAM ROAD","","","SLOUGH","","SL2 1JD","20040401","","","","","","","","","","","1","","","","",""
"P2AG","S KHOSLA","","","WARREN PHARMACY LTD","24 BEXLEY HIGH STREET","","BEXLEY","","DA5 1AD","20040401","20190305","","","","","","","","","","1","","","","",""
"P2AJ","KINGS PHARMACY","","","6 CHESTER COURT","ALBANY STREET","","LONDON","","NW1 4BU","20040401","20240312","","","","","","","","","","1","","","","",""
"P2AL","E & R KIRBY","","","53 HIGH STREET","","","TEDDINGTON","","TW11 8HA","20040401","","","","","","","","","","","1","","","","",""
"P2AM","KK PHARMACY LTD","","","28 MELTON ROAD","","","LEICESTER","","LE4 5EA","20040401","","","","","","","","","","","1","","","","",""
"P2AN","S KOCHHAR","","","376 STANLEY ROAD","","","BOOTLE","","L20 5AB","20040401","20190326","","","","","","","","","","1","","","","",""
"P2AP","P KOTECHA","","","PARK SQUARE PHARMACY","10 PARK SQUARE","","NORTHAMPTON","","NN5 7LQ","20040401","","","","","","","","","","","1","","","","",""
"P2AR","KRISH CHEMIST","","","650 HITCHIN ROAD","","","LUTON","","LU2 7XH","20040401","","","","","","","","","","","1","","","","",""
"P2AY","S LAKHANI","","","16 GREENHILL PARADE","GREAT NORTH ROAD","NEW BARNET","BARNET","","EN5 1ES","20040401","","","","","","","","","","","1","","","","",""
"P2C0","ST JAMES MEDICHEM LTD","","","THE PHARMACY","21 GREEN'S END","WOOLWICH","LONDON","","SE18 6JY","20040401","","","","","","","","","","","1","","","","",""
"P2C6","EXMINSTER PHARMACY","","","THE LIMES SURGERY","CHURCH STILE","EXMINSTER","EXETER","","EX6 8DF","20040401","","","","","","","","","","","1","","","","",""
"P2C7","STICKLAND CHEMIST","","","41 THURLOE STREET","","","LONDON","","SW7 2LQ","20040401","","","","","","","","","","","1","","","","",""
"P2C8","STOW PHARMACY LIMITED","","","THE SQUARE","STOW ON THE WOLD","","CHELTENHAM","","GL54 1BQ","20040401","20190312","","","","","","","","","","1","","","","",""
"P2C9","STRAND PHARMACY","","","29 THE STRAND","KIRKHOLT","","ROCHDALE","","OL11 2JG","20040401","20250430","","","","","","","","","","1","","","","",""
"P2CC","STREET PHARMACY LTD","","","STREET PHARMACY","74 HIGH STREET","","STREET","","BA16 0EN","20040401","20201027","","","","","","","","","","1","","","","",""
"P2CE","SUMERHEALTH LTD","","","340-342 HARROW ROAD","","","LONDON","","W9 2HP","20040401","","","","","","","","","","","1","","","","",""
"P2CG","SUNAK LTD","","","SUNAK PHARMACY","19 BURGESS ROAD","BASSETT","SOUTHAMPTON","","SO16 7AP","20040401","","","","","","","","","","","1","","","","",""
"P2CJ","WEST POINT PHARMACY","","","UNIT 5, WEST POINT RETAIL PARK","RANSON ROAD","CHILWELL, BEESTON","NOTTINGHAM","","NG9 6DX","20040401","","","","","","","","","","","1","","","","",""
"P2CK","SV PHARMACIES LTD","","","ALLENS PHARMACY","19 ELECTRIC PARADE","GEORGE LANE","LONDON","","E18 2LY","20040401","","","","","","","","","","","1","","","","",""
"P2CL","SWIFT CHEMISTS LTD","","","MORRISONS STORE","1 OXCLOSE PARK ROAD NORTH","HALFWAY","SHEFFIELD","","S20 8GN","20040401","20190212","","","","","","","","","","1","","","","",""
"P2CM","CITY ROAD PHARMACY","","","100-102 CITY ROAD","","","BRADFORD","","BD8 8JT","20040401","","","","","","","","","","","1","","","","",""
"P2CP","TAMBERS PHARMACY","","","45 DERBY ROAD","SWANWICK","","ALFRETON","","DE55 1AB","20040401","20190331","","","","","","","","","","1","","","","",""
"P2CR","SS TANNA","","","SOUTHCROFT CHEMIST","305-307 RICHMOND ROAD","","KINGSTON-UPON-THAMES","","KT2 5QU","20040401","20201130","","","","","","","","","","1","","","","",""
"P2CY","TETTENHALL WOOD LTD","","","TETTENHALL WOOD PHARMACY","12 SCHOOL ROAD","TETTENHALL WOOD","WOLVERHAMPTON","","WV6 8EJ","20040401","","","","","","","","","","","1","","","","",""
"P2D1","V&J PHARMACY LIMITED","","","62 HIGH STREET","STANSTEAD ABBOTTS","","WARE","","SG12 8AQ","20130308","","","","","","","","","","","1","","","","",""
"P2D2","ADVANCED PHARMACIES LTD","","","3 ORME ROAD","","","NEWCASTLE","","ST5 2UE","20130313","20260211","","","","","","","","","","1","","","","",""
"P2D3","MR SS PAWAR","","","TOWER HILL HEALTH CENTRE","25 TOWER HILL","","BIRMINGHAM","","B42 1LG","20130313","","","","","","","","","","","1","","","","",""
"P2D4","MR KEHINDE PITAN","","","622 BRISTOL ROAD SOUTH","NORTHFIELD","","BIRMINGHAM","","B31 2JR","20130313","","","","","","","","","","","1","","","","",""
"P2D5","NIGHTCHEM LIMITED","","","CHAPEL LANE","WELLINGTON","","TELFORD","","TF1 1PZ","20130320","","","","","","","","","","","1","","","","",""
"P2D6","LA VIE HEALTHCARE LTD","","","17 THE VILLAGE","","","LONDON","","SE7 8UG","20130320","","","","","","","","","","","1","","","","",""
"P2D7","DRUGSRUS LIMITED","","","207 KENTON ROAD","","","HARROW","","HA3 0HD","20130301","","","","","","","","","","","1","","","","",""
"P2D8","ACOMB MEDICAL LIMITED","","","199 ACOMB ROAD","","","YORK","","YO24 4HD","20130312","","","","","","","","","","","1","","","","",""
"P2D9","THOMAS WALLIS","","","15 SOUTH ELLA WAY","KIRK ELLA","","HULL","","HU10 7HB","20130322","20220202","","","","","","","","","","1","","","","",""
"P2DD","H & K HEALTHCARE LIMITED","","","THE GATEHOUSE","LONGCROFT","MAPPLEWELL","BARNSLEY","","S75 6FH","20130403","","","","","","","","","","","1","","","","",""
"P2DE","BUXTED MEDICAL SERVICES LIMITED","","","BUXTED MEDICAL CENTRE","FRAMFIELD ROAD","","UCKFIELD","","TN22 5FD","20130402","20170614","","","","","","","","","","1","","","","",""
"P2DF","CLINIDIRECT LIMITED","","","QUALITAS HOUSE","100 ELMGROVE ROAD","","HARROW","","HA1 2RW","20130408","20210131","","","","","","","","","","1","","","","",""
"P2DG","SMK PHARMA LTD","","","205 PLASHET GROVE","","","LONDON","","E6 1BX","20130401","20190313","","","","","","","","","","1","","","","",""
"P2DH","FLYPHARM LIMITED","","","90 FOREST ROAD","","","LONDON","","E17 6JQ","20130402","","","","","","","","","","","1","","","","",""
"P2DJ","ABDULLAH ISSAC","","","472 GREENFORD ROAD","","","GREENFORD","","UB6 8SQ","20130410","","","","","","","","","","","1","","","","",""
"P2DK","MARKET WEIGHTON PHARMACY LIMITED","","","4 LONDESBOROUGH ROAD","MARKET WEIGHTON","","YORK","","YO43 3AY","20130401","20190312","","","","","","","","","","1","","","","",""
"P2DL","TARIQ AMIN HEALTH LIMITED","","","MORRAB SURGERY","2 MORRAB ROAD","","PENZANCE","","TR18 4EL","20130417","","","","","","","","","","","1","","","","",""
"P2DM","RIZQ HEALTHCARE LTD","","","24A FOREST STREET","","","NELSON","","BB9 7NB","20130417","20251031","","","","","","","","","","1","","","","",""
"P2DN","K PARMAR LTD","","","566 LEEDS ROAD","IDLE","","BRADFORD","","BD10 8JH","20130412","","","","","","","","","","","1","","","","",""
"P2DP","WITHAM SERVICES LIMITED","","","124-127 WITHAM","","","HULL","","HU9 1AT","20130409","20251231","","","","","","","","","","1","","","","",""
"P2DQ","EXEL GB LIMITED","","","155-157 EDGE LANE","EDGE HILL","","LIVERPOOL","","L7 2PF","20130422","","","","","","","","","","","1","","","","",""
"P2DR","NEWINGDALE LIMITED","","","150 ALBION ROAD","","","LONDON","","N16 9PA","20130424","","","","","","","","","","","1","","","","",""
"P2DT","AZAL MEDICAL LTD","","","MANOR PARK SURGERY","BELLMOUNT CLOSE","","LEEDS","","LS13 2UP","20130429","","","","","","","","","","","1","","","","",""
"P2DV","MOHAMED A YUSUF","","","43 FEATHERSTONE ROAD","","","SOUTHALL","","UB2 5AB","20130429","","","","","","","","","","","1","","","","",""
"P2DW","SEGS ENTERPRISE LTD","","","47 BOSTON ROAD","","","SLEAFORD","","NG34 7HD","20130408","","","","","","","","","","","1","","","","",""
"P2DX","RAJ MORJARIA","","","DOVERCOURT CENTRE","3 SKYE EDGE AVENUE","","SHEFFIELD","","S2 5FX","20130401","20190305","","","","","","","","","","1","","","","",""
"P2DY","PHARM-X LTD","","","238 GIRLINGTON ROAD","","","BRADFORD","","BD8 9NR","20130401","","","","","","","","","","","1","","","","",""
"P2E1","PHARM HEALTHCARE LIMITED","","","36 STATION ROAD","OXENHOPE","","KEIGHLEY","","BD22 9JJ","20130429","","","","","","","","","","","1","","","","",""
"P2E2","ROSHBAN LIMITED","","","1 HARDMAN STREET","","","MANCHESTER","","M3 3HF","20130402","","","","","","","","","","","1","","","","",""
"P2E3","JMD HEALTH LIMITED","","","WHITTERINGS MEDICAL CENTRE","CAKEHAM ROAD","EAST WITTERING","CHICHESTER","","PO20 8BH","20130505","","","","","","","","","","","1","","","","",""
"P2E4","MR ABDUS SUBHAN","","","143 QUEENSWAY","BLETCHLEY","","MILTON KEYNES","","MK2 2DY","20130506","","","","","","","","","","","1","","","","",""
"P2E5","24HR MEDICINES LIMITED","","","134 ROCHESTER WAY","","","LONDON","","SE3 8AR","20130503","20181024","","","","","","","","","","1","","","","",""
"P2E6","MR BS PARKASH","","","HOUGHTON REGIS MEDICAL CENTRE","PEEL STREET","HOUGHTON REGIS","DUNSTABLE","","LU5 5EZ","20130501","","","","","","","","","","","1","","","","",""
"P2E7","CAREPLUS PHARMACY LIMITED","","","UNIT 2B","49 THEOBALD STREET","","BOREHAMWOOD","","WD6 4RZ","20130429","","","","","","","","","","","1","","","","",""
"P2E8","BURRAGE LIMITED","","","21-23 ARSENAL WAY","","","LONDON","","SE18 6TE","20130501","","","","","","","","","","","1","","","","",""
"P2E9","ALCHEMY PHARMA LIMITED","","","338 ASHTON ROAD","","","OLDHAM","","OL8 3ED","20130422","","","","","","","","","","","1","","","","",""
"P2EC","THE HARROW PHARMACY LIMITED","","","73 STATION ROAD","","","HARROW","","HA1 2TY","20130515","","","","","","","","","","","1","","","","",""
"P2ED","LANGLEY MEDICAL LIMITED","","","LANGLEY HEALTH CENTRE","COMMON ROAD","","SLOUGH","","SL3 8LE","20130513","","","","","","","","","","","1","","","","",""
"P2EE","MAYLANDS ENTERPRISES LIMITED","","","MAYLANDS HEALTH CENTRE","300 UPPER RAINHAM ROAD","","HORNCHURCH","","RM12 4EQ","20130514","","","","","","","","","","","1","","","","",""
"P2EF","AK SONS TRADING LIMITED","","","MEIR PRIMARY CARE CENTRE","WESTON ROAD","","STOKE-ON-TRENT","","ST3 6AB","20130520","","","","","","","","","","","1","","","","",""
"P2EG","ROSEBIRD CENTRE PHARMACY LIMITED","","","UNIT 4","THE ROSEBIRD CENTRE","SHIPSTON ROAD","STRATFORD-UPON-AVON","","CV37 8LU","20130408","","","","","","","","","","","1","","","","",""
"P2EH","B & H JAGPAL LIMITED","","","66 LOAD STREET","","","BEWDLEY","","DY12 2AW","20130402","","","","","","","","","","","1","","","","",""
"P2EK","ASCRIP LIMITED","","","HIGHFIELD COURT","CHURCH LANE","MADINGLEY","CAMBRIDGE","","CB23 8AG","20130522","20180307","","","","","","","","","","1","","","","",""
"P2EL","DSM PHARMA LIMITED","","","34-36 HIGH STREET","","","GODALMING","","GU7 1DZ","20130520","","","","","","","","","","","1","","","","",""
"P2EM","MOORSIDE MEDS MANAGEMENT SERVICES LLP","","","2ND FLOOR, PORTER HOUSE","6 PORTER STREET","","LIVERPOOL","","L3 7BL","20130523","","","","","","","","","","","1","","","","",""
"P2EN","INTERKHAB DIN","","","ORCHARD MEDICAL PRACTICE","STOCKWELL GATE","","MANSFIELD","","NG18 5GG","20130529","","","","","","","","","","","1","","","","",""
"P2EP","MR TOSEEF NABI","","","258 COWLEY ROAD","","","OXFORD","","OX4 1UH","20130529","20250728","","","","","","","","","","1","","","","",""
"P2EQ","GREAT WOOD PHARMACY LIMITED","","","408 COVENTRY ROAD","SMALL HEATH","","BIRMINGHAM","","B10 0UF","20130529","20190312","","","","","","","","","","1","","","","",""
"P2ET","PRESCRIPTION 2 YOU HEALTHCARE","","","89-91 PIER AVENUE","","","CLACTON-ON-SEA","","CO15 1QE","20130601","","","","","","","","","","","1","","","","",""
"P2EW","PHARMACY BOND LIMITED","","","G9 FERNEBERGA HOUSE","ALEXANDRA ROAD","","FARNBOROUGH","","GU14 6DQ","20130603","","","","","","","","","","","1","","","","",""
"P2EX","HF ASSOCIATES LIMITED","","","200 MILLER ROAD","RIBBLETON","","PRESTON","","PR2 6NH","20130605","20240515","","","","","","","","","","1","","","","",""
"P2EY","PCT HEALTHCARE LIMITED","","","CLARE HOUSE","PHOENIX WAY","INCE","WIGAN","","WN3 4NW","20130601","20190212","","","","","","","","","","1","","","","",""
"P2F0","THE OVAL SHOP LTD","","","SKELTON HEALTH CENTRE","BYLAND ROAD","SKELTON-IN-CLEVELAND","SALTBURN-BY-THE-SEA","","TS12 2NN","20130612","","","","","","","","","","","1","","","","",""
"P2F1","BARNSLEY ENTERPRISES LTD","","","21 RACECOMMON ROAD","","","BARNSLEY","","S70 6AA","20130619","","","","","","","","","","","1","","","","",""
"P2F2","PHARMACY WAREHOUSE LIMITED","","","UNIT 15, THE GROUND FLOOR","SOMERSET ROAD","","LONDON","","N17 9EJ","20130601","","","","","","","","","","","1","","","","",""
"P2F3","PHARM-I-LINK LIMITED","","","1ST FLOOR","NEW MILL VILLAGE STORE","NEW MILL","HOLMFIRTH","","HD9 7JY","20130619","","","","","","","","","","","1","","","","",""
"P2F4","K & L HEALTHCARE LIMITED","","","KENNEDY WAY SURGERY","KENNEDY WAY","YATE","BRISTOL","","BS37 4AA","20130619","","","","","","","","","","","1","","","","",""
"P2F5","MEDEVALA PHARMA LIMITED","","","21 HIGH STREET","","","DULVERTON","","TA22 9HB","20130619","20180905","","","","","","","","","","1","","","","",""
"P2F6","SIE WEE WONG","","","232 HIGHBURY ROAD","","","NOTTINGHAM","","NG6 9FE","20130603","","","","","","","","","","","1","","","","",""
"P2F7","EVERGREEN HEALTHCARE LIMITED","","","UNIT 10, 111 ROSS WALK","LEICESTER BUSINESS CENTRE","","LEICESTER","","LE4 5HH","20130619","","","","","","","","","","","1","","","","",""
"P2F8","HOMECARE (YORKSHIRE) LIMITED","","","UNIT AA, ALANBROOKE BUSINESS PARK","STATION ROAD","TOPCLIFFE","THIRSK","","YO7 3SE","20130624","20260228","","","","","","","","","","1","","","","",""
"P2F9","MRS P ONDHIA","","","1 BERNARD CLOSE","RACKHEATH","","NORWICH","","NR13 6QS","20130620","","","","","","","","","","","1","","","","",""
"P2FA","MUHAMMAD USMAN SHAFIQUE","","","250 STOCKPORT ROAD","TIMPERLEY","","ALTRINCHAM","","WA15 7UN","20130626","","","","","","","","","","","1","","","","",""
"P2FC","ELMFIELD TRADING LIMITED","","","60 HORSLEY HILL SQUARE","","","SOUTH SHIELDS","","NE34 6RF","20130626","","","","","","","","","","","1","","","","",""
"P2FF","FAISEL BAIG","","","ST. MAWES PHARMACY","12 KINGS ROAD","ST. MAWES","TRURO","","TR2 5DH","20130701","","","","","","","","","","","1","","","","",""
"P2FG","INVONEX LIMITED","","","184 STURDEE ROAD","","","LEICESTER","","LE2 9DB","20130628","","","","","","","","","","","1","","","","",""
"P2FH","ALUM ROCK HEALTHCARE LTD","","","BISMILLAH PHARMACY","168 ALUM ROCK ROAD","SALTLEY","BIRMINGHAM","","B8 1HU","20130703","20180620","","","","","","","","","","1","","","","",""
"P2FK","PARRIS & GREENING LIMITED","","","105 CHURCH ROAD","","","HOVE","","BN3 2AF","20130701","20190409","","","","","","","","","","1","","","","",""
"P2FL","RP PHARMS LIMITED","","","44 MONKSWAY","","","NOTTINGHAM","","NG11 7FH","20130625","","","","","","","","","","","1","","","","",""
"P2FM","ALHUDA HEALTHCARE LTD","","","11 CANFORD CLOSE","","","BIRMINGHAM","","B12 0YU","20130715","","","","","","","","","","","1","","","","",""
"P2FN","YAMAN TATARI","","","UNIT 3","ALEXANDRA DOCK BUSINESS CENTRE","FISHERMANS WHARF","GRIMSBY","","DN31 1UL","20130715","","","","","","","","","","","1","","","","",""
"P2FR","SANA PHARMA LTD","","","13 NEWMARKET GREEN","","","LONDON","","SE9 5ER","20130731","","","","","","","","","","","1","","","","",""
"P2FT","PHARMADRUG HEALTHCARE LTD","","","99A LEEDS ROAD","","","NELSON","","BB9 9UA","20130731","","","","","","","","","","","1","","","","",""
"P2FV","MIRAJ PHARMA LIMITED","","","625-627 ROMAN ROAD","","","LONDON","","E3 2RN","20130710","","","","","","","","","","","1","","","","",""
"P2FW","FAIRWAY HEALTH PARTNERSHIPS LIMITED","","","FINCHLEY MEMORIAL HOSPITAL","GRANVILLE ROAD","","LONDON","","N12 0JE","20130731","","","","","","","","","","","1","","","","",""
"P2FX","MR BALAL AKBAR AND ANEELA SHAHEEN BALAL","","","72 GOLDEN HILLOCK ROAD","SMALL HEATH","","BIRMINGHAM","","B10 0LG","20130708","","","","","","","","","","","1","","","","",""
"P2FY","VCKP LIMITED","","","UNIT4, BLOCK 1","TERLINGHAM FORUM","HAWKINGE","FOLKESTONE","","CT18 7RH","20130723","20180905","","","","","","","","","","1","","","","",""
"P2G0","MIDDLESTOWN ENTERPRISES LTD","","","62 ARMLEY RIDGE ROAD","","","LEEDS","","LS12 3NP","20130801","","","","","","","","","","","1","","","","",""
"P2G1","KNIGHTS HEALTH MEDICAL LTD","","","GLASTONBURY SURGERY","FEVERSHAM LANE","","GLASTONBURY","","BA6 9LP","20130807","20190219","","","","","","","","","","1","","","","",""
"P2G2","LAWSAT PHARM LTD","","","90 HAM ROAD","","","WORTHING","","BN11 2QY","20130801","","","","","","","","","","","1","","","","",""
"P2G3","GARETH JAMES MCCAGUE","","","50-60 WILFORD LANE","WEST BRIDGFORD","","NOTTINGHAM","","NG2 7RD","20130814","20190312","","","","","","","","","","1","","","","",""
"P2G4","FOURTS EXPOPHARM UK LIMITED","","","10 LITTLE MOLLANDS FARM","MOLLANDS LANE","","SOUTH OCKENDON","","RM15 6RX","20130805","20240116","","","","","","","","","","1","","","","",""
"P2G5","PHARMACY 2000 LIMITED","","","6 SOUTH NELSON ROAD","SOUTH NELSON INDUSTRIAL ESTATE","","CRAMLINGTON","","NE23 1WF","20130821","","","","","","","","","","","1","","","","",""
"P2G8","MARY CRONIN MANAGEMENT LIMITED","","","17 ASHBURTON ROAD","","","NEWCASTLE UPON TYNE","","NE3 4XN","20130801","20191205","","","","","","","","","","1","","","","",""
"P2G9","MRS PARMINDER CHAND","","","192A ST. VINCENT STREET WEST","","","BIRMINGHAM","","B16 8RP","20130821","","","","","","","","","","","1","","","","",""
"P2GA","CHURCHTOWN HEALTHCARE LIMITED","","","CHURCHTOWN MEDICAL CENTRE","137 CAMBRIDGE ROAD","","SOUTHPORT","","PR9 7LT","20130823","","","","","","","","","","","1","","","","",""
"P2GD","NEWCARE PHARMA LIMITED","","","16/18 STATION PARADE","","","LONDON","","NW2 4NH","20130812","","","","","","","","","","","1","","","","",""
"P2GE","PATIENT CARE LTD","","","22 GRAHAM ROAD","","","WESTON-SUPER-MARE","","BS23 1YA","20130901","","","","","","","","","","","1","","","","",""
"P2GH","HASLEMERE HEALTHCARE LLP","","","HASLEMERE PHARMACY","HASLEMERE HEALTH CENTRE","CHURCH LANE","HASLEMERE","","GU27 2BQ","20130902","20190813","","","","","","","","","","1","","","","",""
"P2GJ","HARBS MED LIMITED","","","HARBS PHARMACY","193 SOUTH EALING ROAD","EALING","LONDON","","W5 4RH","20130901","","","","","","","","","","","1","","","","",""
"P2GK","HEALTHVILLAGEPLUS LIMITED","","","STATION PHARMACY","THE OLD STATION BUILDING","OSWALD ROAD","OSWESTRY","","SY11 1RB","20130826","20190422","","","","","","","","","","1","","","","",""
"P2GL","RAZA ALI","","","AVERROES PHARMACY","SANDRINGHAM ROAD MEDICAL PRACTICE","SANDRINGHAM ROAD, INTAKE","DONCASTER","","DN2 5JH","20130910","","","","","","","","","","","1","","","","",""
"P2GM","P A MCKEEVER LIMITED","","","MCKEEVERS CHEMIST","GREASBY HEALTH CENTRE","424 FRANKBY ROAD, GREASBY","WIRRAL","","CH49 3PH","20130902","","","","","","","","","","","1","","","","",""
"P2GN","MEDICINE LINE LIMITED","","","133 ADELAIDE TERRACE","BENWELL","","NEWCASTLE UPON TYNE","","NE4 9JP","20130906","20190228","","","","","","","","","","1","","","","",""
"P2GP","PRABHU-SHRIRAM LTD","","","41 BLOOMSBURY WAY","","","LONDON","","WC1A 2SA","20130918","","","","","","","","","","","1","","","","",""
"P2GQ","COLONNADES PHARMACY LLP","","","39-41 PORCHESTER ROAD","BAYSWATER","","LONDON","","W2 5DP","20130918","","","","","","","","","","","1","","","","",""
"P2GR","ELIXIA HEALTHCARE LIMITED","","","READING ROAD","","","HOOK","","RG27 9ED","20130916","","","","","","","","","","","1","","","","",""
"P2GT","ALA PHARMA LTD","","","96 OAKFIELD ROAD","WHICKHAM","","NEWCASTLE UPON TYNE","","NE16 5QU","20130909","20200101","","","","","","","","","","1","","","","",""
"P2GV","G & B MEDICAL SERVICES LIMITED","","","BARROW HILL SURGERY","BARROW HILL","","BURY ST. EDMUNDS","","IP29 5DX","20130918","","","","","","","","","","","1","","","","",""
"P2GW","FVZ PHARMA LLP","","","6 UPTON LEA PARADE","WEXHAM ROAD","","SLOUGH","","SL2 5JU","20130916","","","","","","","","","","","1","","","","",""
"P2GX","CAMBERLEY HEALTHCARE LLP","","","UPPER GORDON RD SURGERY","37 UPPER GORDON ROAD","","CAMBERLEY","","GU15 2HJ","20130909","20190813","","","","","","","","","","1","","","","",""
"P2GY","SRI VIJAYA VENKATA LLP","","","UNIT 19B","NUMBER ONE INDUSTRIAL ESTATE","","CONSETT","","DH8 6SY","20130918","","","","","","","","","","","1","","","","",""
"P2H0","JAIVRA LIMITED","","","5 BEDFORD PARK CORNER","CHISWICK","","LONDON","","W4 1LS","20130912","20171026","","","","","","","","","","1","","","","",""
"P2H1","JOSEPH ACHEAMPONG","","","LATE NIGHT COLUMBIA CHEMIST","21-23 COLUMBIA ROAD","","BOURNEMOUTH","","BH10 4DZ","20130925","","","","","","","","","","","1","","","","",""
"P2H2","BLACKTHORN HEALTHCARE LIMITED","","","UNIT2/3 BLACKTHORN L/CTR","BLACKTHORN BRIDGE COURT","","NORTHAMPTON","","NN3 8QH","20130902","20230329","","","","","","","","","","1","","","","",""
"P2H3","DAVE N","","","9 MONEYHILL PARADE","UXBRIDGE ROAD","","RICKMANSWORTH","","WD3 7BE","20130901","","","","","","","","","","","1","","","","",""
"P2H4","JEMPSONS LIMITED","","","MAIN STREET","PEASMARSH","","RYE","","TN31 6YD","20130917","","","","","","","","","","","1","","","","",""
"P2H5","MATTHEW AOUSE SHAMOON","","","214 HIGH STREET","","","BRENTFORD","","TW8 8AH","20130919","","","","","","","","","","","1","","","","",""
"P2H6","COLLEGE HEALTH LIMITED","","","11 FRINDSBURY ROAD","STROOD","","ROCHESTER","","ME2 4ST","20130925","20190804","","","","","","","","","","1","","","","",""
"P2H7","SHARIEF HEALTHCARE LIMITED","","","WELLINGTON ROAD","YATE","","BRISTOL","","BS37 5UY","20130925","","","","","","","","","","","1","","","","",""
"P2H8","WHITE ROSE PHARMACY SERVICES LTD","","","196 HUDDERSFIELD ROAD","MIRFIELD","","MIRFIELD","","WF14 8AZ","20130925","","","","","","","","","","","1","","","","",""
"P2H9","VARUN JAIRATH","","","SPRINGFIELD MEDICAL CTRE","384 LIVERPOOL ROAD","ECCLES","MANCHESTER","","M30 8QD","20130917","20181205","","","","","","","","","","1","","","","",""
"P2HC","ALAMAZ LIMITED","","","12 PARK HILL","BURY OLD ROAD","PRESTWICH","MANCHESTER","","M25 0FX","20130912","","","","","","","","","","","1","","","","",""
"P2HE","CRYSTALPHARM HEALTH LIMITED","","","239 FARNHAM ROAD","","","SLOUGH","","SL2 1DE","20130923","","","","","","","","","","","1","","","","",""
"P2HF","HR PHARMACARE LIMITED","","","3 BALLFIELD LANE","KEXBOROUGH","","BARNSLEY","","S75 5EF","20131002","","","","","","","","","","","1","","","","",""
"P2HG","BASTION PHARMACY LIMITED","","","5 FROME VALLEY ROAD","STAPLETON","","BRISTOL","","BS16 1HD","20131001","","","","","","","","","","","1","","","","",""
"P2HH","WARWICKSHIRE HEALTHCARE LIMITED","","","59 MORRIS ROAD","","","LEICESTER","","LE2 6BR","20131001","20191031","","","","","","","","","","1","","","","",""
"P2HJ","ASIF SHARIF","","","GRAHAM ROAD SURGERY","22 GRAHAM ROAD","","WESTON-SUPER-MARE","","BS23 1YA","20131002","20220629","","","","","","","","","","1","","","","",""
"P2HK","AKS HEALTHCARE LIMITED","","","UNIT 2/A NORTHUMBERLAND PK","EARSDON ROAD","SHIREMOOR","NEWCASTLE UPON TYNE","","NE27 0SJ","20131001","","","","","","","","","","","1","","","","",""
"P2HM","DAVID PORTER LTD","","","438 CHESTER ROAD","LITTLE SUTTON","","ELLESMERE PORT","","CH66 3RB","20131001","","","","","","","","","","","1","","","","",""
"P2HP","DEV & KALHER ASSOCIATES LTD","","","HORTON PHARMACY","UNIT 7","HORTON RETAIL CENTRE","EPSOM","","KT19 8SP","20131010","","","","","","","","","","","1","","","","",""
"P2HR","MEDUK (LEEDS) LTD","","","MORLEY PHARMACY","39 WESTFIELD ROAD","MORLEY","LEEDS","","LS27 9NF","20131016","","","","","","","","","","","1","","","","",""
"P2HT","THE REACH PHARM LIMITED","","","BLACKHEATH STANDARD PHARMACY","182 WESTCOMBE HILL","BLACKHEATH","LONDON","","SE3 7DH","20131016","","","","","","","","","","","1","","","","",""
"P2HX","ATHERSTONE PHARMA LTD","","","THE ATHERSTONE SURGERY","1 RATCLIFFE ROAD","","ATHERSTONE","","CV9 1EU","20131023","","","","","","","","","","","1","","","","",""
"P2HY","NADIA MAHMOOD AND SHAHID RAZZAQ","","","239 WILMSLOW ROAD","RUSHOLME","","MANCHESTER","","M14 5LW","20131019","","","","","","","","","","","1","","","","",""
"P2J0","CHEADLE PHARMA LTD","","","7 ASHFIELD CRESCENT","","","CHEADLE","","SK8 1BH","20131001","20220525","","","","","","","","","","1","","","","",""
"P2J1","SAS HEALTHCARE LIMITED","","","208 FINNEY LANE","HEALD GREEN","","CHEADLE","","SK8 3QA","20131001","","","","","","","","","","","1","","","","",""
"P2J2","ARLINGTON ROAD HEALTHCARE LLP","","","ARLINGTON ROAD MEDICAL PRACTICE","1 ARLINGTON ROAD","","EASTBOURNE","","BN21 1DH","20131021","20190813","","","","","","","","","","1","","","","",""
"P2J3","GERUDA LIMITED","","","130 SOUTH STREET","","","DORKING","","RH4 2EU","20131017","","","","","","","","","","","1","","","","",""
"P2J4","SCIENCE PHARMA LIMITED","","","59 CHISLEHURST ROAD","","","CHISLEHURST","","BR7 5NP","20131014","20170621","","","","","","","","","","1","","","","",""
"P2J5","BOLAN HEALTH LIMITED","","","ROOLEY LANE","","","BRADFORD","","BD4 7SS","20131030","","","","","","","","","","","1","","","","",""
"P2J7","PASCAL SOLUTIONS LTD","","","11 CHURCH ROAD","","","REDDITCH","","B97 4AB","20130901","","","","","","","","","","","1","","","","",""
"P2J8","YAPTON PHARMACY LIMITED","","","AVISFORD MEDICAL CENTRE","NORTH END ROAD","YAPTON","ARUNDEL","","BN18 0DU","20131026","","","","","","","","","","","1","","","","",""
"P2J9","BANWELL VILLAGE PHARMACY LIMITED","","","WESTFIELD ROAD","","","BANWELL","","BS29 6AD","20131101","","","","","","","","","","","1","","","","",""
"P2JA","CHIRAG AHIR LIMITED","","","U1 MORRISONS SUPERMARKET","TRITTON ROAD","","LINCOLN","","LN6 7QL","20131104","","","","","","","","","","","1","","","","",""
"P2JC","DIND LTD","","","DONNINGTON MED PRACTICE","WREKIN DRIVE","DONNINGTON","TELFORD","","TF2 8EA","20131028","","","","","","","","","","","1","","","","",""
"P2JD","MRS OPINDER KAUR MANRO","","","10 PRINCESS VICTORIA STREET","CLIFTON","","BRISTOL","","BS8 4BP","20131031","20241112","","","","","","","","","","1","","","","",""
"P2JE","DG NEIL LIMITED","","","47 FELLGATE AVENUE","","","JARROW","","NE32 4LZ","20131001","","","","","","","","","","","1","","","","",""
"P2JF","JAOMAR LTD","","","WOODLANDS HEALTH CENTRE","4 EDWIN HALL PLACE","","LONDON","","SE13 6RN","20131106","","","","","","","","","","","1","","","","",""
"P2JG","A.K. MEDICAL CONSULTANCY LTD","","","5/7 WEST AUCKLAND ROAD","COCKERTON","","DARLINGTON","","DL3 9EJ","20131106","","","","","","","","","","","1","","","","",""
"P2JH","POLYPHARMACY LTD","","","10 UPPERTON ROAD","","","LEICESTER","","LE3 0BG","20131031","","","","","","","","","","","1","","","","",""
"P2JJ","CONNECTED HEALTHCARE LTD","","","8E EUROPA STUDIOS","VICTORIA ROAD","","LONDON","","NW10 6ND","20131111","20180418","","","","","","","","","","1","","","","",""
"P2JK","ASPP LIMITED","","","47 GASKELL AVENUE","","","SOUTH SHIELDS","","NE34 9TQ","20131112","20181003","","","","","","","","","","1","","","","",""
"P2JL","DENMARK STREET HEALTHCARE LLP","","","DENMARK STREET SURGERY","DENMARK STREET","","DARLINGTON","","DL3 0PD","20131113","20190813","","","","","","","","","","1","","","","",""
"P2JM","NAILSEA HEALTHCARE LLP","","","TOWER HOUSE PHARMACY","TOWER HOUSE MEDICAL CENTRE","STOCK WAY SOUTH, NAILSEA","BRISTOL","","BS48 2XX","20131120","20190813","","","","","","","","","","1","","","","",""
"P2JN","CREWKERNE HEALTHCARE LLP","","","CREWKERNE PHARMACY","CREWKERNE HEALTH CENTRE","MIDDLE PATH","CREWKERNE","","TA18 8BX","20131120","20190813","","","","","","","","","","1","","","","",""
"P2JR","NEWTON PLACE HEALTHCARE LLP","","","NEWTON PLACE PHARMACY","NEWTON PLACE SURGERY","NEWTON ROAD","FAVERSHAM","","ME13 8FH","20131120","20190813","","","","","","","","","","1","","","","",""
"P2JT","PHARMASITE LTD","","","97 LONDON ROAD","","","LEICESTER","","LE2 0PF","20131127","20231031","","","","","","","","","","1","","","","",""
"P2JV","EE AMADI LTD","","","AMADI'S FOOD MART STORE","311 MOSTON LANE, MOSTON","","MANCHESTER","","M40 9NL","20131127","20190302","","","","","","","","","","1","","","","",""
"P2JW","URWIN CUMBRIA LTD","","","59 MEADOW ROAD","MIREHOUSE","","WHITEHAVEN","","CA28 8ER","20131127","","","","","","","","","","","1","","","","",""
"P2JX","CARE PHARMA (ROMFORD) LIMITED","","","5 CLOCKHOUSE LANE","COLLIER ROW","","ROMFORD","","RM5 3PH","20131127","","","","","","","","","","","1","","","","",""
"P2JY","ELLESMERE PHARMACY LIMITED","","","18 SCOTLAND STREET","","","ELLESMERE","","SY12 0ED","20131125","20180711","","","","","","","","","","1","","","","",""
"P2K0","PHARMSMART LIMITED","","","24 BRIDGE STREET","","","PINNER","","HA5 3JF","20131202","","","","","","","","","","","1","","","","",""
"P2K1","IHSAN LIMITED","","","9 LEYBOURNE PARADE","","","BRIGHTON","","BN2 4LW","20131129","","","","","","","","","","","1","","","","",""
"P2K2","NL HEALTHCARE LIMITED","","","REGENT HOUSE","HAWKS ROAD","","KINGSTON UPON THAMES","","KT1 3DG","20131202","","","","","","","","","","","1","","","","",""
"P2K4","VISIONPHARMA LIMITED","","","THE MERLIN VAZ H & SCC","1 SPINNEY HILL ROAD","","LEICESTER","","LE5 3GH","20131106","","","","","","","","","","","1","","","","",""
"P2K5","J DINNING (WOODLANDS) LIMITED","","","VIGO LANE","RICKLETON VILLAGE","","WASHINGTON","","NE38 9EJ","20131211","","","","","","","","","","","1","","","","",""
"P2K6","SHARIEF HEALTH LTD","","","12A EMPERORS GATE","","","STEVENAGE","","SG2 7QX","20131201","20190930","","","","","","","","","","1","","","","",""
"P2K7","SUMMERHILL PHARMA LIMITED","","","243 MARGATE ROAD","","","RAMSGATE","","CT12 6SU","20131211","20200201","","","","","","","","","","1","","","","",""
"P2K8","VAKANI LOCUMS LTD","","","6 ST MARY'S HILL","","","STAMFORD","","PE9 2DW","20131216","","","","","","","","","","","1","","","","",""
"P2K9","PH FREEMAN LIMITED","","","CASTLEFORD HEALTH CENTRE","WELBECK STREET","","CASTLEFORD","","WF10 1DP","20131218","20240331","","","","","","","","","","1","","","","",""
"P2KE","BERKELEY PHARMA LTD","","","UNIT 35-36","JOHN WILSON BUSINESS PARK","HARVEY DRIVE","WHITSTABLE","","CT5 3QY","20140101","20200726","","","","","","","","","","1","","","","",""
"P2KG","WELLBEING (KEYNSHAM) LIMITED","","","47 CHANDAG ROAD","KEYNSHAM","","BRISTOL","","BS31 1PW","20140101","","","","","","","","","","","1","","","","",""
"P2KH","OMAR FIAZ","","","60 SEYMOUR GROVE","","","MANCHESTER","","M16 0LN","20140108","","","","","","","","","","","1","","","","",""
"P2KJ","HOSPITAL PHARMACY SERVICES (NOTT'M) LTD","","","TRUST PHARMACY","B FLOOR, QMC CAMPUS","DERBY ROAD","NOTTINGHAM","","NG7 2UH","20131223","","","","","","","","","","","1","","","","",""
"P2KL","ANSAR MAHMOOD","","","49 MARKET STREET","","","STALYBRIDGE","","SK15 2AA","20131224","","","","","","","","","","","1","","","","",""
"P2KM","CLOCK PHARMACY LIMITED","","","891 BRISTOL ROAD SOUTH","NORTHFIELD","","BIRMINGHAM","","B31 2PA","20140115","","","","","","","","","","","1","","","","",""
"P2KN","PLWP LIMITED","","","SHOP 7","WILLOW PARADE","LANGLEY","SLOUGH","","SL3 8HD","20140113","","","","","","","","","","","1","","","","",""
"P2KP","HYTHE PRESCRIPTIONS LIMITED","","","2 HYTHE QUAY","","","COLCHESTER","","CO2 8JB","20140113","","","","","","","","","","","1","","","","",""
"P2KQ","LAURA ADRIO","","","QUEEN STREET","TIDESWELL","","BUXTON","","SK17 8JT","20140122","20230705","","","","","","","","","","1","","","","",""
"P2KR","IPHARMACY DIRECT LTD","","","2 RAYNHAM STREET","","","ASHTON-UNDER-LYNE","","OL6 9NU","20140127","","","","","","","","","","","1","","","","",""
"P2KT","REY LONDON LIMITED","","","735 SIDCUP ROAD","NEW ELTHAM","","LONDON","","SE9 3SA","20140129","","","","","","","","","","","1","","","","",""
"P2KV","VIRTUAL PHARMACY LIMITED","","","UNIT 7 106A BEDFORD ROAD","WOOTTON","","BEDFORD","","MK43 9JB","20140129","20171206","","","","","","","","","","1","","","","",""
"P2KW","ASHDOWN MEDICAL SERVICES LTD","","","THE ROOKERY STUDIO","HIGHGATE WORKS,TOMTITS LN","","FOREST ROW","","RH18 5AT","20140205","","","","","","","","","","","1","","","","",""
"P2KX","PAAN HEALTHCARE LIMITED","","","158 OXFORD ROAD","COWLEY","","OXFORD","","OX4 2LA","20140201","","","","","","","","","","","1","","","","",""
"P2KY","RADIUS PHARMA LIMITED","","","102 PARK ROAD","TIMPERLEY","","ALTRINCHAM","","WA15 6TE","20140128","","","","","","","","","","","1","","","","",""
"P2L0","ROSE PHARMEDICS LTD","","","WOKINGHAM MEDICAL CENTRE","23 ROSE STREET","","WOKINGHAM","","RG40 1XS","20140205","20200929","","","","","","","","","","1","","","","",""
"P2L1","MR S CHANDARANA","","","BUSINESS UNIT 3","MAPLEHURST CLOSE","","DARTFORD","","DA2 7WX","20140205","","","","","","","","","","","1","","","","",""
"P2L2","IMAMI LTD","","","5-7 HIGH STREET","","","STONE","","ST15 8AJ","20140101","20250716","","","","","","","","","","1","","","","",""
"P2L3","ISLES OF SCILLY MEDICAL SERVICES LIMITED","","","KING EDWARD LANE","","","ST. MARY'S","","TR21 0HE","20140201","","","","","","","","","","","1","","","","",""
"P2L4","BENCAS CHEMIST LIMITED","","","LEISTON PHARMACY","20 HIGH STREET","","LEISTON","","IP16 4EW","20140201","","","","","","","","","","","1","","","","",""
"P2L5","HEMPRIYA LTD","","","HOGG & SON PHARMACY","25 KENDAL STREET","","LONDON","","W2 2AW","20140203","","","","","","","","","","","1","","","","",""
"P2L8","RAVIKA LTD","","","110 FORTIS GREEN ROAD","","","LONDON","","N10 3HN","20140219","","","","","","","","","","","1","","","","",""
"P2L9","MARKET HARBOROUGH PHARMACY","","","MARKET HARBOROUGH MEDICAL CENTRE","67 COVENTRY ROAD","","MARKET HARBOROUGH","","LE16 9BX","20140201","","","","","","","","","","","1","","","","",""
"P2LA","KEYWORTH HEALTHCARE SERVICES LIMITED","","","KMP PHARMACY","BUNNY LANE","KEYWORTH","NOTTINGHAM","","NG12 5JU","20140221","20220504","","","","","","","","","","1","","","","",""
"P2LC","IMED PHARMA LIMITED","","","IMED PHARMACY","12 HALLOWES CRESCENT","HAYLING ROAD, SOUTH OXHEY","WATFORD","","WD19 7NT","20140224","","","","","","","","","","","1","","","","",""
"P2LD","DK NAIDU","","","CARBIS BAY PHARMACY","UNITS 1-2, TREVOSE HOUSE","CARBIS BAY","ST. IVES","","TR26 2FZ","20140226","","","","","","","","","","","1","","","","",""
"P2LE","IVOR COLE LIMITED","","","DELMYMEDS, UNIT 6","WIXFORD PARK, GEORGES ELM LANE","BIDFORD-ON-AVON","ALCESTER","","B50 4JS","20140225","","","","","","","","","","","1","","","","",""
"P2LF","HASSENGATE EA LIMITED","","","HASSENGATE PHARMACY","SOUTHEND ROAD","","STANFORD-LE-HOPE","","SS17 0PH","20140219","","","","","","","","","","","1","","","","",""
"P2LH","IVANOV&SMALES PHARM LTD","","","722-724 HESSLE ROAD","","","HULL","","HU4 6PJ","20140303","20250826","","","","","","","","","","1","","","","",""
"P2LJ","ORINA (UK) LIMITED","","","40 EARLSWOOD DRIVE","EDWALTON","","NOTTINGHAM","","NG12 4AZ","20140301","","","","","","","","","","","1","","","","",""
"P2LK","AIMFUR HEALTH LIMITED","","","881 WASHWOOD HEATH ROAD","WASHWOOD HEATH","","BIRMINGHAM","","B8 2NA","20140312","","","","","","","","","","","1","","","","",""
"P2LL","MR STEPHEN APPIAH","","","263 MORLAND ROAD","","","CROYDON","","CR0 6HE","20140317","","","","","","","","","","","1","","","","",""
"P2LM","NIRIKSHA DESAI","","","708 KENTON ROAD","KENTON","","HARROW","","HA3 9QX","20140319","20230525","","","","","","","","","","1","","","","",""
"P2LN","EAST HARLING CHEMIST LIMITED","","","MEMORIAL GREEN","EAST HARLING","","NORWICH","","NR16 2ND","20140310","","","","","","","","","","","1","","","","",""
"P2LP","KHATTAK LTD","","","IBIC 2 UNIT 002 M","HOLT STREET","","BIRMINGHAM","","B4 7AX","20140319","20220406","","","","","","","","","","1","","","","",""
"P2LQ","GREENPHARMA LTD","","","54 SUGARMILL BUSINESS PK","OAKHURST AVENUE","","LEEDS","","LS11 7HL","20140326","20191031","","","","","","","","","","1","","","","",""
"P2LR","PYRAMID HEALTHCARE LIMITED","","","85-89 SHENLEY ROAD","","","BOREHAMWOOD","","WD6 1AG","20140301","","","","","","","","","","","1","","","","",""
"P2LV","ALLBRO'S PHARMACY LTD","","","REAR UNIT 56 PARKSWAY","PRESTWICH","","MANCHESTER","","M25 0JB","20140401","","","","","","","","","","","1","","","","",""
"P2LW","FINCHAMPSTEAD HEALTHCARE LLP","","","FINCHAMPSTEAD SURGERY","474-478 FINCHAMPSTEAD RD","FINCHAMPSTEAD, WORKINGTON","WOKINGHAM","","RG40 3RG","20140402","20190813","","","","","","","","","","1","","","","",""
"P2LX","PPP RETAIL 2 LIMITED","","","WASHWOOD HEATH HWC","CLODESHALL ROAD","SALTLEY","BIRMINGHAM","","B8 3SW","20140409","","","","","","","","","","","1","","","","",""
"P2LY","CONRAN LATE NIGHT PHARMA LIMITED","","","175 MOORSIDE ROAD","URMSTON","","MANCHESTER","","M41 5SJ","20140320","","","","","","","","","","","1","","","","",""
"P2M2","LOWER STREET HEALTH CARE LTD","","","PROSPECT PHARMACY","PROSPECT HOUSE","121 LOWER STREET","KETTERING","","NN16 8DN","20081201","20190227","","","","","","","","","","1","","","","",""
"P2M4","GARSTANG MEDICAL SERVICES","","","GARSTANG MEDICAL CENTRE","KEPPLE LANE","GARSTANG","PRESTON","","PR3 1PB","20090105","","","","","","","","","","","1","","","","",""
"P2M5","MR RICHARD HOPKINS","","","HOPKINS PHARMACY","29 STATION ROAD","","BURGESS HILL","","RH15 9DE","20090101","","","","","","","","","","","1","","","","",""
"P2M8","MANEET KAPOOR KAPOOR PHARMACY SERV/LTD","","","207 CLARENDON ROAD","WHALLEY RANGE","","MANCHESTER","","M16 0EH","20081212","","","","","","","","","","","1","","","","",""
"P2M9","STUART ELLIS","","","THE MILLENNIUM CENTRE","CORPORATION STREET","","ST. HELENS","","WA10 1HJ","20090112","20230925","","","","","","","","","","1","","","","",""
"P2MA","BOWNESS PHARMACY LTD","","","26 BOWNESS ROAD","LANGLEY","MIDDLETON","MANCHESTER","","M24 4WT","20090105","","","","","","","","","","","1","","","","",""
"P2MC","MEDICX PHARMACY LTD","","","13-17 PEEL STREET","","","CHORLEY","","PR7 2EF","20090119","","","","","","","","","","","1","","","","",""
"P2MD","ABBEY HOUSE PHARMACY (DAVENTRY) LTD","","","ABBEY HOUSE SURGERY","GOLDING CLOSE","","DAVENTRY","","NN11 4FE","20090101","20190305","","","","","","","","","","1","","","","",""
"P2MF","MAYFIELD HEALTH LTD","","","MAYFIELD MEDICAL CENTRE","272 WILLENHALL ROAD","","WOLVERHAMPTON","","WV1 2GZ","20090123","","","","","","","","","","","1","","","","",""
"P2MG","PHARMACY 1ST LTD","","","109 ROCHESTER ROAD","","","GRAVESEND","","DA12 2HU","20090112","","","","","","","","","","","1","","","","",""
"P2MJ","AVNI LIMITED","","","96 OLD OAK COMMON LANE","EAST ACTON","","LONDON","","W3 7DA","20090201","20220518","","","","","","","","","","1","","","","",""
"P2MK","STUART BEER & CO LTD","","","UNIT 2, WHITE HART COURT","HIGH STREET","WICKHAM MARKET","WOODBRIDGE","","IP13 0RA","20090201","","","","","","","","","","","1","","","","",""
"P2ML","CHEMICARE UK LTD","","","159 WALSALL WOOD ROAD","LAZY HILL","ALDRIDGE","WALSALL","","WS9 8HA","20090202","20190828","","","","","","","","","","1","","","","",""
"P2MM","CUBE PHARMACY LTD","","","24 COMBERTON HILL","","","KIDDERMINSTER","","DY10 1QN","20090131","","","","","","","","","","","1","","","","",""
"P2MN","SANBOL LTD","","","28A LONDON STREET","","","FARINGDON","","SN7 7AA","20090203","","","","","","","","","","","1","","","","",""
"P2MQ","PATEL SR","","","388 EWELL ROAD","TOLWORTH","","SURBITON","","KT6 7BB","20090202","","","","","","","","","","","1","","","","",""
"P2MR","MR BASIT HUSSAIN","","","41 EVERY STREET","","","NELSON","","BB9 7LU","20090202","","","","","","","","","","","1","","","","",""
"P2MT","ADVANCE PHARMACY LTD","","","839 STRATFORD ROAD","SPARKHILL","","BIRMINGHAM","","B11 4DA","20090211","20181122","","","","","","","","","","1","","","","",""
"P2MV","SHORTSTOWN PHARMACY","","","21A SOUTH DRIVE","SHORTSTOWN","","BEDFORD","","MK42 0UD","20090302","20190305","","","","","","","","","","1","","","","",""
"P2MW","MR MOHAMMED MUJTHABA AHMED","","","KIRKLEES PHARMACY","ST. JOHNS HOUSE","CROSS CHURCH STREET","CLECKHEATON","","BD19 3RQ","20090302","20190326","","","","","","","","","","1","","","","",""
"P2MY","SYNC CHEM LTD","","","FALLINGS PARK PHARMACY","212 BUSHBURY ROAD","","WOLVERHAMPTON","","WV10 0NT","20090227","","","","","","","","","","","1","","","","",""
"P2N0","MOSCOW FLYER LIMITED","","","2A FORSTER STREET","TUNSTALL","","STOKE-ON-TRENT","","ST6 5AQ","20140409","","","","","","","","","","","1","","","","",""
"P2N3","BIXLEY PHARMA LIMITED","","","696 FOXHALL ROAD","","","IPSWICH","","IP3 8NQ","20090309","","","","","","","","","","","1","","","","",""
"P2N7","DURACHEM LTD","","","10 IVEL COURT","JACKMANS ESTATE","","LETCHWORTH","","SG6 2NH","20090302","","","","","","","","","","","1","","","","",""
"P2NC","GLENFIELD PHARMACY LTD","","","111 STATION ROAD","GLENFIELD","","LEICESTER","","LE3 8GS","20090323","","","","","","","","","","","1","","","","",""
"P2ND","LOOKING AFTER YOU LTD","","","5 POTTER STREET","","","WORKSOP","","S80 2AF","20090310","","","","","","","","","","","1","","","","",""
"P2NF","CETEEZEN LTD","","","312 HOLDERNESS ROAD","","","HULL","","HU9 3DA","20090328","20200831","","","","","","","","","","1","","","","",""
"P2NG","FW PICKFORD (CORBY) LIMITED","","","8 SPENCER COURT","","","CORBY","","NN17 1NU","20090201","20190319","","","","","","","","","","1","","","","",""
"P2NH","MUHAMMAD ABDULMALIK ALI","","","THORNLEY HOUSE MEDICAL CENTRE","9 THORNLEY STREET","","HYDE","","SK14 1JY","20090401","","","","","","","","","","","1","","","","",""
"P2NJ","THURMASTON PHARMACY LTD","","","721 MELTON ROAD","THURMASTON","","LEICESTER","","LE4 8ED","20090328","","","","","","","","","","","1","","","","",""
"P2NK","MS PHARMACY LTD","","","REGENT PRACTICE","13 REGENT STREET","CLIFTON","BRISTOL","","BS8 4HW","20090402","","","","","","","","","","","1","","","","",""
"P2NM","FAMEVALLEY LTD","","","THE ISSA MEDICAL CENTRE","ST. GREGORY ROAD","","PRESTON","","PR1 6YA","20090406","","","","","","","","","","","1","","","","",""
"P2NN","AV HEALTHCARE LTD","","","1 BRYNSMOOR ROAD","BRINSLEY","","NOTTINGHAM","","NG16 5DD","20090323","","","","","","","","","","","1","","","","",""
"P2NR","PENINSULA PHARMACY LTD/KEVIN RICHARDS","","","UNIT 6","THE WATERMARK","","IVYBRIDGE","","PL21 0SZ","20090420","20200825","","","","","","","","","","1","","","","",""
"P2NT","FROSTS PHARMACY LTD","","","HARDWICK SHOPPING CENTRE","FERRISTON","","BANBURY","","OX16 1XE","20090401","20250319","","","","","","","","","","1","","","","",""
"P2NY","O ISAAC LIMITED","","","THE NORTHWAY CENTRE","NORTHWAY LANE","","TEWKESBURY","","GL20 8TW","20090417","","","","","","","","","","","1","","","","",""
"P2P0","SOPHIA CHEMISTS LIMITED","","","67 BLYTHE ROAD","","","LONDON","","W14 0HP","20140414","","","","","","","","","","","1","","","","",""
"P2P1","UNITED PHARMACIES (UK) LTD","","","14 EDINBURGH ROAD","","","WORKSOP","","S80 2UD","20090504","20191105","","","","","","","","","","1","","","","",""
"P2P2","MYGLOBE LTD","","","1 HIGH STREET","WARMLEY","","BRISTOL","","BS15 4ND","20090501","","","","","","","","","","","1","","","","",""
"P2P3","FISHLOCKS PARTNERSHIP","","","60 LIVERPOOL ROAD NORTH","BURSCOUGH","","ORMSKIRK","","L40 4BY","20090503","","","","","","","","","","","1","","","","",""
"P2P4","MR S & MRS B MEHTA","","","UNIT 3, ABBEY PARADE","ABBEY ROAD","POPLEY","BASINGSTOKE","","RG24 9ES","20090415","20221114","","","","","","","","","","1","","","","",""
"P2P5","M ASIM","","","298 NORMANTON ROAD","","","DERBY","","DE23 6WD","20090501","20191231","","","","","","","","","","1","","","","",""
"P2P6","BHUDIA LIMITED","","","86 MURRAY GROVE","ISLINGTON","","LONDON","","N1 7QJ","20090501","","","","","","","","","","","1","","","","",""
"P2P7","JUSMIN CHANDARIA","","","145 HOLLOWAY ROAD","","","LONDON","","N7 8LX","20090401","","","","","","","","","","","1","","","","",""
"P2P8","MEDALCHEMY LTD","","","72 VICTORIA ROAD","MORTIMER COMMON","","READING","","RG7 3SQ","20090511","","","","","","","","","","","1","","","","",""
"P2P9","MA RAHMAN LTD","","","22 SUFFOLK SQUARE","VAUXHALL STREET","","NORWICH","","NR2 2AA","20090508","","","","","","","","","","","1","","","","",""
"P2P9F","MOSTON PHARMACY SERVICES","","","UNIT G4","DRAGONS WHARF","DRAGONS LANE","SANDBACH","","CW11 3PA","20230401","","","","","","","","","","","1","","","","",""
"P2PA","K-CHEM LTD","","","28 GRANGE ROAD","SHILBOTTLE","","ALNWICK","","NE66 2XN","20090401","","","","","","","","","","","1","","","","",""
"P2PC","FIGTREE HEALTHCARE LTD","","","17 QUEENS AVENUE","DITTON","","WIDNES","","WA8 8HR","20090401","","","","","","","","","","","1","","","","",""
"P2PD","ASIF CORPORATION LTD","","","4A ALUM ROCK ROAD","ALUM ROCK","","BIRMINGHAM","","B8 1JB","20090401","","","","","","","","","","","1","","","","",""
"P2PE","NEEM TREE HEALTH LTD","","","110 MCLEOD ROAD","ABBEYWOOD","","LONDON","","SE2 0BS","20090401","","","","","","","","","","","1","","","","",""
"P2PF","FILEY MEDICAL SERVICES LTD","","","SUNRISE DRIVE","THE BAY","","FILEY","","YO14 9GA","20090401","","","","","","","","","","","1","","","","",""
"P2PG","MMO PHARMA LTD","","","4 RECTORY LANE","GLINTON","","PETERBOROUGH","","PE6 7LR","20090401","","","","","","","","","","","1","","","","",""
"P2PH","GUARDIAN PHARMACY LTD","","","817 COMMERCIAL ROAD","","","LONDON","","E14 7HG","20090501","","","","","","","","","","","1","","","","",""
"P2PJ","MR ZAIN K KHAN","","","27 VERYAN COURT","PARK ROAD","","LONDON","","N8 8JR","20090401","20200229","","","","","","","","","","1","","","","",""
"P2PK","HEALTHCARE ENTERPRISES LTD","","","348 BORDESLEY GREEN EAST","STECHFORD","","BIRMINGHAM","","B33 8QB","20090401","20180314","","","","","","","","","","1","","","","",""
"P2PL","CANONS PHARMACY LIMITED","","","768 LEA BRIDGE ROAD","","","LONDON","","E17 9DN","20090401","","","","","","","","","","","1","","","","",""
"P2PM","NEW FOREST PHARMACY LTD","","","MILFORD ON SEA HOSPITAL","SEA ROAD","MILFORD ON SEA","LYMINGTON","","SO41 0PG","20090401","20250831","","","","","","","","","","1","","","","",""
"P2PN","ENIMED LTD","","","109-111 FIELD END ROAD","EASTCOTE","","PINNER","","HA5 1QG","20090601","","","","","","","","","","","1","","","","",""
"P2PQ","WHITELEAS WAY LTD","","","176 WHITELEAS WAY","WHITELEAS","","SOUTH SHIELDS","","NE34 8HF","20090601","","","","","","","","","","","1","","","","",""
"P2PR","AMRAN PHARMACY LTD","","","800 HIGH ROAD","NORTH FINCHLEY","","LONDON","","N12 9QU","20090601","","","","","","","","","","","1","","","","",""
"P2PT","KAMM TRADING LIMITED","","","14A WHITELEGGE STREET","","","BURY","","BL8 1SW","20090615","","","","","","","","","","","1","","","","",""
"P2PV","MEDIHEALTHCARE (UK) LTD","","","207 ST THOMAS ROAD","","","DERBY","","DE23 8RJ","20090615","","","","","","","","","","","1","","","","",""
"P2PW","MR A GHAFOOR","","","116 PLUMSTEAD HIGH STREET","PLUMSTEAD","","LONDON","","SE18 1SJ","20090611","20250531","","","","","","","","","","1","","","","",""
"P2PY","SALIL GOR","","","37 LOVE LANE","","","PINNER","","HA5 3EE","20090522","","","","","","","","","","","1","","","","",""
"P2Q0","GALE FARM HEALTHCARE LLP","","","GALE FARM PHARMACY","109-119 FRONT STREET","ACOMB","YORK","","YO24 3BU","20140421","20190813","","","","","","","","","","1","","","","",""
"P2Q1S","RINGMER HEALTHCARE LIMITED","","","ANCHOR FIELD","RINGMER","","LEWES","","BN8 5QN","20230719","","","","","","","","","","","1","","","","",""
"P2Q3","STOURPORT HEALTHCARE LTD","","","32 HIGH STREET","","","STOURPORT-ON-SEVERN","","DY13 8BE","20090601","","","","","","","","","","","1","","","","",""
"P2Q4","FAIRBROTHER & MARSHALL","","","60-62 STATION ROAD","HATTON","","DERBY","","DE65 5EL","20090622","","","","","","","","","","","1","","","","",""
"P2Q6","SOUTH EAST HEALTH PLUS LTD","","","BEXHILL RAILWAY STATION","SEA ROAD","","BEXHILL-ON-SEA","","TN40 1EB","20090707","","","","","","","","","","","1","","","","",""
"P2Q6T","HEALTHME MEDS LIMITED","","","STE 7 WINSOR & NEWTON BUILDING","WHITEFRIARS AVENUE","","HARROW","","HA3 5RN","20210616","","","","","","","","","","","1","","","","",""
"P2Q7","PARK LANE PHARMACY LTD","","","1 PARK LANE","","","SWINDON","","SN1 5HG","20090701","20190227","","","","","","","","","","1","","","","",""
"P2Q8","PS PENDERGOOD LTD","","","76-78 OXFORD ROAD","","","HARTLEPOOL","","TS25 5SA","20090701","","","","","","","","","","","1","","","","",""
"P2Q9","MR MITESH PATEL","","","12 BACK LANE","","","RICHMOND","","TW10 7LF","20090630","20241031","","","","","","","","","","1","","","","",""
"P2QC","TOOTHILL PHARMACY LTD","","","DUNWICH DRIVE","TOOTHILL","","SWINDON","","SN5 8SX","20090701","20190227","","","","","","","","","","1","","","","",""
"P2QD","NORTHANTS HEALTHCARE LTD","","","KINGS PARK ROAD","MOULTON PARK INDUSTRIAL ESTATE","","NORTHAMPTON","","NN3 6LG","20090701","20260227","","","","","","","","","","1","","","","",""
"P2QE","QUESTPARK LTD","","","5 BUCKINGHAM PARADE","THE BROADWAY","","STANMORE","","HA7 4EB","20090701","","","","","","","","","","","1","","","","",""
"P2QG","WATLINGTON HEALTH LTD","","","WATLINGTON MEDICAL CENTRE","ROWAN CLOSE","WATLINGTON","KING'S LYNN","","PE33 0TU","20090716","","","","","","","","","","","1","","","","",""
"P2QJ","AFIRO HEALTHCARE LTD","","","34A HALLIWELL ROAD","","","BOLTON","","BL1 3QS","20090714","","","","","","","","","","","1","","","","",""
"P2QK","HR HEALTHCARE LTD","","","83-89 BLACKBURN ROAD","","","BOLTON","","BL1 8HF","20090714","","","","","","","","","","","1","","","","",""
"P2QL","SHERBY PHARMA LTD","","","11 SPRING ROAD","","","ABINGDON","","OX14 1AH","20090801","","","","","","","","","","","1","","","","",""
"P2QM","PHARMALINK SOLUTIONS LTD","","","21 LANE END","HARDEN","","BINGLEY","","BD16 1HS","20090727","","","","","","","","","","","1","","","","",""
"P2QN","SOGIM LTD","","","115 LORDSHIP LANE","EAST DULWICH","","LONDON","","SE22 8HU","20090701","","","","","","","","","","","1","","","","",""
"P2QP","MR MEB DATOO","","","442-46 SCHOOL ROAD","NEWBOROUGH","","PETERBOROUGH","","PE6 7RG","20090727","","","","","","","","","","","1","","","","",""
"P2QQ","PHARMRX LTD","","","134 BELFIELD ROAD","","","ROCHDALE","","OL16 2XN","20090803","","","","","","","","","","","1","","","","",""
"P2QR","HANBOROUGH MEDICAL SERVICES","","","56 CHURCHILL WAY","LONG HANBOROUGH","","WITNEY","","OX29 8JL","20090803","","","","","","","","","","","1","","","","",""
"P2QT","VISION PHARMA LTD","","","UNIT 4, ANDERSON HOUSE","RAPIER STREET","","IPSWICH","","IP2 8JS","20090801","20171121","","","","","","","","","","1","","","","",""
"P2QV","THE HERBAL APOTHECARY LTD","","","YE OLDE BAKERY","MAIN ROAD","","BALLASALLA","","IM9 2DA","20090801","","","","","","","","","","","1","","","","",""
"P2QW","MEDSIO LTD","","","DRAYTON MEDICAL PRACTICE","8 MANOR FARM CLOSE","DRAYTON","NORWICH","","NR8 6EE","20090803","","","","","","","","","","","1","","","","",""
"P2QX","SWINFORD LTD","","","UNIT 14","HOLLIES INDUSTRIAL ESTATE","GRAISELEY ROW","WOLVERHAMPTON","","WV2 4HE","20090731","","","","","","","","","","","1","","","","",""
"P2QY","MR M HUSSAIN","","","245 ENTWISLE ROAD","","","ROCHDALE","","OL16 2LJ","20090805","","","","","","","","","","","1","","","","",""
"P2R0","MEDICX A G LIMITED","","","WILBERFORCE PHARMACY ONLINE","5 SHINE KNOWLEDGE & INNOVATION PARK","ST. MARK STREET","HULL","","HU8 7FB","20140423","20201208","","","","","","","","","","1","","","","",""
"P2R1B","MRS SHARIEF HEALTHCARE LIMITED","","","186 GROVE LANE","HALE","","ALTRINCHAM","","WA15 8PU","20211013","","","","","","","","","","","1","","","","",""
"P2R2","TOTAL MEDCARE LIMITED","","","UNIT 1","KNIGHT HOUSE","LENTHALL ROAD","LOUGHTON","","IG10 3UD","20090824","","","","","","","","","","","1","","","","",""
"P2R4","AHMED CHEM LTD","","","71 BASINGSTOKE ROAD","","","READING","","RG2 0ER","20090801","","","","","","","","","","","1","","","","",""
"P2R5","CT PAUL","","","5 GLOVERS BROW","","","LIVERPOOL","","L32 2AE","20090817","","","","","","","","","","","1","","","","",""
"P2R6","VILLAPHARM LTD","","","36 THE STREET","CAPEL ST. MARY","","IPSWICH","","IP9 2EE","20090830","","","","","","","","","","","1","","","","",""
"P2R8","CR HEALTHCARE LTD","","","ASHTREES SURGERY","MARKET STREET","","CARNFORTH","","LA5 9JU","20090901","","","","","","","","","","","1","","","","",""
"P2R9","GOULD'S UK LIMITED","","","48 TERRACE ROAD","","","WALTON-ON-THAMES","","KT12 2SA","20090901","","","","","","","","","","","1","","","","",""
"P2RA","BLACKBAY VENTURES LIMITED","","","UNIT 12, ACORN BUSINESS CENTRE","OAKS DRIVE","","NEWMARKET","","CB8 7SX","20090901","20180808","","","","","","","","","","1","","","","",""
"P2RC","HOLBROOK TRADING LTD","","","1 ST. SAVIOURS ROAD","","","BATH","","BA1 6RT","20090901","","","","","","","","","","","1","","","","",""
"P2RD","MR JS RANDEVA","","","110 ALEXANDRA ROAD","","","ASHINGTON","","NE63 9LU","20090826","","","","","","","","","","","1","","","","",""
"P2RE","R WHITFIELD LIMITED","","","53 FRONT STREET","COLLIERY ROW","","HOUGHTON LE SPRING","","DH4 6LP","20090901","","","","","","","","","","","1","","","","",""
"P2RG","EVERGREEN LOCUMS LTD","","","238 WHEELWRIGHT ROAD","","","BIRMINGHAM","","B24 8EH","20090901","20190206","","","","","","","","","","1","","","","",""
"P2RH","MEDIPHARM (BRADFORD) LTD","","","7 THE GREEN","","","BRADFORD","","BD10 9PT","20090907","20191126","","","","","","","","","","1","","","","",""
"P2RJ","MAGICMEDS LTD","","","PEACE PHARMACY","14 THE BROADWAY","","WEMBLEY","","HA9 8JU","20090901","20220330","","","","","","","","","","1","","","","",""
"P2RK","SNS PHARMA LIMITED","","","GREENWOODS PHARMACY","17 THE BROADWAY","HIGH ROAD","LONDON","","N22 6DS","20090901","20200630","","","","","","","","","","1","","","","",""
"P2RL","KENT INVESTMENT LLP","","","GREENS PHARMACY","48 GREEN LANES","","LONDON","","N13 6JU","20090914","","","","","","","","","","","1","","","","",""
"P2RM","POLYCLINIC SERVICES LTD","","","NEW CROSS PHARMACY","6A CLIFTON RISE","","LONDON","","SE14 6JP","20090826","","","","","","","","","","","1","","","","",""
"P2RP","UNICARE PHARMACY LTD","","","FLOOR 1","69 SMITHY BRIDGE ROAD","SMITHYBRIDGE","LITTLEBOROUGH","","OL15 0DY","20090801","","","","","","","","","","","1","","","","",""
"P2RQ","MUHAMMAD MIAN","","","117B WITHINGTON ROAD","","","MANCHESTER","","M16 8EE","20090923","20190526","","","","","","","","","","1","","","","",""
"P2RR","AL-SHAFA LIMITED","","","105 BARTON STREET","","","GLOUCESTER","","GL1 4HR","20090928","","","","","","","","","","","1","","","","",""
"P2RT","WELLBEING (UNITED KINGDOM) LTD","","","61 HIGH STREET","SHARNBROOK","","BEDFORD","","MK44 1PB","20090902","","","","","","","","","","","1","","","","",""
"P2RV","PHARMASTAR LTD","","","37 WARREN STREET","","","LONDON","","W1T 6AD","20091005","","","","","","","","","","","1","","","","",""
"P2RW","BOTESDALE RURAL SERVICES LTD","","","BOTESDALE HEALTH CENTRE","BACK HILLS","BOTESDALE","DISS","","IP22 1DW","20091001","20180630","","","","","","","","","","1","","","","",""
"P2RY","CALDERDALE HEALTH FOCUS LTD","","","206 KING CROSS ROAD","","","HALIFAX","","HX1 3JP","20091001","","","","","","","","","","","1","","","","",""
"P2S8V","THAMES PHARMA LTD","","","UNIT 17","NORTH CIRCULAR BUSINESS PARK","GREAT CENTRAL WAY","LONDON","","NW10 0AB","20260923","","","","","","","","","","","1","","","","",""
"P2T0","CLEAR PHARMACY (CREWE) LIMITED","","","CLEAR PHARMACY","31-32 MARKET CENTRE","VICTORIA STREET","CREWE","","CW1 2NG","20140423","","","","","","","","","","","1","","","","",""
"P2T1","SAFFRON APOTHECARIES","","","BRANSTON PHARMACY","MAIN STREET","BRANSTON","BURTON-ON-TRENT","","DE14 3EY","20091006","","","","","","","","","","","1","","","","",""
"P2T2","HAMILTON HEALTH LIMITED","","","UNIT 2","192 SANDHILLS AVENUE","HAMILTON","LEICESTER","","LE5 1QN","20091001","","","","","","","","","","","1","","","","",""
"P2T3","AUDLEY LATE NIGHT PHARMACY LTD","","","114-116 AUDLEY RANGE","","","BLACKBURN","","BB1 1TG","20091005","","","","","","","","","","","1","","","","",""
"P2T4","NUUR LTD","","","6 BROWNSIDE ROAD","","","BURNLEY","","BB10 3JU","20091001","20260720","","","","","","","","","","1","","","","",""
"P2T5","POOLE BAY PHARMACY LTD","","","WESTBOURNE MEDICAL CENTRE","MILBURN ROAD","","BOURNEMOUTH","","BH4 9HJ","20091014","","","","","","","","","","","1","","","","",""
"P2T9","JEETENDER SINGH SAHOTA","","","108 SHIRELAND ROAD","","","SMETHWICK","","B66 4QJ","20091012","20181122","","","","","","","","","","1","","","","",""
"P2TA","BRINK MEDICINES LIMITED","","","7-9 NORTH BRINK","","","WISBECH","","PE13 1JU","20091019","","","","","","","","","","","1","","","","",""
"P2TC","DELIVERY PHARMACY LIMITED","","","25 COTON ROAD","","","NUNEATON","","CV11 5TW","20091019","","","","","","","","","","","1","","","","",""
"P2TD","THREE SWANS JOINT VENTURE LIMITED","","","THE THREE SWANS SURGERY","ROLLESTONE STREET","","SALISBURY","","SP1 1DX","20091019","20200317","","","","","","","","","","1","","","","",""
"P2TE","LLWC LIMITED","","","28 MARKET SQUARE","ROYTON","","OLDHAM","","OL2 5QD","20091016","","","","","","","","","","","1","","","","",""
"P2TG","BULLEN LEWIS & PARTNERS LIMITED","","","85-87 KEMPSTON STREET","","","LIVERPOOL","","L3 8HE","20091026","","","","","","","","","","","1","","","","",""
"P2TH","INSTACHEM LTD","","","97 LIONS LANE","ASHLEY HEATH","","RINGWOOD","","BH24 2HJ","20091101","20200229","","","","","","","","","","1","","","","",""
"P2TJ","JJP HEALTHCARE LTD","","","159 WALSALL WOOD ROAD","LAZY HILL","ALDRIDGE","WALSALL","","WS9 8HA","20091101","","","","","","","","","","","1","","","","",""
"P2TK","AARJAY LLP","","","2 HENRY WELLS SQUARE","GROVEHILL","","HEMEL HEMPSTEAD","","HP2 6BJ","20091102","","","","","","","","","","","1","","","","",""
"P2TL","AA MEDICAL LTD","","","45A PLANKS LANE","WOMBOURNE","","WOLVERHAMPTON","","WV5 8DX","20091102","20230531","","","","","","","","","","1","","","","",""
"P2TM","WELLBROOKE PRODUCTS LIMITED","","","33A CHALLIS LANE","","","BRAINTREE","","CM7 1AN","20091101","","","","","","","","","","","1","","","","",""
"P2TN","FOUR ACRE CHEM LIMITED","","","UNIT 10","FOUR ACRE LANE","CLOCK FACE","ST. HELENS","","WA9 4BZ","20091109","","","","","","","","","","","1","","","","",""
"P2TP","7 - 11 LTD","","","84B BERNERS STREET","","","LEICESTER","","LE2 0FS","20091116","","","","","","","","","","","1","","","","",""
"P2TQ","BEST LIGHTING & ELECTRICAL LTD","","","348A BEARWOOD ROAD","","","SMETHWICK","","B66 4ES","20091116","","","","","","","","","","","1","","","","",""
"P2TR","MILL PHARM LTD","","","HADLEIGH HEALTH CENTRE","MARKET PLACE","HADLEIGH","IPSWICH","","IP7 5DN","20091102","","","","","","","","","","","1","","","","",""
"P2TT","MR DAN HOLEHOUSE","","","HEYSHAM HEALTH CENTRE","MIDDLETON WAY","HEYSHAM","MORECAMBE","","LA3 2LL","20091116","20190312","","","","","","","","","","1","","","","",""
"P2TV","DIRECT PHARMACY LTD","","","588 WARWICK ROAD","TYSELEY","","BIRMINGHAM","","B11 2HR","20091202","20191214","","","","","","","","","","1","","","","",""
"P2TW","DIALACHEMIST LTD","","","UNITS 2-3 CUNCLIFFE COURT","CLAYTON BUSINESS PARK","CLAYTON LE MOORS","ACCRINGTON","","BB5 5JG","20091201","","","","","","","","","","","1","","","","",""
"P2TX","VICARAGE CONSORTIUM LTD","","","VICARAGE LANE HEALTH CTR","10 VICARAGE LANE","STRATFORD","LONDON","","E15 4ES","20091201","","","","","","","","","","","1","","","","",""
"P2TY","PHARMACY TEAM LIMITED","","","150-152 HIGH STREET NORTH","EAST HAM","","LONDON","","E6 2HT","20091201","20190312","","","","","","","","","","1","","","","",""
"P2V0","JEEVES HEALTHCARE LTD","","","GREEN CROSS PHARMACY","19 THE STREET","BRAMFORD","IPSWICH","","IP8 4DU","20140430","","","","","","","","","","","1","","","","",""
"P2V1","MPHARM LTD","","","29-31 MARKET STREET","","","DARWEN","","BB3 1PS","20091128","","","","","","","","","","","1","","","","",""
"P2V5","I PHARMACY SEFTON LIMITED","","","2A SEFTON ROAD","LITHERLAND","","LIVERPOOL","","L21 7PG","20091201","20260228","","","","","","","","","","1","","","","",""
"P2V6","APOTEK LTD","","","157 ALDERSHOT ROAD","CHURCH CROOKHAM","","FLEET","","GU52 8JS","20091207","","","","","","","","","","","1","","","","",""
"P2V7","SIGCARE LIMITED","","","UNIT 1/7","COLONIAL WAY","","WATFORD","","WD24 4YR","20091201","","","","","","","","","","","1","","","","",""
"P2V8","OAKLEY ENTERPRISES LIMITED","","","30 ELLERS LANE","AUCKLEY","","DONCASTER","","DN9 3JF","20091101","","","","","","","","","","","1","","","","",""
"P2V8B","FOCUSMEDICARE LIMITED","","","34 GUINEA COURT","CHINEHAM","","BASINGSTOKE","","RG24 8XJ","20230614","20240930","","","","","","","","","","1","","","","",""
"P2V9","HAZY HEALTHCARE LTD","","","11 DAWLEY ROAD","HARLINGTON","","HAYES","","UB3 1LS","20091201","","","","","","","","","","","1","","","","",""
"P2VA","MR D CHEUNG","","","84 HIGH STREET","","","STEVENAGE","","SG1 3DW","20091201","","","","","","","","","","","1","","","","",""
"P2VC","MEBA SERVICES LTD","","","53 GREYFRIARS","","","STAFFORD","","ST16 2RG","20091204","","","","","","","","","","","1","","","","",""
"P2VE","MR ANIL CHAUHAN","","","67A LONGRIDGE ROAD","RIBBLETON","","PRESTON","","PR2 6RH","20091214","20240630","","","","","","","","","","1","","","","",""
"P2VF","BALBY HEALTHCARE LIMITED","","","312 BALBY ROAD","BALBY","","DONCASTER","","DN4 0QF","20091212","20251101","","","","","","","","","","1","","","","",""
"P2VH","AA AND OO LTD","","","WALLISDOWN PHARMACY","337 WALLISDOWN ROAD","","POOLE","","BH12 5BU","20091218","","","","","","","","","","","1","","","","",""
"P2VJ","THIMMEGOWDA ASSOCIATES LIMITED","","","13 HALIFAX ROAD","","","DEWSBURY","","WF13 2JH","20091121","","","","","","","","","","","1","","","","",""
"P2VK","TAK HEALTHCARE LTD","","","RICHMOND PHARMACY","57 RICHMOND ROAD","STECHFORD","BIRMINGHAM","","B33 8TL","20091215","","","","","","","","","","","1","","","","",""
"P2VL","CROYLAND LTD","","","CROYLAND PHARMACY","77 LONDON ROAD","WOLLASTON","WELLINGBOROUGH","","NN29 7QP","20091216","","","","","","","","","","","1","","","","",""
"P2VM","AVN MEDICAL LIMITED","","","VILLAGE PHARMACY","33 HIGH STREET","CATTERICK","RICHMOND","","DL10 7LL","20091218","","","","","","","","","","","1","","","","",""
"P2VN","WHITE LODGE MEDICAL SERVICES","","","68 SILVER STREET","","","ENFIELD","","EN1 3EW","20091222","","","","","","","","","","","1","","","","",""
"P2VP","STATUS PLACE LIMITED","","","DUNROMIN HOUSE","DEREHAM TERRACE","","CHOPPINGTON","","NE62 5UR","20101004","20190212","","","","","","","","","","1","","","","",""
"P2VQ","PHARMACY SERVICES GROUP LTD","","","2 VICTORIA STREET","NARBOROUGH","","LEICESTER","","LE19 2DP","20100101","","","","","","","","","","","1","","","","",""
"P2VR","ONE ONE ZERO LTD","","","OAKWOOD PHARMACY","2A MAIN STREET","WOODHOUSE EAVES","LOUGHBOROUGH","","LE12 8RZ","20100104","","","","","","","","","","","1","","","","",""
"P2VT","DIPCHEM LTD","","","DISPENSING CHEMIST","4-5 THE SQUARE","ICENI WAY","COLCHESTER","","CO2 9EB","20100101","","","","","","","","","","","1","","","","",""
"P2VY","REANE LTD","","","22 STATION ROAD","","","BURNHAM-ON-CROUCH","","CM0 8BQ","20100101","","","","","","","","","","","1","","","","",""
"P2W0","U-CHEM PRIVATE LIMITED","","","TIMPERLEY PHARMACY","250 STOCKPORT ROAD","TIMPERLEY","ALTRINCHAM","","WA15 7UN","20140430","","","","","","","","","","","1","","","","",""
"P2W1","SALTLEY LTD","","","9 WOODROW CENTRE","WOODROW","","REDDITCH","","B98 7RY","20091201","","","","","","","","","","","1","","","","",""
"P2W2","DV-PHARM LTD","","","GORDON YOUTH CENTRE","DURHAM AVENUE","","BOOTLE","","L30 1RE","20100107","","","","","","","","","","","1","","","","",""
"P2W3","LIAM BRADLEY LTD","","","INCE LANE","ELTON","","CHESTER","","CH2 4LU","20091201","20240425","","","","","","","","","","1","","","","",""
"P2W4","C & S PHARMACY LIMITED","","","42 AVENHAM LANE","","","PRESTON","","PR1 3TS","20100101","","","","","","","","","","","1","","","","",""
"P2W5","HOWELLS & JOLLEY LTD","","","100 HIGH STREET","","","SOUTHWOLD","","IP18 6DP","20100101","","","","","","","","","","","1","","","","",""
"P2W7","EIGHTLANDS LTD","","","157 UPPER COMMERCIAL STREET","","","BATLEY","","WF17 5DH","20100201","","","","","","","","","","","1","","","","",""
"P2W8","MEDICHEM PHARMACY LTD","","","304 CLAREMONT ROAD","","","MANCHESTER","","M14 4EP","20100203","","","","","","","","","","","1","","","","",""
"P2W9","MEDICHEM - NORTHOLME LTD","","","ROYDLANDS STREET","HIPPERHOLME","","HALIFAX","","HX3 8AF","20100201","","","","","","","","","","","1","","","","",""
"P2WC","UNIPHARM LTD","","","290 BRIXTON ROAD","BRIXTON","","LONDON","","SW9 6AG","20100107","","","","","","","","","","","1","","","","",""
"P2WD","ORDER LINE LTD","","","UNIT 1","OLD BLEACH YARD","WARDS END","LOUGHBOROUGH","","LE11 3HA","20100201","","","","","","","","","","","1","","","","",""
"P2WE","TRI-PHARMA LTD","","","13-17 BRIXHAM DRIVE","","","COVENTRY","","CV2 3LA","20100201","","","","","","","","","","","1","","","","",""
"P2WF","MR K SARWAR","","","429 HAGLEY ROAD WEST","QUINTON","","BIRMINGHAM","","B32 2AD","20100201","20170726","","","","","","","","","","1","","","","",""
"P2WJ","GM GRAHAM PHARMACIES LTD","","","6 NORTH STREET PARADE","","","SUDBURY","","CO10 1GL","20100215","20221123","","","","","","","","","","1","","","","",""
"P2WK","HAMPTON VALE HEALTH LTD","","","HAMPTON VALE LOCAL CENTRE","","","PETERBOROUGH","","PE7 8EL","20100201","","","","","","","","","","","1","","","","",""
"P2WL","HI WELDRICK LTD","","","67 SCROOBY ROAD","BIRCOTES","","DONCASTER","","DN11 8JN","20100215","20200930","","","","","","","","","","1","","","","",""
"P2WM","AAROGYA LTD","","","207 NEW KINGS ROAD","","","LONDON","","SW6 4SR","20100301","20250213","","","","","","","","","","1","","","","",""
"P2WN","MARSH (BOLTON) LTD","","","56 HALLIWELL ROAD","","","BOLTON","","BL1 3QS","20100301","20190312","","","","","","","","","","1","","","","",""
"P2WQ","EXPERTCARE LIMITED","","","17 ASHBURTON ROAD","GOSFORTH","","NEWCASTLE UPON TYNE","","NE3 4XN","20100301","","","","","","","","","","","1","","","","",""
"P2WT","AUTOMEDS PHARMACY LTD","","","UNIT 45, WESSEX TRADE CENTRE","RINGWOOD ROAD","","POOLE","","BH12 3PG","20100315","","","","","","","","","","","1","","","","",""
"P2WV","PHARMAMED LTD","","","3 WAVENEY PARK","HEWETT ROAD","","GREAT YARMOUTH","","NR31 0NN","20100330","20210103","","","","","","","","","","1","","","","",""
"P2WW","PRINGLETON LTD","","","28 ENGLANDS LANE","","","LONDON","","NW3 4UE","20100325","","","","","","","","","","","1","","","","",""
"P2WX","ANGEL PHARMACIES LTD","","","34 RITCHIE STREET","","","LONDON","","N1 0DG","20100308","20230705","","","","","","","","","","1","","","","",""
"P2WY","TOTALLY PHARMACY LTD","","","920 YEOVIL ROAD","","","SLOUGH","","SL1 4NH","20100329","20250531","","","","","","","","","","1","","","","",""
"P2X0","FIRST HEALTH (MIDLANDS) LIMITED","","","101 HIGH STREET","MOXLEY","","WEDNESBURY","","WS10 8RT","20140301","","","","","","","","","","","1","","","","",""
"P2X1","MEDICALPHARMA LTD","","","325 TETTENHALL ROAD","NEWBRIDGE","","WOLVERHAMPTON","","WV6 0JZ","20100401","","","","","","","","","","","1","","","","",""
"P2X2","CLINICAL CARE LTD","","","UNIT 8","THE BRIAN CLOUGH BUSINESS CENT","200-222 COTTON LANE","DERBY","","DE24 8GJ","20100406","","","","","","","","","","","1","","","","",""
"P2X5","PHARMLAND LTD","","","3 STATION ROAD","","","VERWOOD","","BH31 7PY","20100412","","","","","","","","","","","1","","","","",""
"P2X6","BOREHAM (EA) LIMITED","","","THE LAURELS","JUNIPER ROAD","BOREHAM","CHELMSFORD","","CM3 3DX","20100405","","","","","","","","","","","1","","","","",""
"P2X7","SELBY PHARMACY LTD","","","65-67 SYCAMORE ROAD","BARLBY","","SELBY","","YO8 5XD","20100404","20180725","","","","","","","","","","1","","","","",""
"P2X8","CHEMIST TO CUSTOMER LIMITED","","","288 WHALLEY RANGE","","","BLACKBURN","","BB1 6NL","20100420","20230930","","","","","","","","","","1","","","","",""
"P2X9","PHARMAHEALTH LTD","","","32 BRIGHTON ROAD","SALFORDS","","REDHILL","","RH1 5BX","20100410","20190430","","","","","","","","","","1","","","","",""
"P2XA","SHIPSTON MEDICAL SERVICES LTD","","","16 WATERY LANE","","","SHIPSTON-ON-STOUR","","CV36 4BE","20100419","","","","","","","","","","","1","","","","",""
"P2XC","BLENDLANDS LTD","","","12 THE GREEN","","","ROWLAND'S CASTLE","","PO9 6BN","20100409","","","","","","","","","","","1","","","","",""
"P2XE","PHARMACY REPUBLIC LTD","","","104 EDWARD STREET","","","NUNEATON","","CV11 5RE","20100501","","","","","","","","","","","1","","","","",""
"P2XG","PYRAMID PHARMA PHARMACEUTICALS LTD","","","96-98 HIGH STREET","","","LONDON","","NW10 4SL","20100504","","","","","","","","","","","1","","","","",""
"P2XH","AVON HEALTHCARE LIMITED","","","ARDEN STREET","","","STRATFORD-UPON-AVON","","CV37 6HJ","20100501","","","","","","","","","","","1","","","","",""
"P2XJ","ECCLESHILL LTD","","","5-7 INSTITUTE ROAD","ECCLESHILL","","BRADFORD","","BD2 2HY","20100503","","","","","","","","","","","1","","","","",""
"P2XK","MR PAUL MIDDLETON","","","22B WIGAN ROAD","","","ORMSKIRK","","L39 2AU","20100504","","","","","","","","","","","1","","","","",""
"P2XL","FIVEQUBE LTD","","","195-197 OTLEY ROAD","","","BRADFORD","","BD3 0JF","20100501","","","","","","","","","","","1","","","","",""
"P2XM","MJ WILLIAMS LTD","","","18 KELLAWAY AVENUE","WESTBURY PARK","","BRISTOL","","BS6 7XR","20100501","","","","","","","","","","","1","","","","",""
"P2XN","MEDS UK LIMITED","","","151 MARTON ROAD","","","BRIDLINGTON","","YO16 7DJ","20100510","","","","","","","","","","","1","","","","",""
"P2XP","BALCHEM LIMITED","","","48 GUILDFORD ROAD","","","LIGHTWATER","","GU18 5SD","20100501","","","","","","","","","","","1","","","","",""
"P2XQ","BLACKWATER PHARMA LIMITED","","","PRINCES ROAD","","","MALDON","","CM9 5GP","20100510","","","","","","","","","","","1","","","","",""
"P2XR","RYECHEM LTD","","","MEDICAL CENTRE","CARLTON ROAD","HELMSLEY","YORK","","YO62 5HD","20100501","","","","","","","","","","","1","","","","",""
"P2XV","MEDICATION DELIVERY SERVICES LTD","","","UNIT 6C, MERIDIAN IND EST","HOYLE ROAD","","PEACEHAVEN","","BN10 8LW","20100524","","","","","","","","","","","1","","","","",""
"P2XY","SPEEDS PHARMACY LTD","","","4 MINERVA COURT","MINERVA AVENUE","","CHESTER","","CH1 4QT","20100601","","","","","","","","","","","1","","","","",""
"P2Y0","T & J HEALTHCARE LTD","","","9 STATION ROAD","","","CONSETT","","DH8 5RL","20140430","","","","","","","","","","","1","","","","",""
"P2Y1","GLOBAL PHARM LTD","","","1 OAKLEY STREET","THORPE","","WAKEFIELD","","WF3 3DX","20100601","","","","","","","","","","","1","","","","",""
"P2Y2","WEST NORFOLK HEALTH LTD","","","UNIT 2&3 BEACON HOUSE","ECOTECH CENTRE","TURBINE WAY","SWAFFHAM","","PE37 7HT","20100607","","","","","","","","","","","1","","","","",""
"P2Y3","ZINBAKE LTD","","","UNIT 4","220 NORWOOD ROAD","","LONDON","","SE27 9AW","20100615","","","","","","","","","","","1","","","","",""
"P2Y4","YASMINA MEDICAL LTD","","","200 YORKSHIRE STREET","","","ROCHDALE","","OL16 2DW","20100614","20240630","","","","","","","","","","1","","","","",""
"P2Y6","PARSON DROVE MEDICAL SERVICES","","","242 MAIN ROAD","PARSON DROVE","","WISBECH","","PE13 4LF","20100622","20190312","","","","","","","","","","1","","","","",""
"P2YA","WANSFORD HEALTH LTD","","","OLD HILL FARM","YARWELL ROAD","WANSFORD","PETERBOROUGH","","PE8 6PL","20100621","","","","","","","","","","","1","","","","",""
"P2YC","WESTPOINT HEALTHCARE LTD","","","10 KINGSWAY","","","MANCHESTER","","M19 2DD","20100701","","","","","","","","","","","1","","","","",""
"P2YD","PHARMAZONE LTD","","","UNIT 4","ANDERSON HOUSE","RAPIER STREET","IPSWICH","","IP2 8JS","20100701","","","","","","","","","","","1","","","","",""
"P2YF","PORTWAY HEALTHCARE LTD","","","TIVIDALE FAMILY PRACTICE","51A NEW BIRMINGHAM ROAD","TIVIDALE","OLDBURY","","B69 2JQ","20100701","","","","","","","","","","","1","","","","",""
"P2YG","NEW RIVER HEALTH LIMITED","","","808 GREEN LANES","WINCHMORE HILL","","LONDON","","N21 2SA","20100712","","","","","","","","","","","1","","","","",""
"P2YH","STELLAR MEDICAL LTD","","","80-82 HIGHER PARR STREET","","","ST. HELENS","","WA9 1AF","20100712","","","","","","","","","","","1","","","","",""
"P2YJ","ORMSKIRK HEALTHCARE LIMITED","","","VILLAGE HALL","HALSALL ROAD","HALSALL","ORMSKIRK","","L39 8RW","20100707","20170614","","","","","","","","","","1","","","","",""
"P2YM","MR EBRAHIM PATEL","","","315 WAKEFIELD ROAD","DENBY DALE","","HUDDERSFIELD","","HD8 8RX","20100712","","","","","","","","","","","1","","","","",""
"P2YN","PHARMACY 4 YOU LIMITED","","","20 CHURCH STREET","","","WEYBRIDGE","","KT13 8DX","20100801","","","","","","","","","","","1","","","","",""
"P2YP","DEV MEDICAL LTD","","","197 CELL BARNES LANE","","","ST. ALBANS","","AL1 5PX","20100802","","","","","","","","","","","1","","","","",""
"P2YQ","SIRCHEM LTD","","","207 HEATH WAY","","","BIRMINGHAM","","B34 6QU","20100625","","","","","","","","","","","1","","","","",""
"P2YR","MOORSIDE HEALTH LTD","","","151B MAIN STREET","ADDINGHAM","","ILKLEY","","LS29 0LZ","20100802","20190227","","","","","","","","","","1","","","","",""
"P2YT","TAMAR VALLEY HEALTH LTD","","","GUNNISLAKE HEALTH CENTRE","THE ORCHARD","","GUNNISLAKE","","PL18 9JZ","20100802","","","","","","","","","","","1","","","","",""
"P2YW","SKS ICKENHAM LTD","","","79 SWAKELEYS ROAD","ICKENHAM","","UXBRIDGE","","UB10 8DQ","20100801","","","","","","","","","","","1","","","","",""
"P2YX","DIAMOND BLUE","","","GROVE STREET","EDGE HILL","","LIVERPOOL","","L7 7HG","20100802","","","","","","","","","","","1","","","","",""
"P2YY","WELLBROOK VENTURES LIMITED","","","150 DEANE ROAD","","","BOLTON","","BL3 5DL","20100802","","","","","","","","","","","1","","","","",""
"P305","BROWGATE PHARMACY LTD","","","5 BROWGATE","BAILDON","","SHIPLEY","","BD17 6BP","20040401","","","","","","","","","","","1","","","","",""
"P30E","M&A DISPENSING CHEMISTS LTD","","","1 LEE BRIGG","","","NORMANTON","","WF6 2JJ","20040401","","","","","","","","","","","1","","","","",""
"P30F","BESTWAY PANACEA HEALTHCARE LTD","","","MERCHANTS WAREHOUSE","CASTLE STREET","CASTLEFIELD","MANCHESTER","","M3 4LZ","20040401","20200906","","","","","","","","","","1","","","","",""
"P30H","MAYORS CHEMIST","","","214 RIPPLE ROAD","","","BARKING","","IG11 7PR","20040401","","","","","","","","","","","1","","","","",""
"P30J","KKPR LTD","","","HAGGERSTON PHARMACY","207 HAGGERSTON ROAD","","LONDON","","E8 4HU","20040401","","","","","","","","","","","1","","","","",""
"P30L","KARA'S PHARMACY LTD","","","43 ACORN STREET","","","COVENTRY","","CV3 1DP","20040401","","","","","","","","","","","1","","","","",""
"P30M","MEDIGREEN PHARMACY","","","31 MANOR ROAD","CADDINGTON","","LUTON","","LU1 4EE","20040401","","","","","","","","","","","1","","","","",""
"P30N","M SALEEM","","","16 FINCH ROAD","","","LIVERPOOL","","L14 4AT","20040401","","","","","","","","","","","1","","","","",""
"P310","CHEMITEX PHARMACY","","","4B HIGH STREET","","","CATERHAM","","CR3 5UA","20040401","","","","","","","","","","","1","","","","",""
"P311","CAIRNS CHEMIST","","","14 MOOR STREET","KIRKHAM","","PRESTON","","PR4 2AU","20040401","","","","","","","","","","","1","","","","",""
"P312","PALMERS PHARMACY","","","98 PALMERSTON ROAD","","","CHATHAM","","ME4 5SJ","20040401","","","","","","","","","","","1","","","","",""
"P313","HEYES CHEMISTS","","","35 MOOR LANE","","","CLITHEROE","","BB7 1BE","20040401","","","","","","","","","","","1","","","","",""
"P314","ASTON CHEMIST LTD","","","4 SHENLEY GREEN","","","BIRMINGHAM","","B29 4HH","20040401","","","","","","","","","","","1","","","","",""
"P318","DAVID CARTER","","","513 HEMPSHAW LANE","","","STOCKPORT","","SK2 5TP","20040401","20200930","","","","","","","","","","1","","","","",""
"P31A","MOTT'S PHARMACY","","","MARKET PLACE","REEPHAM","","NORWICH","","NR10 4JJ","20040401","","","","","","","","","","","1","","","","",""
"P31C","LUXTON LTD","","","67 COWICK STREET","","","EXETER","","EX4 1HW","20040401","","","","","","","","","","","1","","","","",""
"P31D","SPIXWORTH PHARMACY LTD","","","106B CROSTWICK LANE","SPIXWORTH","","NORWICH","","NR10 3NQ","20040401","","","","","","","","","","","1","","","","",""
"P31E","AMCO (MEDWAY) LTD","","","BRYANT ROAD PHARMACY","59-61 BRYANT ROAD","","ROCHESTER","","ME2 3EP","20040401","","","","","","","","","","","1","","","","",""
"P31F","SUPERDRUG STORES PLC","","","51 SYDENHAM ROAD","","","CROYDON","","CR0 2EU","20040401","","","","","","","","","","","1","","","","",""
"P31G","GRANVILLE PHARMACY","","","35 GRANVILLE STREET","","","PETERBOROUGH","","PE1 2QQ","20040401","","","","","","","","","","","1","","","","",""
"P31H","LO'S PHARMACY","","","UNIT 5","FARFIELD PARK, MANVERS","","ROTHERHAM","","S63 5DB","20040401","","","","","","","","","","","1","","","","",""
"P31J","FRANK WREFORD CHEMISTS","","","234 NEASDEN LANE","","","LONDON","","NW10 0AA","20040401","","","","","","","","","","","1","","","","",""
"P31N","RAM PHARMACY","","","1 VICARAGE PARADE","WEST GREEN ROAD","","LONDON","","N15 3BL","20040401","","","","","","","","","","","1","","","","",""
"P31P","S.F WAIN & SONS LIMITED","","","4 TATTON ROAD","DENTON","","MANCHESTER","","M34 7PL","20040401","","","","","","","","","","","1","","","","",""
"P31Q","MEDICHEM LIMITED","","","68 VILLETTE ROAD","","","SUNDERLAND","","SR2 8RW","20040401","","","","","","","","","","","1","","","","",""
"P31Y","DEEN & CO LTD","","","41 PEEL HALL ROAD","","","MANCHESTER","","M22 5DW","20040401","","","","","","","","","","","1","","","","",""
"P320","NEWTONS PHARMACY","","","1028 ANLABY ROAD","","","HULL","","HU4 7RA","20040401","","","","","","","","","","","1","","","","",""
"P323","MILLBROOK PHARMACY LTD","","","5 KING STREET","MILLBROOK","","TORPOINT","","PL10 1AP","20040401","","","","","","","","","","","1","","","","",""
"P326","WOODSIDE PHARMACY","","","4 WENSLEY GREEN","","","TELFORD","","TF7 5NP","20040401","20240131","","","","","","","","","","1","","","","",""
"P329","HOPKINS PHARMACY","","","4-5 THE HOPKINS PRECINCT","KINWARTON ROAD","","ALCESTER","","B49 6AA","20040401","","","","","","","","","","","1","","","","",""
"P32A","PHILLIPS I","","","130 BRECKFIELD ROAD NORTH","","","LIVERPOOL","","L5 4QZ","20040401","","","","","","","","","","","1","","","","",""
"P32C","DEXAPHARM LTD","","","LONGFIELD PHARMACY","LONGFIELD MEDICAL CENTRE","PRINCES ROAD","MALDON","","CM9 5DF","20040401","20251201","","","","","","","","","","1","","","","",""
"P32D","D.P. PHARMACY","","","309 EAST STREET","","","LONDON","","SE17 2SX","20040401","","","","","","","","","","","1","","","","",""
"P32E","LAD CHEMIST LTD","","","30 MADELEY ROAD","","","KINGSWINFORD","","DY6 8PF","20040401","","","","","","","","","","","1","","","","",""
"P32G","C J HOPKINS CHEMIST","","","78 INNER PARK ROAD","","","LONDON","","SW19 6DA","20040401","","","","","","","","","","","1","","","","",""
"P32H","J. GATHANI","","","WESTBURY CHEMISTS","86-90 STREATHAM HIGH ROAD","","LONDON","","SW16 1BS","20040401","20240606","","","","","","","","","","1","","","","",""
"P32J","HOWELLS AND CHANA CHEMISTS","","","72 WEST ROAD","SHOEBURYNESS","","SOUTHEND-ON-SEA","","SS3 9DS","20040401","20170630","","","","","","","","","","1","","","","",""
"P32K","LEONARD SMITH PHARMACY","","","195 MELTON ROAD","","","LEICESTER","","LE4 6QT","20040401","","","","","","","","","","","1","","","","",""
"P32M","HAYWARD CHEMIST LTD","","","10 QUEEN ANNES PLACE","","","ENFIELD","","EN1 2PT","20040401","","","","","","","","","","","1","","","","",""
"P32P","K. SINGH CHEMIST","","","NEWCHEM","55 OLD CHURCH STREET","","MANCHESTER","","M40 2JN","20040401","","","","","","","","","","","1","","","","",""
"P32R","MIRCHRIS LTD","","","S R PHARMACY","155 HIGH STREET","","LONDON","","W3 6LP","20040401","20200317","","","","","","","","","","1","","","","",""
"P32T","REIDS PHARMACY","","","1 CAMBRIDGE TERRACE","BURY STREET WEST","","LONDON","","N9 9JJ","20040401","","","","","","","","","","","1","","","","",""
"P32Y","DELIVERY CHEMIST LTD","","","5 RAMSHILL ROAD","","","SCARBOROUGH","","YO11 2LN","20040401","20190312","","","","","","","","","","1","","","","",""
"P330","AVONMOUTH PHARMACY LTD","","","205 AVONMOUTH ROAD","","","BRISTOL","","BS11 9EG","20040401","","","","","","","","","","","1","","","","",""
"P332","HOWELL & GRIFFITHS PHARMACY","","","146 LONG LANE","","","BEXLEYHEATH","","DA7 5AH","20040401","","","","","","","","","","","1","","","","",""
"P334","ASHWELL PHARMACY","","","22 HIGH STREET","ASHWELL","","BALDOCK","","SG7 5NW","20040401","","","","","","","","","","","1","","","","",""
"P335","CK PHARMACY LTD","","","820 HARROW ROAD","","","WEMBLEY","","HA0 3EL","20040401","20190409","","","","","","","","","","1","","","","",""
"P336","PETER BUCKLEY LTD","","","335-337 ORMSKIRK ROAD","","","WIGAN","","WN5 9DL","20040401","","","","","","","","","","","1","","","","",""
"P337","ARMSTRONGS PHARMACY","","","867 GLEADLESS ROAD","","","SHEFFIELD","","S12 2LG","20040401","","","","","","","","","","","1","","","","",""
"P338","CARRINGTONS CHEMISTS","","","128 RAKE LANE","","","WALLASEY","","CH45 5DL","20040401","","","","","","","","","","","1","","","","",""
"P33A","MEDICARE (LONDON) LTD PHARMACY","","","568 HARROW ROAD","","","LONDON","","W9 3QH","20040401","","","","","","","","","","","1","","","","",""
"P33C","TYPICAL TRADING LTD","","","F.A. STRANGE CHEMIST","185 LOWER CLAPTON ROAD","HACKNEY","LONDON","","E5 8EQ","20040401","","","","","","","","","","","1","","","","",""
"P33D","DOUGLAS PHARMACY LTD","","","UNIT 3","FORELANDS PLACE","","SAWBRIDGEWORTH","","CM21 9QD","20040401","","","","","","","","","","","1","","","","",""
"P33F","P A WHITE CHEMIST","","","56-58 NORTH ROAD","","","ST. HELENS","","WA10 2TR","20040401","","","","","","","","","","","1","","","","",""
"P33G","MARIJAK LTD","","","822 HIGH ROAD LEYTON","LEYTON","","LONDON","","E10 6AE","20040401","","","","","","","","","","","1","","","","",""
"P33J","ZAXGATE LTD","","","14-15 SENTINEL SQUARE","","","LONDON","","NW4 2EL","20040401","","","","","","","","","","","1","","","","",""
"P33M","PARKVIEW LEICESTER LTD","","","PARKVIEW DISP CHEMIST","EAST PARK ROAD","","LEICESTER","","LE5 5FD","20040401","20190109","","","","","","","","","","1","","","","",""
"P33Q","NAPCLAN (UK) LTD","","","804 HIGH ROAD","","","LONDON","","N17 0DH","20040401","20220706","","","","","","","","","","1","","","","",""
"P33R","D PARRY PHARMACY","","","124 ARTHUR ROAD","","","LONDON","","SW19 8AA","20040401","","","","","","","","","","","1","","","","",""
"P33V","CARRINGTON PHARMACY","","","351 MANSFIELD ROAD","","","NOTTINGHAM","","NG5 2DA","20040401","","","","","","","","","","","1","","","","",""
"P33X","ASTON CHEMISTS LTD","","","ASTON HOUSE 387-391","BLACKBURN ROAD","","ACCRINGTON","","BB5 1RP","20040401","","","","","","","","","","","1","","","","",""
"P33Y","DELTAB LTD","","","94 QUEENS ROAD","","","NUNEATON","","CV11 5LE","20040401","","","","","","","","","","","1","","","","",""
"P340","VANTAGE PHARMACY","","","37 FAIRFIELD ROAD","","","WEST DRAYTON","","UB7 8EY","20040401","20190312","","","","","","","","","","1","","","","",""
"P341","EAGLESCLIFFE PHARMACY","","","12 DURHAM LANE","EAGLESCLIFFE","","STOCKTON-ON-TEES","","TS16 0EH","20040401","20181031","","","","","","","","","","1","","","","",""
"P343","CAREFIELD LTD","","","162-164 LOWER ROAD","","","LONDON","","SE16 2UN","20040401","","","","","","","","","","","1","","","","",""
"P344","FIVE VILLAGES PHARMACY","","","16 THE SQUARE","BARNHAM","","BOGNOR REGIS","","PO22 0HB","20040401","","","","","","","","","","","1","","","","",""
"P345","ELAN CHEMISTS","","","2 SCHOOL LANE","","","KETTERING","","NN16 0DH","20040401","","","","","","","","","","","1","","","","",""
"P346","BUCKINGHAM CHEMIST","","","24 BEVINGTON ROAD","","","BIRMINGHAM","","B6 6JB","20040401","","","","","","","","","","","1","","","","",""
"P34E","ALLISON JWW & SONS","","","31 MAIN STREET","","","COCKERMOUTH","","CA13 9LE","20040401","","","","","","","","","","","1","","","","",""
"P34F","ELMPHARM LTD","","","BURLINGTON ROAD PHARMACY","7 BURLINGTON ROAD","","BUXTON","","SK17 9AY","20040401","","","","","","","","","","","1","","","","",""
"P34G","WOODLAND PHARMACY","","","227 THE BROADWAY","","","SOUTHALL","","UB1 1ND","20040401","","","","","","","","","","","1","","","","",""
"P34J","GROSVENOR PHARMACY","","","788 UXBRIDGE ROAD","","","HAYES","","UB4 0RS","20040401","20250609","","","","","","","","","","1","","","","",""
"P34K","SHILUN'S LTD","","","ONE STOP PHARMACY","98 LEAVESDEN ROAD","","WATFORD","","WD24 5EH","20040401","","","","","","","","","","","1","","","","",""
"P34N","G. RATCLIFFE GKR LTD","","","24 HILLWOOD ROAD","","","BIRMINGHAM","","B31 1DJ","20040401","20190319","","","","","","","","","","1","","","","",""
"P34P","LADS CHEMIST LTD","","","158 EAST PARK ROAD","","","LEICESTER","","LE5 4QB","20040401","","","","","","","","","","","1","","","","",""
"P34T","SAAJ LTD","","","EAST CHEMIST","16 ROEHAMPTON HIGH STREET","","LONDON","","SW15 4HJ","20040401","20191201","","","","","","","","","","1","","","","",""
"P34V","CHANA CHEMIST","","","251 ALLENBY ROAD","","","SOUTHALL","","UB1 2HB","20040401","","","","","","","","","","","1","","","","",""
"P34W","C & H (BARTON) LTD","","","BEDFORD ROAD","BARTON-LE-CLAY","","BEDFORD","","MK45 4LL","20040401","","","","","","","","","","","1","","","","",""
"P34X","ASTON PHARMACY","","","351 BLACKBURN ROAD","","","ACCRINGTON","","BB5 1RY","20040401","20190312","","","","","","","","","","1","","","","",""
"P34Y","J DENT CHEMIST LTD","","","1 WINDERMERE ROAD","","","CHESTERFIELD","","S41 8DU","20040401","20251124","","","","","","","","","","1","","","","",""
"P350","TANNA PHARMACY","","","14 SOUTH LODGE AVENUE","","","MITCHAM","","CR4 1LU","20040401","","","","","","","","","","","1","","","","",""
"P354","SOLOMON DISPENSING CHEMIST","","","188 ALUM ROCK ROAD","","","BIRMINGHAM","","B8 1HU","20040401","","","","","","","","","","","1","","","","",""
"P357","SHADSWORTH PHARMACY","","","221 SHADSWORTH ROAD","","","BLACKBURN","","BB1 2HR","20040401","20190312","","","","","","","","","","1","","","","",""
"P35A","W.S. CHEUNG","","","LONGFORD CHEMIST","219 LONGFORD ROAD","LONGFORD","COVENTRY","","CV6 6BG","20040401","","","","","","","","","","","1","","","","",""
"P35C","FG SAUNDERS & CO","","","41 ST. LEONARDS ROAD","","","WINDSOR","","SL4 3BP","20040401","20220302","","","","","","","","","","1","","","","",""
"P35E","SPIRES PHARMACY","","","DERINGWOOD PARADE","DERINGWOOD DRIVE, DOWNSWOOD","","MAIDSTONE","","ME15 8XW","20040401","20240928","","","","","","","","","","1","","","","",""
"P35F","DESONS CHEMISTS","","","216 HARROW VIEW","","","HARROW","","HA2 6PL","20040401","","","","","","","","","","","1","","","","",""
"P35H","LYNDHURST PHARMACIES LTD","","","6 OAKLEY ROAD","","","CHINNOR","","OX39 4HZ","20040401","20250319","","","","","","","","","","1","","","","",""
"P35M","HOLLYTREE PHARMACY","","","2 HOLLYTREE PARADE","SIDCUP HILL","","SIDCUP","","DA14 6JR","20040401","","","","","","","","","","","1","","","","",""
"P35P","MONKS CHEM LTD","","","70 HARROW ROAD","","","WEMBLEY","","HA9 6PL","20040401","","","","","","","","","","","1","","","","",""
"P35Q","HUNT & MARSDEN (BOLTON) LTD","","","ASDA STORES LTD","BRACKLEY STREET","FARNWORTH","BOLTON","","BL4 9DT","20040401","20190312","","","","","","","","","","1","","","","",""
"P35T","SALEPICK LTD","","","26 STATION ROAD","CUFFLEY","","POTTERS BAR","","EN6 4HT","20040401","","","","","","","","","","","1","","","","",""
"P35Y","DEU-CHEM LTD","","","269 SOHO ROAD","","","BIRMINGHAM","","B21 9SA","20040401","","","","","","","","","","","1","","","","",""
"P364","BROCKHURST PHARMACY LTD","","","135 BROCKHURST ROAD","","","GOSPORT","","PO12 3AX","20040401","20200930","","","","","","","","","","1","","","","",""
"P366","EXXLESHALL PHARMACY LTD","","","11B HIGH STREET","ECCLESHALL","","STAFFORD","","ST21 6BW","20040401","","","","","","","","","","","1","","","","",""
"P368","HEATHBROOK PHARMACY","","","10 ARNOLDS CRESCENT","NEWBOLD VERDON","","LEICESTER","","LE9 9LD","20040401","","","","","","","","","","","1","","","","",""
"P36D","G.J. RIGBY PHARMACY","","","HIGH STREET","FARNDON","","CHESTER","","CH3 6PT","20040401","20220608","","","","","","","","","","1","","","","",""
"P36E","YORKSHIRE STREET PHARMACY LTD","","","31 YORKSHIRE STREET","","","MORECAMBE","","LA3 1QE","20040401","20190312","","","","","","","","","","1","","","","",""
"P36F","ALPHARM CHEMIST","","","224 LOUGHBOROUGH ROAD","","","LEICESTER","","LE4 5LG","20040401","","","","","","","","","","","1","","","","",""
"P36H","CLINOVIA HEALTHCARE SERVICES LTD","","","7 HASLEMERE ESTATE","LOVET ROAD","","HARLOW","","CM19 5TB","20040401","","","","","","","","","","","1","","","","",""
"P36J","S&S CHEMISTS","","","40 HARROW ROAD","","","WEMBLEY","","HA9 6PG","20040401","","","","","","","","","","","1","","","","",""
"P36L","STELLING ROD CHEMIST","","","40 STELLING ROAD","","","ERITH","","DA8 3JH","20040401","20250121","","","","","","","","","","1","","","","",""
"P36N","HERBERT & HERBERT- I. TOOR","","","88 HIGH STREET","CLAPHAM","","BEDFORD","","MK41 6BW","20040401","","","","","","","","","","","1","","","","",""
"P36P","D & R SHARP CHEMISTS LTD","","","COLOSSEUM PHARMACY","HIGH STREET","BENTLEY","DONCASTER","","DN5 0AP","20040401","20230531","","","","","","","","","","1","","","","",""
"P36R","GOLDPASTA LTD","","","HANNIGAN PHARMACY","240 BENNETTS CASTLE LANE","","DAGENHAM","","RM8 3UU","20040401","","","","","","","","","","","1","","","","",""
"P36T","REENA PHARMACY","","","3 THE BROADWAY","","","LONDON","","N8 8DU","20040401","","","","","","","","","","","1","","","","",""
"P36V","BISPHAM ROAD PHARMACY","","","84 BISPHAM ROAD","","","SOUTHPORT","","PR9 7DF","20040401","","","","","","","","","","","1","","","","",""
"P36W","CARECAMP LTD","","","DILLONS CHEMISTS LTD","17 CHURCH ROAD","","LONDON","","W3 8PU","20040401","20250502","","","","","","","","","","1","","","","",""
"P371","LOCKYER'S PHARMACY","","","252 EVELYN STREET","","","LONDON","","SE8 5BZ","20040401","20170615","","","","","","","","","","1","","","","",""
"P374","PRESTWOOD PHARMACY LTD","","","145 HIGH STREET","PRESTWOOD","","GREAT MISSENDEN","","HP16 9HF","20040401","20190326","","","","","","","","","","1","","","","",""
"P375","ACE PHARMACY","","","1-3 ACE PARADE","HOOK ROAD","","CHESSINGTON","","KT9 1DR","20040401","","","","","","","","","","","1","","","","",""
"P376","PEARL CHEMIST","","","185-187 EVINGTON ROAD","","","LEICESTER","","LE2 1QN","20040401","","","","","","","","","","","1","","","","",""
"P377","KINGFISHER CHEMIST LTD","","","192 KIRKGATE","","","WAKEFIELD","","WF1 1UE","20040401","","","","","","","","","","","1","","","","",""
"P378","JAYSONS PHARMACY","","","97 ARLESTON DRIVE","","","NOTTINGHAM","","NG8 2GB","20040401","","","","","","","","","","","1","","","","",""
"P379","RUXLEY PHARMACY","","","2 RUXLEY LANE","","","EPSOM","","KT19 0JA","20040401","","","","","","","","","","","1","","","","",""
"P37C","OPTIMUM MARKETING LTD","","","BEACONVIEW CHEMIST","314 BEACONVIEW ROAD","CHARLEMONT FARM ESTATE","WEST BROMWICH","","B71 3NX","20040401","20260518","","","","","","","","","","1","","","","",""
"P37E","MIXING TIME LTD","","","LIVING CARE PHARMACY","63 HARROGATE ROAD","","LEEDS","","LS7 3PQ","20040401","20190312","","","","","","","","","","1","","","","",""
"P37F","COLYTON PHARMACY LTD","","","MARKET PLACE","","","COLYTON","","EX24 6JS","20040401","","","","","","","","","","","1","","","","",""
"P37H","V.U. CHEM LTD","","","MAYDAY PHARMACY","514 LONDON ROAD","","THORNTON HEATH","","CR7 7HQ","20040401","","","","","","","","","","","1","","","","",""
"P37K","RANK CHEMIST","","","138 LEAGRAVE ROAD","","","LUTON","","LU4 8HX","20040401","","","","","","","","","","","1","","","","",""
"P37M","ALPHA PHARMACY LTD","","","18 COMMERCE ROAD","","","LONDON","","N22 8ED","20040401","","","","","","","","","","","1","","","","",""
"P37N","HOWE & HAMMOND LTD","","","TRINITY PHARMACY","87 SOUTH STREET","","BISHOP'S STORTFORD","","CM23 3AL","20040401","","","","","","","","","","","1","","","","",""
"P37Q","MEJ HINGLEY & CO LTD","","","560-562 GREEN LANE","SMALL HEATH","","BIRMINGHAM","","B9 5QG","20040401","","","","","","","","","","","1","","","","",""
"P37R","MORJARIA G","","","CENTRAL CHEMISTS","3 BREWERY ROAD","","LONDON","","SE18 7PS","20040401","","","","","","","","","","","1","","","","",""
"P37T","SARVAIYA J","","","VANTAGE CHEMISTS","5 CASSIO ROAD","","WATFORD","","WD18 0QP","20040401","","","","","","","","","","","1","","","","",""
"P37V","BOYES WJ PHARMACY (AMICHEM LTD)","","","61 BALHAM HILL","","","LONDON","","SW12 9DR","20040401","20250206","","","","","","","","","","1","","","","",""
"P37W","CAREGRANGE PHARMACY","","","9 GOLDHAWK ROAD","","","LONDON","","W12 8QQ","20040401","","","","","","","","","","","1","","","","",""
"P37X","B.K.R. LTD","","","K L PHARMACY","229 KENTON LANE","KENTON","HARROW","","HA3 8RP","20040401","","","","","","","","","","","1","","","","",""
"P381","HASSAN MERALI DISPENSING CHEMIST","","","127 QUEEN STREET","","","PORTSMOUTH","","PO1 3HY","20040401","","","","","","","","","","","1","","","","",""
"P382","LEOPRIM LTD","","","99 SOUTHGATE ROAD","","","LONDON","","N1 3JS","20040401","","","","","","","","","","","1","","","","",""
"P383","DEEJAY PHARMACY","","","CAMPFIELD ROAD","SHOEBURYNESS","","SOUTHEND-ON-SEA","","SS3 9BX","20040401","20220615","","","","","","","","","","1","","","","",""
"P384","ANI-CHEM LIMITED","","","36-38 ATTLEBOROUGH ROAD","","","NUNEATON","","CV11 4JG","20040401","","","","","","","","","","","1","","","","",""
"P385","JAYS PHARMACY","","","229 POOLEY GREEN ROAD","","","EGHAM","","TW20 8AS","20040401","","","","","","","","","","","1","","","","",""
"P387","RAYMOND C HALL PHARMACY","","","564 BEVERLEY ROAD","","","HULL","","HU6 7LG","20040401","","","","","","","","","","","1","","","","",""
"P38A","VITHLANI LIMITED","","","13 PINE TREE ROAD","","","BEDWORTH","","CV12 9BG","20040401","20230502","","","","","","","","","","1","","","","",""
"P38C","BOSWELLS OXFORD DRUG CO LTD","","","BOSWELLS PHARMACY","1-4 BROAD STREET","","OXFORD","","OX1 3AG","20040401","20200414","","","","","","","","","","1","","","","",""
"P38D","W. SMITH LTD","","","FLASS TERRACE","USHAW MOOR","","DURHAM","","DH7 7LD","20040401","","","","","","","","","","","1","","","","",""
"P38E","STATUE LTD","","","252 KINGSHILL AVENUE","","","HAYES","","UB4 8BZ","20040401","","","","","","","","","","","1","","","","",""
"P38K","SARAJ CHEMIST","","","206 PARK ROAD","","","LOUGHBOROUGH","","LE11 2HJ","20040401","20250421","","","","","","","","","","1","","","","",""
"P38M","H WHISTLER LTD","","","15 CARTER GATE","","","NEWARK","","NG24 1UA","20040401","","","","","","","","","","","1","","","","",""
"P38N","MEDICARE PHARMACY LTD","","","140 ST. SAVIOURS ROAD","","","LEICESTER","","LE5 3SG","20040401","","","","","","","","","","","1","","","","",""
"P38P","SPRING PHARMACY","","","233 HOXTON STREET","","","LONDON","","N1 5LG","20040401","","","","","","","","","","","1","","","","",""
"P38R","MORJARIA V","","","TUDOR PHARMACY","3 TUDOR PARADE","","RICKMANSWORTH","","WD3 4DF","20040401","","","","","","","","","","","1","","","","",""
"P38T","SCOTT-CHEM LTD","","","3 ROSEBERRY SHOPPING CENTRE","ROSEBERRY ROAD","","REDCAR","","TS10 4NY","20040401","","","","","","","","","","","1","","","","",""
"P38V","BRENTMEAD DAVID LTD","","","BRENTMEAD CHEMISTS","136 CHURCH ROAD","","LONDON","","NW10 9NH","20040401","","","","","","","","","","","1","","","","",""
"P38W","RAYNER J LTD","","","THE PHARMACY","THE GREEN","DATCHET","SLOUGH","","SL3 9JH","20040401","","","","","","","","","","","1","","","","",""
"P392","NUCHEM PHARMACEUTICALS LTD","","","137 STROUD GREEN ROAD","","","LONDON","","N4 3PX","20040401","","","","","","","","","","","1","","","","",""
"P394","HEALTH-CHECK PHARMACY","","","127 GREAT HORTON ROAD","","","BRADFORD","","BD7 1PS","20040401","","","","","","","","","","","1","","","","",""
"P395","REGENT PHARMACY","","","19 WINDMILL STREET","","","GRAVESEND","","DA12 1AS","20040401","","","","","","","","","","","1","","","","",""
"P399","COLLINS AND BUTTERWORTH","","","THE PHARMACY","MAIN STREET","HAWKSHEAD","AMBLESIDE","","LA22 0NS","20040401","","","","","","","","","","","1","","","","",""
"P39F","BLYTH HEALTH CENTRE PHARMACY LTD","","","BLYTH HEALTH CENTRE","THOROTON STREET","","BLYTH","","NE24 1DX","20040401","20200529","","","","","","","","","","1","","","","",""
"P39H","THE VILLAGE PHARMACY","","","2 HIGH STREET","FULBOURN","","CAMBRIDGE","","CB21 5DH","20040401","20170430","","","","","","","","","","1","","","","",""
"P39J","R. H. WILSON CHEMISTS LTD","","","75 WHALLEY NEW ROAD","","","BLACKBURN","","BB1 6JY","20040401","","","","","","","","","","","1","","","","",""
"P39K","FULHAM PHARMACY","","","608 FULHAM ROAD","","","LONDON","","SW6 5RP","20040401","","","","","","","","","","","1","","","","",""
"P39L","UNIVERSAL CHEMISTS (LEICESTER) LTD","","","105 HARRISON ROAD","","","LEICESTER","","LE4 6JT","20040401","","","","","","","","","","","1","","","","",""
"P39M","WOODS CHEMIST","","","372 RAYLEIGH ROAD","","","LEIGH-ON-SEA","","SS9 5PT","20040401","20180831","","","","","","","","","","1","","","","",""
"P39N","PH LTD","","","252 HIGH ROAD","","","LONDON","","NW10 2NX","20040401","","","","","","","","","","","1","","","","",""
"P39P","S & A PHARMA LTD","","","NEWMANS CHEMIST","376 BARKING RD","PLAISTON","LONDON","","E13 8HL","20040401","","","","","","","","","","","1","","","","",""
"P39Q","HOUGHTON PHARMACY LTD","","","14 MAIN STREET","HOUGHTON-ON-THE-HILL","","LEICESTER","","LE7 9GD","20040401","","","","","","","","","","","1","","","","",""
"P39R","GF PORTER CHEMIST","","","48 GREAT CAMBRIDGE ROAD","","","LONDON","","N17 7BU","20040401","","","","","","","","","","","1","","","","",""
"P39V","BROMPTON PH","","","THE PHARMACY","THE GREEN","UPPER POPPLETON","YORK","","YO26 6DF","20040401","20190321","","","","","","","","","","1","","","","",""
"P39W","BOURNVILLE PHARMACY","","","CARTERS CHEMIST","45 SYCAMORE ROAD","BOURNVILLE","BIRMINGHAM","","B30 2AA","20040401","20190331","","","","","","","","","","1","","","","",""
"P3A1","LALYS CHEMIST","","","4A DOWNING STREET","","","FARNHAM","","GU9 7PB","20040401","","","","","","","","","","","1","","","","",""
"P3A1H","HARVI LTD","","","MANCHESTER HOUSE","HEOL MAELOR","COEDPOETH","WREXHAM","","LL11 3LS","20210125","","","","","","","","","","","1","","","","",""
"P3A2","JWK LAM","","","109 WIGAN ROAD","ASHTON-IN-MAKERFIELD","","WIGAN","","WN4 9BH","20040401","","","","","","","","","","","1","","","","",""
"P3A3","M LAMAA","","","ROUND THE CLOCK PHARMACY","69 CHURCH ROAD","","LONDON","","SW13 9HH","20040401","","","","","","","","","","","1","","","","",""
"P3A5A","POLARIS PHARMA LTD","","","39 WULFSTAN COURT","","","CAMBRIDGE","","CB1 8RE","20220817","","","","","","","","","","","1","","","","",""
"P3A7","JS LANGHORNE","","","J S LANGHORNE","99 LIDGET","OAKWORTH","KEIGHLEY","","BD22 7HN","20040401","20190312","","","","","","","","","","1","","","","",""
"P3A8","LARVIC LTD","","","LARVIC ISMAIL PHARMACY","UNIT 2","73 MILTON STREET","WALSALL","","WS1 4LA","20040401","","","","","","","","","","","1","","","","",""
"P3AC","LEACH & BURTON LTD","","","48 PYRLES LANE","","","LOUGHTON","","IG10 2NN","20040401","20220622","","","","","","","","","","1","","","","",""
"P3AD","LEANSAVE LTD","","","ASHWORTHS CHEMIST","6 THE SHOPPING PRECINCT, INCE LANE","ELTON","CHESTER","","CH2 4LU","20040401","20240425","","","","","","","","","","1","","","","",""
"P3AE","MJ LEEDAM","","","LEEDHAMS PHARMACY","71-73 KEIGHLEY ROAD","","COLNE","","BB8 0QF","20040401","","","","","","","","","","","1","","","","",""
"P3AG","KR LEMON","","","335 HOLCOMBE ROAD","GREENMOUNT","","BURY","","BL8 4BB","20040401","20190409","","","","","","","","","","1","","","","",""
"P3AJ","S LEUNG","","","VANTAGE CHEMISTS","2 IMPERIAL BUILDINGS","DURHAM ROAD, BIRTLEY","CHESTER LE STREET","","DH3 1LG","20040401","20250930","","","","","","","","","","1","","","","",""
"P3AK","LILLEYS HEALTHCARE LTD","","","13 TURNSTONE ROAD","","","STOCKPORT","","SK2 5XT","20040401","","","","","","","","","","","1","","","","",""
"P3AQ","LIU KWY","","","EURO CHEMIST","16-18 BERRY STREET","","LIVERPOOL","","L1 4JF","20040401","","","","","","","","","","","1","","","","",""
"P3AT","LM FERRO LTD","","","CHESTERTON PHARMACY","16 CHESTERTON LANE","","CIRENCESTER","","GL7 1XQ","20040401","","","","","","","","","","","1","","","","",""
"P3AV","LOBLEY HILL PHARMACY LTD","","","72 MALVERN GARDENS","","","GATESHEAD","","NE11 9LL","20040401","","","","","","","","","","","1","","","","",""
"P3AY","PE LOGAN LTD","","","465-467 NEW CROSS ROAD","","","LONDON","","SE14 6TA","20040401","","","","","","","","","","","1","","","","",""
"P3C2","ST MARY PHARMACY","","","FARMERS WAY","","","DROITWICH","","WR9 9EQ","20040401","","","","","","","","","","","1","","","","",""
"P3C4","MS CHEMISTS LTD","","","86 CHURCH LANE","DODDINGHURST","","BRENTWOOD","","CM15 0NG","20040401","","","","","","","","","","","1","","","","",""
"P3C6","PENN CARE PHARMACY","","","48 WARSTONES ROAD","PENN","","WOLVERHAMPTON","","WV4 4LP","20040401","","","","","","","","","","","1","","","","",""
"P3C7","SHALDON PHARMACY","","","36 FORE STREET","SHALDON","","TEIGNMOUTH","","TQ14 0DE","20040401","","","","","","","","","","","1","","","","",""
"P3C9","KEY CHEMISTS","","","44 SUTTON ROAD","TERRINGTON ST. CLEMENT","","KING'S LYNN","","PE34 4PQ","20040401","","","","","","","","","","","1","","","","",""
"P3CA","SY NAM","","","NAMS CHEMIST","99 ROWNHAMS ROAD","","SOUTHAMPTON","","SO16 5EB","20040401","20190312","","","","","","","","","","1","","","","",""
"P3CD","NAYLORS LTD","","","RASTRICK HEALTH CENTRE","CHAPEL CROFT","","BRIGHOUSE","","HD6 3NA","20040401","20260205","","","","","","","","","","1","","","","",""
"P3CE","NEELCHEM LTD","","","GOLDHEARTS CHEMIST","41-43 ST. PETERS STREET","","BEDFORD","","MK40 2PN","20040401","","","","","","","","","","","1","","","","",""
"P3CF","NESTBURG LTD","","","BROOKS BAR PHARMACY","162-164 CHORLTON ROAD","","MANCHESTER","","M16 7WW","20040401","","","","","","","","","","","1","","","","",""
"P3CH","NEWPORT PHARMACY BOLTON LTD","","","65 NEWPORT STREET","","","BOLTON","","BL1 1NE","20040401","","","","","","","","","","","1","","","","",""
"P3CK","UJIGEE DAYNITE","","","UTIGEE DAYNITE PHARMACY","261 LONDON ROAD","HADLEIGH","BENFLEET","","SS7 2BN","20040401","20181017","","","","","","","","","","1","","","","",""
"P3CL","NEWLYN PHARMACY","","","5 THE STRAND","NEWLYN","","PENZANCE","","TR18 5HH","20040401","","","","","","","","","","","1","","","","",""
"P3CT","NS WARWICK LTD","","","12 KINGSMAN PARADE","","","LONDON","","SE18 5QE","20040401","","","","","","","","","","","1","","","","",""
"P3CV","RIVERSIDE PHARMACY","","","RIVERSIDE CENTRE FOR HEALTH","PARK STREET","","LIVERPOOL","","L8 6QP","20040401","","","","","","","","","","","1","","","","",""
"P3CW","OBSAN LTD","","","BRADLEY CHEMIST","83 HALLGREEN STREET","","BILSTON","","WV14 8TH","20040401","20190131","","","","","","","","","","1","","","","",""
"P3CY","RC ODEDRA","","","RECTORY GARDENS","","","PETERBOROUGH","","PE2 8AY","20040401","","","","","","","","","","","1","","","","",""
"P3D0","MR VH PATEL","","","130 KINGSTON ROAD","","","LONDON","","SW19 1LY","20100728","20190312","","","","","","","","","","1","","","","",""
"P3D1","PEEREDGE LIMITED","","","148 HORN LANE","","","LONDON","","W3 6PG","20100802","20260921","","","","","","","","","","1","","","","",""
"P3D2","EAGLEBOND LIMITED","","","BREWHOUSE LANE","SOHAM","","ELY","","CB7 5JD","20100720","","","","","","","","","","","1","","","","",""
"P3D3","MR IRFAN HANIF","","","2-4 VICTOR TERRACE","","","BRADFORD","","BD9 4RQ","20100809","","","","","","","","","","","1","","","","",""
"P3D5","MR D VAKANI","","","4 MARKET STREET","WHITTLESEY","","PETERBOROUGH","","PE7 1BD","20100816","20200831","","","","","","","","","","1","","","","",""
"P3D6","LATIF & FAMILY LTD","","","275 DEVONSHIRE ROAD","","","BLACKPOOL","","FY2 0TN","20100801","","","","","","","","","","","1","","","","",""
"P3D8","AA PHARM LTD","","","23 DUCKWORTH LANE","","","BRADFORD","","BD9 5ES","20100823","","","","","","","","","","","1","","","","",""
"P3D9","DHESI HEALTHCARE LTD","","","68 ORMONDE STREET","","","SUNDERLAND","","SR4 7PP","20100813","20190312","","","","","","","","","","1","","","","",""
"P3DA","CONCEPT CHEMIST LTD","","","127 MANOR DRIVE NORTH","","","NEW MALDEN","","KT3 5PD","20100908","","","","","","","","","","","1","","","","",""
"P3DC","INSHALLAH MEDS LTD","","","9 SOUTHFIELD ROAD","","","BRADFORD","","BD5 9EE","20100915","","","","","","","","","","","1","","","","",""
"P3DD","SCARLETT HEALTHCARE LTD","","","UNIT 1, CATTLEPENS","STATION ROAD","ELMSWELL","BURY ST. EDMUNDS","","IP30 9HD","20100909","20180926","","","","","","","","","","1","","","","",""
"P3DE","BARTON HEALTHCARE SERVICES LTD","","","HOWE LANE","GOXHILL","","BARROW-UPON-HUMBER","","DN19 7JD","20100901","","","","","","","","","","","1","","","","",""
"P3DG","FAIRVIEW HEALTH PARTNERSHIP LTD","","","EDRIDGE RD COMM H.CENTRE","IMPACT HOUSE","2 EDRIDGE ROAD","CROYDON","","CR9 1PJ","20100915","20170426","","","","","","","","","","1","","","","",""
"P3DH","TOTAL HEALTH SOLUTIONS LTD","","","84 KINGSLEY ROAD","","","HOUNSLOW","","TW3 1QA","20100920","","","","","","","","","","","1","","","","",""
"P3DJ","PHARMAUNISON LTD","","","3 NEW STREET","ETTINGSHALL","","WOLVERHAMPTON","","WV2 2LR","20100923","","","","","","","","","","","1","","","","",""
"P3DK","WEST MID HEALTHCARE UK LTD","","","37 HIGH STREET","LYE","","STOURBRIDGE","","DY9 8LF","20101001","","","","","","","","","","","1","","","","",""
"P3DN","APRIS MEDICAL SERVICES LTD","","","48 OVERSTRAND ROAD","","","CROMER","","NR27 0AJ","20101001","","","","","","","","","","","1","","","","",""
"P3DP","PK PHARMACARE LTD","","","11 STATION PARADE","WHITCHURCH LANE","","EDGWARE","","HA8 6RW","20101001","","","","","","","","","","","1","","","","",""
"P3DR","MOHAMMED YASIR / WARRENSHOW LTD","","","68 QUEEN STREET","GREAT HARWOOD","","BLACKBURN","","BB6 7AL","20101001","","","","","","","","","","","1","","","","",""
"P3DW","AVICENNA SANATIO PHARMA LTD","","","354 GREAT HORTON ROAD","","","BRADFORD","","BD7 1QJ","20101011","","","","","","","","","","","1","","","","",""
"P3DX","JHOOTS HEALTHCARE LTD","","","20 HATHERTON STREET","","","WALSALL","","WS4 2LA","20101011","","","","","","","","","","","1","","","","",""
"P3DY","BROUGHTON PARK PHARMACY LTD","","","49 LEICESTER ROAD","","","SALFORD","","M7 4AS","20101012","","","","","","","","","","","1","","","","",""
"P3E0","IPHARMA LTD","","","267 DEWSBURY ROAD","","","LEEDS","","LS11 5HN","20100828","","","","","","","","","","","1","","","","",""
"P3E1","PARK HEALTH LIMITED","","","286 SEVEN SISTERS ROAD","","","LONDON","","N4 2AA","20100801","","","","","","","","","","","1","","","","",""
"P3E2","GILBODY-GUNDKALLI LTD","","","HEALDSWOOD SURGERY","MANSFIELD ROAD","SKEGBY","SUTTON-IN-ASHFIELD","","NG17 3EE","20100824","20250204","","","","","","","","","","1","","","","",""
"P3E3","D2H SOLUTIONS LTD","","","3 BELLE VUE ENTERPRISE CENTRE","IVY ROAD","","ALDERSHOT","","GU12 4UA","20100906","","","","","","","","","","","1","","","","",""
"P3E5","MR DILIP MAROO","","","165 DUNSTABLE ROAD","","","LUTON","","LU1 1BW","20100817","","","","","","","","","","","1","","","","",""
"P3E9","JENEESAPHARMACY LTD","","","125 WORPLESDON ROAD","WORPLESDON","","GUILDFORD","","GU2 9XA","20100901","","","","","","","","","","","1","","","","",""
"P3EC","MISTERTON MEDICAL SERVICES LTD","","","THE RETORT HOUSE","MARSH LANE","MISTERTON","DONCASTER","","DN10 4DL","20101011","20181130","","","","","","","","","","1","","","","",""
"P3ED","MR K MAN","","","THE HIGHLANDS","FLITWICK","","BEDFORD","","MK45 1DZ","20101018","","","","","","","","","","","1","","","","",""
"P3EE","WATLINGTON PHARMACY LTD","","","MARKET PLACE","","","WATLINGTON","","OX49 5PU","20101001","","","","","","","","","","","1","","","","",""
"P3EF","MR B OKOLO","","","1 SAXON CLOSE","","","LONDON","","E17 8LE","20101001","20190326","","","","","","","","","","1","","","","",""
"P3EG","COTEHURST LTD","","","31 RUMBOLDS HILL","","","MIDHURST","","GU29 9DG","20101001","","","","","","","","","","","1","","","","",""
"P3EH","VILLAGE PHARMACY CHARLTON LTD","","","9 THE VILLAGE","","","LONDON","","SE7 8UG","20101015","20231130","","","","","","","","","","1","","","","",""
"P3EJ","BRAXTED LTD","","","151 PARK ROAD","","","LONDON","","N8 8TD","20101025","20201130","","","","","","","","","","1","","","","",""
"P3EK","MANGO PHARMACY LTD","","","3 THE PARADE","HIGH STREET","COWLEY","UXBRIDGE","","UB8 2EP","20101101","","","","","","","","","","","1","","","","",""
"P3EL","OAK HEALTHCARE LTD","","","14 CHURCH STREET","THE PARLIAMENT OAK","MANSFIELD WOODHOUSE","MANSFIELD","","NG19 8AH","20101101","20250328","","","","","","","","","","1","","","","",""
"P3EM","WILLOW TREE PHARMACY LTD","","","1 TREVELYAN WALK","","","BRISTOL","","BS10 7NY","20101101","20190312","","","","","","","","","","1","","","","",""
"P3EN","NINE BLESSINGS LIMITED","","","198-200 HIGH ROAD","CHADWELL HEATH","","ROMFORD","","RM6 6LU","20101101","","","","","","","","","","","1","","","","",""
"P3EP","BLACKLEY VILLAGE PHARMACY","","","UNIT 5","73 OLD MARKET STREET","BLACKLEY","MANCHESTER","","M9 8DX","20101101","20190305","","","","","","","","","","1","","","","",""
"P3EQ","DERMACIA LIMITED","","","260 UPPER STREET","","","LONDON","","N1 2UQ","20101101","","","","","","","","","","","1","","","","",""
"P3ER","GSI PHARMA LTD","","","UNIT 2","SEYMOUR STREET","MILLERS BRIDGE INDUSTRIAL ESTA","BOOTLE","","L20 1EE","20101101","","","","","","","","","","","1","","","","",""
"P3ET","PHARMA-CLINIC LTD","","","36 SHAKESPEARE ROAD","EASTWOOD","","ROTHERHAM","","S65 1QY","20101101","","","","","","","","","","","1","","","","",""
"P3EV","MATLOCK PHARMACY LTD","","","12 MATLOCK ROAD","","","BRIGHTON","","BN1 5BF","20101101","20181205","","","","","","","","","","1","","","","",""
"P3EW","ZSA TRADERS","","","151-153 HIGH STREET","KINGS HEATH","","BIRMINGHAM","","B14 7DG","20101004","","","","","","","","","","","1","","","","",""
"P3EY","CADUCIFER MEDICAL SERVICES LTD","","","THE PORTWAY CENTRE","OLD SARUM PARK","OLD SARUM","SALISBURY","","SP4 6EB","20101101","","","","","","","","","","","1","","","","",""
"P3F0","RISHBHAT LIMITED","","","61 NORTH MOOR ROAD","HUNTINGTON","","YORK","","YO32 9QN","20140417","20200825","","","","","","","","","","1","","","","",""
"P3F1","YORCARE LTD","","","22-24 ACASTER LANE","BISHOPTHORPE","","YORK","","YO23 2SJ","20101101","","","","","","","","","","","1","","","","",""
"P3F3","VILLAGE PRIMARY CARE SERVICES LTD","","","30 BROOK HILL","LITTLE WALTHAM","","CHELMSFORD","","CM3 3LL","20101103","","","","","","","","","","","1","","","","",""
"P3F5","HAXBY GROUP PHARMACY LTD","","","HAXBY & WIGGINTON HEALTH CENTR","THE VILLAGE, WIGGINTON","","YORK","","YO32 2LL","20101108","","","","","","","","","","","1","","","","",""
"P3F7","ROUNDWELL NORWICH LTD","","","27 DOCTOR TORRENS WAY","NEW COSTESSEY","","NORWICH","","NR5 0GB","20101108","","","","","","","","","","","1","","","","",""
"P3F8","PHARMACINE LIMITED","","","74 CHURCH STREET","","","BILSTON","","WV14 0AX","20101113","20200531","","","","","","","","","","1","","","","",""
"P3FC","MR NILESH TAILOR","","","7 ETON WICK ROAD","ETON WICK","","WINDSOR","","SL4 6LT","20101114","","","","","","","","","","","1","","","","",""
"P3FE","RPG HEALTHCARE LIMITED","","","58-60 HOLME LANE","","","SHEFFIELD","","S6 4JQ","20101129","","","","","","","","","","","1","","","","",""
"P3FF","LADI AYODELE TOLUHI","","","FORE STREET","BEER","","SEATON","","EX12 3JJ","20101201","20250928","","","","","","","","","","1","","","","",""
"P3FG","CAWDRON CAPITAL WEST LTD","","","350 STAINLAND ROAD","STAINLAND","","HALIFAX","","HX4 9EH","20101201","","","","","","","","","","","1","","","","",""
"P3FH","ZULFIQAR ALI RAFIQ","","","5 CENTRE COURT","","","MIDDLESBROUGH","","TS5 8HP","20101129","","","","","","","","","","","1","","","","",""
"P3FJ","KRG HEALTHCARE LTD","","","3 QUEEN STREET","","","WELLINGBOROUGH","","NN8 4RW","20101206","","","","","","","","","","","1","","","","",""
"P3FK","NABILA HUSSAIN LTD","","","UNIT 8 GROVE VILLAGE PARADE","STOCKPORT ROAD","","MANCHESTER","","M13 9AB","20101206","20170607","","","","","","","","","","1","","","","",""
"P3FL","R&B PHARMA LTD","","","YORK HOUSE, UNIT 4","400-404 YORK WAY","","LONDON","","N7 9LR","20101129","","","","","","","","","","","1","","","","",""
"P3FM","B & H HEALTHCARE LTD","","","COLLIERS WAY","HUNTINGTON","","CANNOCK","","WS12 4UD","20101201","","","","","","","","","","","1","","","","",""
"P3FN","HILTON PHARMACY LTD","","","WELLAND ROAD","HILTON","","DERBY","","DE65 5GZ","20101206","","","","","","","","","","","1","","","","",""
"P3FP","PHARMAXO SERVICES LTD","","","UNIT A/15","FIVEWAYS TRADING ESTATE","WESTWELLS ROAD, HAWTHORN","CORSHAM","","SN13 9RG","20101206","","","","","","","","","","","1","","","","",""
"P3FQ","K&K HEALTHCARE HOLDINGS LTD","","","50 TOMKINSON ROAD","","","NUNEATON","","CV10 8BH","20101201","20200528","","","","","","","","","","1","","","","",""
"P3FR","IMRAN NAZIR","","","36B COLNE ROAD","","","BURNLEY","","BB10 1LG","20101213","","","","","","","","","","","1","","","","",""
"P3FT","SAJAD KHAN AND RASHID MAHMOOD","","","49 BRISTOL ROAD","","","BIRMINGHAM","","B5 7TU","20101115","","","","","","","","","","","1","","","","",""
"P3FV","EXPERTRETURN LTD","","","8 GREEN PLACE","","","LONDON","","SE10 0PE","20101215","","","","","","","","","","","1","","","","",""
"P3FW","A1 HEALTHCARE LIMITED","","","491 RADCLIFFE ROAD","","","BOLTON","","BL3 1SX","20101220","","","","","","","","","","","1","","","","",""
"P3FY","BAMLITE LIMITED","","","643 LONDON ROAD","","","GRAYS","","RM20 3HD","20101207","20180228","","","","","","","","","","1","","","","",""
"P3G2","KTK HEALTHCARE LTD","","","300 UNION ROAD","OSWALDTWISTLE","","ACCRINGTON","","BB5 3JD","20110104","","","","","","","","","","","1","","","","",""
"P3G4","MISS J TAYLOR","","","BREWERY LANE","PONTELAND","","NEWCASTLE UPON TYNE","","NE20 9NZ","20110110","","","","","","","","","","","1","","","","",""
"P3G5","EMH ACCESS LIMITED","","","COTTAM LANE SURGERY","ASHTON-ON-RIBBLE","","PRESTON","","PR2 1JR","20110110","","","","","","","","","","","1","","","","",""
"P3G6","TSE & SHAH LTD","","","235 FINCH LANE","KNOTTY ASH","","LIVERPOOL","","L14 4AE","20110110","","","","","","","","","","","1","","","","",""
"P3G6M","HOLDENHURST SERVICES LTD","","","5 HOLDENHURST ROAD","","","BOURNEMOUTH","","BH8 8EH","20241211","","","","","","","","","","","1","","","","",""
"P3G7","VERTICAL PHARMA RESOURCES LTD","","","41 CENTRAL AVENUE","","","WEST MOLESEY","","KT8 2QZ","20110101","","","","","","","","","","","1","","","","",""
"P3G9","RAINBOW HEALTHCARE LTD","","","LONGSANDS LANE","FULWOOD","","PRESTON","","PR2 9PS","20100114","","","","","","","","","","","1","","","","",""
"P3GA","BABAN MED LIMITED","","","42 CHALTON STREET","","","LONDON","","NW1 1JB","20110131","","","","","","","","","","","1","","","","",""
"P3GC","NASPRAM PHARMA LTD","","","102 MILL LANE","WEST HAMPSTEAD","","LONDON","","NW6 1NF","20110131","","","","","","","","","","","1","","","","",""
"P3GD","ELMWOOD HEALTHCARE LTD","","","73A CHURCH STREET","LANGFORD","","BIGGLESWADE","","SG18 9QA","20110201","","","","","","","","","","","1","","","","",""
"P3GE","ALPHACREST LIMITED","","","94 CALVERLEY ROAD","","","TUNBRIDGE WELLS","","TN1 2UN","20110201","20190409","","","","","","","","","","1","","","","",""
"P3GF","JSP LOCUM SERVICES LTD","","","140 DARTMOUTH AVENUE","COALPOOL","","WALSALL","","WS3 1SP","20110131","","","","","","","","","","","1","","","","",""
"P3GG","APA (STOCKPORT) LTD","","","MARKET STREET","HAYFIELD","","HIGH PEAK","","SK22 2EP","20110126","20190305","","","","","","","","","","1","","","","",""
"P3GH","BARLBOROUGH PHARMACY","","","11-13 HIGH STREET","BARLBOROUGH","","CHESTERFIELD","","S43 4EY","20110203","","","","","","","","","","","1","","","","",""
"P3GJ","PHARMALPHA LTD","","","WESTERN COMMUNITY HOSPITAL","WILLIAM MACLEOD WAY","","SOUTHAMPTON","","SO16 4XE","20110207","","","","","","","","","","","1","","","","",""
"P3GK","INFINITY PHARMA HRT LIMITED","","","ASHLANDS","STONELEIGH ROAD","","COVENTRY","","CV4 7AD","20110207","20180221","","","","","","","","","","1","","","","",""
"P3GL","JSKR PHARMA LIMITED","","","6 MANOR ROAD NORTH","","","ESHER","","KT10 0SH","20110128","","","","","","","","","","","1","","","","",""
"P3GM","MOONLIGHT PHARMACY","","","AVENUE MEDICAL CENTRE","WENTWORTH AVENUE","","SLOUGH","","SL2 2DG","20110214","","","","","","","","","","","1","","","","",""
"P3GP","DISPENSE 2 U LTD","","","THE GUILDHALL","BAILEY HEAD","","OSWESTRY","","SY11 1PZ","20110214","","","","","","","","","","","1","","","","",""
"P3GQ","RPMG PHARMACY","","","141 CHURCH HILL ROAD","","","SUTTON","","SM3 8NE","20110201","20180808","","","","","","","","","","1","","","","",""
"P3GR","P&C BENSON LTD","","","3 WEST HEATH SHOPPING CENTRE","HOLMES CHAPEL ROAD","","CONGLETON","","CW12 4NB","20110201","","","","","","","","","","","1","","","","",""
"P3GT","RIVERSIDE (BOURNEMOUTH) LTD","","","309 WIMBORNE ROAD","","","BOURNEMOUTH","","BH9 2AB","20110201","","","","","","","","","","","1","","","","",""
"P3GV","SPARCELLS PHARMA LTD","","","MIDWINTER CLOSE","PEATMOOR","","SWINDON","","SN5 5AN","20110210","","","","","","","","","","","1","","","","",""
"P3GX","ARSHED DADHIWALA","","","6 HOUGH LANE","","","LEYLAND","","PR25 2SD","20110222","","","","","","","","","","","1","","","","",""
"P3GY","CURECHEM LTD","","","98 HIGH STREET","","","EDGWARE","","HA8 7HF","20110301","","","","","","","","","","","1","","","","",""
"P3H2","MEDICARE PHARM LTD","","","422 WELL HALL ROAD","","","LONDON","","SE9 6UD","20110301","","","","","","","","","","","1","","","","",""
"P3H4","EASTBANE LTD","","","4 MINSHULL STREET","","","KNUTSFORD","","WA16 6HG","20110221","","","","","","","","","","","1","","","","",""
"P3H5","MR COLIN ECCLES","","","MAIN STREET","POOL IN WHARFEDALE","","OTLEY","","LS21 1LH","20110201","20220331","","","","","","","","","","1","","","","",""
"P3H6","MR MAJID GHAFFAR","","","227 LOCKWOOD ROAD","","","HUDDERSFIELD","","HD1 3TG","20110221","20170614","","","","","","","","","","1","","","","",""
"P3H7","DEMPSEY PHARMACY LTD","","","ST. ANDREWS BUSINESS CENTRE","91 ST. MARYS ROAD, GARSTON","","LIVERPOOL","","L19 2NL","20110228","20180725","","","","","","","","","","1","","","","",""
"P3H8","AKSHAR WHP LTD","","","RAINS MEDI-STORES","2 STAPLEHURST ROAD","","LONDON","","SE13 5NB","20110301","","","","","","","","","","","1","","","","",""
"P3H9","SIX WAYS BIRMINGHAM LTD","","","GROUND FLOOR","7 BIRCHFIELD ROAD","","BIRMINGHAM","","B19 1SU","20110301","","","","","","","","","","","1","","","","",""
"P3HA","GO GO CHEMIST LTD","","","12 PEMBRIDGE ROAD","","","LONDON","","W11 3HL","20110201","","","","","","","","","","","1","","","","",""
"P3HD","SHAILESH PATEL","","","5 BESSEMER CRESCENT","RABANS LANE INDUSTRIAL AREA","","AYLESBURY","","HP19 8TF","20110307","","","","","","","","","","","1","","","","",""
"P3HG","Z & N PHARMA LTD","","","OLIVER STREET","","","BIRMINGHAM","","B7 4NX","20110309","","","","","","","","","","","1","","","","",""
"P3HL","KANANI PHARMACY LTD","","","141 DARTFORD ROAD","","","DARTFORD","","DA1 3EN","20110323","","","","","","","","","","","1","","","","",""
"P3HM","EMERGENCY LOCUMS LTD","","","192 STAPLETON ROAD","","","BRISTOL","","BS5 0NY","20110328","20260831","","","","","","","","","","1","","","","",""
"P3HN","DRUGSDIRECT LIMITED","","","UNIT 4","12 EMERY ROAD","","BRISTOL","","BS4 5PF","20110401","20220629","","","","","","","","","","1","","","","",""
"P3HQ","ALSTON PHARMACY LIMITED","","","FRONT STREET","","","ALSTON","","CA9 3QP","20110316","","","","","","","","","","","1","","","","",""
"P3HR","NATIONWIDE PHARMACIES LIMITED","","","UNIT 1","RIVERSIDE BUSINESS CENTRE","VICTORIA STREET","HIGH WYCOMBE","","HP11 2LT","20110331","20191210","","","","","","","","","","1","","","","",""
"P3HW","AUNPHARMA LIMITED","","","14 MAUD ROAD","","","DORCHESTER","","DT1 2LW","20110401","","","","","","","","","","","1","","","","",""
"P3HX","REMEDY PHARMACY LTD","","","83 GREENFORD AVENUE","","","LONDON","","W7 1LJ","20110401","","","","","","","","","","","1","","","","",""
"P3HY","MR INDERJEET GREWAL","","","25 BREWOOD ROAD","COVEN","","WOLVERHAMPTON","","WV9 5BX","20110401","20240516","","","","","","","","","","1","","","","",""
"P3I6K","SRI ARYA HEALTHCARE LTD","","","70-74 JOHN STREET","","","WORKINGTON","","CA14 3BT","20221026","","","","","","","","","","","1","","","","",""
"P3I6V","THE WORKING TOWN LIMITED","","","136 WEELAND ROAD","SHARLSTON COMMON","","WAKEFIELD","","WF4 1DD","20250827","","","","","","","","","","","1","","","","",""
"P3J0","PHARMACREST LTD","","","31 UPMINSTER ROAD","","","HORNCHURCH","","RM11 3UX","20110328","","","","","","","","","","","1","","","","",""
"P3J2","CAPSARIS (UK) LIMITED","","","3 WAYSIDE","FIELDWAY","NEW ADDINGTON","CROYDON","","CR0 9DX","20110408","","","","","","","","","","","1","","","","",""
"P3J3","QP CLINICAL CARE LIMITED","","","192-196-198 STATION ROAD","BALSALL COMMON","","COVENTRY","","CV7 7FD","20110404","","","","","","","","","","","1","","","","",""
"P3J4","SA2 LIMITED","","","23 MIDDLETON PARK CIRCUS","","","LEEDS","","LS10 4LX","20110418","","","","","","","","","","","1","","","","",""
"P3J6","ZEIN HEALTH LIMITED","","","125 VICTORIA ROAD","","","HORLEY","","RH6 7BL","20110411","","","","","","","","","","","1","","","","",""
"P3J7","MR WAQQAS SHEIKH","","","80 STOCKPORT ROAD","","","MANCHESTER","","M12 6AL","20110413","","","","","","","","","","","1","","","","",""
"P3J8","ROYAL HEALTH LTD","","","427-429 HARROW ROAD","","","LONDON","","W10 4RE","20110415","20220504","","","","","","","","","","1","","","","",""
"P3J9","LAFFAK LTD","","","9 THE SHOPPING CENTRE","CHAIN LANE","","ST. HELENS","","WA11 9HB","20110414","20230329","","","","","","","","","","1","","","","",""
"P3JA","MR JAY PATEL","","","32 VILLIERS ROAD","","","WATFORD","","WD19 4AH","20110404","20220713","","","","","","","","","","1","","","","",""
"P3JD","HOLT HEALTH SERVICES LIMITED","","","HOLT MEDICAL PRACTICE","KELLING HOSPITAL","HIGH KELLING","HOLT","","NR25 6QA","20110421","","","","","","","","","","","1","","","","",""
"P3JE","FATZ LIMITED","","","PILNING SURGERY","NORTHWICK ROAD","PILNING","BRISTOL","","BS35 4JE","20110422","","","","","","","","","","","1","","","","",""
"P3JG","ELTHAM PHARMACY","","","560 WESTHORNE AVENUE","","","LONDON","","SE9 6DR","20110503","20200721","","","","","","","","","","1","","","","",""
"P3JH","STENSON HEALTHCARE LIMITED","","","24-26 STENSON ROAD","","","DERBY","","DE23 1JB","20110503","","","","","","","","","","","1","","","","",""
"P3JJ","PHARMA PLUS MEDICAL LTD","","","142 NORTHDOWN ROAD","CLIFTONVILLE","","MARGATE","","CT9 2QN","20110509","20260201","","","","","","","","","","1","","","","",""
"P3JL","CUTLERS HILL EA LTD","","","BUNGAY ROAD","","","HALESWORTH","","IP19 8SG","20110501","","","","","","","","","","","1","","","","",""
"P3JN","3H PHARMACIES LTD","","","ALL SAINTS ROAD","","","BURTON-ON-TRENT","","DE14 3LS","20110505","","","","","","","","","","","1","","","","",""
"P3JP","RODBOURNE PHARMACY LTD","","","167 RODBOURNE ROAD","","","SWINDON","","SN2 2AY","20110501","20190227","","","","","","","","","","1","","","","",""
"P3JQ","LIME PHARMACY LIMITED","","","GROVE SURGERY","GROVE LANE","","THETFORD","","IP24 2HY","20110509","20250730","","","","","","","","","","1","","","","",""
"P3JR","RENISHAW PHARMACY","","","5 EMMETT CARR LANE","RENISHAW","","SHEFFIELD","","S21 3UL","20110425","","","","","","","","","","","1","","","","",""
"P3JV","SHIFA PHARMACY LIMITED","","","BANK VIEW","37 MAIN STREET","INGLETON","CARNFORTH","","LA6 3EH","20110509","","","","","","","","","","","1","","","","",""
"P3JW","MR Z CHAUDRY","","","150 BOOT HILL","GRENDON","","ATHERSTONE","","CV9 2EW","20110525","20190409","","","","","","","","","","1","","","","",""
"P3JX","ABES CROSSGATES DAY & NIGHT LTD","","","17 AUSTHORPE ROAD","","","LEEDS","","LS15 8BA","20110525","","","","","","","","","","","1","","","","",""
"P3JY","SURREY HEALTHCARE SOLUTIONS LTD","","","128 HIGH STREET","","","CRANLEIGH","","GU6 8RF","20110513","","","","","","","","","","","1","","","","",""
"P3K0","AP HEALTH LTD","","","88 HENCONNER LANE","BRAMLEY","","LEEDS","","LS13 4LG","20110601","","","","","","","","","","","1","","","","",""
"P3K1","SJZ LIMITED","","","1 BEACON DRIVE","NEW MARSKE","","REDCAR","","TS11 8ES","20110521","","","","","","","","","","","1","","","","",""
"P3K3","FRAMLINGHAM MEDICAL SUPPLIES LIMITED","","","32 MARKET HILL","FRAMLINGHAM","","WOODBRIDGE","","IP13 9AY","20110521","","","","","","","","","","","1","","","","",""
"P3K5","ALRASHEED UNITED LIMITED","","","35 EDGWARE ROAD","","","LONDON","","W2 2JE","20110601","","","","","","","","","","","1","","","","",""
"P3K6","VERY CLEVER LOCUMS LIMITED","","","6 REGAL HOUSE","FORE STREET","","SALTASH","","PL12 6JR","20110610","","","","","","","","","","","1","","","","",""
"P3K7","RUMI HEALTH","","","101 KILLINGHALL ROAD","","","BRADFORD","","BD3 8AB","20110609","","","","","","","","","","","1","","","","",""
"P3K8","MORTHEN ROAD LTD","","","MORTHEN ROAD GROUP PRACTICE","2 MORTHEN ROAD","WICKERSLEY","ROTHERHAM","","S66 1EU","20110615","","","","","","","","","","","1","","","","",""
"P3K9","SYNERGY P LIMITED","","","40 COBCROFT ROAD","","","HUDDERSFIELD","","HD2 2RY","20110613","20250908","","","","","","","","","","1","","","","",""
"P3KA","DJ PORTFOLIO LIMITED","","","90 HIGH STREET","","","BERKHAMSTED","","HP4 2BW","20110601","","","","","","","","","","","1","","","","",""
"P3KC","HEALTH HUT PROFESSIONALS LIMITED","","","2 ABBEY MEADOWS","","","MORPETH","","NE61 2BD","20110604","","","","","","","","","","","1","","","","",""
"P3KE","RMU HEALTHCARE LIMITED","","","1 NORTH STREET","","","ASHTON-UNDER-LYNE","","OL6 7HP","20110520","20170614","","","","","","","","","","1","","","","",""
"P3KF","BSPC LIMITED","","","SOUTH SHORE PRIMARY CARE CENTRE","LYTHAM ROAD","","BLACKPOOL","","FY4 1TJ","20110616","","","","","","","","","","","1","","","","",""
"P3KG","WORTHING PHARMACIES LIMITED","","","VERTEX LAW","23 KINGS HILL AVENUE","KINGS HILL","WEST MALLING","","ME19 4UA","20110601","20240307","","","","","","","","","","1","","","","",""
"P3KH","MR MOHAMMED RAHEEL AZAM","","","52 SWINTON HALL ROAD","SWINTON","","MANCHESTER","","M27 4BJ","20110620","","","","","","","","","","","1","","","","",""
"P3KJ","HURLEY HEALTHCARE LLP","","","103 KNOWLE HILL","HURLEY","","ATHERSTONE","","CV9 2JA","20110704","","","","","","","","","","","1","","","","",""
"P3KK","KAMI HEALTHCARE LIMITED","","","8 MARKET PLACE","BIRSTALL","","BATLEY","","WF17 9EL","20110701","","","","","","","","","","","1","","","","",""
"P3KL","PHARMACY COMPLETE LTD","","","110 HIGH STREET","","","GLOUCESTER","","GL1 4TA","20110701","","","","","","","","","","","1","","","","",""
"P3KM","GEEWICK LIMITED","","","34-36 WARWICK WAY","","","LONDON","","SW1V 1RY","20110701","","","","","","","","","","","1","","","","",""
"P3KN","MR SHERVIN NIKJOO","","","77-79 & 81A FRINTON ROAD","HOLLAND-ON-SEA","","CLACTON-ON-SEA","","CO15 5UH","20110704","","","","","","","","","","","1","","","","",""
"P3KP","BURY HEALTHCARE LTD","","","28 WALMERSLEY ROAD","","","BURY","","BL9 6DP","20110701","","","","","","","","","","","1","","","","",""
"P3KQ","EXEL (GB) LIMITED","","","56 HIGH STREET","","","NORMANTON","","WF6 2AQ","20110704","","","","","","","","","","","1","","","","",""
"P3KT","TUCKTON PHARMACY LIMITED","","","160 TUCKTON ROAD","","","BOURNEMOUTH","","BH6 3JX","20110701","","","","","","","","","","","1","","","","",""
"P3KV","DR ROSSER LIMITED","","","26 WESTBOURNE ROAD","DOWNEND","","BRISTOL","","BS16 6RX","20110704","","","","","","","","","","","1","","","","",""
"P3KW","KIM GAMBLE","","","FELL ROAD","PELTON FELL","","CHESTER LE STREET","","DH2 2NR","20110711","","","","","","","","","","","1","","","","",""
"P3KX","PHARMADOSE LIMITED","","","14 DODSON WAY","","","PETERBOROUGH","","PE1 5XJ","20110715","","","","","","","","","","","1","","","","",""
"P3KY","ADVANCED PHARMA LIMITED","","","50 ST. MARYS STREET","","","ELY","","CB7 4EY","20110718","","","","","","","","","","","1","","","","",""
"P3L0","HOWARTH TRADING LIMITED","","","SCOTT ROAD","","","SELBY","","YO8 4BL","20110701","","","","","","","","","","","1","","","","",""
"P3L1","NEWLINE PHARMACY LIMITED","","","HAYDON DRIVE","","","WALLSEND","","NE28 0BG","20110401","20190212","","","","","","","","","","1","","","","",""
"P3L2","CLINPHARM PLUS LTD","","","229-231 ALUM ROCK ROAD","","","BIRMINGHAM","","B8 3BH","20110701","","","","","","","","","","","1","","","","",""
"P3L4W","LP SD SIXTY THREE LIMITED","","","WILLESBOROUGH HEALTH CENTRE","BENTLEY ROAD","WILLESBOROUGH","ASHFORD","","TN24 0HZ","20230920","","","","","","","","","","","1","","","","",""
"P3L5","PRESTFORD LIMITED","","","21 CEMETERY ROAD","","","DARWEN","","BB3 2LZ","20110401","","","","","","","","","","","1","","","","",""
"P3L6","PARESH LIMITED","","","113-115 SNAKES LANE","","","WOODFORD GREEN","","IG8 0DY","20110711","","","","","","","","","","","1","","","","",""
"P3L9","MEDS AT HOME LIMITED","","","UNIT H","THE WALLOWS INDUSTRIAL ESTATE","FENS POOL AVENUE","BRIERLEY HILL","","DY5 1QA","20110801","","","","","","","","","","","1","","","","",""
"P3LA","HEADINGLEY PHARMACY LLP","","","ST. MICHAELS COURT","1 SHIRE OAK STREET","","LEEDS","","LS6 2DP","20110801","20220903","","","","","","","","","","1","","","","",""
"P3LC","ARLEY PRIMARY CARE SERVICES LIMITED","","","SPRING HILL MEDICAL CENTRE","SPRING HILL","ARLEY","COVENTRY","","CV7 8FD","20110801","","","","","","","","","","","1","","","","",""
"P3LD","INGLEBY HEALTHCARE LTD","","","20 GREENSIDE","LOWFIELDS","INGLEBY BARWICK","STOCKTON-ON-TEES","","TS17 0RR","20110717","","","","","","","","","","","1","","","","",""
"P3LE","HEALTHCARE 4U LTD","","","5-7 KINGSWAY","","","BINGLEY","","BD16 4RP","20110718","","","","","","","","","","","1","","","","",""
"P3LG","JJ & J ENTERPRISES LIMITED","","","45 CHURCH STREET","","","BILSTON","","WV14 0AX","20110801","","","","","","","","","","","1","","","","",""
"P3LJ","TRV (UK) LTD","","","5 STATION PARADE","NORTHOLT ROAD","","HARROW","","HA2 8HB","20110801","","","","","","","","","","","1","","","","",""
"P3LK","BRIGHTWELL HEALTHCARE LTD","","","14 BURLINGTON ROAD","","","IPSWICH","","IP1 2EU","20110701","","","","","","","","","","","1","","","","",""
"P3LM","MR MOHAMMED NANJI","","","57 LEDBURY ROAD","","","PETERBOROUGH","","PE3 9RF","20110801","20230731","","","","","","","","","","1","","","","",""
"P3LN","SZ ENTERPRISE LIMITED","","","61 PENNY MEADOW","","","ASHTON-UNDER-LYNE","","OL6 6HE","20110815","","","","","","","","","","","1","","","","",""
"P3LP","ALBERT BRENT LIMITED","","","UNIT 7","RENDLESHAM MEWS","RENDLESHAM","WOODBRIDGE","","IP12 2SZ","20110822","20180315","","","","","","","","","","1","","","","",""
"P3LQ","ZAITUNS (LEEDS) LIMITED","","","597 MEANWOOD ROAD","","","LEEDS","","LS6 4AY","20110821","20220331","","","","","","","","","","1","","","","",""
"P3LR","A KHAN","","","68 THE STRAND","","","STOKE-ON-TRENT","","ST3 2NR","20110808","20190409","","","","","","","","","","1","","","","",""
"P3LV","JBS PHARMA LIMITED","","","442 UXBRIDGE ROAD","","","LONDON","","W12 0NS","20110801","","","","","","","","","","","1","","","","",""
"P3LW","ALDENMAT LIMITED","","","100 WARSTONE LANE","","","BIRMINGHAM","","B18 6NZ","20110801","","","","","","","","","","","1","","","","",""
"P3LX","MOHAMMED ANSWER GHAFOOR","","","188 BLACKBURN ROAD","","","ACCRINGTON","","BB5 0AQ","20110905","20230104","","","","","","","","","","1","","","","",""
"P3LY","MR ATIQ SADDIQUE","","","50 HIGHFIELD LANE","","","KEIGHLEY","","BD21 2EH","20110905","20220629","","","","","","","","","","1","","","","",""
"P3M0","OUTWOOD CHEM LTD","","","466 LEEDS ROAD","OUTWOOD","","WAKEFIELD","","WF1 2DU","20110901","","","","","","","","","","","1","","","","",""
"P3M1","THE PILLBOX & CASE CO LIMITED","","","16/18 HIGH VIEW CLOSE","HAMILTON","","LEICESTER","","LE4 9LJ","20110901","","","","","","","","","","","1","","","","",""
"P3M3","MR MK AMIN","","","75 STONECOT HILL","","","SUTTON","","SM3 9HJ","20110901","","","","","","","","","","","1","","","","",""
"P3M6","CAROLINE ANN ELEY","","","UNIT 5","35 LEYES LANE","","KENILWORTH","","CV8 2DE","20110901","","","","","","","","","","","1","","","","",""
"P3M7","PHARMEASY LIMITED","","","4 SWAN CORNER","SHOPPING PRECINCT","CHASE ROAD","BURNTWOOD","","WS7 0DW","20110905","","","","","","","","","","","1","","","","",""
"P3M9","EAST KENT HEALTHCARE SOLUTIONS LIMITED","","","25 BOORMAN WAY","","","WHITSTABLE","","CT5 3SE","20110901","20190228","","","","","","","","","","1","","","","",""
"P3MA","QUANTUM PHARMACY SOLUTIONS LIMITED","","","MARINER HOUSE","MARINER","","TAMWORTH","","B79 7UL","20110912","","","","","","","","","","","1","","","","",""
"P3MC","OVER HEALTHCARE LIMITED","","","1 DRINGS CLOSE","OVER","","CAMBRIDGE","","CB24 5NZ","20110912","","","","","","","","","","","1","","","","",""
"P3MD","MR MAKSUD MATADAR","","","56 NEWBROOK ROAD","","","BOLTON","","BL5 1ER","20110912","","","","","","","","","","","1","","","","",""
"P3ME","MR MUHAMMED TANVEER","","","78 HOLLWAY ROAD","","","BRISTOL","","BS14 8PG","20110915","20220904","","","","","","","","","","1","","","","",""
"P3MG","AL-SHADHILI LTD","","","512-514 MOSELEY ROAD","","","BIRMINGHAM","","B12 9AH","20110911","","","","","","","","","","","1","","","","",""
"P3MJ","BENNETTS END LIMITED","","","BENNETTS END SURGERY","GATECROFT","","HEMEL HEMPSTEAD","","HP3 9LY","20110905","","","","","","","","","","","1","","","","",""
"P3MK","SULTAN MAHMOOD","","","238 QUEENS ROAD","","","HALIFAX","","HX1 4NE","20110905","","","","","","","","","","","1","","","","",""
"P3ML","NESTCROWN LIMITED","","","44 WELL STREET","","","LONDON","","E9 7PX","20110914","","","","","","","","","","","1","","","","",""
"P3MN","NORTHUMBERLAND MEDICINES LIMITED","","","THE WIDDRINGTON SURGERY","GRANGE ROAD","WIDDRINGTON","MORPETH","","NE61 5LX","20110924","20241108","","","","","","","","","","1","","","","",""
"P3MP","BILLINGHAM HEALTH LIMITED","","","ABBEY HEALTH CENTRE","FINCHALE AVENIE","","BILLINGHAM","","TS23 2DG","20110926","20201027","","","","","","","","","","1","","","","",""
"P3MR","CENTURY PHARMACEUTICAL LIMITED","","","95 WEMBLEY PARK DRIVE","","","WEMBLEY","","HA9 8HF","20110901","","","","","","","","","","","1","","","","",""
"P3MT","DBM MEDICALS LTD","","","12 QUEEN STREET","","","COLCHESTER","","CO1 2PJ","20110901","","","","","","","","","","","1","","","","",""
"P3MV","MI PHARMACY LIMITED","","","12B SKATERS WAY","","","PETERBOROUGH","","PE4 6NB","20111001","","","","","","","","","","","1","","","","",""
"P3MW","MEDICHEM (PONTEFRACT) LIMITED","","","STUART ROAD SURGERY","STUART ROAD","","PONTEFRACT","","WF8 4PQ","20111003","","","","","","","","","","","1","","","","",""
"P3MY","STRETONETTE LIMITED","","","1534 PERSHORE ROAD","STIRCHLEY","","BIRMINGHAM","","B30 2NT","20111001","","","","","","","","","","","1","","","","",""
"P3N0","HALIFAX HEALTHCARE","","","33A KEIGHLEY ROAD","","","HALIFAX","","HX2 8BA","20110930","","","","","","","","","","","1","","","","",""
"P3N1","WGA UK LTD","","","32 MOLYNEUX DRIVE","","","PRESCOT","","L35 5DY","20111017","","","","","","","","","","","1","","","","",""
"P3N2","SINGHS MEDICAL LIMITED","","","1 RICHMOND ROAD","","","WORKSOP","","S80 2TP","20111017","","","","","","","","","","","1","","","","",""
"P3N3","NAZIA KAUSAR YOUNAS","","","45 SALTAIRE ROAD","","","SHIPLEY","","BD18 3HZ","20111017","","","","","","","","","","","1","","","","",""
"P3N4","FIRST CARE PHARMACY LTD","","","6 THAMES REACH","","","LONDON","","SE28 0NY","20111014","","","","","","","","","","","1","","","","",""
"P3N5","MUBARAK HEALTHCARE LTD","","","373 COVENTRY ROAD","SMALL HEATH","","BIRMINGHAM","","B10 0SW","20111001","","","","","","","","","","","1","","","","",""
"P3N6","DISPENSE4ME LTD","","","14-20 FIELD STREET","SHEPSHED","","LOUGHBOROUGH","","LE12 9AL","20040401","","","","","","","","","","","1","","","","",""
"P3N7R","BUCKBURTON HEALTHCARE LIMITED","","","47-48 FORE STREET","","","BUCKFASTLEIGH","","TQ11 0AA","20250604","","","","","","","","","","","1","","","","",""
"P3N9","SUPER PHARM LIMITED","","","206 HOLLYHEDGE ROAD","","","MANCHESTER","","M22 4QN","20111031","","","","","","","","","","","1","","","","",""
"P3NA","AROSCHEM UK LTD","","","UNIT 7","FORD LANE BUSINESS PARK","FORD LANE","ARUNDEL","","BN18 0UZ","20111101","","","","","","","","","","","1","","","","",""
"P3NC","ANMOLHARSUKH LIMITED","","","97 NORTH ROAD","","","SOUTHALL","","UB1 2JW","20111031","","","","","","","","","","","1","","","","",""
"P3NE","SAJ SERVICES LTD","","","210B WELLGATE","","","ROTHERHAM","","S60 2PD","20111031","20250924","","","","","","","","","","1","","","","",""
"P3NF","OSTPHARMA LIMITED","","","OSTERLEY PARK PHARMACY","165 THORNBURY ROAD","","ISLEWORTH","","TW7 4QG","20111101","","","","","","","","","","","1","","","","",""
"P3NG","W.H. BURDESS CHEMISTS LIMITED","","","438 HEDGEMANS ROAD","","","DAGENHAM","","RM9 6BU","20111028","","","","","","","","","","","1","","","","",""
"P3NH","DISPENSING HEALTHCARE LTD","","","MARKET PLACE","CROSS HILL","","BARROW-UPON-HUMBER","","DN19 7BZ","20111031","","","","","","","","","","","1","","","","",""
"P3NJ","BUNTINGFORD HEALTHCARE LIMITED","","","55 HIGH STREET","","","BUNTINGFORD","","SG9 9AD","20111101","","","","","","","","","","","1","","","","",""
"P3NK","RRM LOCUM LTD","","","HILLTOP PHARMACY","1 POTTERY ROAD","","OLDBURY","","B68 9EX","20111002","","","","","","","","","","","1","","","","",""
"P3NM","NOVAPHARMA LTD","","","100A NORTH END ROAD","","","LONDON","","W14 9EX","20111101","","","","","","","","","","","1","","","","",""
"P3NN","MALPAPHARM LTD","","","28 FLIXTON ROAD","URMSTON","","MANCHESTER","","M41 5AA","20111101","","","","","","","","","","","1","","","","",""
"P3NP","HAYES TOWN PHARMACY LIMITED","","","11 COLDHARBOUR LANE","","","HAYES","","UB3 3EA","20111101","","","","","","","","","","","1","","","","",""
"P3NR","MEDICINES2HOME.COM LIMITED","","","SUITE 3","RAILWAY HOUSE, STATION STREET","MELTHAM","HOLMFIRTH","","HD9 5NX","20111101","","","","","","","","","","","1","","","","",""
"P3NT","JAYACHOICE LTD","","","324 UPPER RICHMOND ROAD","","","LONDON","","SW15 6TL","20111101","","","","","","","","","","","1","","","","",""
"P3NV","FLEMING NASH HEALTHCARE LIMITED","","","87 HIGH STREET","BARKINGSIDE","","ILFORD","","IG6 2AH","20111105","","","","","","","","","","","1","","","","",""
"P3NW","LIVERPOOL PH@RMACY GRP LTD","","","17 GREEN LANE","STONEYCROFT","","LIVERPOOL","","L13 7DT","20111031","20230606","","","","","","","","","","1","","","","",""
"P3NX","SHAWSDALE LTD","","","109 SHAWSDALE ROAD","","","BIRMINGHAM","","B36 8NG","20111101","","","","","","","","","","","1","","","","",""
"P3NY","PARI ENTERPRISES LTD","","","51 EXMOUTH MARKET","","","LONDON","","EC1R 4QL","20111027","","","","","","","","","","","1","","","","",""
"P3P1","INNGATE LIMITED","","","31 AZALEA DRIVE","","","SWANLEY","","BR8 8HS","20111114","20230101","","","","","","","","","","1","","","","",""
"P3P2","TOUT LIMITED","","","INSIDE SAINSBURYS","ROYNON WAY","","CHEDDAR","","BS27 3RB","20111110","","","","","","","","","","","1","","","","",""
"P3P3","FLOWERTOUR LIMITED","","","61-63 SLOANE AVENUE","","","LONDON","","SW3 3DH","20111107","","","","","","","","","","","1","","","","",""
"P3P4","P & H HEALTHCARE LTD","","","42-48 STOKES CROFT","","","BRISTOL","","BS1 3PY","20111121","","","","","","","","","","","1","","","","",""
"P3P5","ORAHEY LIMITED","","","MYNOTT COURT","CHURCH ROAD","TIPTREE","COLCHESTER","","CO5 0UP","20111118","20170630","","","","","","","","","","1","","","","",""
"P3P7","FAIREMOUNT UK LIMITED","","","389 QUEENS ROAD","","","LONDON","","SE14 5HD","20111101","20170731","","","","","","","","","","1","","","","",""
"P3P9","MEDIX-AG LTD","","","21 STORY STREET","","","HULL","","HU1 3SA","20111120","","","","","","","","","","","1","","","","",""
"P3PA","K.S.C. 1T LIMITED","","","402 NORTH END ROAD","FULHAM","","LONDON","","SW6 1LU","20111201","20190409","","","","","","","","","","1","","","","",""
"P3PC","GREEN CROSS HEALTHCARE LIMITED","","","TUDOR HOUSE","1 BISHOPSCOTE ROAD","","LUTON","","LU3 1NX","20111201","","","","","","","","","","","1","","","","",""
"P3PD","FMP NORFOLK LIMITED","","","MEDITRINA HOUSE","TRINITY ROAD","","FAKENHAM","","NR21 8SW","20111205","20251114","","","","","","","","","","1","","","","",""
"P3PE","WAY-STEP LTD","","","107 PRAED STREET","","","LONDON","","W2 1NT","20111201","","","","","","","","","","","1","","","","",""
"P3PF","READ & SIMONSTONE PHARMACY LTD","","","19A CHAPEL STREET","BRIERFIELD","","NELSON","","BB9 5HJ","20111202","","","","","","","","","","","1","","","","",""
"P3PG","4 COURT LIMITED","","","72 COLUMBIA WAY","","","BLACKBURN","","BB2 7DT","20111205","","","","","","","","","","","1","","","","",""
"P3PH","SOUTH KIRBY HEALTHCARE LLP","","","84 BARNSLEY ROAD","SOUTH KIRKBY","","PONTEFRACT","","WF9 3QE","20111116","20190813","","","","","","","","","","1","","","","",""
"P3PJ","R&K LOCUMS LIMITED","","","22 STOCKPORT ROAD","","","ASHTON-UNDER-LYNE","","OL7 0LD","20111212","20221101","","","","","","","","","","1","","","","",""
"P3PK","FIONNUALA KEEN","","","UNIT2,JUBILEE TRADING EST","NEWCASTLE ROAD","MORETON","CONGLETON","","CW12 4SB","20111212","20181221","","","","","","","","","","1","","","","",""
"P3PN","TRI HEALTHCARE (UK) LIMITED","","","164 LOZELLS ROAD","","","BIRMINGHAM","","B19 2SX","20111128","","","","","","","","","","","1","","","","",""
"P3PP","ATN SERVICES AND PRODUCTS LIMITED","","","1095 WARWICK ROAD","ACOCKS GREEN","","BIRMINGHAM","","B27 6QT","20111205","","","","","","","","","","","1","","","","",""
"P3PR","KHALISS LIMITED","","","460B CHEETHAM HILL ROAD","","","MANCHESTER","","M8 9JW","20111219","","","","","","","","","","","1","","","","",""
"P3PT","TARRING COMMUNITY PHARMACY LTD","","","ST. LAWRENCE SURGERY","79 ST. LAWRENCE AVENUE","","WORTHING","","BN14 7JL","20111205","","","","","","","","","","","1","","","","",""
"P3PW","KANARI VENTURES LIMITED","","","150 UPPER STREET","","","LONDON","","N1 1RA","20111201","","","","","","","","","","","1","","","","",""
"P3PX","PENTHEALTH LIMITED","","","368 GOSPEL LANE","OLTON","","BIRMINGHAM","","B27 7AJ","20111212","","","","","","","","","","","1","","","","",""
"P3PY","AK PHARMA LTD","","","LINACRE HOUSE","GABLES ROAD","WILLAND","CULLOMPTON","","EX15 2PL","20111222","","","","","","","","","","","1","","","","",""
"P3Q0","PARI-CHEM LTD","","","2 ADKINS CORNER","PERNE ROAD","","CAMBRIDGE","","CB1 3RU","20140501","","","","","","","","","","","1","","","","",""
"P3Q1","NOAH PHARMA LTD","","","1A ADDINGTON WAY","OFF OAKLEY ROAD","","LUTON","","LU4 9JF","20120103","20231101","","","","","","","","","","1","","","","",""
"P3Q2","SHERWOOD HEALTHCARE (UK) LIMITED","","","UNIT 75 BSS HOUSE","CHENEY MANOR INDUSTRIAL ESTATE","","SWINDON","","SN2 2PJ","20120103","","","","","","","","","","","1","","","","",""
"P3Q3","ANSTEY ROAD BUSINESS LIMITED","","","ALTON HEALTH CENTRE","ANSTEY ROAD","","ALTON","","GU34 2QX","20120102","","","","","","","","","","","1","","","","",""
"P3Q4","ONE PHARMACY LIMITED","","","28 CURTIS ROAD","","","NORWICH","","NR6 6RB","20120103","","","","","","","","","","","1","","","","",""
"P3Q4A","PARKSIDE WALKER LIMITED","","","436 WELBECK ROAD","WALKER","","NEWCASTLE UPON TYNE","","NE6 2NY","20240214","","","","","","","","","","","1","","","","",""
"P3Q7","BIGGARIG LIMITED","","","73 BADDELEY GREEN LANE","","","STOKE-ON-TRENT","","ST2 7JL","20120101","20220511","","","","","","","","","","1","","","","",""
"P3Q8","INTRAHEALTH PHARMACY LTD","","","WILLIAM BROWN CENTRE","MANOR WAY","","PETERLEE","","SR8 5TW","20120116","","","","","","","","","","","1","","","","",""
"P3QA","MR G SINGH","","","RADWAY INDUSTRIAL ESTATE","UNIT 13 RADWAY ROAD","SHIRLEY","SOLIHULL","","B90 4NR","20120103","","","","","","","","","","","1","","","","",""
"P3QD","FINNAR LIMITED","","","194 EDGWARE ROAD","","","LONDON","","W2 2DS","20120116","","","","","","","","","","","1","","","","",""
"P3QE","TRIO PHARMA LIMITED","","","19-21 HIGH STREET","","","SHEPPERTON","","TW17 9AJ","20111216","","","","","","","","","","","1","","","","",""
"P3QF","SUTTON MANOR PHARMA SERVICES LIMITED","","","SUTTON MANOR","ST. IVES CLOSE","BRANSHOLME","HULL","","HU7 4PT","20120123","","","","","","","","","","","1","","","","",""
"P3QG","MERIDIAN PHARMA LIMITED","","","16 GREENWICH CHURCH STREET","","","LONDON","","SE10 9BJ","20120123","20230122","","","","","","","","","","1","","","","",""
"P3QJ","WICKHAM MARKET MEDICAL CENTRE LTD","","","6 ACER ROAD","RENDLESHAM","","WOODBRIDGE","","IP12 2GA","20120123","","","","","","","","","","","1","","","","",""
"P3QK","MR PHILIP ALLEN","","","171 TUCKTON ROAD","","","BOURNEMOUTH","","BH6 3LA","20120103","20171031","","","","","","","","","","1","","","","",""
"P3QL","DAYARAM MISTRY","","","SSAFA SOUTHGLADE HTH CTR","SOUTHGLADE ROAD","BESTWOOD","NOTTINGHAM","","NG5 5GU","20120119","20180801","","","","","","","","","","1","","","","",""
"P3QM","M FAHIM NOOR PHARMA LTD","","","276 OXFORD ROAD","","","READING","","RG30 1AD","20120123","","","","","","","","","","","1","","","","",""
"P3QN","ASM HEALTHCARE LIMITED","","","829 ROMFORD ROAD","","","LONDON","","E12 6EA","20120201","","","","","","","","","","","1","","","","",""
"P3QQ","DONALD G HAYDEN (CHEMISTS) LTD","","","70 HIGH STREET","KESSINGLAND","","LOWESTOFT","","NR33 7QF","20120201","","","","","","","","","","","1","","","","",""
"P3QR","CHAGFORD PHARMACY LIMITED","","","5 THE SQUARE","CHAGFORD","","NEWTON ABBOT","","TQ13 8AA","20140428","","","","","","","","","","","1","","","","",""
"P3QT","AE PHARMA LIMITED","","","11 GRAND HOTEL BUILDINGS","COMPTON STREET","","EASTBOURNE","","BN21 4EJ","20140507","","","","","","","","","","","1","","","","",""
"P3QV","HAYYAN HEALTHCARE LTD","","","65 WESTON ROAD","","","STAFFORD","","ST16 3RL","20140506","","","","","","","","","","","1","","","","",""
"P3QW","MR JAYAVARDHAN REDDY KATTA","","","5 WATERLOO STREET","","","WESTON-SUPER-MARE","","BS23 1LA","20140512","","","","","","","","","","","1","","","","",""
"P3QX","WELFARE HEALTHCARE (UK) LTD","","","68 FRIARGATE","","","DERBY","","DE1 1FP","20140519","","","","","","","","","","","1","","","","",""
"P3QY","REDCLIFFE HILL PHARMA LTD","","","8 WARING HOUSE","REDCLIFFE","","BRISTOL","","BS1 6TB","20140521","","","","","","","","","","","1","","","","",""
"P3R0","READESMOOR HEALTHCARE LLP","","","READESMOOR GROUP PRACTICE","29-31 WEST STREET","","CONGLETON","","CW12 1JP","20140519","20190813","","","","","","","","","","1","","","","",""
"P3R1","MK PHARMA LIMITED","","","10 WHITE STREET","CALDMORE","","WALSALL","","WS1 3PH","20140528","20190409","","","","","","","","","","1","","","","",""
"P3R2","OM S CORPORATION LTD","","","501-503 MANSFIELD ROAD","","","NOTTINGHAM","","NG5 2JJ","20140530","20170816","","","","","","","","","","1","","","","",""
"P3R3","SKP PHARM LTD","","","65 KINGSGATE","","","AYLESBURY","","HP19 8WB","20140602","","","","","","","","","","","1","","","","",""
"P3R4","PHARMADEX LIMITED","","","LONDON PHARMACY","UNIT 13","DERBY ROAD INDUSTRIAL ESTATE","HOUNSLOW","","TW3 3UH","20140601","","","","","","","","","","","1","","","","",""
"P3R5","EXCEL PHARMA SOLUTIONS LTD","","","AIREDALE PHARMACY","55 SOUTH STREET","","KEIGHLEY","","BD21 1AD","20140611","","","","","","","","","","","1","","","","",""
"P3R6","SALROOK HEALTHCARE LIMITED","","","WESTMINSTER PARK PHARMACY","7 CASTLECROFT ROAD","WESTMINSTER PARK","CHESTER","","CH4 7QD","20140602","","","","","","","","","","","1","","","","",""
"P3R8","DALLAS WEAR LIMITED","","","HILLTOPS PHARMACY","KENSINGTON DRIVE","GREAT HOLM","MILTON KEYNES","","MK8 9HN","20140606","20230609","","","","","","","","","","1","","","","",""
"P3R9","FELIXSTOWE HEALTHCARE LLP","","","FELIXSTOWE PHARMACY","GROVE MEDICAL CENTRE","GROVE ROAD","FELIXSTOWE","","IP11 9GA","20140611","20190813","","","","","","","","","","1","","","","",""
"P3RA","TIMOTHY WHITES LIMITED","","","TIMOTHY WHITES","1 ROEBUCK PLACE","110 ROEBUCK ROAD","CHESSINGTON","","KT9 1EU","20140616","20190630","","","","","","","","","","1","","","","",""
"P3RD","SHROPSHIRE HEALTHCARE LIMITED","","","ST MARTINS PHARMACY","STAN'S SUPERSTORE","OVERTON ROAD, ST MARTINS","OSWESTRY","","SY11 3AY","20140616","","","","","","","","","","","1","","","","",""
"P3RF","CHERRY PHARMA LIMITED","","","85-87 HIGH STREET","","","RUSHDEN","","NN10 0NZ","20140701","","","","","","","","","","","1","","","","",""
"P3RG","WESTGATE PHARMACEUTICALS LIMITED","","","8 SELHURST ROAD","SOUTH NORWOOD","","LONDON","","SE25 5QF","20140625","20230604","","","","","","","","","","1","","","","",""
"P3RH","A2Z PHARMACY LIMITED","","","571 GREEN LANES","","","LONDON","","N8 0RL","20140624","","","","","","","","","","","1","","","","",""
"P3RJ","VIBHU LTD","","","209A SHEFFIELD ROAD","KILLAMARSH","","SHEFFIELD","","S21 1DX","20140701","","","","","","","","","","","1","","","","",""
"P3RK","MILLION MEDICAL LTD","","","207 HYLTON ROAD","MILLFIELD","","SUNDERLAND","","SR4 7XA","20140621","","","","","","","","","","","1","","","","",""
"P3RL","DOCTOR CARE LIMITED","","","DR CARE PHARMACY","73 GOLBORNE ROAD","","LONDON","","W10 5NP","20140704","","","","","","","","","","","1","","","","",""
"P3RM","ASHK HEALTHCARE LLP","","","6 CHURCH GREEN WEST","","","REDDITCH","","B97 4DY","20140716","20190705","","","","","","","","","","1","","","","",""
"P3RN","LAKHANI HOLDINGS LIMITED","","","303 GREEN STREET","","","LONDON","","E13 9AR","20140714","20230731","","","","","","","","","","1","","","","",""
"P3RQ","QUESTPARK LIMITED","","","9 CANONS CORNER","","","EDGWARE","","HA8 8AE","20140716","20231206","","","","","","","","","","1","","","","",""
"P3RR","AA POLYPHARMA LIMITED","","","24 SEVEN WAYS PARADE","WOODFORD AVENUE","","ILFORD","","IG2 6JX","20140716","","","","","","","","","","","1","","","","",""
"P3RT","EMPIRE MEDICINES LIMITED","","","122 SEYMOUR GROVE","OLD TRAFFORD","","MANCHESTER","","M16 0FF","20140703","","","","","","","","","","","1","","","","",""
"P3RV","KICO LTD","","","25-27 THE PARADE","CLAYGATE","","ESHER","","KT10 0PD","20140730","","","","","","","","","","","1","","","","",""
"P3RW","ARACHEM HEALTH LIMITED","","","53 VICTORIA ROAD","RUISLIP MANOR","","RUISLIP","","HA4 9BH","20140730","","","","","","","","","","","1","","","","",""
"P3RX","LIONWOOD (NORWICH) LIMITED","","","30B WELLESLEY AVENUE NORTH","","","NORWICH","","NR1 4NT","20140721","","","","","","","","","","","1","","","","",""
"P3RY","CENTRAL PHARMACY FOLKESTONE LTD","","","104 CHERITON ROAD","","","FOLKESTONE","","CT20 2QN","20140728","","","","","","","","","","","1","","","","",""
"P3T2","OAKLON LIMITED","","","53 EAST HILL","WANDSWORTH","","LONDON","","SW18 2QE","20140730","","","","","","","","","","","1","","","","",""
"P3T3","SHALLI LIMITED","","","BRYANT PHARMACY","462 ASHLEY ROAD","PARKSTONE","POOLE","","BH14 0AD","20140813","","","","","","","","","","","1","","","","",""
"P3T4","CARE CONNECT HEALTHCARE LIMITED","","","CARE CONNECT PHARMACY","68 HIGHER SWAN LANE","","BOLTON","","BL3 3AT","20140813","","","","","","","","","","","1","","","","",""
"P3T5","SHABAN (UK) LIMITED","","","44 KENNINGTON ROAD","","","LONDON","","SE1 7BL","20140820","","","","","","","","","","","1","","","","",""
"P3T6","MW PHILLIPS (HAWTHORNE) LIMITED","","","134 HAWTHORN ROAD","","","BIRMINGHAM","","B44 8PX","20140818","20190409","","","","","","","","","","1","","","","",""
"P3T7","CHIPPING NORTON HEALTHCARE LIMITED","","","CHIPPING NORTON HTH CTR","RUSSELL WAY","","CHIPPING NORTON","","OX7 5FA","20140820","20251213","","","","","","","","","","1","","","","",""
"P3T8","HARWOOD LIMITED","","","218 SOHO ROAD","HANDSWORTH","","BIRMINGHAM","","B21 9LR","20140827","20190628","","","","","","","","","","1","","","","",""
"P3T9","GABLES PHARMACY LTD","","","268 HOLBROOK LANE","","","COVENTRY","","CV6 4DD","20140901","20230916","","","","","","","","","","1","","","","",""
"P3TA","LOGIC HEALTHCARE LTD","","","THE MEDICAL CENTRE","BRACKENWOOD ROAD","BEBINGTON","WIRRAL","","CH63 2LR","20140826","","","","","","","","","","","1","","","","",""
"P3TC","THE LEARNING PHARMACY LTD","","","45 GOLDERS GREEN ROAD","","","LONDON","","NW11 8EL","20140901","","","","","","","","","","","1","","","","",""
"P3TD","CAMBRIDGE AVENUE MEDICAL SERVICES LTD","","","CAMBRIDGE AVENUE MEDICAL CENTRE","CAMBRIDGE AVENUE","BOTTESFORD","SCUNTHORPE","","DN16 3LG","20140901","","","","","","","","","","","1","","","","",""
"P3TE","ABSM HEALTHCARE LTD","","","7-9 EMERY ROAD","","","BRISTOL","","BS4 5PF","20140905","","","","","","","","","","","1","","","","",""
"P3TF","CHEMIST COUNTER DIRECT LIMITED","","","42 GOLDSMITH DRIVE","ETTILEY HEATH","","SANDBACH","","CW11 3GR","20140901","","","","","","","","","","","1","","","","",""
"P3TG","KOOL PHARMA LIMITED","","","8 HIGH STREET","BOTTISHAM","","CAMBRIDGE","","CB25 9DQ","20140904","20170705","","","","","","","","","","1","","","","",""
"P3TJ","MEDS2U LIMITED","","","1 CHURCH STREET","DARFIELD","","BARNSLEY","","S73 9JX","20140401","","","","","","","","","","","1","","","","",""
"P3TK","WALMLEY HEALTHCARE LIMITED","","","WALMLEY PHARMACY","5 WALMLEY CLOSE","","SUTTON COLDFIELD","","B76 1NQ","20141001","20190409","","","","","","","","","","1","","","","",""
"P3TL","EXPRESS DISPENSE LIMITED","","","4 WOKING BUSINESS PARK","ALBERT DRIVE","","WOKING","","GU21 5JY","20141008","20190430","","","","","","","","","","1","","","","",""
"P3TM","MRS ANJANA PATEL","","","KEAN PHARMACY","57-59 DELLSOME LANE","WELHAM GREEN, NORTH MYMMS","HATFIELD","","AL9 7DY","20140905","20220504","","","","","","","","","","1","","","","",""
"P3TN","UK PHARMACY LTD","","","286 ABBEYDALE ROAD","","","SHEFFIELD","","S7 1FL","20141015","","","","","","","","","","","1","","","","",""
"P3TR","S & L MURPHY LIMITED","","","NEW VALLEY ROAD","EXWICK","","EXETER","","EX4 2AD","20141001","","","","","","","","","","","1","","","","",""
"P3TT","CROSS CHEMIST LIMITED","","","5 ROYAL PARADE","EALING","","LONDON","","W5 1ET","20141013","","","","","","","","","","","1","","","","",""
"P3TV","PHARMAELITE LTD","","","G04, 10 COURTENAY ROAD","EAST LANE BUSINESS PARK","","WEMBLEY","","HA9 7ND","20141019","","","","","","","","","","","1","","","","",""
"P3TW","ASWATHY TOJIN","","","WYNYARD PHARMACY","UNIT 8 THE STABLES","THE WYND, WYNYARD","BILLINGHAM","","TS22 5QQ","20141029","","","","","","","","","","","1","","","","",""
"P3TX","SMART PHARM LIMITED","","","SUITE 18, SPACE HOUSE","ABBEY ROAD","PARK ROYAL","LONDON","","NW10 7SU","20141021","","","","","","","","","","","1","","","","",""
"P3TY","BRADLEY STOKE BRISTOL LIMITED","","","FERNDENE PHARMACY","FERNDENE","BRADLEY STOKE","BRISTOL","","BS32 9DF","20141028","","","","","","","","","","","1","","","","",""
"P3V0","RIGHTPHARM LTD","","","MCLAREN PHARMACY","32 ST. JAMES STREET","NEW BRADWELL","MILTON KEYNES","","MK13 0BH","20141101","","","","","","","","","","","1","","","","",""
"P3V1","HAMILTON ENTERPRISES LIMITED","","","15 VICEROY PARADE","71 HIGH ROAD","EAST FINCHLEY","LONDON","","N2 8AQ","20141112","","","","","","","","","","","1","","","","",""
"P3V2","LOVELIFE PHARMACIES LTD","","","BRIDGNORTH PHARMACY","2 MILL STREET","","BRIDGNORTH","","WV15 5AL","20141119","","","","","","","","","","","1","","","","",""
"P3V3","WALKER PHARMACY LIMITED","","","495A WELBECK ROAD","","","NEWCASTLE UPON TYNE","","NE6 2PB","20141119","","","","","","","","","","","1","","","","",""
"P3V4","WELLPERSON LIMITED","","","UNIT B","SUGAR WAY","","PETERBOROUGH","","PE2 9QY","20141001","","","","","","","","","","","1","","","","",""
"P3V5","MEDICINES PLUS LIMITED","","","5 KESTER WAY","","","ST. NEOTS","","PE19 6SL","20141127","","","","","","","","","","","1","","","","",""
"P3V7","PEBSHAM LIMITED","","","SEABOURNE COURT","SEABOURNE ROAD","","BEXHILL-ON-SEA","","TN40 2SW","20141201","20190326","","","","","","","","","","1","","","","",""
"P3V8","S KHAN PHARMA LTD","","","219 MIDDLETON ROAD","","","LEEDS","","LS10 3HU","20141127","","","","","","","","","","","1","","","","",""
"P3V9","GL STROOD LTD","","","GUN LANE MEDICAL CENTRE","GUN LANE","STROOD","ROCHESTER","","ME2 4UW","20141201","","","","","","","","","","","1","","","","",""
"P3VA","JT HEALTH LIMITED","","","19-21 HIGH STREET","IVINGHOE","","LEIGHTON BUZZARD","","LU7 9EP","20141210","","","","","","","","","","","1","","","","",""
"P3VC","HAISO PHARMA LTD","","","102 ROTHERHAM ROAD","","","COVENTRY","","CV6 4FR","20141210","","","","","","","","","","","1","","","","",""
"P3VD","MASTERMEDICINE LIMITED","","","UNIT 19","THOMPSON CLOSE","","ILFORD","","IG1 1TY","20141210","","","","","","","","","","","1","","","","",""
"P3VE","S & G COVENTRY LTD","","","16 BROMLEIGH DRIVE","","","COVENTRY","","CV2 5LX","20141208","","","","","","","","","","","1","","","","",""
"P3VF","PRESCRIPTION2HOMES LTD","","","OAKWOOD BUSINESS PARK","STEPHENSON ROAD WEST","","CLACTON-ON-SEA","","CO15 4TL","20141217","20190325","","","","","","","","","","1","","","","",""
"P3VH","A&M HEALTHCARE (NW) LTD","","","175 POULTON ROAD","","","WALLASEY","","CH44 9DG","20141001","","","","","","","","","","","1","","","","",""
"P3VJ","UNIOAK LTD","","","UNIT 1, HIGH STREET","SHAFTON","","BARNSLEY","","S72 8NF","20141001","20190312","","","","","","","","","","1","","","","",""
"P3VK","BROADWELL ENTERPRISES LTD","","","41 BRADMORE GREEN","BROOKMANS PARK","","HATFIELD","","AL9 7QT","20141001","20200831","","","","","","","","","","1","","","","",""
"P3VL","MOCOM LIMITED","","","5 NORTHOLT TRADING ESTATE","BELVUE ROAD","","NORTHOLT","","UB5 5QS","20141001","","","","","","","","","","","1","","","","",""
"P3VM","IPHARMA 2 LTD","","","UNIT 2&3 HILLSIDE BLDG","BEESTON ROAD","BEESTON","LEEDS","","LS11 8BB","20141001","","","","","","","","","","","1","","","","",""
"P3VN","THE ESSENTIAL PHARMACY LTD","","","YOUNGHAYES CENTRE","169 YOUNGHAYES ROAD","CRANBROOK","EXETER","","EX5 7DR","20150114","20220629","","","","","","","","","","1","","","","",""
"P3VP","VNA1 LIMITED","","","5A WALM LANE","","","LONDON","","NW2 5SJ","20150114","","","","","","","","","","","1","","","","",""
"P3VQ","SMARTA HEALTHCARE LTD","","","UNIT 5","STEPHENSON COURT, FRASER ROAD","PRIORY BUSINESS PARK","BEDFORD","","MK44 3WJ","20141001","","","","","","","","","","","1","","","","",""
"P3VR","HENLOW PHARMACY PARTNERSHIP","","","179A STATION ROAD","LOWER STONDON","","HENLOW","","SG16 6JE","20150119","","","","","","","","","","","1","","","","",""
"P3VT","JACKSONS PHARMA LTD","","","12 MANOR LANE","","","HALESOWEN","","B62 8PY","20150112","","","","","","","","","","","1","","","","",""
"P3VV","RELIANCE LOCUMS LIMITED","","","6 HERITAGE COURT","ROTHERHAM ROAD","DINNINGTON","SHEFFIELD","","S25 3SA","20150128","","","","","","","","","","","1","","","","",""
"P3VW","DULWICH PHARMACIES LIMITED","","","7 HALF MOON LANE","","","LONDON","","SE24 9JU","20150202","","","","","","","","","","","1","","","","",""
"P3VX","PRESENTORNOT LIMITED","","","57 BLOSSOM STREET","","","YORK","","YO24 1AZ","20150202","20190319","","","","","","","","","","1","","","","",""
"P3VY","ALPHA HEALTHCARE SOLUTIONS LTD","","","37 LADIES MILE ROAD","","","BRIGHTON","","BN1 8TA","20150202","","","","","","","","","","","1","","","","",""
"P3W0","WELLCARE PARTNERSHIP LIMITED","","","GREENHILL PRIM CARE CTR","GREENHILL LANE","","ALFRETON","","DE55 1LU","20150126","","","","","","","","","","","1","","","","",""
"P3W1","JALAL & SONS LIMITED","","","45 HIGH STREET","LYE","","STOURBRIDGE","","DY9 8LQ","20150107","","","","","","","","","","","1","","","","",""
"P3W2","DOCTORS DIRECT PHARMA LTD","","","UNIT 3, VINNETROW BUS PK","VINNETROW ROAD","RUNCTON","CHICHESTER","","PO20 1QH","20150211","","","","","","","","","","","1","","","","",""
"P3W4","ADM HEALTHCARE LIMITED","","","ACORN PHARMACY","41 CASTLE DRIVE","","WILLENHALL","","WV12 4QY","20150301","","","","","","","","","","","1","","","","",""
"P3W5","RAMESH YADAV","","","CHEW PHARMACY","4 SOUTH PARADE","CHEW MAGNA","BRISTOL","","BS40 8SH","20150223","","","","","","","","","","","1","","","","",""
"P3W5Q","HEALTH PHARMACIA LTD","","","SWANPOOL MEDICAL CENTRE","ST MARKS ROAD","","TIPTON","","DY4 0SZ","20210120","20240131","","","","","","","","","","1","","","","",""
"P3W6","PRESTON FARM PHARMACY LIMITED","","","2 HARLEY COURT","SOPWITH CLOSE","PRESTON FARM INDUSTRIAL ESTATE","STOCKTON-ON-TEES","","TS18 3TT","20150302","20260210","","","","","","","","","","1","","","","",""
"P3W7","SADIA NAZ KHAN","","","ASHCROFT PHARMACY.CO.UK","1ST FLOOR, SUITE A","28A BARRY STREET","BRADFORD","","BD1 2AW","20150302","20230914","","","","","","","","","","1","","","","",""
"P3W8","MOHSIN ABDULHASAN DAJI","","","PHARMACIST2U","CLOVELLY","1 NORTHFIELD ROAD","DEWSBURY","","WF13 2JX","20150309","","","","","","","","","","","1","","","","",""
"P3W9","BST ANGELS LIMITED","","","CHANA CHEMIST","70 CHAPEL MARKET","ISLINGTON","LONDON","","N1 9ER","20150212","20251008","","","","","","","","","","1","","","","",""
"P3WA","EPRESCRIPTIONS LIMITED","","","NATIONAL DELIVERY CHEMIST","28A SHERWOOD STREET","WARSOP","MANSFIELD","","NG20 0JW","20150309","20250531","","","","","","","","","","1","","","","",""
"P3WC","MB HEALTH LIMITED","","","YOUR LOCAL PHARMACY","331 SLADE ROAD","ERDINGTON","BIRMINGHAM","","B23 7JX","20150316","","","","","","","","","","","1","","","","",""
"P3WD","RACHEL POTTER LTD","","","WINDMILL PHARMACY","709 WINDMILL LANE","DENTON","MANCHESTER","","M34 2ET","20150320","","","","","","","","","","","1","","","","",""
"P3WE","WARWICK HEALTHCARE LTD","","","UNIT 8","59 MORRIS ROAD","","LEICESTER","","LE2 6BR","20150312","","","","","","","","","","","1","","","","",""
"P3WF","BISCHEM LIMITED","","","465 CANTERBURY STREET","","","GILLINGHAM","","ME7 5LJ","20150319","","","","","","","","","","","1","","","","",""
"P3WG","ALSHIFA DIRECT LIMITED","","","709 ATTERCLIFFE ROAD","","","SHEFFIELD","","S9 3RE","20150319","","","","","","","","","","","1","","","","",""
"P3WH","BLUECROSS HEALTH LIMITED","","","VILLAGE PHARMACY","39 BENNETTS ROAD NORTH","KERESLEY END","COVENTRY","","CV7 8JX","20150715","20220209","","","","","","","","","","1","","","","",""
"P3WJ","AMERIKANA LLP","","","VIGO PHARMACY","UNIT 1D","DRUM INDUSTRIAL ESTATE","CHESTER LE STREET","","DH2 1SS","20150715","","","","","","","","","","","1","","","","",""
"P3WK","PINFOLD PHARMACY LIMITED","","","SUITE 10 ROOM 1","BRACKENHOLME BUSINESS PARK","BRACKENHOLME","SELBY","","YO8 6EL","20150722","20250212","","","","","","","","","","1","","","","",""
"P3WL","MEDI-ZEN HEALTHCARE SERVICES","","","ANGELWAY PHARMACY","283 WATERLOO ROAD","","STOKE-ON-TRENT","","ST6 3HR","20150701","","","","","","","","","","","1","","","","",""
"P3WM","YOGI PHARMACIES LIMITED","","","ELLESBOROUGH HOUSE","DUNMOW ROAD","TAKELEY","BISHOP'S STORTFORD","","CM22 6SH","20150729","","","","","","","","","","","1","","","","",""
"P3WN","SHOFIN MANAGEMENT LIMITED","","","CLARKS PHARMACY","196 ROBINS LANE","","ST. HELENS","","WA9 3PB","20150724","","","","","","","","","","","1","","","","",""
"P3WP","DUDLEY HEALTHCARE LIMITED","","","DUDLEY PHARMACY","94A HIGH STREET","","DUDLEY","","DY1 1QP","20150729","20191204","","","","","","","","","","1","","","","",""
"P3WQ","TAW HILL HEALTHCARE LTD","","","TAW HILL PHARMACY","24 AIKEN ROAD","","SWINDON","","SN25 1UH","20150801","","","","","","","","","","","1","","","","",""
"P3WR","CASTLE SHAW LTD","","","BLENHEIM PHARMACY","9A BLENHEIM CRESCENT","","LUTON","","LU3 1HA","20150801","","","","","","","","","","","1","","","","",""
"P3WT","ICARE ENTERPRISES LIMITED","","","ICARE CHEMIST","OFFICE 9","12 JENNER AVENUE","LONDON","","W3 6TA","20150810","20200707","","","","","","","","","","1","","","","",""
"P3WV","BISCOT PHARMACY LIMITED","","","BISCOT PHARMACY","157A BISCOT ROAD","","LUTON","","LU3 1AW","20150801","","","","","","","","","","","1","","","","",""
"P3WW","DIMIC LIMITED","","","UNIT 13-21 IC 1","UNIVERSITY OF KEELE","KEELE","NEWCASTLE","","ST5 5NB","20150803","20171108","","","","","","","","","","1","","","","",""
"P3WX","AFTAB AKHTAR","","","WATERLOO PHARMACY","2 HOPE STREET","","STOKE-ON-TRENT","","ST1 5BS","20150819","20170831","","","","","","","","","","1","","","","",""
"P3WY","DELIVERING PHARMACY LIMITED","","","UNIT 2","CARLISLE BUSINESS CENTRE","CARLISLE ROAD","BRADFORD","","BD8 8BD","20150819","20180620","","","","","","","","","","1","","","","",""
"P3X0","MADINA PHARMA LIMITED","","","MEDINA PHARMACY (K T S)","161 PLAISTOW ROAD","","LONDON","","E15 3ET","20150826","","","","","","","","","","","1","","","","",""
"P3X1","DOORSTEP DISPENSAREE LIMITED","","","UNIT 6","WESTHAM BUSINESS PARK","WESTHAM","PEVENSEY","","BN24 5NP","20150813","20260302","","","","","","","","","","1","","","","",""
"P3X2","KESWICK HEALTHCARE LIMITED","","","IMAAN PHARMACY","25 MAIN STREET","","KESWICK","","CA12 5BL","20150806","20170816","","","","","","","","","","1","","","","",""
"P3X3","KHALIDOSCOPE SERVICES LTD","","","YOUR UK PHARMACY","46 GRASMERE ROAD","GATLEY","CHEADLE","","SK8 4RS","20150902","20241106","","","","","","","","","","1","","","","",""
"P3X4","IQ MEDICAL SERVICES LIMITED","","","IQ PHARMACY","14 PRINCESS PARADE","","BURY","","BL9 0QL","20150907","","","","","","","","","","","1","","","","",""
"P3X5","ASTUTE DISPENSING LIMITED","","","GO PHARMACY","UNIT F, THE STABLES","ERWOOD STREET","WARRINGTON","","WA2 7NW","20150909","20191031","","","","","","","","","","1","","","","",""
"P3X6","SKP CHOPRA LIMITED","","","213 WHITLEY ROAD","","","WHITLEY BAY","","NE26 2SY","20150909","20170802","","","","","","","","","","1","","","","",""
"P3X7","PHARMACARE4U LIMITED","","","1 WEST GROVE","","","SEAHAM","","SR7 8EL","20150904","","","","","","","","","","","1","","","","",""
"P3X8","MARIAM H LIMITED","","","BRUNEL MEDICAL CENTRE","BRUNEL UNIVERSITY","KINGSTON LANE","UXBRIDGE","","UB8 3PH","20150901","","","","","","","","","","","1","","","","",""
"P3X9","WELLSWAY LIMITED","","","WELLSWAY PHARMACY","2 HAYES PLACE","","BATH","","BA2 4QW","20150916","","","","","","","","","","","1","","","","",""
"P3XA","HAK HEALTHCARE LIMITED","","","DOCPHARMA PHARMACY","SUITE 2, SAMUEL HOUSE","ST. CHADS STREET","MANCHESTER","","M8 8QA","20150910","","","","","","","","","","","1","","","","",""
"P3XD","CARE23 LIMITED","","","UNIT 1","GREENGATE BUSINESS CENTRE","2 GREENGATE STREET","OLDHAM","","OL4 1FN","20150916","","","","","","","","","","","1","","","","",""
"P3XF","OM PHARMA LIMITED","","","ROBERTS PHARMACY","THE COOMBES","POLPERRO","LOOE","","PL13 2RG","20150911","","","","","","","","","","","1","","","","",""
"P3XG","RIVER APOTHECARIES LIMITED","","","RIVER PHARMACY","1 CHILTON WAY","","DOVER","","CT17 0QB","20150910","","","","","","","","","","","1","","","","",""
"P3XH","MSJ HEALTHCARE LIMITED","","","KARTER FARM","NEW ROAD","SWINDON","DUDLEY","","DY3 4PP","20150923","","","","","","","","","","","1","","","","",""
"P3XJ","MEDI-DIRECT INTERNATIONAL LIMITED","","","MEDI DIRECT INTERNATIONAL LTD","12 TOWER HOUSE","","NOTTINGHAM","","NG11 7EP","20150930","20220629","","","","","","","","","","1","","","","",""
"P3XK","FARLEY CHEM LIMITED","","","3 - 4 MARKET SQUARE","","","LUTON","","LU1 5RD","20150903","","","","","","","","","","","1","","","","",""
"P3XL","TOSHEL LIMITED","","","12 FRAZIER AVENUE","","","WAKEFIELD","","WF2 9BJ","20150926","","","","","","","","","","","1","","","","",""
"P3XM","SENES CURA LIMITED","","","AVEROES PHARMACY","UNIT 3D HYLTON PARK","WESSINGTON WAY","SUNDERLAND","","SR5 3HD","20151005","20190930","","","","","","","","","","1","","","","",""
"P3XN","OCCIPORT LIMITED","","","COLDEN CHEMIST","19 SPRING LANE","COLDEN COMMON","WINCHESTER","","SO21 1SD","20151007","20250131","","","","","","","","","","1","","","","",""
"P3XP","MEDEXPRESS ENTERPRISES LIMITED","","","55 ST. JOHN STREET","","","LONDON","","EC1M 4AN","20151014","20180207","","","","","","","","","","1","","","","",""
"P3XQ","GLEMSFORD SERVICES LIMITED","","","THE SURGERY","LION ROAD","GLEMSFORD","SUDBURY","","CO10 7RF","20151014","","","","","","","","","","","1","","","","",""
"P3XR","FUTURE PRACTICE LIMITED","","","ADVANTAGE PHARMACY","WESTPOINT","WESTLAND SQUARE","LEEDS","","LS11 5SS","20151021","","","","","","","","","","","1","","","","",""
"P3XT","SOMERSET GARDENS HEALTHCARE LLP","","","SOMERSET GARDENS PHARMACY","4-6 CREIGHTON ROAD","","LONDON","","N17 8NW","20151021","20190813","","","","","","","","","","1","","","","",""
"P3XV","SANJIT SINGH CLARE","","","CLARE HEALTHCARE LTD","146 MASEFIELD DRIVE","","TAMWORTH","","B79 8JA","20151021","","","","","","","","","","","1","","","","",""
"P3XW","PERUSH LIMITED","","","DILLONS PHARMACY","24 GOLBORNE ROAD","","LONDON","","W10 5PF","20151028","","","","","","","","","","","1","","","","",""
"P3XX","OSMAN MALIK","","","UNIT 18","ASHFORTH BUSINESS CENTRE","ASHFORTH STREET","NOTTINGHAM","","NG3 4BG","20151026","","","","","","","","","","","1","","","","",""
"P3XY","LADCO PHARMA LIMITED","","","H H DICKMAN CHEMIST","224 HIGH STREET","","BERKHAMSTED","","HP4 1BB","20151102","","","","","","","","","","","1","","","","",""
"P3Y0","KTZ (DUDLEY) LIMITED","","","KATES HILL PHARMACY","1B ST. JOHNS ROAD","","DUDLEY","","DY2 7JH","20151105","20180221","","","","","","","","","","1","","","","",""
"P3Y1","PROGRESS HEALTHCARE (NE) LIMITED","","","MILLS PHARMACY","21 STATION ROAD","GOSFORTH","NEWCASTLE UPON TYNE","","NE3 1QD","20151118","","","","","","","","","","","1","","","","",""
"P3Y2","MCR HEALTH LIMITED","","","MANCHESTER PHARMACY","UNIT 4","HOYLE STREET","MANCHESTER","","M12 6HG","20151118","","","","","","","","","","","1","","","","",""
"P3Y3","KRISHNA PHARMA LTD","","","KINTON PHARMACY","44 HIGH STREET","","GREAT MISSENDEN","","HP16 0AU","20151119","","","","","","","","","","","1","","","","",""
"P3Y4","M2 (UK) LIMITED","","","HEALTH FIRST PHARMACY","95 WEMBLEY PARK DRIVE","","WEMBLEY","","HA9 8HF","20151201","","","","","","","","","","","1","","","","",""
"P3Y5","YOUR PHARMACY (LEICESTER) LIMITED","","","YOUR PHARMACY","51-53 NARBOROUGH ROAD","","LEICESTER","","LE3 0LE","20151202","20190312","","","","","","","","","","1","","","","",""
"P3Y6","LOUGHBOROUGH PHARMACY LIMITED","","","24 HERMITAGE ROAD","","","LOUGHBOROUGH","","LE11 4PE","20151202","","","","","","","","","","","1","","","","",""
"P3Y7","ASHISH GROUP LIMITED","","","MEDICINE BOX PHARMACY","21 CAMDEN HIGH STREET","","LONDON","","NW1 7JE","20151106","","","","","","","","","","","1","","","","",""
"P3Y8","CHEMEXELL LTD","","","THE PHARMACY AT MAYFAIR","6 SHEPHERD MARKET","MAYFAIR","LONDON","","W1J 7QD","20151205","","","","","","","","","","","1","","","","",""
"P3Y9","HESTON PHARMACY LIMITED","","","4 WINCHESTER AVENUE","","","HOUNSLOW","","TW5 0HA","20151209","20240917","","","","","","","","","","1","","","","",""
"P3YA","MOHAMAD HANIF SEEDAT","","","THE HYDE PHARMACY","213 EDGWARE ROAD","BRENT","LONDON","","NW9 6LR","20151201","","","","","","","","","","","1","","","","",""
"P3YD","NEXCAPE PHARMACEUTICALS LTD","","","DONT BLUSH PHARMACY","UNIT 15 MARTINFIELD BUSINESS CTR","MARTINFIELD","WELWYN GARDEN CITY","","AL7 1HG","20151209","20190514","","","","","","","","","","1","","","","",""
"P3YE","HIGH STREET PHARMACY LIMITED","","","THE VILLAGE PHARMACY","12 GUY LANE","WAVERTON","CHESTER","","CH3 7NB","20151201","20241031","","","","","","","","","","1","","","","",""
"P3YF","THE HUB PHARMACY LIMITED","","","MARKET STREET PHARMACY","33-35 MARKET STREET","","HYDE","","SK14 2AD","20160104","20190305","","","","","","","","","","1","","","","",""
"P3YG","EVOLUTION HOMECARE LTD","","","1 PROGRESS PARK","ELSTOW","","BEDFORD","","MK42 9XE","20160101","20170823","","","","","","","","","","1","","","","",""
"P3YH","VC CORPORATION LTD","","","VAIB PHARMACY","50 HOPE STREET","","CROOK","","DL15 9HU","20160105","","","","","","","","","","","1","","","","",""
"P3YJ","SIKY LIMITED","","","STAR PHARMACY","136 CARDIGAN ROAD","","LEEDS","","LS6 1LU","20160101","","","","","","","","","","","1","","","","",""
"P3YK","DATEPALM LIMITED","","","ALI'S PHARMACY","93 WATNEY STREET","STEPNEY","LONDON","","E1 2QE","20160101","","","","","","","","","","","1","","","","",""
"P3YL","HOLLYCROFT CHEMISTS LTD","","","ASHDALE PHARMACY","AYSTON ROAD","UPPINGHAM","OAKHAM","","LE15 9RL","20160101","","","","","","","","","","","1","","","","",""
"P3YN","TWEENS LTD","","","TWEENS PHARMACY","47 HIGH ST","","BUSHEY","","WD23 1BD","20160113","20220713","","","","","","","","","","1","","","","",""
"P3YP","EICO LIMITED","","","MACEY CHEMIST","68 MANSFIELD ROAD","","LONDON","","NW3 2HU","20160120","","","","","","","","","","","1","","","","",""
"P3YQ","WEL PHARM LIMITED","","","WELPHARM PHARMACY","4 PHOENIX COURT","HAWKINS ROAD","COLCHESTER","","CO2 8JY","20160120","","","","","","","","","","","1","","","","",""
"P3YR","EASYMEDS HEALTHCARE LTD","","","EASYMEDS PHARMACY","26 GRIMESCAR MEADOWS","","HUDDERSFIELD","","HD2 2DZ","20160127","20240520","","","","","","","","","","1","","","","",""
"P3YT","HEALTHNET HOMECARE LTD","","","UNIT 3","GERALD POINT","PHILIPPA WAY","LEEDS","","LS12 6LS","20160118","20180201","","","","","","","","","","1","","","","",""
"P3YV","NUP S CORPORATION LIMITED","","","UNIT 10","BELGRAVE COMMERCIAL CENTRE","160 BELGRAVE ROAD","LEICESTER","","LE4 5AU","20160203","","","","","","","","","","","1","","","","",""
"P3YX","MS ALPA GHELANI","","","ALPHABET PHARMACY","222 DERBYSHIRE LANE WEST","STRETFORD","MANCHESTER","","M32 9LD","20160217","","","","","","","","","","","1","","","","",""
"P3YY","MPG HEALTHCARE LIMITED","","","EARLS BARTON PHARMACY","26-28 THE SQUARE","EARLS BARTON","NORTHAMPTON","","NN6 0NA","20160224","","","","","","","","","","","1","","","","",""
"P403","CARTWRIGHTS PHARMACY","","","298 KILN ROAD","","","BENFLEET","","SS7 1QT","20040401","20220316","","","","","","","","","","1","","","","",""
"P404","CAXTON PHARMACY","","","3 WIDMORE ROAD","","","BROMLEY","","BR1 1RL","20040401","","","","","","","","","","","1","","","","",""
"P408","MARSDEN PHARMACY","","","86 GALGATE","","","BARNARD CASTLE","","DL12 8BJ","20040401","20190312","","","","","","","","","","1","","","","",""
"P40C","FAITH PHARMACY","","","59 BOOTH STREET WEST","HULME","","MANCHESTER","","M15 6PQ","20040401","","","","","","","","","","","1","","","","",""
"P40D","N & B CHEMIST LTD","","","1 LIDDELL TERRACE","","","GATESHEAD","","NE8 1YN","20040401","","","","","","","","","","","1","","","","",""
"P40E","HODGSON PHARMACY LTD","","","59 STATION ROAD","","","LONGFIELD","","DA3 7QA","20040401","","","","","","","","","","","1","","","","",""
"P40F","KIRKBY'S CHEMIST","","","19 STATION ROAD","BELMONT","","SUTTON","","SM2 6BX","20040401","","","","","","","","","","","1","","","","",""
"P40G","WORTHCARE LTD","","","GALLIOUS REACH HEALTHCENTRE","BENTHAM ROAD","THAMESMEAD","LONDON","","SE28 8AS","20040401","","","","","","","","","","","1","","","","",""
"P40H","F.C. WHELAN CHEMISTS LTD","","","70-72 JOHN STREET","","","WORKINGTON","","CA14 3BT","20040401","20231031","","","","","","","","","","1","","","","",""
"P40K","TWICEDAY LTD","","","C A WRIGHT PHARMACY","27 COMMON EDGE ROAD","","BLACKPOOL","","FY4 5AX","20040401","20190305","","","","","","","","","","1","","","","",""
"P40M","REGIONCHOICE LTD","","","68 CAMBRIDGE HEATH ROAD","","","LONDON","","E1 5QJ","20040401","","","","","","","","","","","1","","","","",""
"P40Q","LINCOLN CO-OP CHEMIST LTD","","","STANLEY BETT HOUSE","15-23 TENTERCROFT STREET","","LINCOLN","","LN5 7DB","20040401","","","","","","","","","","","1","","","","",""
"P40R","AC MOULE & CO LTD","","","55 PARLIAMENT ROAD","","","MIDDLESBROUGH","","TS1 4JW","20040401","","","","","","","","","","","1","","","","",""
"P40T","GLENHILLS PHARMACY","","","SELLERS","2 CARVERS CORNER","GRANGE DRIVE, GLEN PARVA","LEICESTER","","LE2 9PE","20040401","","","","","","","","","","","1","","","","",""
"P40V","A D BYERS LIMITED","","","THE PHARMACY","HIGH STREET","","MORETON-IN-MARSH","","GL56 0AL","20040401","","","","","","","","","","","1","","","","",""
"P40X","BAKER HA (LEWES) LTD","","","44 HIGH STREET","","","LEWES","","BN7 2DD","20040401","","","","","","","","","","","1","","","","",""
"P411","PHOENIX PHARMACY","","","373 MAIDSTONE ROAD","","","GILLINGHAM","","ME8 0HX","20040401","","","","","","","","","","","1","","","","",""
"P413","PASCOE PHARMACY","","","235 KNIGHTS HILL","","","LONDON","","SE27 0QT","20040401","","","","","","","","","","","1","","","","",""
"P415","CHURCH STREET PHARMACY LTD","","","23 CHURCH STREET","","","OSWESTRY","","SY11 2SU","20040401","20190312","","","","","","","","","","1","","","","",""
"P416","INFOHEALTH LTD","","","28 CHIPSTEAD VALLEY ROAD","","","COULSDON","","CR5 2RA","20040401","","","","","","","","","","","1","","","","",""
"P417","PARK LANE PHARMACY","","","1 PARK LANE","","","HORNCHURCH","","RM11 1BB","20040401","","","","","","","","","","","1","","","","",""
"P41C","KING CHEMIST","","","J E KING PHARMACY","359 LANCASTER ROAD","","MORECAMBE","","LA4 6RL","20040401","","","","","","","","","","","1","","","","",""
"P41D","W.S. YOUNG PHARMACY","","","BOUGHTON MEDICAL GROUP","BOUGHTON HEALTH CENTRE","HOOLE LANE","CHESTER","","CH2 3DP","20040401","20190305","","","","","","","","","","1","","","","",""
"P41H","SHIRES PHARMACIES LTD","","","2 THE GREEN","CLOWNE","","CHESTERFIELD","","S43 4JJ","20040401","20240516","","","","","","","","","","1","","","","",""
"P41J","J. T. EGGINTON LTD","","","ABBEY ROAD","GORNAL WOOD","","DUDLEY","","DY3 2PG","20040401","","","","","","","","","","","1","","","","",""
"P41K","LITTLEHILL PHARMACY","","","LITTLE HILL CHEMIST","LAUNCESTON ROAD","","WIGSTON","","LE18 2GL","20040401","","","","","","","","","","","1","","","","",""
"P41M","ABBEY PHARMACY","","","45 HIGH STREET","","","ABBOTS LANGLEY","","WD5 0AA","20040401","20191027","","","","","","","","","","1","","","","",""
"P41N","BRETTS LTD","","","BRETTS CHEMIST","11-12 MILLBROOK SQUARE","GROVE","WANTAGE","","OX12 7JZ","20040401","20190409","","","","","","","","","","1","","","","",""
"P41P","JOSHI PHARMACY","","","315 HARLINGTON ROAD","","","UXBRIDGE","","UB8 3JD","20040401","","","","","","","","","","","1","","","","",""
"P41R","RADPHARM LTD","","","LAYCOCK CHEMISTS","494-498 OLD LONDON ROAD","","HASTINGS","","TN35 5BL","20040401","","","","","","","","","","","1","","","","",""
"P41T","BROW PHARMACY","","","55 THE BROW","","","WATFORD","","WD25 7NY","20040401","20170816","","","","","","","","","","1","","","","",""
"P41V","C ATKINSON CHEMISTS LTD","","","20 THE GRANGEWAY","","","LONDON","","N21 2HG","20040401","","","","","","","","","","","1","","","","",""
"P421","DIXON AND HALL LTD","","","18 EDWARD STREET","","","STANLEY","","DH9 6EG","20040401","","","","","","","","","","","1","","","","",""
"P422","F&P LTD","","","THE PHARMACY","11 MAIN STREET","","SHEFFIELD","","S12 4LA","20040401","20190312","","","","","","","","","","1","","","","",""
"P424","HEALEYS PHARMACY","","","2/3 CHURCHILL COURT","BOLTON STREET","","BRIXHAM","","TQ5 9DW","20040401","20180320","","","","","","","","","","1","","","","",""
"P425","THE STOREHOUSE PHARMACY","","","RAINTON GATE","","","HOUGHTON LE SPRING","","DH4 6SQ","20040401","","","","","","","","","","","1","","","","",""
"P427","K L PHARMACY","","","190 ALEXANDRA AVENUE","","","HARROW","","HA2 9BN","20040401","20230103","","","","","","","","","","1","","","","",""
"P429","D.L. OGLE LTD","","","18-20 ST. JOHNS","","","WORCESTER","","WR2 5AH","20040401","","","","","","","","","","","1","","","","",""
"P42A","PURI CHEMISTS LTD","","","165 RYEFIELD AVENUE","","","UXBRIDGE","","UB10 9DA","20040401","","","","","","","","","","","1","","","","",""
"P42C","MILLENNIUM PHARMACY LTD","","","FOUNTAIN PHARMACY","290 MUNSTER ROAD","FULHAM","LONDON","","SW6 6BQ","20040401","20190409","","","","","","","","","","1","","","","",""
"P42E","N.P. PATEL","","","UNIT 5-6","LANDSDOWNE ROAD","YAXLEY","PETERBOROUGH","","PE7 3JL","20040401","","","","","","","","","","","1","","","","",""
"P42H","SOUTHERN PHARMACIES LIMITED","","","STAR HOUSE","PUDDING LANE","","MAIDSTONE","","ME14 1LT","20040401","20190409","","","","","","","","","","1","","","","",""
"P42J","CLEEVEWOOD PHARMACY","","","7 CLEEVE WOOD ROAD","","","BRISTOL","","BS16 2SF","20040401","","","","","","","","","","","1","","","","",""
"P42K","GOLDEN CROSS PHARMACY","","","10 GOLDEN CROSS PARADE","ASHINGDON ROAD","","ROCHFORD","","SS4 1UB","20040401","","","","","","","","","","","1","","","","",""
"P42L","JATS PHARMACY","","","422A FINCHAMPSTEAD ROAD","FINCHAMPSTEAD","","WOKINGHAM","","RG40 3RB","20040401","","","","","","","","","","","1","","","","",""
"P42N","ALPHA PHARMACY","","","468 STAFFORD ROAD","","","WOLVERHAMPTON","","WV10 6AN","20040401","","","","","","","","","","","1","","","","",""
"P42P","WYEDEAN LTD","","","MACGREGORS CHEMIST","21 PRIORY COURT","","LONDON","","E17 5NB","20040401","","","","","","","","","","","1","","","","",""
"P42R","PHARMA SUPPLY LTD","","","110 DYKE ROAD","","","BRIGHTON","","BN1 3TE","20040401","20220608","","","","","","","","","","1","","","","",""
"P42T","MS GILL & SONS LTD","","","31-33 KING STREET","","","SOUTHALL","","UB2 4DG","20040401","","","","","","","","","","","1","","","","",""
"P42V","CANNON ST (HCC) LTD","","","5 MANCHESTER CHAMBERS","","","OLDHAM","","OL1 1LF","20040401","","","","","","","","","","","1","","","","",""
"P42W","CENTRAL PHARMACY","","","225 WEST END LANE","","","LONDON","","NW6 1XJ","20040401","","","","","","","","","","","1","","","","",""
"P42X","MH BAMFORD","","","163 CHORLEY ROAD","ADLINGTON","","CHORLEY","","PR6 9LP","20040401","","","","","","","","","","","1","","","","",""
"P42Y","FAWDON PARK PHARMACY","","","23 SHOPPING CENTRE","FAWDON PARK ROAD","","NEWCASTLE UPON TYNE","","NE3 2PE","20040401","","","","","","","","","","","1","","","","",""
"P430","CARLETON PHARMACY LTD","","","5 POULTON ROAD","","","POULTON-LE-FYLDE","","FY6 7NH","20040401","20190312","","","","","","","","","","1","","","","",""
"P431","AUCKLANDS PHARMACY","","","27 BALLARDS LANE","","","LONDON","","N3 1XP","20040401","20230531","","","","","","","","","","1","","","","",""
"P435","BROADWAY PHARMACY","","","172 BROADWAY","","","BEXLEYHEATH","","DA6 7BN","20040401","20230807","","","","","","","","","","1","","","","",""
"P436","HUGHES CHEMIST","","","3 - 5 OXFORD TERRACE","SOOTHILL LANE","","BATLEY","","WF17 5ST","20040401","","","","","","","","","","","1","","","","",""
"P437","SCOTTS PHARMACY","","","97-99 SILVER STREET","","","LONDON","","N18 1RP","20040401","","","","","","","","","","","1","","","","",""
"P438","GORGEMEAD LIMITED","","","LYNSTOCK WAY","LOSTOCK","","BOLTON","","BL6 4SA","20040401","","","","","","","","","","","1","","","","",""
"P439","COLDEAN PHARMACY","","","10 BEATTY AVENUE","","","BRIGHTON","","BN1 9ED","20040401","","","","","","","","","","","1","","","","",""
"P43A","WYMESWOLD PHARMACY LTD","","","2 HOTON ROAD","WYMESWOLD","","LOUGHBOROUGH","","LE12 6UA","20040401","","","","","","","","","","","1","","","","",""
"P43C","MISTRY CHEMIST","","","WOOD STREET","","","SHEERNESS","","ME12 1UA","20040401","","","","","","","","","","","1","","","","",""
"P43D","RZM CHEMISTS LTD","","","45-47 MAIN STREET","SUTTON-IN-CRAVEN","","KEIGHLEY","","BD20 7HX","20040401","","","","","","","","","","","1","","","","",""
"P43E","SHEPHERDS SPRING PHARMACY LTD","","","THE OVAL","CRICKETERS WAY","","ANDOVER","","SP10 5DN","20040401","","","","","","","","","","","1","","","","",""
"P43G","DMB CHEMISTS","","","4 WATNEY MARKET","","STEPNEY","LONDON","","E1 2PR","20040401","","","","","","","","","","","1","","","","",""
"P43J","KNIGHTS CHEMIST","","","1 KNIGHTS CLOSE","","","NOTTINGHAM","","NG5 9AJ","20040401","20190219","","","","","","","","","","1","","","","",""
"P43K","PAUL DISNEY CHEMIST","","","15 BELGRAVE BOULEVARD","","","LEICESTER","","LE4 2JD","20040401","","","","","","","","","","","1","","","","",""
"P43L","CALOW PHARMACY","","","28 CHURCH LANE","CALOW","","CHESTERFIELD","","S44 5AH","20040401","","","","","","","","","","","1","","","","",""
"P43M","RAVENOR CHEMIST","","","70 THE BROADWAY","","","GREENFORD","","UB6 9QA","20040401","20190531","","","","","","","","","","1","","","","",""
"P43P","BOWDON PHARMACY","","","6 VALE VIEW","VICARAGE LANE","BOWDON","ALTRINCHAM","","WA14 3BD","20040401","20190312","","","","","","","","","","1","","","","",""
"P43Q","LONGTHORNES PHARMACIES LTD","","","779 LONDON ROAD","","","WESTCLIFF-ON-SEA","","SS0 9SU","20040401","","","","","","","","","","","1","","","","",""
"P43R","O'BRIEN LTD","","","BOW GRANGE","LITTLEHEMPSTON","","TOTNES","","TQ9 6NQ","20040401","","","","","","","","","","","1","","","","",""
"P43V","CAREWELL CHEMISTS","","","10 MULBERRY PARADE","","","WEST DRAYTON","","UB7 9AE","20040401","","","","","","","","","","","1","","","","",""
"P43W","CENTRE CHEMISTS LTD","","","14 MERTON WAY","PONTELAND","","NEWCASTLE UPON TYNE","","NE20 9PX","20040401","20201006","","","","","","","","","","1","","","","",""
"P43Y","TOWNSEND CHEMIST","","","7 AMBLESIDE AVENUE","","","WALTON-ON-THAMES","","KT12 3LJ","20040401","20250301","","","","","","","","","","1","","","","",""
"P440","JALARAM PLC","","","39 SOUTH PARADE","MOLLISON WAY","","EDGWARE","","HA8 5QL","20040401","20190504","","","","","","","","","","1","","","","",""
"P442","PEEL GREEN PHARMACY","","","625 LIVERPOOL ROAD","ECCLES","","MANCHESTER","","M30 7BY","20040401","","","","","","","","","","","1","","","","",""
"P443","GLENNON CHEMISTS","","","8 HILL HOUSE","","","WALTHAM ABBEY","","EN9 3EL","20040401","20240402","","","","","","","","","","1","","","","",""
"P444","QRYSTAL PHARMACY","","","7 NEWINGTON CAUSEWAY","","","LONDON","","SE1 6ED","20040401","20230107","","","","","","","","","","1","","","","",""
"P445","A.J. NUTTALL LTD","","","603 MARKET STREET","WHITWORTH","","ROCHDALE","","OL12 8QS","20040401","","","","","","","","","","","1","","","","",""
"P446","SMALLFIELD PHARMACY","","","2 REDEHALL ROAD","SMALLFIELD","","HORLEY","","RH6 9QL","20040401","","","","","","","","","","","1","","","","",""
"P447","GALEN PHARMACY","","","GORDON STREET","","","SOUTH SHIELDS","","NE33 4JP","20040401","20210101","","","","","","","","","","1","","","","",""
"P448","D.R. DALVAIR PHARMACY","","","479 BEARWOOD ROAD","","","SMETHWICK","","B66 4DH","20040401","","","","","","","","","","","1","","","","",""
"P44C","HEALTHCARE PHARMACY","","","340 WELFORD ROAD","","","LEICESTER","","LE2 6EH","20040401","","","","","","","","","","","1","","","","",""
"P44D","B.S. RANDHAWA PHARMACY","","","25 ELDRED DRIVE","","","ORPINGTON","","BR5 4PE","20040401","","","","","","","","","","","1","","","","",""
"P44E","DROITWICH PHARMACY","","","53-61 OMBERSLEY STREET EAST","","","DROITWICH","","WR9 8QS","20040401","","","","","","","","","","","1","","","","",""
"P44F","LONGPROFIT LTD","","","LOTUS PHARMACY","119 CROYDON ROAD","ELMERS END","BECKENHAM","","BR3 3RA","20040401","20190409","","","","","","","","","","1","","","","",""
"P44J","THE SWINDON HEALTH CENTRE (P.D.) LTD","","","CARFAX STREET HEALTH CENTRE","CARFAX STREET","","SWINDON","","SN1 1ED","20040401","20200310","","","","","","","","","","1","","","","",""
"P44K","TRIPLESAVE CHEMIST LTD","","","8 MACDONALD ROAD","","","LONDON","","E17 4AZ","20040401","","","","","","","","","","","1","","","","",""
"P44L","MISTRY'S PHARMACY LTD","","","UNIT 2/4","TOP VALLEY WAY","","NOTTINGHAM","","NG5 9DD","20040401","","","","","","","","","","","1","","","","",""
"P44M","HALE PHARMACY","","","143 HALE LANE","","","EDGWARE","","HA8 9QW","20040401","","","","","","","","","","","1","","","","",""
"P44P","GAIGER CHEMIST","","","296 HIGH STREET","","","SUTTON","","SM1 1PQ","20040401","","","","","","","","","","","1","","","","",""
"P44Q","ACORN PHARMACY LTD","","","ACORN COMMUNITY HEALTH CENTRE","CALIFORNIA ROAD","","HUNTINGDON","","PE29 1PJ","20040401","","","","","","","","","","","1","","","","",""
"P44R","ND CHEMISTS LTD","","","194 STREETLY ROAD","","","BIRMINGHAM","","B23 7AL","20040401","","","","","","","","","","","1","","","","",""
"P44X","BARNTWIST LTD","","","LINGS CHEMIST","269 OLD KENT ROAD","","LONDON","","SE1 5LU","20040401","","","","","","","","","","","1","","","","",""
"P44Y","DIBEND LTD","","","3 ALVER VILLAGE SQUARE","GRANGE ROAD","ROWNER","GOSPORT","","PO13 8ZW","20040401","","","","","","","","","","","1","","","","",""
"P450","DAJANI PHARMACY","","","92 OLD BROMPTON ROAD","","","LONDON","","SW7 3LQ","20040401","","","","","","","","","","","1","","","","",""
"P452","LOCK PHARMACY LTD","","","240 CHELLASTON ROAD","","","DERBY","","DE24 9EF","20040401","","","","","","","","","","","1","","","","",""
"P453","COOTES PHARMACY LTD","","","110-112 BALLARDS LANE","","","LONDON","","N3 2DN","20040401","","","","","","","","","","","1","","","","",""
"P458","KINGSCLERE PHARMACY","","","SWAN STREET","KINGSCLERE","","NEWBURY","","RG20 5PP","20040401","20260514","","","","","","","","","","1","","","","",""
"P459","FINEDON PHARMACY","","","95 WELLINGBOROUGH ROAD","FINEDON","","WELLINGBOROUGH","","NN9 5LG","20040401","","","","","","","","","","","1","","","","",""
"P45G","ROTHLEY PHARMACY","","","7 WOODGATE","ROTHLEY","","LEICESTER","","LE7 7LL","20040401","","","","","","","","","","","1","","","","",""
"P45H","SWINDON PHARMACIES LTD","","","T WING","CROWTHORNE BUSINESS ESTATE","OLD WOKINGHAM ROAD","CROWTHORNE","","RG45 6AW","20040401","20190227","","","","","","","","","","1","","","","",""
"P45J","THE MEWS PHARMACY","","","10-14 WINSTER MEWS","","","GLOSSOP","","SK13 0LU","20040401","20250930","","","","","","","","","","1","","","","",""
"P45K","SAVEMORE LTD","","","PHARMACARE CHEMIST","164-166 HORNCHURCH ROAD","","HORNCHURCH","","RM11 1QH","20040401","","","","","","","","","","","1","","","","",""
"P45L","LITTLEFIELDS LTD","","","R.F. BLACKBURN PHARMACY","58 HIGH STREET","SUNNINGHILL","ASCOT","","SL5 9NF","20040401","20250409","","","","","","","","","","1","","","","",""
"P45M","HIGHEM CHEMIST","","","53 SPARKENHOE STREET","","","LEICESTER","","LE2 0TD","20040401","","","","","","","","","","","1","","","","",""
"P45N","N.BAJARIA PHARMACY LTD","","","44 OLD ROAD WEST","","","GRAVESEND","","DA11 0LJ","20040401","","","","","","","","","","","1","","","","",""
"P45P","JAMES HELGASON LTD","","","GORSE HILL PHARMACY","874 CHESTER ROAD","STRETFORD","MANCHESTER","","M32 0PA","20040401","20190312","","","","","","","","","","1","","","","",""
"P45Q","ABBEYLACE LTD","","","BENTLEYS CHEMIST","147 PECKHAM HIGH STREET","","LONDON","","SE15 5SL","20040401","","","","","","","","","","","1","","","","",""
"P45R","NIMA (MALDEN) LTD","","","50 FRIARS STILE ROAD","","","RICHMOND","","TW10 6NQ","20040401","20230712","","","","","","","","","","1","","","","",""
"P45T","EAGLE CHEMIST","","","301 NORTHBOROUGH ROAD","","","LONDON","","SW16 4TR","20040401","","","","","","","","","","","1","","","","",""
"P45V","H CARSON LTD","","","19B WOOD LANE","SONNING COMMON","","READING","","RG4 9SJ","20040401","20190312","","","","","","","","","","1","","","","",""
"P45Y","DICKINSONS CHEMIST","","","80 NEW HEY ROAD","","","HUDDERSFIELD","","HD3 4AJ","20040401","","","","","","","","","","","1","","","","",""
"P460","TRAYNERS CHEMIST","","","108 MARKET STREET","HINDLEY","","WIGAN","","WN2 3AY","20040401","","","","","","","","","","","1","","","","",""
"P461","A.R. PARMAR LTD","","","253 WHITECHAPEL ROAD","","","LONDON","","E1 1DB","20040401","","","","","","","","","","","1","","","","",""
"P462","CALSTAR PHARMACY","","","151 LOZELLS ROAD","","","BIRMINGHAM","","B19 2TP","20040401","","","","","","","","","","","1","","","","",""
"P463","MOIN'S CHEMIST","","","137A EAST PARK ROAD","","","LEICESTER","","LE5 5AZ","20040401","","","","","","","","","","","1","","","","",""
"P467","ASHGROVE PHARMACY","","","97-99 ASHLEY DOWN ROAD","","","BRISTOL","","BS7 9JT","20040401","","","","","","","","","","","1","","","","",""
"P469","CHAUDHRY PHARMACY LTD","","","46 GREYWELL ROAD","","","HAVANT","","PO9 5AL","20040401","","","","","","","","","","","1","","","","",""
"P46C","LEWIS DEYSBROOK LTD","","","MELWOOD PHARMACY","10 DEYSBROOK WAY","","LIVERPOOL","","L12 4XF","20040401","","","","","","","","","","","1","","","","",""
"P46D","SEATON VALLEY CO-OPERATIVE SOCIETY LIMITED","","","GORDONS PHARMACY","6 BRIDGE STREET","","BLYTH","","NE24 1BL","20040401","","","","","","","","","","","1","","","","",""
"P46G","HAMBLETON PHARMACY","","","KILN LANE","HAMBLETON","","POULTON-LE-FYLDE","","FY6 9AH","20040401","","","","","","","","","","","1","","","","",""
"P46J","TANDAY PHARMACY LTD","","","37 WILTON ROAD","","","SALISBURY","","SP2 7EF","20040401","","","","","","","","","","","1","","","","",""
"P46K","J R & A L SMITH","","","18 FORE STREET","TOPSHAM","","EXETER","","EX3 0HE","20040401","20250204","","","","","","","","","","1","","","","",""
"P46M","SEVERN CHEMIST","","","40 SEVERN ROAD","OADBY","","LEICESTER","","LE2 4FY","20040401","","","","","","","","","","","1","","","","",""
"P46N","C. PERCY LTD","","","212 MAIN ROAD","HAWKWELL","","HOCKLEY","","SS5 4EG","20040401","","","","","","","","","","","1","","","","",""
"P46P","L MEADOWS & CO","","","OAKS CROSS PHARMACY","118 OAKS CROSS","","STEVENAGE","","SG2 8LU","20040401","20240702","","","","","","","","","","1","","","","",""
"P46T","REDWOOD PHARMACY","","","116 ALEXANDRA PARK ROAD","","","LONDON","","N10 2AH","20040401","","","","","","","","","","","1","","","","",""
"P46V","WRAYSBURY VILLAGE PHARMACY","","","58 HIGH STREET","WRAYSBURY","","STAINES","","TW19 5DB","20040401","20230227","","","","","","","","","","1","","","","",""
"P46Y","DILRIA LTD","","","BROWNS CHEMIST","195 SHIRLAND ROAD","","LONDON","","W9 2EU","20040401","","","","","","","","","","","1","","","","",""
"P471","HORDLE PHARMACY","","","26 ASHLEY LANE","HORDLE","","LYMINGTON","","SO41 0GA","20040401","","","","","","","","","","","1","","","","",""
"P472","FARNCRAY LTD","","","330 HIGH STREET","","","ORPINGTON","","BR6 0NQ","20040401","20220608","","","","","","","","","","1","","","","",""
"P473","WIDWOOD PHARMACY","","","KWIK SAVE CENTRE","WILDWOOD GATE","CANNOCK ROAD","STAFFORD","","ST17 0QJ","20040401","","","","","","","","","","","1","","","","",""
"P477","CHRISTCHURCH PHARMACY","","","132 HIGH STREET","","","BRAINTREE","","CM7 1LB","20040401","","","","","","","","","","","1","","","","",""
"P47A","WHALE HILL PHARMACY","","","256 BIRCHINGTON AVENUE","","","MIDDLESBROUGH","","TS6 8BL","20040401","","","","","","","","","","","1","","","","",""
"P47F","MARSTON HADLOW LTD","","","GOSRANI PHARMACY","11 MARTIN HARDIE WAY","","TONBRIDGE","","TN10 4AE","20040401","20190312","","","","","","","","","","1","","","","",""
"P47G","SAI DISPENSING CHEMIST","","","160 DUNSTABLE ROAD","","","LUTON","","LU1 1EW","20040401","20191231","","","","","","","","","","1","","","","",""
"P47L","MIRASH LTD","","","DAVIDSON PHARMACY","5 MIDFIELD PARADE","MAYPLACE ROAD EAST","BEXLEYHEATH","","DA7 6NA","20040401","","","","","","","","","","","1","","","","",""
"P47Q","SALRAM LTD","","","UNIT 2, TOWNGATE WORKS","DARK LANE","MAWDESLEY","ORMSKIRK","","L40 2QU","20040401","","","","","","","","","","","1","","","","",""
"P47T","GUDKAS","","","VANTAGE CHEMISTS","338 NEASDEN LANE","","LONDON","","NW10 0AD","20040401","","","","","","","","","","","1","","","","",""
"P47V","CARTWRIGHTS CHEMISTS LTD","","","164 MOORCROFT ROAD","","","MANCHESTER","","M23 0AH","20040401","","","","","","","","","","","1","","","","",""
"P47W","THE ACORN PHARMACY","","","10 MAIN ROAD","JACKSDALE","","NOTTINGHAM","","NG16 5JW","20040401","20221214","","","","","","","","","","1","","","","",""
"P47Y","DISSCBAND LTD","","","ATTWOOD GREEN PHARMACY","SELECT AND SAVE, 4-8 CREGOE STREET","BELLBARN SHOPPING CENTRE","BIRMINGHAM","","B15 2DZ","20040401","20190312","","","","","","","","","","1","","","","",""
"P481","JAI CHEMIST","","","65 HIGH STREET","","","KING'S LYNN","","PE30 1AY","20040401","","","","","","","","","","","1","","","","",""
"P482","NUCHEM PHARMACY","","","24 COLDHARBOUR LANE","","","HAYES","","UB3 3EW","20040401","20240331","","","","","","","","","","1","","","","",""
"P483","ASHWORTH PHARMACY LTD","","","211A QUEENS ROAD","","","SMETHWICK","","B67 6NX","20040401","","","","","","","","","","","1","","","","",""
"P486","BAINS PHARMACY","","","160-162 HEDNESFORD ROAD","HEATH HAYES","","CANNOCK","","WS12 3DZ","20040401","","","","","","","","","","","1","","","","",""
"P487","T.C.E. O'GALLAGHER PHARMACY","","","64 EBRINGTON STREET","","","PLYMOUTH","","PL4 9AQ","20040401","20170816","","","","","","","","","","1","","","","",""
"P488","PENNINGTON PHARMACY","","","14 SOUTH STREET","PENNINGTON","","LYMINGTON","","SO41 8ED","20040401","","","","","","","","","","","1","","","","",""
"P489","VILLAGE PHARMACY","","","131 HIGH STREET","FARNBOROUGH","","ORPINGTON","","BR6 7AZ","20040401","","","","","","","","","","","1","","","","",""
"P48C","LISTER CHEMIST","","","31-33 HIGH ROAD","BUSHEY HEATH","","BUSHEY","","WD23 1EE","20040401","","","","","","","","","","","1","","","","",""
"P48F","DOLLMEAD LTD","","","DOLLMEADS DISPENSING CHEMIST","53 CHAMBERLAYNE ROAD","KENSAL RISE","LONDON","","NW10 3ND","20040401","","","","","","","","","","","1","","","","",""
"P48G","CHARNWOOD PHARMACY","","","CHARNWOOD ROAD PHARMACY","149 CHARNWOOD ROAD","SHEPSHED","LOUGHBOROUGH","","LE12 9NL","20040401","20190319","","","","","","","","","","1","","","","",""
"P48J","SINGER PHARMACY LTD","","","74 EDGWARE WAY","","","EDGWARE","","HA8 8JS","20040401","20220706","","","","","","","","","","1","","","","",""
"P48K","TOTTY PHARMACY","","","44 CHARLTON CHURCH LANE","","","LONDON","","SE7 7AE","20040401","","","","","","","","","","","1","","","","",""
"P48L","VERNONS CHEMIST","","","41 LOWER NEWPORT ROAD","","","ALDERSHOT","","GU12 4QB","20040401","","","","","","","","","","","1","","","","",""
"P48M","COOPER & CO LTD","","","COOPERS PHARMACY","3 GROVE ROAD","","SUTTON","","SM1 1BB","20040401","","","","","","","","","","","1","","","","",""
"P48N","FLORIDA PHARMACY LTD","","","307 BETHNAL GREEN ROAD","","","LONDON","","E2 6AH","20040401","","","","","","","","","","","1","","","","",""
"P48P","CLARKS HEALTHCARE LTD","","","CLARKS CHEMIST","68 BROADWAY MARKET","","LONDON","","E8 4QJ","20040401","","","","","","","","","","","1","","","","",""
"P48Q","RKHEM LTD","","","FALKLAND PHARMACY","1 FALKLAND COURT","CHANDLER'S FORD","EASTLEIGH","","SO53 3GA","20040401","","","","","","","","","","","1","","","","",""
"P48T","BIDS CHEMIST","","","1487 LONDON ROAD","","","LONDON","","SW16 4AE","20040401","20170531","","","","","","","","","","1","","","","",""
"P48W","HODGETTS CHEMIST","","","79 ABBEY ROAD","","","LONDON","","NW8 0AE","20040401","20191031","","","","","","","","","","1","","","","",""
"P490","CROFTON PHARMACY","","","1 PLACE FARM AVENUE","","","ORPINGTON","","BR6 8DG","20040401","","","","","","","","","","","1","","","","",""
"P492","FOURWAY PHARMACY","","","12 HALF MOON LANE","","","LONDON","","SE24 9HU","20040401","","","","","","","","","","","1","","","","",""
"P494","ALISHA PHARMACY","","","257 ACTON LANE","","","LONDON","","W4 5DG","20040401","","","","","","","","","","","1","","","","",""
"P495","MEIR HAY PHARMACY","","","UNIT 3","AMISON STREET","","STOKE-ON-TRENT","","ST3 1LD","20040401","","","","","","","","","","","1","","","","",""
"P496","LIVESEY PHARMACY","","","238 LIVESEY BRANCH ROAD","","","BLACKBURN","","BB2 4QL","20040401","","","","","","","","","","","1","","","","",""
"P499","PINXTON PHARMACY LTD.","","","78 VICTORIA ROAD","PINXTON","","NOTTINGHAM","","NG16 6NE","20040401","20220615","","","","","","","","","","1","","","","",""
"P49C","MORROW PHARMACY LIMITED","","","BLAKELAW PHARMACY","8 MOULTON PLACE","","NEWCASTLE UPON TYNE","","NE5 3RL","20040401","","","","","","","","","","","1","","","","",""
"P49F","OLD CROSS PHARMACY","","","2 ALBION STREET","","","ASHTON-UNDER-LYNE","","OL6 6HF","20040401","20190312","","","","","","","","","","1","","","","",""
"P49H","M. CHAMBERS CHEMIST LTD","","","172 WINGROVE ROAD","","","NEWCASTLE UPON TYNE","","NE4 9BX","20040401","","","","","","","","","","","1","","","","",""
"P49K","THOMPSON CHEMIST","","","1A RIDING LANE","HILDENBOROUGH","","TONBRIDGE","","TN11 9HX","20040401","20190409","","","","","","","","","","1","","","","",""
"P49M","VINODS CHEMISTS","","","227 HAMSTEL ROAD","","","SOUTHEND-ON-SEA","","SS2 4LB","20040401","","","","","","","","","","","1","","","","",""
"P49P","THE CADGE PHARMACY","","","105 PHILIP LANE","TOTTENHAM","","LONDON","","N15 4JR","20040401","","","","","","","","","","","1","","","","",""
"P49Q","REMAS & SONS LTD","","","CHAPPELLS PHARMACY","1-3 CROFT ROAD","","CROWBOROUGH","","TN6 1DL","20040401","","","","","","","","","","","1","","","","",""
"P49R","KLUB PHARMACY LTD","","","10 CROWN POINT PARADE","","","LONDON","","SE19 3NG","20040401","","","","","","","","","","","1","","","","",""
"P49T","ALLCORN CHEMIST","","","197 ST. JAMES'S ROAD","","","CROYDON","","CR0 2BZ","20040401","","","","","","","","","","","1","","","","",""
"P49V","CHEERGLOW LTD","","","BOUTI-CARE PHARMACY","81 HOWLETTS LANE","","RUISLIP","","HA4 7YG","20040401","","","","","","","","","","","1","","","","",""
"P49W","CHELMACK LTD","","","NORTHCOTE PHARMACY","130 NORTHCOTE ROAD","","LONDON","","SW11 6QZ","20040401","20201006","","","","","","","","","","1","","","","",""
"P4A0","LORDSFIELD LTD","","","LORDS PHARMACY","35 STATION PARADE","","BARKING","","IG11 8EB","20040401","","","","","","","","","","","1","","","","",""
"P4A4","DH LUDZKER LTD","","","KAYS CHEMIST","10 BELLE VALE SHOPPING CENTRE","","LIVERPOOL","","L25 2RF","20040401","20200331","","","","","","","","","","1","","","","",""
"P4A5","M & R ENTERPRISES LTD","","","TAPLOW PHARMACY","UNIT 5 GROUND FLOOR","THURLOW STREET","LONDON","","SE17 2UQ","20040401","20190305","","","","","","","","","","1","","","","",""
"P4A8","R MACKIE","","","7 STATION TERRACE","","","EAST BOLDON","","NE36 0LJ","20040401","","","","","","","","","","","1","","","","",""
"P4A9","BB MADHVANI","","","MADISONS PHARMACY","25 NORK WAY","","BANSTEAD","","SM7 1PB","20040401","","","","","","","","","","","1","","","","",""
"P4AC","MAHESH CHEMISTS","","","111 NEWINGTON GREEN ROAD","","","LONDON","","N1 4QY","20040401","","","","","","","","","","","1","","","","",""
"P4AD","MAHMOOD LTD","","","214 HUDDERSFIELD ROAD","LOW MOOR","","BRADFORD","","BD12 0AD","20040401","20250531","","","","","","","","","","1","","","","",""
"P4AH","MAM CASH & CARRY LTD","","","HUTCHINS CHEMIST","197 HIGH ROAD","","LOUGHTON","","IG10 4LF","20040401","","","","","","","","","","","1","","","","",""
"P4AM","MARKET PHARMACY LTD","","","4 SOUTH TERRACE","SOUTH STREET","","DORCHESTER","","DT1 1DE","20040401","20201027","","","","","","","","","","1","","","","",""
"P4AR","MARWAY LTD","","","LONGBOON PHARMACY","181 WILMSLOW ROAD","","MANCHESTER","","M14 5AP","20040401","","","","","","","","","","","1","","","","",""
"P4AT","S MASHARANI","","","SANDRINGHAM ROAD PHARMACY","36 SANDRINGHAM ROAD","","CLEETHORPES","","DN35 9HB","20040401","","","","","","","","","","","1","","","","",""
"P4AW","AVVIRO LTD","","","OFFICE 108 PENTAX HOUSE","SOUTH HILL AVENUE","SOUTH HARROW","HARROW","","HA2 0DU","20160229","","","","","","","","","","","1","","","","",""
"P4AX","MASTAA-CARE CHEMIST","","","26 WHALEBONE LANE SOUTH","","","DAGENHAM","","RM8 1BJ","20040401","","","","","","","","","","","1","","","","",""
"P4AY","MASTERS PHARMACY LTD","","","182 VICARAGE ROAD","","","OLDBURY","","B68 8JB","20040401","","","","","","","","","","","1","","","","",""
"P4C1","OSLOND LTD","","","GOLDCHEM PHARMACY","147A ALBERT ROAD","","SOUTHSEA","","PO4 0JW","20040401","","","","","","","","","","","1","","","","",""
"P4C2","G OSTROWSKI","","","WILYMAN CHEMIST","297 BALDWINS LANE","CROXLEY GREEN","RICKMANSWORTH","","WD3 3LE","20040401","","","","","","","","","","","1","","","","",""
"P4C3","P EDWARD LTD","","","324 CALEDONIAN ROAD","","","LONDON","","N1 1BB","20040401","","","","","","","","","","","1","","","","",""
"P4C4","SHANTYS","","","62 BADDOW ROAD","","","CHELMSFORD","","CM2 0DL","20040401","","","","","","","","","","","1","","","","",""
"P4C5","PANACEA PHARMACY LTD","","","NASEEMS CHEMIST","53A COMMERCIAL STREET","ROTHWELL","LEEDS","","LS26 0QD","20040401","","","","","","","","","","","1","","","","",""
"P4C7","R PANESAR","","","PANS PHARMACY","299 CHURCH ROAD","SHELDON","BIRMINGHAM","","B26 3YH","20040401","20190301","","","","","","","","","","1","","","","",""
"P4C8","MAYFIELD PHARMACY","","","12 MAYFIELD ROAD","","","DUNSTABLE","","LU5 4AP","20040401","","","","","","","","","","","1","","","","",""
"P4CC","RIDGE HOUSE PHARMACY","","","38 HIGH STREET","PUCKERIDGE","","WARE","","SG11 1RN","20040401","20221031","","","","","","","","","","1","","","","",""
"P4CE","AC PATEL (PREENTREE) LTD","","","HAMPSTEAD HEATH PHARMACY","35 SOUTH END ROAD","","LONDON","","NW3 2PY","20040401","","","","","","","","","","","1","","","","",""
"P4CK","OLINS PHARMACY","","","3 THE OVAL","","","SIDCUP","","DA15 9ER","20040401","","","","","","","","","","","1","","","","",""
"P4CL","MARKAND PHARMACY","","","122 HENLEY ROAD","CAVERSHAM","","READING","","RG4 6DH","20040401","","","","","","","","","","","1","","","","",""
"P4CN","MILLARD & BULLOCK","","","UNIT 2","JOSIAH HOUSES","CASTLE STREET","BILSTON","","WV14 9DD","20040401","","","","","","","","","","","1","","","","",""
"P4CP","PHARMAG LTD","","","14 HIGH STREET","TODDINGTON","","DUNSTABLE","","LU5 6BY","20040401","20220427","","","","","","","","","","1","","","","",""
"P4CQ","COOMBE HILL PHARMACY","","","3 THE TRIANGLE","","","KINGSTON UPON THAMES","","KT1 3RU","20040401","","","","","","","","","","","1","","","","",""
"P4CR","BECKTON PHARMACY","","","11 MARY ROSE MALL","FROBISHER ROAD","","LONDON","","E6 5LX","20040401","","","","","","","","","","","1","","","","",""
"P4CT","BISHOPS PHARMACY","","","7 LYTTELTON ROAD","HAMPSTEAD GARDEN SUBURB","FINCHLEY","LONDON","","N2 0DR","20040401","","","","","","","","","","","1","","","","",""
"P4CV","FAIRLEY'S PHARMACY","","","103 CHURCH LANE","GOLDINGTON","","BEDFORD","","MK41 0PW","20040401","","","","","","","","","","","1","","","","",""
"P4CX","PARKLANDS PHARMACY","","","1A COPPICE DRIVE","","","NORTHAMPTON","","NN3 6ND","20040401","","","","","","","","","","","1","","","","",""
"P4CY","JP PATEL","","","GUILDHALL PHARMACY","110 GUILDHALL STREET","","FOLKESTONE","","CT20 1ES","20040401","","","","","","","","","","","1","","","","",""
"P4D0","ALPHADRUGS LIMITED","","","OLD SWAN PHARMACY","29 HIGH STREET","KIMBOLTON","HUNTINGDON","","PE28 0HB","20160223","","","","","","","","","","","1","","","","",""
"P4D1","KKV (UK) LIMITED","","","COLNBROOK PHARMACY","36 HIGH STREET","COLNBROOK","SLOUGH","","SL3 0LX","20160301","","","","","","","","","","","1","","","","",""
"P4D2","REMEDIA LIMITED","","","SHERRYS CHEMIST","48 SOUTH ROAD","","SOUTHALL","","UB1 1RR","20160301","","","","","","","","","","","1","","","","",""
"P4D3","HAMEED ANWAR","","","YOUR HEALTH PHARMACY","18A NORTH STREET","SILSDEN","KEIGHLEY","","BD20 9PQ","20160309","20200228","","","","","","","","","","1","","","","",""
"P4D4","RB HEALTHCARE LIMITED","","","R B HEALTHCARE","UNIT 20","BROOKFIELD DRIVE","LIVERPOOL","","L9 7AS","20160314","","","","","","","","","","","1","","","","",""
"P4D5","CORRY'S CHEMIST LIMITED","","","13-14 THE DIAMOND","","","CASTLEDERG","","BT81 7AR","20160301","","","","","","","","","","","1","","","","",""
"P4D6","DAVID BARBANEL LIMITED","","","TOWER PHARMACY","50 WAPPING LANE","","LONDON","","E1W 2RL","20160204","","","","","","","","","","","1","","","","",""
"P4D7","HOPE ONLINE PHARMACY LIMITED","","","1ST FLOOR, UNIT H3","KNIGHTS PARK INDUSTRIAL ESTATE","KNIGHT ROAD","ROCHESTER","","ME2 2LS","20160316","20230131","","","","","","","","","","1","","","","",""
"P4D8","SOHO ENTERPRISES (UK) LTD","","","BLUECROSS PHARMACY","249 SOHO ROAD","HANDSWORTH","BIRMINGHAM","","B21 9RY","20160330","","","","","","","","","","","1","","","","",""
"P4D9","PHETALZ LTD","","","PHARMACYEXPREZZ","183A KING STREET","","GREAT YARMOUTH","","NR30 1LS","20160330","","","","","","","","","","","1","","","","",""
"P4DA","HARRY & PARTNERS LIMITED","","","HARRY'S PHARMACY","92 MITFORD STREET","STRETFORD","MANCHESTER","","M32 8AQ","20160324","","","","","","","","","","","1","","","","",""
"P4DC","247PHARM LIMITED","","","247PHARMACY, UNIT 9A","CRANBORNE INDUSTRIAL ESTATE","CRANBORNE ROAD","POTTERS BAR","","EN6 3JN","20160406","20170705","","","","","","","","","","1","","","","",""
"P4DD","5 HEALTH SOLUTIONS LTD","","","IPHARMA-C","KATH LOCKE COMMUNITY CENTRE","123 MOSS LANE EAST","MANCHESTER","","M15 5DD","20160413","","","","","","","","","","","1","","","","",""
"P4DE","NATIONWIDE CARE SERVICES LTD","","","NATIONWIDE CARE PHARMACY","AMINGTON HOUSE","95 AMINGTON ROAD","BIRMINGHAM","","B25 8EP","20160413","","","","","","","","","","","1","","","","",""
"P4DF","CARE PHARMA BRADFORD LIMITED","","","THE CARE PHARMACY","CHESTERFIELD HOUSE","3 MAYFAIR WAY","BRADFORD","","BD4 8PA","20160405","","","","","","","","","","","1","","","","",""
"P4DG","STAMCHEM LTD","","","ASK CHEMIST","UNIT 17 REDSTONE IND EST","REDSTONE ROAD","BOSTON","","PE21 8EA","20160413","","","","","","","","","","","1","","","","",""
"P4DH","HEALTHCARE & YOU LIMITED","","","64 MANOR ROAD","","","DERBY","","DE23 6BR","20160412","20220901","","","","","","","","","","1","","","","",""
"P4DJ","CAPE HOLDINGS LIMITED","","","DAY LEWIS HOUSE","2 PETERWOOD WAY","","CROYDON","","CR0 4UQ","20160427","","","","","","","","","","","1","","","","",""
"P4DK","SAJID HUSSAIN LIMITED","","","GENERAL WOLFE PHARMACY","576B FOLESHILL ROAD","","COVENTRY","","CV6 5HP","20160427","","","","","","","","","","","1","","","","",""
"P4DL","PEARL CHEMIST LIMITED","","","HARLANDS CHEMIST","58 CENTRAL ROAD","","MORDEN","","SM4 5RP","20160427","","","","","","","","","","","1","","","","",""
"P4DM","ANNA HEALTHCARE LIMITED","","","ANNA PHARMACY","398 GREEN WRYTHE LANE","","CARSHALTON","","SM5 1JF","20160425","","","","","","","","","","","1","","","","",""
"P4DN","AJPHARM LTD","","","PRESCRIPTION COUNTER","GROUND FLOOR, GROSVENOR HOUSE","160 GILLETT ROAD","THORNTON HEATH","","CR7 8SN","20160504","","","","","","","","","","","1","","","","",""
"P4DP","GIBSON PHARMACY LIMITED","","","ABBEY PHARMACY","19-21 HOWARD STREET","","ROTHERHAM","","S65 1JQ","20160511","","","","","","","","","","","1","","","","",""
"P4DQ","GATE2PHARMA LTD","","","UNIT 18B","WELTECH BUSINESS CENTRE","RIDGEWAY","WELWYN GARDEN CITY","","AL7 2AA","20160511","","","","","","","","","","","1","","","","",""
"P4DR","SHEALMORE LIMITED","","","EVERCARE PHARMACY","13 MARKET STREET","","COLNE","","BB8 0LJ","20160506","","","","","","","","","","","1","","","","",""
"P4DT","ERIC LIU","","","DRUGSMITH PHARMACY, UNIT 217","KINGSPARK BUSINESS CENTRE 152-178","KINGSTON ROAD","NEW MALDEN","","KT3 3ST","20160531","","","","","","","","","","","1","","","","",""
"P4DW","APOSAVE LTD","","","LUDGATE HOUSE","107-111 FLEET STREET","","LONDON","","EC4A 2AB","20160608","20190810","","","","","","","","","","1","","","","",""
"P4DX","ONE DOSE LIMITED","","","BIOMED CARE SERVICES","11 ROWAN TRADE PARK","NEVILLE ROAD","BRADFORD","","BD4 8TQ","20160601","","","","","","","","","","","1","","","","",""
"P4DY","T & A ESSEX LIMITED","","","PHARMCHOICE PHARMACY","9 INGRAVE ROAD","","BRENTWOOD","","CM15 8AP","20160509","","","","","","","","","","","1","","","","",""
"P4E0","SPG ENTERPRISE LIMITED","","","CLUB CHEMIST","BLK A, 6TH FLOOR,VISTA BUSINESS CTR","50 SALISBURY ROAD","HOUNSLOW","","TW4 6JQ","20160608","20171018","","","","","","","","","","1","","","","",""
"P4E1","HOMEUPATH LIMITED","","","HOMEUPATH PHARMACY","OFFICE 2","BOUNDS GREEN INDUSTRIAL ESTATE","LONDON","","N11 2UD","20160608","20240207","","","","","","","","","","1","","","","",""
"P4E2","PHARMACARESOLUTIONS LIMITED","","","PHARMACARE PHARMACY","UNIT 8 LEAMORE INDUSTRIAL ESTATE","WALL END CLOSE","WALSALL","","WS2 7PH","20160608","20200402","","","","","","","","","","1","","","","",""
"P4E3","YOUR ONLINE SERVICES LTD","","","BIRMINGHAM ONLINE PHARMACY","301 KEYS COURT","82-84 MOSELEY STREET","BIRMINGHAM","","B12 0RT","20160615","20170607","","","","","","","","","","1","","","","",""
"P4E4","RELIANCE PHARMA LTD","","","MPS PHARMACY","46-47 THE MARKET","ROSEHILL","SUTTON","","SM1 3HE","20160608","","","","","","","","","","","1","","","","",""
"P4E5","WYVERN PHARMA LTD","","","WYVERN PHARMACY","81 ABBEY STREET","","ACCRINGTON","","BB5 1EH","20160620","","","","","","","","","","","1","","","","",""
"P4E6","MED ONE CONSORTIUM LIMITED","","","CHURCH WALK PHARMACY","2-6 MANSFIELD ROAD","EASTWOOD","NOTTINGHAM","","NG16 3AQ","20160629","20260801","","","","","","","","","","1","","","","",""
"P4E7","PURE HOPE PHARMACY LIMITED","","","379 BURY NEW ROAD","PRESTWICH","","MANCHESTER","","M25 1AW","20160706","20190716","","","","","","","","","","1","","","","",""
"P4E8","B&W UNITED HEALTHCARE LTD","","","ASTERWELL PHARMACY","275 LONGMORE ROAD","SHIRLEY","SOLIHULL","","B90 3ER","20160713","","","","","","","","","","","1","","","","",""
"P4E9","B & A PHARMA LTD","","","BYRONS CHEMIST","49A ST. JOHNS ROAD","BOXMOOR","HEMEL HEMPSTEAD","","HP1 1QQ","20160713","20171206","","","","","","","","","","1","","","","",""
"P4EA","GOWRIE RETAIL LTD","","","LEIGH PHARMACY","185 ELMSLEIGH DRIVE","","LEIGH-ON-SEA","","SS9 4JH","20160701","20230228","","","","","","","","","","1","","","","",""
"P4EC","AYP HEALTHCARE LTD","","","UNIT 4","WILDSPACE","LAMSON ROAD","RAINHAM","","RM13 9YY","20160701","20260331","","","","","","","","","","1","","","","",""
"P4ED","HOT PHARMA LIMITED","","","39 CARTERS LANE","KILN FARM","","MILTON KEYNES","","MK11 3HL","20160720","","","","","","","","","","","1","","","","",""
"P4EF","DISPENSING CENTRE LIMITED","","","UNIT 2","TALBOTS LANE TRADING ESTATE","TALBOTS LANE","BRIERLEY HILL","","DY5 2YX","20160727","","","","","","","","","","","1","","","","",""
"P4EG","AKTIVE PHARMACY","","","UNIT 37A, BATES INDUSTRIAL ESTATE","CHURCH ROAD","HAROLD WOOD","ROMFORD","","RM3 0HU","20160722","20201009","","","","","","","","","","1","","","","",""
"P4EH","PRESCRIBING HUB LTD","","","HUB PHARMACY","UNIT 5","5 BODMIN ROAD","COVENTRY","","CV2 5DB","20160803","20180221","","","","","","","","","","1","","","","",""
"P4EJ","VICTORY INTERNET SERVICES LIMITED","","","VICTORY INTERNET PHARMACY","2 FAIRWAY BUSINESS CENTRE","AIRPORT SERVICE ROAD","PORTSMOUTH","","PO3 5NU","20160801","","","","","","","","","","","1","","","","",""
"P4EK","THE PHARMACY PRACTICE LIMITED","","","282 STRATFORD ROAD","SPARKHILL","","BIRMINGHAM","","B11 1AA","20160707","","","","","","","","","","","1","","","","",""
"P4EL","MINIMAX PHARMACEUTICALS LTD","","","MINIMAX PHARMACY","6 CARISBROOKE CRESCENT","CHANDLER'S FORD","EASTLEIGH","","SO53 2LQ","20160715","","","","","","","","","","","1","","","","",""
"P4EM","PRODIGY CHEM LTD","","","LINGDALE PHARMACY","29 HIGH STREET","LINGDALE","SALTBURN-BY-THE-SEA","","TS12 3DZ","20160801","","","","","","","","","","","1","","","","",""
"P4EN","VKM HEALTHCARE LIMITED","","","PHARMACY ONE","262 FINNEY LANE","HEALD GREEN","CHEADLE","","SK8 3QD","20160801","20250925","","","","","","","","","","1","","","","",""
"P4EP","BURNHAM PHARMACY","","","THE BURNHAM SURGERY","FOUNDRY LANE","","BURNHAM-ON-CROUCH","","CM0 8SJ","20160817","20230910","","","","","","","","","","1","","","","",""
"P4EQ","GOLDEN PHARMA","","","UNIT 4","IMPERIAL PLACE","MAXWELL ROAD","BOREHAMWOOD","","WD6 1JN","20160824","20170726","","","","","","","","","","1","","","","",""
"P4ER","DAWLISH WARREN PHARMACY","","","1 WARREN ROAD","DAWLISH WARREN","","DAWLISH","","EX7 0PQ","20160824","20180228","","","","","","","","","","1","","","","",""
"P4ET","BLENHAM PHARMACY","","","202 PORTOBELLO ROAD","","","LONDON","","W11 1LA","20160820","20230517","","","","","","","","","","1","","","","",""
"P4EV","LIVE WELL NATIONWIDE LTD","","","FIRST FLOOR OFFICE","95 TRENTHAM ROAD","DRESDEN","STOKE-ON-TRENT","","ST3 4EG","20160831","","","","","","","","","","","1","","","","",""
"P4EW","POPSON HEALTHCARE LTD","","","OASIS PHARMACY","OFFICE 4","71-73 NATHAN WAY","LONDON","","SE28 0BQ","20160829","","","","","","","","","","","1","","","","",""
"P4EX","ACTIVE PHARMACARE LTD","","","BEECH ROAD PHARMACY","107 BEECH ROAD","CHORLTON-CUM-HARDY","MANCHESTER","","M21 9EQ","20160801","","","","","","","","","","","1","","","","",""
"P4EY","PREDDY NEWCO LIMITED","","","29-31 HIGH STREET","","","WESTBURY","","BA13 3BN","20160901","","","","","","","","","","","1","","","","",""
"P4F0","TEESSIDE LLP","","","RIVERSIDE PHARMACY","UNIT 41 COLLINGWOOD COURT","RIVERSIDE PARK INDUSTRIAL ESTATE","MIDDLESBROUGH","","TS2 1RP","20160907","","","","","","","","","","","1","","","","",""
"P4F1","MYCHEMISTONLINE LTD","","","UNIT F/63","WATERFRONT STUDIOS BUSINESS CENTRE","1 DOCK ROAD","LONDON","","E16 1AH","20160914","","","","","","","","","","","1","","","","",""
"P4F2","CUREPHARM UK LIMITED","","","CURE PHARMACY","84C PARCHMORE ROAD","","THORNTON HEATH","","CR7 8LX","20160901","20250401","","","","","","","","","","1","","","","",""
"P4F3","NS PHARMA LIMITED","","","ALPHA PHARMACY","193 EDGWARE ROAD","THE HYDE, COLINDALE","LONDON","","NW9 6LP","20160901","","","","","","","","","","","1","","","","",""
"P4F4","MAYBERRY PHARMACY LIMITED","","","UNIT 3","12 EMERY ROAD","BRISLINGTON","BRISTOL","","BS4 5PF","20160912","20170823","","","","","","","","","","1","","","","",""
"P4F5","GELOO BROTHERS LTD","","","MONTAGUE PHARMACY","OAKENHURST ROAD","","BLACKBURN","","BB2 1SN","20161001","20190305","","","","","","","","","","1","","","","",""
"P4F6","ST HELENS PHARMACY LIMITED","","","HOGGS CHEMIST","FIRDALE MEDICAL CENTRE","FIRDALE ROAD","NORTHWICH","","CW8 4AZ","20161003","","","","","","","","","","","1","","","","",""
"P4F7","OLIVE PHARMA LIMITED","","","OLIVE PHARMACY ONLINE","27 NEWMARKET STREET","","SKIPTON","","BD23 2JE","20161003","20191117","","","","","","","","","","1","","","","",""
"P4F7S","GREAT BEAR HEALTHCARE LTD","","","UNIT 1","CARDIFF BUSINESS PARK","LAMBOURNE CRESCENT","CARDIFF","","CF14 5GF","20150701","","","","","","","","","","","1","","","","",""
"P4F8","GAT MEDICALS UK LIMITED","","","DAYSTAR PHARMACY","121 HIGH STREET","PLAISTOW","LONDON","","E13 9HH","20161012","","","","","","","","","","","1","","","","",""
"P4F9","VP CHEMCARE LIMITED","","","PHARMACY ON WHEELS","86 GOLDHAWK ROAD","WHITE CITY","LONDON","","W12 8HD","20161014","","","","","","","","","","","1","","","","",""
"P4FA","SOHAL (UK) LIMITED","","","KITSONS PHARMACY","12 BROAD STREET","","WORCESTER","","WR1 3LH","20161017","","","","","","","","","","","1","","","","",""
"P4FC","MEDISINA PHARMA LIMITED","","","PHARMACARE, UNIT 21","LYE BUSINESS CENTRE","ENTERPRISE DRIVE","STOURBRIDGE","","DY9 8QH","20161021","20221231","","","","","","","","","","1","","","","",""
"P4FD","HKK CONSULTANCY SERVICES LIMITED","","","MY PHARMACY DIRECT","33A VICTORIA ROAD","","KEIGHLEY","","BD21 1HD","20161026","","","","","","","","","","","1","","","","",""
"P4FE","RINGWOOD PHARMACY LIMITED","","","43A SOUTHAMPTON ROAD","","","RINGWOOD","","BH24 1HE","20161102","","","","","","","","","","","1","","","","",""
"P4FF","BURHAN HEALTHCARE LTD","","","MY EXPERT PHARMACY","81 BERESFORD ROAD","LONGSIGHT","MANCHESTER","","M13 0GX","20161027","20200413","","","","","","","","","","1","","","","",""
"P4FG","SLK MEDICAL LTD","","","FLAT 1, 336 SOHO ROAD","HANDSWORTH","","BIRMINGHAM","","B21 9NA","20151001","","","","","","","","","","","1","","","","",""
"P4FH","DALEACRE HEALTHCARE LIMITED","","","11 WILSTHORPE ROAD","BREASTON","","DERBY","","DE72 3EA","20161001","","","","","","","","","","","1","","","","",""
"P4FJ","PHARMACO DUDLEY LIMITED","","","5 BEAN ROAD","","","DUDLEY","","DY2 8TH","20161123","20200317","","","","","","","","","","1","","","","",""
"P4FK","BIRSTALL HOLDINGS LTD","","","BIRSTALL PHARMACY","4 WHILES LANE","BIRSTALL","LEICESTER","","LE4 4EE","20161101","20260105","","","","","","","","","","1","","","","",""
"P4FL","LOYAL HEALTHCARE LTD","","","1 MANOR COURT","CHURCH LANE","GREAT DODDINGTON","WELLINGBOROUGH","","NN29 7TR","20161121","","","","","","","","","","","1","","","","",""
"P4FM","ESTHER ESHAG","","","PHARMACY REQUIREMENTS","UNIT A4 ATLAS BUSINESS CENTRE","OXGATE LANE","LONDON","","NW2 7HJ","20161101","","","","","","","","","","","1","","","","",""
"P4FN","PHARM D","","","SAYFEES CHEMIST","9 SILVERDALE DRIVE","THURMASTON","LEICESTER","","LE4 8NH","20161104","","","","","","","","","","","1","","","","",""
"P4FP","AMIN TM LTD","","","ROUNDWAY PHARMACY","3 ROUNDWAY","HEADINGTON","OXFORD","","OX3 8DH","20161130","","","","","","","","","","","1","","","","",""
"P4FQ","CASTLEGATE (BERWICK-UPON-TWEED) LIMITED","","","CASTLEGATE PHARMACY","15 CASTLEGATE","","BERWICK-UPON-TWEED","","TD15 1JS","20161130","","","","","","","","","","","1","","","","",""
"P4FT","1 A S T LIMITED","","","1 A S T PHARMACY","236 ABBEYDALE ROAD","","SHEFFIELD","","S7 1FL","20161207","","","","","","","","","","","1","","","","",""
"P4FV","DEIDDA LTD","","","HIGHER GREAVES PHARMACY","20 SCOTFORTH ROAD","","LANCASTER","","LA1 4ST","20161205","","","","","","","","","","","1","","","","",""
"P4FW","AMOR HEALTHCARE LIMITED","","","HEALTHWAYS CHEMIST","38A(2)MIDDLETON GRANGE","SHOPPING CENTRE","HARTLEPOOL","","TS24 7RY","20161214","20180831","","","","","","","","","","1","","","","",""
"P4FX","MKA 786 LTD","","","LIFESTYLE PHARMACY","160 TRENT ROAD","SHAW","OLDHAM","","OL2 7QR","20161214","","","","","","","","","","","1","","","","",""
"P4FY","S & G WOLVERHAMPTON LIMITED","","","331 BUSHBURY LANE","","","WOLVERHAMPTON","","WV10 9UJ","20161221","","","","","","","","","","","1","","","","",""
"P4G0","R & N HEALTHCARE LIMITED","","","FEATHERFIELD PHARMACY","56 BIRDSFOOT LANE","","LUTON","","LU3 2DQ","20161221","","","","","","","","","","","1","","","","",""
"P4G1","FRIZINGHALL ENTERPRISES LIMITED","","","285 BRADFORD ROAD","","","SHIPLEY","","BD18 3AB","20161221","","","","","","","","","","","1","","","","",""
"P4G2","HIGH SPEED PHARMACY LTD","","","HIGH SPEED PHARMACY","CAIDAN HOUSE BUS CTR","CANAL ROAD, TIMPERLEY","ALTRINCHAM","","WA14 1TD","20170123","","","","","","","","","","","1","","","","",""
"P4G3","PHARMA CORNER LIMITED","","","PHARMACY CORNER","2 AIRLIE AVENUE","","LEEDS","","LS8 4JL","20170116","","","","","","","","","","","1","","","","",""
"P4G5","JNAGAL LIMITED","","","HIGH STREET PHARMACY","76 HIGH STREET","","BILSTON","","WV14 0EZ","20170201","","","","","","","","","","","1","","","","",""
"P4G6","MEDI-CALL HEALTHCARE LTD","","","RYANS LOCAL","UNIT 204 VICTORIA WORKS","CALDER STREET","BRIGHOUSE","","HD6 1LZ","20170201","20181121","","","","","","","","","","1","","","","",""
"P4G7","MR BABAK JEIHOONI-FARD & MS SEEMA TAILOR","","","1 WARREN ROAD","HOPTON","","GREAT YARMOUTH","","NR31 9BN","20140609","","","","","","","","","","","1","","","","",""
"P4G8","W R EVANS HEALTHCARE LIMITED","","","PEAK PHARMACY","96 DERBY ROAD","STAPLEFORD","NOTTINGHAM","","NG9 7AD","20170201","20171006","","","","","","","","","","1","","","","",""
"P4G9","PAXTON LTD","","","205 PLUMSTEAD ROAD","","","NORWICH","","NR1 4AB","20161001","","","","","","","","","","","1","","","","",""
"P4GA","ROUSIN PATEL","","","THE ORANGE TREE PHARMACY","5 BARNWELL COURT","MAWSLEY","KETTERING","","NN14 1FG","20170213","20180815","","","","","","","","","","1","","","","",""
"P4GC","SBB HEALTHCARE LIMITED","","","ANFIELD PHARMACY","140 OAKFIELD ROAD","WALTON","LIVERPOOL","","L4 0UQ","20170201","","","","","","","","","","","1","","","","",""
"P4GD","NIHAL HEALTHCARE LIMITED","","","DEDHAM PHARMACY","HIGH STREET","DEDHAM","COLCHESTER","","CO7 6DE","20170222","","","","","","","","","","","1","","","","",""
"P4GE","NIGHTINGALE YORKSHIRE LIMITED","","","UNIT 2","MOORSIDE MALTINGS","BURTON ROW","LEEDS","","LS11 5NX","20170222","","","","","","","","","","","1","","","","",""
"P4GF","FARHI LIMITED","","","CLICK 4 PHARMACY LTD","49A BATH ROAD","","WALSALL","","WS1 3BT","20170215","","","","","","","","","","","1","","","","",""
"P4GG","CRIMSON HEALTH LIMITED","","","GOOSTREY PHARMACY, CHESHIRE HOUSE","164 MAIN ROAD","GOOSTREY","CREWE","","CW4 8JP","20170201","20230301","","","","","","","","","","1","","","","",""
"P4GH","MYMED DIRECT LIMITED","","","MYMED HOUSE","95 JOHNSTON STREET","","BLACKBURN","","BB2 1HY","20161201","20230901","","","","","","","","","","1","","","","",""
"P4GJ","DARREN SENIOR LIMITED","","","VANTAGE CHEMISTS","UNIT E, BELLOWS ROAD","RAWMARSH","ROTHERHAM","","S62 6FA","20170301","","","","","","","","","","","1","","","","",""
"P4GK","SP ROWLAY (PHARMACY) LIMITED","","","LIVING CARE PHARMACY","12 DEVONSHIRE AVENUE","","LEEDS","","LS8 1AY","20170308","20190312","","","","","","","","","","1","","","","",""
"P4GL","GILBERT'S PHARMA LTD","","","GILBERT'S CHEMIST","85-89 SHENLEY ROAD","","BOREHAMWOOD","","WD6 1AG","20170302","20230731","","","","","","","","","","1","","","","",""
"P4GM","ASHTONS HOSPITAL PHARMACY SERVICES LTD","","","ASHTONS HOSPITAL PHARMACY","UNIT 4 DYKE ROAD MEWS","74-76 DYKE ROAD","BRIGHTON","","BN1 3JD","20170301","","","","","","","","","","","1","","","","",""
"P4GN","MAGNA HEALTHCARE LIMITED","","","KEYNSHAM PHARMACY","15 STATION ROAD","KEYNSHAM","BRISTOL","","BS31 2BH","20170315","","","","","","","","","","","1","","","","",""
"P4GP","KARSONS PHARMA LIMITED","","","5 HIGH STREET","STROOD","","ROCHESTER","","ME2 4AB","20170315","20240619","","","","","","","","","","1","","","","",""
"P4GQ","AVALAKE LIMITED","","","WELLBEING PHARMACY","8 COX LANE","","IPSWICH","","IP4 1HT","20170315","","","","","","","","","","","1","","","","",""
"P4GR","CT DANG LIMITED","","","GUNNS PHARMACY","108 WESTERN ROAD","","BRIGHTON","","BN1 2AA","20170322","","","","","","","","","","","1","","","","",""
"P4GT","RICHARD ADAMS PHARMA LIMITED","","","ACORN HOUSE","33 CHURCHFIELD ROAD","","LONDON","","W3 6AY","20161001","20260731","","","","","","","","","","1","","","","",""
"P4GV","MR KEITH JAMES JARDINE","","","HOME PHARMACY","21 CIRRUS DRIVE","WATNALL","NOTTINGHAM","","NG16 1FS","20170327","","","","","","","","","","","1","","","","",""
"P4GW","JASPERS HEALTH LIMITED","","","TT PHARMACY","174 CROYDON ROAD","","LONDON","","SE20 7YZ","20170329","","","","","","","","","","","1","","","","",""
"P4GX","HC PHARMA LIMITED","","","LINDEN PHARMACY","92-94 LINDEN ROAD","","GLOUCESTER","","GL1 5HE","20170329","","","","","","","","","","","1","","","","",""
"P4GY","LIVING CARE PHARMACY (ILKLEY) LIMITED","","","ILKLEY MOOR PHARMACY","10 COW PASTURE ROAD","","ILKLEY","","LS29 8SR","20170419","20190319","","","","","","","","","","1","","","","",""
"P4H0","SUTTON CHASE LTD","","","WESTMINSTER HOUSE","BOLTON CLOSE","BELLBROOK INDUSTRIAL ESTATE","UCKFIELD","","TN22 1PH","20170426","","","","","","","","","","","1","","","","",""
"P4H1","SABEL PHARMACY LTD","","","446 CHISWICK HIGH ROAD","CHISWICK","","LONDON","","W4 5TT","20170420","","","","","","","","","","","1","","","","",""
"P4H1W","MYMEDICARE LTD","","","UNIT 6F","LONGDEN ROAD","","MANCHESTER","","M12 5SJ","20201209","","","","","","","","","","","1","","","","",""
"P4H2","MILZ PILLZ LTD","","","THE VILLAGE PHARMACY","2 HIGH STREET","FULBOURN","CAMBRIDGE","","CB21 5DH","20170426","","","","","","","","","","","1","","","","",""
"P4H2F","MOATFIELD PHARMACY","","","ST. MICHAELS ROAD","","","EAST GRINSTEAD","","RH19 3GW","20230802","","","","","","","","","","","1","","","","",""
"P4H3","H AND H PHARMA SERVICES LTD","","","BRADFORD HEALTH PHARMACY","UNIT 20 HOLROYD BUSINESS CENTRE","CARR BOTTOM ROAD","BRADFORD","","BD5 9BP","20170424","","","","","","","","","","","1","","","","",""
"P4H4","YOURMEDICINES2U LIMITED","","","WAKEFIELD PHARMACY","UNIT 4A INNOVATE","THE GATEWAY, FRYERS WAY","OSSETT","","WF5 9TJ","20170426","","","","","","","","","","","1","","","","",""
"P4H5","NETTLES PHARMACY LIMITED","","","18 UPPER TOOTING ROAD","","","LONDON","","SW17 7PG","20170502","","","","","","","","","","","1","","","","",""
"P4H6","MEDINET HEALTHCARE LIMITED","","","MEDINET PHARMACY","43 MONTGOMERY ROAD","","MANCHESTER","","M13 0PW","20170428","","","","","","","","","","","1","","","","",""
"P4H7","SUPERNET PHARMA LTD","","","SUPERNET PHARMACY","219 MANSEL ROAD","SMALL HEATH","BIRMINGHAM","","B10 9NW","20170503","","","","","","","","","","","1","","","","",""
"P4H8","PHARMACY ONLINE LTD","","","3 MULBERRY PLACE","PINNELL ROAD","","LONDON","","SE9 6AR","20170522","20190829","","","","","","","","","","1","","","","",""
"P4H9","BROWNES CHEMIST","","","208 YARNTON WAY","","","ERITH","","DA18 4AX","20170524","","","","","","","","","","","1","","","","",""
"P4HA","PERSONAL MEDICINES MANAGEMENT LTD","","","UNIT 41","GOSPORT BUSINESS CENTRE","AERODROME ROAD","GOSPORT","","PO13 0FQ","20170524","20191101","","","","","","","","","","1","","","","",""
"P4HC","NA & O'NEILL LTD","","","UNIT 106","SPINDUS ROAD","SPEKE HALL INDUSTRIAL ESTATE","LIVERPOOL","","L24 1YA","20170524","","","","","","","","","","","1","","","","",""
"P4HD","RXLIVE LIMITED","","","3-4 CHALICE CLOSE","","","WALLINGTON","","SM6 9RU","20170530","","","","","","","","","","","1","","","","",""
"P4HE","JAMES QUINN","","","WHITE PHARMACY LTD","7 RIVERSIDE PARK INDUSTRIAL ESTATE","DOGFLUD WAY","FARNHAM","","GU9 7UG","20170515","20190225","","","","","","","","","","1","","","","",""
"P4HF","BALJINDER SINGH","","","DOSETTE PHARMACY","SHERBROOK BUSINESS CENTRE","SHERBROOK ROAD, DAYBROOK","NOTTINGHAM","","NG5 6AT","20170607","","","","","","","","","","","1","","","","",""
"P4HG","BEH MEDICAL LIMITED","","","BUXTED MEDICAL CENTRE","FRAMFIELD ROAD","","UCKFIELD","","TN22 5FD","20170606","","","","","","","","","","","1","","","","",""
"P4HH","MAH PHARMA LIMITED","","","STEVES CHEMIST","36 BRIDGE ROAD","","GRAYS","","RM17 6BU","20170614","","","","","","","","","","","1","","","","",""
"P4HJ","PHARMAWELL LIMITED","","","LOCKYERS CHEMIST","252 EVELYN STREET","","LONDON","","SE8 5BZ","20170614","","","","","","","","","","","1","","","","",""
"P4HK","MAHIN ESTATES LIMITED","","","UNIT C13A, ARNOLD BUSINESS CENTRE","BROOKFIELD ROAD","ARNOLD","NOTTINGHAM","","NG5 7ER","20170621","20200515","","","","","","","","","","1","","","","",""
"P4HL","SSM PHARM LIMITED","","","FIRST CALL PHARMACY, OFFICE 2","MORELANDS TRADING ESTATE","BRISTOL ROAD","GLOUCESTER","","GL1 5RZ","20170621","","","","","","","","","","","1","","","","",""
"P4HM","PYRAMID PHARMA 1 LTD","","","PYRAMID PHARMACY","4 GRAND PARADE","GREEN LANES","LONDON","","N4 1JX","20170628","20180704","","","","","","","","","","1","","","","",""
"P4HN","IMEDS4U LTD","","","MEDICUS PHARMACY","KEY HOUSE, SUITE A","7 CHRISTIE WAY","MANCHESTER","","M21 7QY","20170703","","","","","","","","","","","1","","","","",""
"P4HP","PYRAMID PHARMA 2 LTD","","","PYRAMID PHARMACY","51 OLDHILL STREET","STOKE NEWINGTON","LONDON","","N16 6LU","20170630","20180711","","","","","","","","","","1","","","","",""
"P4HQ","SP3(ESSEX) LTD","","","WEST ROAD PHARMACY","72 WEST ROAD","SHOEBURYNESS","SOUTHEND-ON-SEA","","SS3 9DS","20170701","20220615","","","","","","","","","","1","","","","",""
"P4HR","SAMA HOLDINGS LIMITED","","","GP DISPENSARY","8 ST. MICHAELS COURT","VICTORIA STREET","WEST BROMWICH","","B70 8ET","20170705","","","","","","","","","","","1","","","","",""
"P4HT","SETFIELD LIMITED","","","GLOBE CHEMIST","8 KINGS PARADE","ASKEW ROAD","LONDON","","W12 9BA","20170703","","","","","","","","","","","1","","","","",""
"P4HV","RANGE PHARMACY LIMITED","","","RANGE PHARMACY","121 WITHINGTON ROAD","WHALLEY RANGE","MANCHESTER","","M16 8EB","20170707","","","","","","","","","","","1","","","","",""
"P4HW","MARTIN REVILL","","","THE PHARMACY BEBINGTON","176 BEBINGTON ROAD","BEBINGTON","WIRRAL","","CH63 7PD","20170703","","","","","","","","","","","1","","","","",""
"P4HX","BRIXTON HEALTHCARE LIMITED","","","SG MANNING PHARMACY","294 BRIXTON HILL","","LONDON","","SW2 1HT","20170712","","","","","","","","","","","1","","","","",""
"P4HY","SHAYONA HEALTHCARE LTD","","","LEYSDOWN PHARMACY","9 LEYSDOWN ROAD","LEYSDOWN-ON-SEA","SHEERNESS","","ME12 4RE","20170713","","","","","","","","","","","1","","","","",""
"P4J0","SUPER HAPPY WING LIMITED","","","GOLF ROAD PHARMACIES","37 GOLF ROAD","","DEAL","","CT14 6PY","20170726","","","","","","","","","","","1","","","","",""
"P4J1","MED MART LIMITED","","","GOLDEN PHARMACY","UNIT 37 4 IMPERIAL PLACE","MAXWELL ROAD","BOREHAMWOOD","","WD6 1JN","20170710","","","","","","","","","","","1","","","","",""
"P4J2","SIGNATURE HEALTHCARE SERVICES LIMITED","","","SIGNATURE PHARMACY","6 THE MARLINS","","NORTHWOOD","","HA6 3NP","20170726","","","","","","","","","","","1","","","","",""
"P4J3","QUEENS ROAD PHARMA LIMITED","","","QUEENS ROAD PHARMACY","389 QUEENS ROAD","NEW CROSS","LONDON","","SE14 5HD","20170726","","","","","","","","","","","1","","","","",""
"P4J4","KPZ HEALTHCARE LTD","","","SAFEMED PHARMACY","1 BONACCORD SQUARE","","BATLEY","","WF17 7QG","20170726","","","","","","","","","","","1","","","","",""
"P4J5","LOCAL INTEGRATED PHARMACY SERVICES LTD","","","58 THE WOODLANDS","","","LONDON","","SE13 6TY","20170802","20171108","","","","","","","","","","1","","","","",""
"P4J6","POPE KYRELLOS LIMITED","","","SOMERFORD PHARMACY","186 SOMERFORD ROAD","","CHRISTCHURCH","","BH23 3QG","20170802","","","","","","","","","","","1","","","","",""
"P4J7","SRL GROUP LIMITED","","","SHERWOOD LATE NIGHT PHARMACY","501 - 503 MANSFIELD ROAD","","NOTTINGHAM","","NG5 2JJ","20170805","","","","","","","","","","","1","","","","",""
"P4J8","CLICKRX LIMITED","","","UNIT 11","BROADMEAD CENTRE","NAVESTOCK CRESCENT","WOODFORD GREEN","","IG8 7BN","20170816","","","","","","","","","","","1","","","","",""
"P4J9","WELLCARE GROUP LIMITED","","","61A EBRINGTON STREET","","","PLYMOUTH","","PL4 9AA","20170814","20200317","","","","","","","","","","1","","","","",""
"P4JA","MAKS CHEMIST LIMITED","","","MICHAELS CHEMIST LTD","262 HIGH STREET","","SMETHWICK","","B66 3NL","20170802","","","","","","","","","","","1","","","","",""
"P4JC","WELLBEING SS HEALTHCARE LIMITED","","","SIDDALL PHARMACY","115 OXFORD LANE","","HALIFAX","","HX3 9DG","20170816","","","","","","","","","","","1","","","","",""
"P4JD","PHARMALITE LIMITED","","","296 CAVENDISH ROAD","","","LONDON","","SW12 0PL","20170823","","","","","","","","","","","1","","","","",""
"P4JE","KAREPACK LIMITED","","","11 OSRAM ROAD","EAST LANE","","WEMBLEY","","HA9 7NG","20170823","","","","","","","","","","","1","","","","",""
"P4JF","SEEPAL (UK LIMITED)","","","1 TANNER COURT","TANNER STREET","","THETFORD","","IP24 2BQ","20170823","20200408","","","","","","","","","","1","","","","",""
"P4JG","SH PHARMA LIMITED","","","148-150 SHEFFIELD ROAD","BIRDWELL","","BARNSLEY","","S70 5TD","20170823","","","","","","","","","","","1","","","","",""
"P4JH","PILL TIME LIMITED","","","PILLTIME, UNIT 9","ST. ANDREWS TRADING ESTATE","AVONMOUTH","BRISTOL","","BS11 9YE","20170816","","","","","","","","","","","1","","","","",""
"P4JJ","PHARMACIERGE LIMITED","","","9 CANDOVER STREET","","","LONDON","","W1W 7DN","20170814","20250304","","","","","","","","","","1","","","","",""
"P4JK","FINANCE4PHARMACY LIMITED","","","JUNE ALMOND HOUSE","MARY STREET","","MANCHESTER","","M3 1DZ","20170830","","","","","","","","","","","1","","","","",""
"P4JL","PRIMARY HEALTH SOLUTIONS LIMITED","","","UNIT 54A THAMES INDUSTRIAL PARK","PRINCESS MARGARET ROAD","EAST TILBURY","TILBURY","","RM18 8RH","20170830","","","","","","","","","","","1","","","","",""
"P4JM","ONE STOP HEATHCARE LIMITED","","","OAKS PHARMACY","564-566 BRISTOL ROAD","SELLY OAK","BIRMINGHAM","","B29 6BE","20170906","","","","","","","","","","","1","","","","",""
"P4JN","MPHARM LOCUMS LIMITED","","","55A HALIFAX ROAD","","","TODMORDEN","","OL14 5BB","20170913","","","","","","","","","","","1","","","","",""
"P4JP","PHARMAGROUP LIMITED","","","FIRST FLOOR","1142 ROCHDALE ROAD","","MANCHESTER","","M9 6FQ","20170911","","","","","","","","","","","1","","","","",""
"P4JQ","E-NOVA HEALTHCARE LTD","","","246 WICKHAM ROAD","","","CROYDON","","CR0 8BJ","20170913","20200726","","","","","","","","","","1","","","","",""
"P4JR","EVERLASTING PHARM LIMITED","","","BELL PHARMACY","534 ROMAN ROAD","","LONDON","","E3 5ES","20170908","","","","","","","","","","","1","","","","",""
"P4JT","WELLBEING PHARMA LTD","","","UNIT 3, BANKWOOD LANE IND ESTATE","BANKWOOD LANE","NEW ROSSINGTON","DONCASTER","","DN11 0PS","20170920","","","","","","","","","","","1","","","","",""
"P4JV","DR RANI LTD","","","EVERCARING PHARMACY","UNIT 4 ACORN HOUSE","LONGSHOT LANE","BRACKNELL","","RG12 1RL","20170918","","","","","","","","","","","1","","","","",""
"P4JW","TH PHARMA LIMITED","","","THE PHARMACY HUB","5A PROVIDENCE STREET","","BATLEY","","WF17 5QW","20170927","20201201","","","","","","","","","","1","","","","",""
"P4JX","GOSHEN CITY UK LTD","","","BAXENDEN PHARMACY","514-516 MANCHESTER ROAD","","ACCRINGTON","","BB5 2RG","20170927","20260223","","","","","","","","","","1","","","","",""
"P4JY","MSN PRIMARY HEALTHCARE LTD","","","GREAT BRIDGE PHARMACY","30 GREAT BRIDGE","","TIPTON","","DY4 7EW","20171002","","","","","","","","","","","1","","","","",""
"P4K0","NAPCLAN RETAIL LIMITED","","","PHARMOCARE","414-416 EDGWARE ROAD","","LONDON","","W2 1ED","20170930","","","","","","","","","","","1","","","","",""
"P4K1","SIMON HARRIS","","","KINETON PHARMACY","WARWICK ROAD","KINETON","WARWICK","","CV35 0HN","20171011","20190305","","","","","","","","","","1","","","","",""
"P4K2","CUREPLUS LIMITED","","","BEDFORD PARK PHARMACY","5 BEDFORD PARK CORNER","CHISWICK","LONDON","","W4 1LS","20171018","","","","","","","","","","","1","","","","",""
"P4K3","MARIA CHRISTINA BATCHELOR","","","FOREST PHARMACY","SOUTHAMPTON ROAD","BARTLEY","SOUTHAMPTON","","SO40 2NA","20171017","20190807","","","","","","","","","","1","","","","",""
"P4K4","FRANSIL LTD","","","HEALTHPOINT PHARMACY","171 TUCKTON ROAD","SOUTHBOURNE","BOURNEMOUTH","","BH6 3LA","20171025","","","","","","","","","","","1","","","","",""
"P4K5","IC24-SKC CCG-OOH","","","INTEGRATED CARE 24 LTD","KINGSTON HOUSE, LONG BARROW","ORBITAL PARK","ASHFORD","","TN24 0GP","20171020","20171101","","","","","","","","","","1","","","","",""
"P4K5C","LP SD FORTYTWO LIMITED","","","MORGAN STREET","","","PONTYPRIDD","","CF37 2DR","20230901","","","","","","","","","","","1","","","","",""
"P4K6","VILRAJ LIMITED","","","BOSWORTH PHARMACY","9 MAIN STREET","MARKET BOSWORTH","NUNEATON","","CV13 0JN","20171025","20190409","","","","","","","","","","1","","","","",""
"P4K7","IC24-THANET CCG OOH","","","INTEGRATED CARE 24 LTD","KINGSTON HOUSE, LONG BARROW","ORBITAL PARK","ASHFORD","","TN24 0GP","20171025","20171202","","","","","","","","","","1","","","","",""
"P4K8","ZAIN UL ABDEEN LTD","","","ZAIN THE CHEMIST","181A PERSHORE ROAD","EDGBASTON","BIRMINGHAM","","B5 7PF","20171101","","","","","","","","","","","1","","","","",""
"P4K9","J'S HEALTHCARE LTD","","","HIGGINBOTTOM PHARMACY","11 MAIN STREET","","FERRYHILL","","DL17 8LA","20171101","","","","","","","","","","","1","","","","",""
"P4KA","BIDFORD HEALTHCARE LTD","","","CRABTREE PHARMACY","BIDFORD H/C, STRATFORD ROAD","BIDFORD-ON-AVON","ALCESTER","","B50 4LX","20171101","","","","","","","","","","","1","","","","",""
"P4KC","ELIXIR LONDON LTD","","","ELIXIR PHARMACY","12 ALLIED WAY","WARPLE WAY","LONDON","","W3 0RQ","20171026","20200510","","","","","","","","","","1","","","","",""
"P4KD","WDA LOGISTICS LIMITED","","","UNIT 13-21 IC 1","KEELE UNIVERSITY SCIENCE PARK","KEELE","NEWCASTLE","","ST5 5NB","20171106","20181213","","","","","","","","","","1","","","","",""
"P4KE","O'BRIENS PHARMACIES LIMITED","","","CLEVELEYS HEALTH CENTRE PHARMACY","KELSO AVENUE","","THORNTON-CLEVELEYS","","FY5 3DZ","20171113","","","","","","","","","","","1","","","","",""
"P4KF","HASSCON LIMITED","","","HASSCON PHARMACY","ROOM 44 SPECTRUM HOUSE","32-34 GORDON HOUSE ROAD","LONDON","","NW5 1LP","20171122","","","","","","","","","","","1","","","","",""
"P4KG","KALKI HEALTH LIMITED","","","WEST CHEMIST","4 KINGSLEY PARK TERRACE","","NORTHAMPTON","","NN2 7HG","20171129","","","","","","","","","","","1","","","","",""
"P4KH","MED STOP LIMITED","","","BYRON PHARMACY","49A ST. JOHNS ROAD","BOXMOOR","HEMEL HEMPSTEAD","","HP1 1QQ","20171201","","","","","","","","","","","1","","","","",""
"P4KJ","PAKSH LTD","","","AVICENNA PHARMACY","1 ERMINE CLOSE","","ST. ALBANS","","AL3 4JZ","20171205","","","","","","","","","","","1","","","","",""
"P4KK","HARROGATE PHARMACY LIMITED","","","UNIT 2","HAYWRA CRESCENT","","HARROGATE","","HG1 5BG","20171213","20200225","","","","","","","","","","1","","","","",""
"P4KL","BAA TRADING LIMITED","","","CAMBELLE CHEMISTS","83-85 BOUNDFIELD ROAD","CATFORD","LONDON","","SE6 1PH","20171213","","","","","","","","","","","1","","","","",""
"P4KM","GOOD HEALTH PHARMACIES LIMITED","","","112 WEST GREEN ROAD","","","LONDON","","N15 5AA","20171220","","","","","","","","","","","1","","","","",""
"P4KP","PHARMASON LIMITED","","","UNIT 5","MALABAR ROAD","","LEICESTER","","LE1 2PD","20171219","","","","","","","","","","","1","","","","",""
"P4KQ","KAUR PHARMA LIMITED","","","81 EDENHILL ROAD","","","PETERLEE","","SR8 5DD","20171220","20240228","","","","","","","","","","1","","","","",""
"P4KR","ANA MEDICARE LIMITED","","","DAY NIGHT PHARMACY","20 ALBION STREET","","BRIERLEY HILL","","DY5 3EE","20180110","","","","","","","","","","","1","","","","",""
"P4KT","JKR PHARMA LTD","","","MINTON CHEMIST","5 HIGH ROAD","WOOD GREEN","LONDON","","N22 6BH","20180108","","","","","","","","","","","1","","","","",""
"P4KV","PHARMHUB LTD","","","PHARMHUB PHARMACY","UNIT 149D GILL RUSSELL BP","OFF PLECK STREET WHARF RD","WALSALL","","WS2 9ES","20180115","","","","","","","","","","","1","","","","",""
"P4KW","IAN FRASER (ACQUISITIONS) LIMITED","","","ELLESMERE PHARMACY","7B RIVINGTON ROAD","","ELLESMERE PORT","","CH65 0AW","20180124","20180930","","","","","","","","","","1","","","","",""
"P4KX","HEALTHCARE MEDS LIMITED","","","G14 VICTORY HOUSE","400 PAVILION DRIVE","","NORTHAMPTON","","NN4 7PA","20180124","20230228","","","","","","","","","","1","","","","",""
"P4KY","PHARMICA LTD","","","55 ST JOHN STREET","","","LONDON","","EC1M 4AN","20171001","","","","","","","","","","","1","","","","",""
"P4L0","ANMSP LIMITED","","","20 MARYLEBONE HIGH STREET","","","LONDON","","W1U 4PB","20171001","","","","","","","","","","","1","","","","",""
"P4L1","MEDILOC TODAY LIMITED","","","UNIT 12 ALFRIC SQUARE","WOODSTON","","PETERBOROUGH","","PE2 7JP","20180214","20190408","","","","","","","","","","1","","","","",""
"P4L2","PACIFIC CHEM LTD","","","UNIT A1","DERWENTHAUGH INDUSTRIAL ESTATE","DERWENTHAUGH ROAD","NEWCASTLE UPON TYNE","","NE16 3BQ","20180214","","","","","","","","","","","1","","","","",""
"P4L3","PHILIP ALLEN","","","1 WARREN ROAD","DAWLISH WARREN","","DAWLISH","","EX7 0PQ","20180221","20260330","","","","","","","","","","1","","","","",""
"P4L4","ANSONSCO4 LIMITED","","","SMETHWICK MEDICAL CENTRE","REGENT STREET","","SMETHWICK","","B66 3BQ","20180221","20190409","","","","","","","","","","1","","","","",""
"P4L5","REFLECTION PHARMA LTD","","","UNIT 2","HALLAM FIELDS ROAD","BIRSTALL","LEICESTER","","LE4 3LH","20180228","","","","","","","","","","","1","","","","",""
"P4L6","SOUTHPORT PHARMACY GROUP LIMITED","","","84 BISPHAM ROAD","","","SOUTHPORT","","PR9 7DF","20180228","","","","","","","","","","","1","","","","",""
"P4L7","UK PHARMACIA LIMITED","","","UNIT 19H","AIRPORT INDUSTRIAL ESTATE","KINGSTON PARK","NEWCASTLE UPON TYNE","","NE3 2EF","20180228","20180711","","","","","","","","","","1","","","","",""
"P4L8","ONLINE EXPRESS MEDICINES LTD","","","UNIT K, 2 BECKINGHAM BUSINESS PARK","BECKINGHAM STREET","TOLLESHUNT MAJOR","MALDON","","CM9 8LZ","20180228","","","","","","","","","","","1","","","","",""
"P4L9","JASMINE AOULIK","","","CITIBASE, MORTLAKE BUSINESS CENTRE","20 MORTLAKE HIGH STREET","","LONDON","","SW14 8JN","20180228","","","","","","","","","","","1","","","","",""
"P4LA","SHAYAN LOCUMING LIMITED","","","UNIT G12","INDEPENDENCE HOUSE","ADELAIDE STREET","HEYWOOD","","OL10 4HF","20180305","20181031","","","","","","","","","","1","","","","",""
"P4LC","PARAN PATEL","","","1 BELL LANE","ALCONBURY","","HUNTINGDON","","PE28 4DU","20180301","20230531","","","","","","","","","","1","","","","",""
"P4LD","ALICARE SOLUTIONS LIMITED","","","32 WYNDHAM CRESCENT","WHITTON","","HOUNSLOW","","TW4 5HZ","20180305","","","","","","","","","","","1","","","","",""
"P4LE","OCTAVIAN HEALTHCARE LIMITED","","","2-4 ALBERT PLACE","WHITEFIELD","BURY","MANCHESTER","","M45 8NE","20180321","","","","","","","","","","","1","","","","",""
"P4LF","PLYMOUTH HEALTHCARE LIMITED","","","UNIT B1","APOLLO COURT","NEPTUNE PARK","PLYMOUTH","","PL4 0SJ","20180321","","","","","","","","","","","1","","","","",""
"P4LG","ZEEPHARMA LTD","","","8E EUROPA STUDIOS","VICTORIA ROAD","","LONDON","","NW10 6ND","20180321","","","","","","","","","","","1","","","","",""
"P4LH","KHAN CARE LTD","","","1 BRYNSMOOR ROAD","BRINSLEY","","NOTTINGHAM","","NG16 5DD","20180324","","","","","","","","","","","1","","","","",""
"P4LJ","JHOOTS CHEMIST GROUP","","","20 HATHERTON STREET","","","WALSALL","","WS4 2LA","20180329","","","","","","","","","","","1","","","","",""
"P4LK","BUTTS & HOBBS LIMITED","","","UNIT 1","11 THOROUGHFARE","","WOODBRIDGE","","IP12 1AA","20180401","20190116","","","","","","","","","","1","","","","",""
"P4LL","RXPHARMACO LTD","","","9 HORSHAM ROAD","","","CRAWLEY","","RH11 7AY","20180410","","","","","","","","","","","1","","","","",""
"P4LM","MOHAMMAD O.S. YOUSUF","","","1B GAINSFORD ROAD","","","SHEFFIELD","","S9 4RJ","20180411","20250418","","","","","","","","","","1","","","","",""
"P4LN","IMPRESA MEDICA LTD","","","13 CRANSTON GROVE","GATLEY","","CHEADLE","","SK8 4HS","20180414","","","","","","","","","","","1","","","","",""
"P4LP","OXFORD PHARMACY LTD","","","82 BOTLEY ROAD","","","OXFORD","","OX2 0BU","20180417","","","","","","","","","","","1","","","","",""
"P4LQ","WINDWARD HEALTH LTD","","","13 STATION APPROACH","","","WIRRAL","","CH47 8XA","20180401","","","","","","","","","","","1","","","","",""
"P4LR","ZS PHARMA LIMITED","","","109 BARKBY ROAD","","","LEICESTER","","LE4 9LG","20180301","","","","","","","","","","","1","","","","",""
"P4LT","PHARMACY PLANET","","","4 PROGRESS BUSINESS CENTRE","WHITTLE PARKWAY","","SLOUGH","","SL1 6DQ","20180506","20200604","","","","","","","","","","1","","","","",""
"P4LV","NEWINGTON PHARMACY","","","47-49 NEWINGTON ROAD","","","RAMSGATE","","CT12 6EW","20180501","20200317","","","","","","","","","","1","","","","",""
"P4LW","CLAUGHTON PARTNERSHIP LIMITED","","","2 UPTON ROAD","","","BIRKENHEAD","","CH41 0DF","20180523","20200211","","","","","","","","","","1","","","","",""
"P4LX","PHARMAMEDICAL LTD","","","5TH FLOOR, CONGRESS HOUSE","14 LYON ROAD","","HARROW","","HA1 2EN","20180531","","","","","","","","","","","1","","","","",""
"P4LY","PARAGON HEALTH SOLUTIONS LTD","","","11 MAIN DRIVE","EAST LANE","","WEMBLEY","","HA9 7NA","20180606","","","","","","","","","","","1","","","","",""
"P4M0","R & S PHARMA LIMITED","","","113 TURNPIKE LANE","","","LONDON","","N8 0DU","20180601","","","","","","","","","","","1","","","","",""
"P4M1","STOCKPORT HEALTHCARE LIMITED","","","43-45 LONGSHUT LANE WEST","","","STOCKPORT","","SK2 6RX","20180601","","","","","","","","","","","1","","","","",""
"P4M2","ALLPHARM LTD","","","BRAYDON AVENUE","LITTLE STOKE","","BRISTOL","","BS34 6BQ","20180606","","","","","","","","","","","1","","","","",""
"P4M3","MAVERICK HEALTHCARE LIMITED","","","UNIT 11 THE OLD BUS GARAGE","HARBORNE LANE","SELLY OAK","BIRMINGHAM","","B29 6SN","20180606","","","","","","","","","","","1","","","","",""
"P4M4","WC & K KING CHEMIST","","","35 AMWELL STREET","","","LONDON","","EC1R 1UR","20180620","","","","","","","","","","","1","","","","",""
"P4M5","A.P.A. (LEICESTER) LIMITED","","","1A LONGFELLOW ROAD","","","LEICESTER","","LE2 6BT","20180627","","","","","","","","","","","1","","","","",""
"P4M6","SUMEER MAQSOOD LTD","","","380 MOSTON LANE","","","MANCHESTER","","M40 9LX","20180622","","","","","","","","","","","1","","","","",""
"P4M7","CURX LIMITED","","","163 WINDERMERE ROAD","MIDDLETON","","MANCHESTER","","M24 5NQ","20180627","","","","","","","","","","","1","","","","",""
"P4M8","HATHERSAGE HEALTHCARE LIMITED","","","MAIN ROAD","HATHERSAGE","","HOPE VALLEY","","S32 1BB","20180701","","","","","","","","","","","1","","","","",""
"P4M9","JHOOTS PHARMACY LIMITED","","","1 ROBIN HOOD WALK","","","NEWARK","","NG24 1XH","20180701","20190409","","","","","","","","","","1","","","","",""
"P4MA","FAVOURABLE OUTCOMES LTD","","","UNIT 4 BLOCK 1","12A DEFIANT CLOSE","HAWKINGE","FOLKESTONE","","CT18 7SU","20180718","20180815","","","","","","","","","","1","","","","",""
"P4MC","MEDICOS PRIME HEALTH LIMITED","","","197 STANSTEAD ROAD","","","LONDON","","SE23 1HU","20180725","20220629","","","","","","","","","","1","","","","",""
"P4MD","PYRAMID HEALTHCARE 1 LTD","","","364 ST. ALBANS ROAD","","","WATFORD","","WD24 6PQ","20180723","","","","","","","","","","","1","","","","",""
"P4ME","THETFORD EA LIMITED","","","SCHOOL LANE SURGERY","SCHOOL LANE","","THETFORD","","IP24 2AG","20180808","","","","","","","","","","","1","","","","",""
"P4MF","PHARMACO WEMBLEY LIMITED","","","323 HARROW ROAD","","","WEMBLEY","","HA9 6BA","20180801","","","","","","","","","","","1","","","","",""
"P4MG","WORCESTERSHIRE PHARMACY SERVICES LIMITED","","","UNIT 16K-L TOP BARN B/CTR","WORCESTER ROAD","HOLT HEATH","WORCESTER","","WR6 6NH","20180729","20240526","","","","","","","","","","1","","","","",""
"P4MH","PHARMACARE SOLUTIONS UK LIMITED","","","36 CALDMORE GREEN","","","WALSALL","","WS1 3RW","20180801","","","","","","","","","","","1","","","","",""
"P4MJ","FTP HEALTHCARE LTD","","","UNIT 1A BELVEDERE ROAD","FALLOWFIELD","","MANCHESTER","","M14 6BA","20180806","20190930","","","","","","","","","","1","","","","",""
"P4MK","MAWSLEY HEALTHCARE LTD","","","5 BARNWELL COURT","MAWSLEY","","KETTERING","","NN14 1FG","20180807","20230531","","","","","","","","","","1","","","","",""
"P4ML","OAKLEY PRESCRIPTIONS LIMITED","","","10 OAKLEY ROAD","","","HARWICH","","CO12 4QZ","20180810","","","","","","","","","","","1","","","","",""
"P4MM","OSBON LIMITED","","","372 RAYLEIGH ROAD","","","LEIGH-ON-SEA","","SS9 5PT","20180822","20200915","","","","","","","","","","1","","","","",""
"P4MN","BELLE VALE HEALTHCARE LTD","","","119 BELLE VALE ROAD","","","LIVERPOOL","","L25 2PE","20180822","","","","","","","","","","","1","","","","",""
"P4MP","FAB HEALTHCARE LTD","","","16 CARLISLE ROAD","","","BRADFORD","","BD8 8AD","20180801","","","","","","","","","","","1","","","","",""
"P4MQ","SIDCUP HEALTHCARE LTD","","","23 SIDCUP HIGH STREET","","","SIDCUP","","DA14 6ED","20180802","","","","","","","","","","","1","","","","",""
"P4MR","PHARMALINC LTD","","","UNIT 157","STRATFORD WORKSHOPS","BURFORD ROAD","LONDON","","E15 2SP","20180829","","","","","","","","","","","1","","","","",""
"P4MT","RAMIN HEALTHCARE LIMITED","","","UNIT 89 SHELTON ENTERPRISE CENTRE","BEDFORD STREET","","STOKE-ON-TRENT","","ST1 4PZ","20180829","","","","","","","","","","","1","","","","",""
"P4MV","FAVOURABLE OUTCOMES LTD","","","UNIT 4, BLOCK 1","12A DEFIANT CLOSE","HAWKINGE","FOLKESTONE","","CT18 7SU","20180831","","","","","","","","","","","1","","","","",""
"P4MW","PSRS LIMITED","","","21 HIGH STREET","","","DULVERTON","","TA22 9HB","20180903","","","","","","","","","","","1","","","","",""
"P4MX","RISE PARK CAPITA LIMITED","","","881 LEA BRIDGE ROAD","","","LONDON","","E17 9DS","20180905","","","","","","","","","","","1","","","","",""
"P4MY","RIGHTCARE PHARMACY LIMITED","","","7 PARK PARADE","HARLESDEN","","LONDON","","NW10 4JH","20180901","","","","","","","","","","","1","","","","",""
"P4N0","TAN HEALTHCARE (BIRMINGHAM) LTD","","","118 WASHWOOD HEATH ROAD","","","BIRMINGHAM","","B8 1RE","20180905","20190930","","","","","","","","","","1","","","","",""
"P4N1","SHIVKAI LIMITED","","","UNIVERSITY OF SUSSEX, H.C BUILDING","REFECTORY ROAD","FALMER","BRIGHTON","","BN1 9RW","20180823","","","","","","","","","","","1","","","","",""
"P4N2","SBT CONSULTANTS LTD","","","90 CHURCH ROAD","","","LONDON","","SW13 0DQ","20180901","","","","","","","","","","","1","","","","",""
"P4N3","JSR HEALTHCARE LTD","","","MARINER HOUSE","MARINER","","TAMWORTH","","B79 7UL","20180912","","","","","","","","","","","1","","","","",""
"P4N4","THE PREREG TRAINING COMPANY LTD","","","UNIT 2B","PREMIER HOUSE","CORNFORD ROAD","BLACKPOOL","","FY4 4QQ","20180903","","","","","","","","","","","1","","","","",""
"P4N5","CHADDERTON HEALTHCARE LIMITED","","","80 BURNLEY LANE","CHADDERTON","","OLDHAM","","OL1 2PW","20180912","","","","","","","","","","","1","","","","",""
"P4N6","PHARMADOCTOR LTD","","","141 RYKNELD ROAD","LITTLEOVER","","DERBY","","DE23 4AL","20181001","20201231","","","","","","","","","","1","","","","",""
"P4N7","WARSHAM LTD","","","1 RAMSEY ROAD","WARBOYS","","HUNTINGDON","","PE28 2RW","20180926","","","","","","","","","","","1","","","","",""
"P4N8","THE-VYNE LIMITED","","","UNIT 1 CATTLEPENS","STATION ROAD","ELMSWELL","BURY ST. EDMUNDS","","IP30 9HD","20180907","","","","","","","","","","","1","","","","",""
"P4N9","SHANCO LIMITED","","","2 - 2A THE CAUSEWAY","GODMANCHESTER","","HUNTINGDON","","PE29 2HB","20181001","","","","","","","","","","","1","","","","",""
"P4NA","B A PHARMA LIMITED","","","204 WEST HENDON BROADWAY","","","LONDON","","NW9 7EE","20180917","","","","","","","","","","","1","","","","",""
"P4NC","ABAX HEALTH LIMITED","","","THE BROWN HOUSE","HIGH STREET","NEWPORT","SAFFRON WALDEN","","CB11 3QY","20181001","","","","","","","","","","","1","","","","",""
"P4ND","PLUMSTEAD PHARMA LTD","","","9 WICKHAM LANE","","","LONDON","","SE2 0XJ","20181001","","","","","","","","","","","1","","","","",""
"P4NE","FIVE HEALTHCARE LIMITED","","","277 ARCHER ROAD","","","STEVENAGE","","SG1 5HF","20181001","","","","","","","","","","","1","","","","",""
"P4NF","VANGMAYI LTD","","","1 WEST GROVE","","","SEAHAM","","SR7 8EL","20181001","","","","","","","","","","","1","","","","",""
"P4NG","SOUTH TYNE HEALTHCARE LIMITED","","","47 GASKELL AVENUE","","","SOUTH SHIELDS","","NE34 9TQ","20181001","","","","","","","","","","","1","","","","",""
"P4NH","IHS DISPENSING LIMITED","","","7 SELBORNE STREET","","","WALSALL","","WS1 2JN","20181010","","","","","","","","","","","1","","","","",""
"P4NJ","METABOLIC HEALTHCARE LTD","","","UNIT 1","WESTPOINT TRADING ESTATE","ALLIANCE ROAD","LONDON","","W3 0RA","20181008","20260831","","","","","","","","","","1","","","","",""
"P4NK","ASCENT HEALTHCARE LIMITED","","","63 NABBS LANE","HUCKNALL","","NOTTINGHAM","","NG15 6NT","20181010","","","","","","","","","","","1","","","","",""
"P4NL","PKW NG LTD","","","261 LONDON ROAD","HADLEIGH","","BENFLEET","","SS7 2BN","20181011","","","","","","","","","","","1","","","","",""
"P4NM","CARE+ MEDICINES LIMITED","","","27A BANASTRE ROAD","","","SOUTHPORT","","PR8 5AW","20181001","","","","","","","","","","","1","","","","",""
"P4NN","NICHOLAS ROBERT KAYE","","","1 CHESTER ROAD","","","NEWQUAY","","TR7 2RT","20181004","20190120","","","","","","","","","","1","","","","",""
"P4NP","MECKAY LIMITED","","","11 PICARDY STREET","","","BELVEDERE","","DA17 5QQ","20181017","","","","","","","","","","","1","","","","",""
"P4NQ","BMP HEALTHCARE LTD","","","118 BELGRAVE ROAD","","","LEICESTER","","LE4 5AT","20181017","","","","","","","","","","","1","","","","",""
"P4NR","OXHEYPHARM LTD","","","315 PRESTWICK ROAD","","","WATFORD","","WD19 6UT","20181031","","","","","","","","","","","1","","","","",""
"P4NT","MEDBURY LIMITED","","","UNIT G12","INDEPENDENCE HOUSE","ADELAIDE STREET","HEYWOOD","","OL10 4HF","20181029","20240319","","","","","","","","","","1","","","","",""
"P4NV","JADA PHARM LIMITED","","","44 CANNON HILL","","","LONDON","","N14 6LH","20181031","","","","","","","","","","","1","","","","",""
"P4NW","BENTLY SERVICES LIMITED","","","8-10 HIGH STREET","FLECKNEY","","LEICESTER","","LE8 8AJ","20181116","20190409","","","","","","","","","","1","","","","",""
"P4NX","PILLBOX SOUTH LTD","","","ANTEON HOUSE","NEWARK ROAD","","PETERBOROUGH","","PE1 5FL","20181101","20220901","","","","","","","","","","1","","","","",""
"P4NY","DERBYSHIRE PRIMARY CARE & COMM SERV LTD","","","FINANCE DEPARTMENT","CHESTERFIELD ROYAL HOSPITAL","CALOW","CHESTERFIELD","","S44 5BL","20181101","20221031","","","","","","","","","","1","","","","",""
"P4P0","EASIHEALTH LTD","","","138A WALTON ROAD","","","WOKING","","GU21 5DU","20181106","","","","","","","","","","","1","","","","",""
"P4P1","THE CO-OPEATIVE CARE LIMITED","","","PHARMACY UNIT, COOP DEPOT","ELTON HEAD ROAD","","ST. HELENS","","WA9 5AU","20181101","20230705","","","","","","","","","","1","","","","",""
"P4P2","ACCRINGTON LATE NIGHT PHARMACY LIMITED","","","188-190 BLACKBURN ROAD","","","ACCRINGTON","","BB5 0AQ","20181114","","","","","","","","","","","1","","","","",""
"P4P3","STOREYS DDR LTD","","","RIVERVIEW HEALTH CENTRE","BOROUGH ROAD","","SUNDERLAND","","SR1 2HJ","20181116","","","","","","","","","","","1","","","","",""
"P4P4","DE GLOBE HEALTHCARE LIMITED","","","UNIT 29, HASTINGWOOD TRADING ESTATE","35 HARBET ROAD","","LONDON","","N18 3HT","20181203","","","","","","","","","","","1","","","","",""
"P4P5","P.S.G. PHARMA LIMITED","","","105 WOKINGHAM ROAD","","","READING","","RG6 1LH","20181128","","","","","","","","","","","1","","","","",""
"P4P6","MEDS & PILLS LTD","","","OFFICE 3","64 WELLINGTON ROAD","","HAMPTON","","TW12 1JT","20181126","","","","","","","","","","","1","","","","",""
"P4P7","CROSS EXCELLENCE LIMITED","","","311-313 HORN LANE","","","LONDON","","W3 0BU","20181203","","","","","","","","","","","1","","","","",""
"P4P8","MOHAMMED UMAR MAHMOOD","","","PYRAMID PHARMACY","413 HOE STREET","","LONDON","","E17 9AP","20181201","20250625","","","","","","","","","","1","","","","",""
"P4P9","ADAM LOCUMS LTD","","","LONGTON PHARMACY","22 THE STRAND","","STOKE-ON-TRENT","","ST3 2JH","20181212","20190409","","","","","","","","","","1","","","","",""
"P4PA","MEDIX (AG) LIMITED","","","86 PROMENADE","","","BRIDLINGTON","","YO15 2QL","20181201","20200125","","","","","","","","","","1","","","","",""
"P4PC","EASY CARE SERVICES LIMITED","","","UNIT 11","LITTLETON HOUSE","ASHFORD ROAD","ASHFORD","","TW15 1UU","20190109","","","","","","","","","","","1","","","","",""
"P4PD","RAOS HEALTHCARE LIMITED","","","276 EAST PARK ROAD","","","LEICESTER","","LE5 5FD","20190102","","","","","","","","","","","1","","","","",""
"P4PE","UK APOTHECARY LIMITED","","","EQUITABLE HOUSE","7 WOOLWICH NEW ROAD","","LONDON","","SE18 6AB","20190101","","","","","","","","","","","1","","","","",""
"P4PF","ORANGE PRIVATE LIMITED","","","271 LONDON ROAD","","","READING","","RG1 3NY","20190121","","","","","","","","","","","1","","","","",""
"P4PG","WELLINGTON UNIT LIMITED","","","485 BRADFORD ROAD","","","BATLEY","","WF17 8LB","20190102","","","","","","","","","","","1","","","","",""
"P4PH","MEDINO ONLINE LTD","","","UNIT C","POPLAR BUSINESS PARK","PRESTONS ROAD","LONDON","","E14 9RL","20190123","20240228","","","","","","","","","","1","","","","",""
"P4PJ","SPIRIT PHARMACY LIMITED","","","SPIRIT HOUSE","1A SAFFRON WAY","","LEICESTER","","LE2 6UP","20190107","","","","","","","","","","","1","","","","",""
"P4PK","COTSWOLDS PRESCRIPTION LIMITED","","","ROBERT REAVLEY PHARMACY","124 HIGH STREET","","BURFORD","","OX18 4QR","20190123","","","","","","","","","","","1","","","","",""
"P4PL","TROJAN PHARMA LTD","","","101 LOCKHURST LANE","","","COVENTRY","","CV6 5SF","20190123","20260831","","","","","","","","","","1","","","","",""
"P4PM","TELPHARM LIMITED","","","WOODSIDE PHARMACY","PARK LANE CENTRE","PARK LANE","TELFORD","","TF7 5QZ","20190121","","","","","","","","","","","1","","","","",""
"P4PN","FRONTLINE HEALTHCARE LTD","","","UNIT 2-4","ROYLE PENNINE TRADING ESTATE","LYNROYLE WAY","ROCHDALE","","OL11 3EX","20190114","20231121","","","","","","","","","","1","","","","",""
"P4PP","APEX PHARM LTD","","","282 LEES ROAD","","","OLDHAM","","OL4 1PA","20190130","","","","","","","","","","","1","","","","",""
"P4PQ","JATIN PATEL","","","73 BALLARDS LANE","","","LONDON","","N3 1XT","20190130","","","","","","","","","","","1","","","","",""
"P4PR","PHARMPLUS","","","83 HALL GREEN STREET","","","BILSTON","","WV14 8TH","20190130","","","","","","","","","","","1","","","","",""
"P4PT","MEDSPACK","","","113 SHEEN LANE","","","LONDON","","SW14 8AE","20190130","","","","","","","","","","","1","","","","",""
"P4PV","FYN PHARMA LTD","","","UNIT 2","193-221 SOUTHWARK PARK ROAD","","LONDON","","SE16 3TS","20190201","","","","","","","","","","","1","","","","",""
"P4PW","OXFORD PHARMA LIMITED","","","74-77 MAGDALEN ROAD","","","OXFORD","","OX4 1RE","20190205","","","","","","","","","","","1","","","","",""
"P4PX","K.A.D. LIMITED","","","382 BATH ROAD","","","HOUNSLOW","","TW4 7HT","20190209","","","","","","","","","","","1","","","","",""
"P4PY","DOCK LIMITED","","","128 DOCK ROAD","","","TILBURY","","RM18 7BJ","20190206","","","","","","","","","","","1","","","","",""
"P4Q0","PF PHARMA LTD","","","66 POWIS STREET","","","LONDON","","SE18 6LQ","20190301","20190409","","","","","","","","","","1","","","","",""
"P4Q1","378 COMPANY LIMITED","","","UNIT 2C","THE CADCAM CENTRE","HIGH FORCE ROAD","MIDDLESBROUGH","","TS2 1RH","20190301","","","","","","","","","","","1","","","","",""
"P4Q2","C CLICK LTD","","","CARDINAL POINT","PARK ROAD","","RICKMANSWORTH","","WD3 1RE","20190225","20260328","","","","","","","","","","1","","","","",""
"P4Q3","CHEMICARE MOSELEY LTD","","","2D WAKE GREEN ROAD","","","BIRMINGHAM","","B13 9EZ","20190301","20190312","","","","","","","","","","1","","","","",""
"P4Q4","ALANICHEM LIMITED","","","116 PARK VIEW","","","WHITLEY BAY","","NE26 3QL","20190301","","","","","","","","","","","1","","","","",""
"P4Q5","SALAAM HEALTH LTD","","","509 PINNER ROAD","","","HARROW","","HA2 6EH","20190301","","","","","","","","","","","1","","","","",""
"P4Q6","SAIFEE HEALTHCARE LIMITED","","","2 CROMPTON HOUSE","WRITTLE ROAD","","CHELMSFORD","","CM1 3RW","20190316","20201130","","","","","","","","","","1","","","","",""
"P4Q7","MYNETPHARMA LIMITED","","","UNIT 1.01D","18 STOKE ROAD","","SLOUGH","","SL2 5AG","20190304","20210224","","","","","","","","","","1","","","","",""
"P4Q8","MANOR PHARMACY","","","37 HIGH STREET","BOVINGDON","","HEMEL HEMPSTEAD","","HP3 0HG","20190326","20260114","","","","","","","","","","1","","","","",""
"P4Q9","VANTAGE PHARMACY","","","2 RIDGEWAY ROAD","","","SHEFFIELD","","S12 2SS","20190326","","","","","","","","","","","1","","","","",""
"P4QA","SUFFOLK PHARMA LTD","","","COMBS LANE","","","STOWMARKET","","IP14 2DA","20190330","","","","","","","","","","","1","","","","",""
"P4QC","LAM PHARMACY & HEALTH LIMITED","","","DERBY ROAD","SWANWICK","","ALFRETON","","DE55 1AB","20190401","","","","","","","","","","","1","","","","",""
"P4QD","NOOR PHARMA NORTH EAST LIMITED","","","3D","HYLTON PARK","","SUNDERLAND","","SR5 3HD","20190401","20231031","","","","","","","","","","1","","","","",""
"P4QE","ADAM LOCUMS LTD","","","159 WATERLOO ROAD","","","STOKE-ON-TRENT","","ST6 2ER","20190402","","","","","","","","","","","1","","","","",""
"P4QF","HAMMERSMITH PHARMACY","","","109-111 FULHAM PALACE ROAD","HAMMERSMITH","","LONDON","","W6 8JA","19900601","20200101","","","","","","","","","","1","","","","",""
"P4QG","VICARS CROSS HEALTHCARE LTD","","","58 GREEN LANE","VICARS CROSS","","CHESTER","","CH3 5LB","20190408","","","","","","","","","","","1","","","","",""
"P4QH","FIVE PHARM LTD","","","7 PRIESTWOOD SQUARE","","","BRACKNELL","","RG42 1UD","20190408","","","","","","","","","","","1","","","","",""
"P4QJ","E-HEALTH PHARMACY LTD","","","122 WINDERMERE AVENUE","","","WEMBLEY","","HA9 8RB","20190329","","","","","","","","","","","1","","","","",""
"P4QK","INTERNATIONAL PATIENT SERVICES LIMITED","","","RAWNSLEY ROAD","","","CANNOCK","","WS12 1JF","20190401","","","","","","","","","","","1","","","","",""
"P4QL","UK HEALTH FOCUS LTD","","","UNIT 13A, BUILDING 13","ALBION MILLS, ALBION ROAD","","BRADFORD","","BD10 9TQ","20190404","","","","","","","","","","","1","","","","",""
"P4QM","GATEWAY TO UNITED KINGDOM EDUCATION LTD","","","30 BINGLEY ROAD","","","SHIPLEY","","BD18 4RS","20190408","20250701","","","","","","","","","","1","","","","",""
"P4QN","GV PHARMA LTD","","","UNIT 5","RIVERSIDE STUDIOS","MILL LANE","DRONFIELD","","S18 2XL","20190410","","","","","","","","","","","1","","","","",""
"P4QP","KARA BROTHERS LTD","","","372 SOUTHCHURCH DRIVE","","","NOTTINGHAM","","NG11 9FE","20190323","","","","","","","","","","","1","","","","",""
"P4QQ","AIGBOJE O.A IREMIRAN","","","169 RYE LANE","","","LONDON","","SE15 4TL","20190424","","","","","","","","","","","1","","","","",""
"P4QR","PENNYWELL HEALTHCARE LIMITED","","","32 BRIGHTON ROAD","SALFORDS","","REDHILL","","RH1 5BX","20190424","","","","","","","","","","","1","","","","",""
"P4QT","HUSTANS LIMITED","","","366 GREEN LANE","SMALL HEATH","","BIRMINGHAM","","B9 5DT","20190422","","","","","","","","","","","1","","","","",""
"P4QV","MEDICLINIC PHARMACY LIMITED","","","74-76 WATLING STREET","","","GILLINGHAM","","ME7 2YW","20190430","","","","","","","","","","","1","","","","",""
"P4QW","PUSH HEALTHCARE LIMITED","","","UNIT 3","242 ROMFORD ROAD","","LONDON","","E7 9HZ","20190501","","","","","","","","","","","1","","","","",""
"P4QX","PHARMACO HALESOWEN LIMITED","","","118 COLLEY GATE","","","HALESOWEN","","B63 2BU","20190501","20190508","","","","","","","","","","1","","","","",""
"P4QY","SUNNY PHARMACY LIMITED","","","15-17 MELROSE STREET","","","LEICESTER","","LE4 6FD","20190422","20231130","","","","","","","","","","1","","","","",""
"P4R0","L & P 244 LTD","","","102 BARNSLEY ROAD","","","WAKEFIELD","","WF1 5NX","20190501","20250319","","","","","","","","","","1","","","","",""
"P4R1","LORDCHEM LTD","","","439 LORDSHIP LANE","","","LONDON","","N22 5DJ","20190501","","","","","","","","","","","1","","","","",""
"P4R2","PEOPLE'S CHEMIST LIMITED","","","14 WEST STREET","","","SOUTHEND-ON-SEA","","SS2 6HJ","20190501","20220831","","","","","","","","","","1","","","","",""
"P4R3","MANNINGHAM HEALTHCARE LTD","","","120 LUMB LANE","","","BRADFORD","","BD8 7RS","20190510","20201006","","","","","","","","","","1","","","","",""
"P4R4","ABRX PHARMA LIMITED","","","139 MAULDETH ROAD","","","MANCHESTER","","M14 6SR","20190501","","","","","","","","","","","1","","","","",""
"P4R5","NOMAZ LIMITED","","","82 MIDDLETON ROAD","GORLESTON","","GREAT YARMOUTH","","NR31 7AH","20190517","","","","","","","","","","","1","","","","",""
"P4R6","JELA PHARM LIMITED","","","11 SOMERBY DRIVE","OADBY","","LEICESTER","","LE2 4PH","20190513","","","","","","","","","","","1","","","","",""
"P4R7","MASQ LTD","","","1 OAKBANK","BROADGATE","GRASMERE","AMBLESIDE","","LA22 9TA","20190401","","","","","","","","","","","1","","","","",""
"P4R8","PRSS LIMITED","","","70 THE BROADWAY","","","GREENFORD","","UB6 9QA","20190529","","","","","","","","","","","1","","","","",""
"P4R9","PHARMKARE LTD","","","249 MARKHOUSE ROAD","WALTHAMSTOW","","LONDON","","E17 8EE","20190520","","","","","","","","","","","1","","","","",""
"P4RA","MANOR PHARMACY (WHEATHAMPSTEAD) LIMITED","","","2 HIGH STREET","WHEATHAMPSTEAD","","ST. ALBANS","","AL4 8AA","20190601","","","","","","","","","","","1","","","","",""
"P4RC","TAFFS PHARMACY LTD","","","26 OSWALD ROAD","","","SCUNTHORPE","","DN15 7PT","20190603","","","","","","","","","","","1","","","","",""
"P4RD","MEDICINES EXTRA HEALTHCARE LTD","","","33-35 COMMERCIAL STREET","NORTON","","MALTON","","YO17 9HX","20190531","","","","","","","","","","","1","","","","",""
"P4RE","PROMISING HEALTHCARE LIMITED","","","73 SHERWOOD HOUSE","BUSH FAIR","","HARLOW","","CM18 6NW","20190619","","","","","","","","","","","1","","","","",""
"P4RF","DAVID JT LIMITED","","","735 SIDCUP ROAD","","","LONDON","","SE9 3SA","20190613","","","","","","","","","","","1","","","","",""
"P4RG","APKSM-PHARM786 LTD","","","1A LAVENHAM BUSINESS CENTRE","PARSONS STREET","","OLDHAM","","OL9 7AH","20190701","20231231","","","","","","","","","","1","","","","",""
"P4RH","POSTBOX PHARMCARE LTD","","","235 MARKET STREET","","","BURY","","BL9 9AA","20190601","","","","","","","","","","","1","","","","",""
"P4RJ","TEIN POH HEALTH LTD","","","1 ROEBUCK PLACE","110 ROEBUCK ROAD","","CHESSINGTON","","KT9 1EU","20190701","","","","","","","","","","","1","","","","",""
"P4RK","EVEREST PHARMACY LTD","","","201 UPPER CHORLTON ROAD","","","MANCHESTER","","M16 0BH","20190701","","","","","","","","","","","1","","","","",""
"P4RL","TRUEPILL LTD","","","UNIT 1","FIFTH STREET","TRAFFORD PARK","MANCHESTER","","M17 1JX","20190627","","","","","","","","","","","1","","","","",""
"P4RM","SHIVNEAL MEDICARE LIMITED","","","45 HIGH ROAD","","","BROXBOURNE","","EN10 7HX","20190704","","","","","","","","","","","1","","","","",""
"P4RN","D GUPTA LIMITED","","","2 TOWPATH CLOSE","BORDESLEY VILLAGE CENTRE","","BIRMINGHAM","","B9 4QA","20190719","","","","","","","","","","","1","","","","",""
"P4RP","RAJA HEALTHCARE LIMITED","","","163 WINDERMERE ROAD","MIDDLETON","","MANCHESTER","","M24 5NQ","20190701","","","","","","","","","","","1","","","","",""
"P4RQ","ALL OPAL LTD","","","277 BASINGSTOKE ROAD","","","READING","","RG2 0JA","20190805","","","","","","","","","","","1","","","","",""
"P4RR","PAXTON LIMITED","","","UNIT 3-4","WESTERN AVENUE SHOPPING MALL","WESTERN AVENUE","CHESTER","","CH1 5PN","20190801","20200211","","","","","","","","","","1","","","","",""
"P4RT","MEDISURE PHARMA LTD","","","1318 GREENFORD ROAD","","","GREENFORD","","UB6 0HL","20190801","","","","","","","","","","","1","","","","",""
"P4RV","PHARMACO HALESOWEN LIMITED","","","118 COLLEY GATE","","","HALESOWEN","","B63 2BU","20190801","","","","","","","","","","","1","","","","",""
"P4RW","CP PHARMA LTD","","","98 MURRAY GROVE","","","LONDON","","N1 7QP","20190801","","","","","","","","","","","1","","","","",""
"P4RX","AYU HEALTH LTD","","","SOUTHAMPTON ROAD","BARTLEY","","SOUTHAMPTON","","SO40 2NA","20190807","","","","","","","","","","","1","","","","",""
"P4RY","YN HEALTHCARE LTD","","","1 CAXTON PARK","CAXTON ROAD","ELMS FARM INDUSTRIAL ESTATE","BEDFORD","","MK41 0TY","20190801","","","","","","","","","","","1","","","","",""
"P4S5Y","EPHARMA LIMITED","","","UNIT B2","GUY MOTORS INDUSTRIAL PARK","PARK LANE","WOLVERHAMPTON","","WV10 9QF","20230913","","","","","","","","","","","1","","","","",""
"P4T0","DIRECT HEALTH SOLUTIONS LTD","","","UNIT D1","SPECTRUM BUSINESS ESTATE","ANTHONYS WAY","ROCHESTER","","ME2 4NP","20190805","","","","","","","","","","","1","","","","",""
"P4T1","SPG PHARMA LIMITED","","","1 CLEMATIS TYE","","","CHELMSFORD","","CM1 6GL","20190902","","","","","","","","","","","1","","","","",""
"P4T2","TU4 PRESCRIPTIONS LIMITED","","","67-69 PARK LANE","","","HORNCHURCH","","RM11 1BH","20190902","","","","","","","","","","","1","","","","",""
"P4T3","R V PHARMA LTD","","","4 HERRIOTTS LANE","","","WELLINGBOROUGH","","NN8 4PT","20190830","","","","","","","","","","","1","","","","",""
"P4T4","PHARMADOCS UK LIMITED","","","223 EAST INDIA DOCK ROAD","","","LONDON","","E14 0ED","20190904","20230606","","","","","","","","","","1","","","","",""
"P4T5","SANDER PHARMA LIMITED","","","133 PERCY ROAD","","","TWICKENHAM","","TW2 6HT","20190902","","","","","","","","","","","1","","","","",""
"P4T6","YOUR PRESCRIPTIONS LIMITED","","","88 SHIRELAND ROAD","","","SMETHWICK","","B66 4QJ","20190829","","","","","","","","","","","1","","","","",""
"P4T7","JERSEY FARM ST ALBANS LTD","","","7 ST. BRELADES PLACE","","","ST. ALBANS","","AL4 9RG","20190916","","","","","","","","","","","1","","","","",""
"P4T8","WINDERMERE COMMUNITY PHARMACY LTD","","","16 CRESCENT ROAD","","","WINDERMERE","","LA23 1DT","20190918","","","","","","","","","","","1","","","","",""
"P4T9","BOULEVARD HEALTHCARE LTD","","","THE BOULEVARD MEDICAL PRACTICE","116 SAVILE PARK ROAD","","HALIFAX","","HX1 2ES","20190831","","","","","","","","","","","1","","","","",""
"P4TA","MAA TRADING LTD","","","274 HAVANT ROAD","DRAYTON","","PORTSMOUTH","","PO6 1PA","20190925","","","","","","","","","","","1","","","","",""
"P4TC","WONN LIMITED","","","66 VALE ROAD","COLWICK","","NOTTINGHAM","","NG4 2EB","20190930","","","","","","","","","","","1","","","","",""
"P4TD","NAJAM & IRSHAD LTD","","","34A PINDERFIELDS ROAD","","","WAKEFIELD","","WF1 3NQ","20191002","20231021","","","","","","","","","","1","","","","",""
"P4TE","CARE & CURE PARTNERSHIP LIMITED","","","STATION ROAD","HOVETON","","NORWICH","","NR12 8UR","20191001","","","","","","","","","","","1","","","","",""
"P4TF","PHLO TECHNOLOGIES LTD","","","UNIT 13","CONTAINERVILLE STUDIOS","35 CORBRIDGE CRESCENT","LONDON","","E2 9EZ","20191002","","","","","","","","","","","1","","","","",""
"P4TG","PEARL PHARMACY LIMITED","","","118 WASHWOOD HEATH ROAD","WASHWOOD HEATH","","BIRMINGHAM","","B8 1RE","20191001","","","","","","","","","","","1","","","","",""
"P4TH","MY E-PHARMACARE LIMITED","","","75A DIXONS GREEN ROAD","","","DUDLEY","","DY2 7DJ","20191009","","","","","","","","","","","1","","","","",""
"P4TJ","NEW HEALTH SUPPLIES LIMITED","","","UNIT 5","ARCHDALE BUSINESS CENTRE","BREMBER ROAD","HARROW","","HA2 8DJ","20190923","","","","","","","","","","","1","","","","",""
"P4TK","SHREEJI MEDICARE LIMITED","","","399 ALEXANDRA AVENUE","","","HARROW","","HA2 9SG","20191003","","","","","","","","","","","1","","","","",""
"P4TL","JS PHARMA LIMITED","","","162-166 LONGWOOD GARDENS","","","ILFORD","","IG5 0EW","20191018","","","","","","","","","","","1","","","","",""
"P4TM","ANANCREST LIMITED","","","275-277 HIGH STREET","","","FELIXSTOWE","","IP11 9DU","20191023","","","","","","","","","","","1","","","","",""
"P4TN","JOSHHEALTH LTD","","","5 MADDOCK WAY","","","LONDON","","SE17 3NH","20191023","","","","","","","","","","","1","","","","",""
"P4TP","MEDICINE BOX (LONDON) LTD","","","29 BRIDGE ROAD","","","WEMBLEY","","HA9 9AB","20191023","","","","","","","","","","","1","","","","",""
"P4TQ","IBI HEALTHCARE LTD","","","WESTBOURNE GREEN CHC CTR","50 HEATON ROAD","","BRADFORD","","BD8 8RA","20191023","","","","","","","","","","","1","","","","",""
"P4TR","ALLIED PHARMACIES LTD","","","UNIT 18","NEILLS ROAD","BOLD INDUSTRIAL PARK","ST. HELENS","","WA9 4TU","20191001","20230405","","","","","","","","","","1","","","","",""
"P4TT","FAIRWAY PHARMACIES LIMITED","","","17 WERBURGH DRIVE","","","STOKE-ON-TRENT","","ST4 8JT","20191030","","","","","","","","","","","1","","","","",""
"P4TV","VICTORIA HEALTHCARE LIMITED","","","95 THE BROADWAY","","","STOURBRIDGE","","DY8 3HX","20191030","","","","","","","","","","","1","","","","",""
"P4TW","TOMLINSONS OF LYTHAM LIMITED","","","5 HEADLANDS LANE","","","KNOTTINGLEY","","WF11 0LA","20191030","","","","","","","","","","","1","","","","",""
"P4TX","PRIME HEALTH PARTNERS LIMITED","","","79 ABBEY ROAD","","","LONDON","","NW8 0AE","20191030","20200908","","","","","","","","","","1","","","","",""
"P4TY","JUNCTION PHARMA LIMITED","","","4 BATLEY ROAD","","","HECKMONDWIKE","","WF16 9NE","20191101","","","","","","","","","","","1","","","","",""
"P4U7G","HYAT PHARMACY LTD","","","15 MAIN ROAD","HEXTABLE","","SWANLEY","","BR8 7RB","20201002","","","","","","","","","","","1","","","","",""
"P4U8S","FIRSTCARE DERBY LTD","","","68 CLARENCE ROAD","","","DERBY","","DE23 6LQ","20211222","","","","","","","","","","","1","","","","",""
"P4V0","UNITED HEALTHCARE GROUP LTD","","","HIGH STREET","NEWHALL","","SWADLINCOTE","","DE11 0HU","20191101","","","","","","","","","","","1","","","","",""
"P4V1","SAVILLE PHARMACY LTD","","","61 STATION ROAD","NORTH HARROW","","HARROW","","HA2 7SR","20191031","","","","","","","","","","","1","","","","",""
"P4V2","BUSHRA MANSOORA KHAN","","","113A WEST STREET","","","FARNHAM","","GU9 7HH","20191113","","","","","","","","","","","1","","","","",""
"P4V3","SKA HEALTHCARE LIMITED","","","12A EMPERORS GATE","","","STEVENAGE","","SG2 7QX","20191001","","","","","","","","","","","1","","","","",""
"P4V4","5 HEALTH NORTHWEST LTD","","","167 PRINCESS ROAD","MOSS SIDE","","MANCHESTER","","M14 4RL","20191002","","","","","","","","","","","1","","","","",""
"P4V5","COMPASSIONATE AL LTD","","","CARTHOUSE 3","COPLEY HILL FARM BUSINESS PARK","CAMBRIDGE ROAD","CAMBRIDGE","","CB22 3GN","20191104","","","","","","","","","","","1","","","","",""
"P4V6","T & C HUNT (PHARMACY) LIMITED","","","CENTRAL SURGERY","SUSSEX ROAD","GORLESTON","GREAT YARMOUTH","","NR31 6QB","20191120","","","","","","","","","","","1","","","","",""
"P4V7","JCL COBHAM & NS LIMITED","","","168 PORTSMOUTH ROAD","","","COBHAM","","KT11 1HT","20191127","","","","","","","","","","","1","","","","",""
"P4V7C","MIDDLESBROUGH HEALTHCARE LIMITED","","","169A BOROUGH ROAD","","","MIDDLESBROUGH","","TS1 3RZ","20231206","","","","","","","","","","","1","","","","",""
"P4V8","YORK ROAD ENTERPRISES LTD","","","230 YORK ROAD","","","LEEDS","","LS9 9BP","20191127","","","","","","","","","","","1","","","","",""
"P4V9","HEALTHCARE TIME LTD","","","27 NEWMARKET STREET","","","SKIPTON","","BD23 2JE","20191118","","","","","","","","","","","1","","","","",""
"P4VA","PHARM2U LIMITED","","","16 ROEHAMPTON HIGH STREET","","","LONDON","","SW15 4HJ","20191127","","","","","","","","","","","1","","","","",""
"P4VC","PENWORTHAM HEALTHCARE LIMITED","","","22 LIVERPOOL ROAD","PENWORTHAM","","PRESTON","","PR1 0DQ","20191127","20200218","","","","","","","","","","1","","","","",""
"P4VD","SHRI PHARMACY GROUP LTD","","","511 KINGSBURY ROAD","","","LONDON","","NW9 9EG","20191127","","","","","","","","","","","1","","","","",""
"P4VE","SHAUNAKS LIMITED","","","KENNEDY WAY","YATE","","BRISTOL","","BS37 4DQ","20191101","","","","","","","","","","","1","","","","",""
"P4VF","SAI DUTT LTD","","","342 WELLINGTON STREET","","","GRIMSBY","","DN32 7JR","20191202","","","","","","","","","","","1","","","","",""
"P4VG","FREEMAN GRIEVE LIMITED","","","31 TOWN CENTRE","","","HATFIELD","","AL10 0JT","20191202","","","","","","","","","","","1","","","","",""
"P4VH","RAYLANE LTD","","","29 HIGH STREET","KINVER","","STOURBRIDGE","","DY7 6HF","20191202","20200811","","","","","","","","","","1","","","","",""
"P4VJ","EXPRESS HEALTHCARE SERVICES LTD","","","90A HEATHFIELD ROAD","HANDSWORTH","","BIRMINGHAM","","B19 1HJ","20191211","","","","","","","","","","","1","","","","",""
"P4VK","AAA HEALTH LIMITED","","","17 ASHBURTON ROAD","","","NEWCASTLE UPON TYNE","","NE3 4XN","20191206","","","","","","","","","","","1","","","","",""
"P4VL","F & L HEALTH LTD","","","8-9 CLIFTON PARADE","FARINGTON","","LEYLAND","","PR25 4YU","20191218","","","","","","","","","","","1","","","","",""
"P4VM","AKBAR PHARMA LTD","","","270 EARLSDON AVENUE NORTH","","","COVENTRY","","CV5 6GX","20191206","20241003","","","","","","","","","","1","","","","",""
"P4VN","TTOPS HEALTHCARE LIMITED","","","379 FOOTSCRAY ROAD","","","LONDON","","SE9 2DR","20191202","20260717","","","","","","","","","","1","","","","",""
"P4VP","SPRINGFALL UK LTD","","","UNIT 10","ALBION PARK","ARMLEY ROAD","LEEDS","","LS12 2EJ","20191216","","","","","","","","","","","1","","","","",""
"P4VQ","MYMEDS HEALTHCARE LTD","","","138 SALMON LANE","","","LONDON","","E14 7PQ","20191209","","","","","","","","","","","1","","","","",""
"P4VR","SOFIL UK LTD","","","UNIT 34","FLEXSPACE","LINGFIELD WAY","DARLINGTON","","DL1 4QZ","20200102","","","","","","","","","","","1","","","","",""
"P4VT","RP HEALTHCARE LTD","","","109-111 FULHAM PALACE ROAD","","","LONDON","","W6 8JA","20200102","","","","","","","","","","","1","","","","",""
"P4VV","IAN FRASER SPV LIMITED","","","21 CHURCH STREET","","","OSSETT","","WF5 9DG","20200102","","","","","","","","","","","1","","","","",""
"P4VW","PHARMAHEALTH (MIDLANDS) LIMITED","","","1-3 LOWER DALE ROAD","","","DERBY","","DE23 6WY","20200101","","","","","","","","","","","1","","","","",""
"P4VX","FASTRACK HEALTH LTD","","","EDMONDS GARAGE","THE GREEN","LYNEHAM","CHIPPENHAM","","SN15 4PD","20200102","","","","","","","","","","","1","","","","",""
"P4VY","MERAJ 2 LIMITED","","","55 HAINAULT ROAD","","","LONDON","","E11 1EA","20200106","20200317","","","","","","","","","","1","","","","",""
"P4W0","JSBH LTD","","","96 OAKFIELD ROAD","WHICKHAM","","NEWCASTLE UPON TYNE","","NE16 5QU","20200102","","","","","","","","","","","1","","","","",""
"P4W1","JAFFER ENTERPRISES LIMITED","","","127-129 EVELINA ROAD","","","LONDON","","SE15 3HB","20200101","20220330","","","","","","","","","","1","","","","",""
"P4W2","CHEADLE HEALTHCARE LIMITED","","","1 BUCKINGHAM ROAD","CHEADLE HULME","","CHEADLE","","SK8 5EG","20200107","","","","","","","","","","","1","","","","",""
"P4W3","GROVE STREET PHARMACY LIMITED","","","2 GOLDEN HIND PLACE","GROVE STREET","","LONDON","","SE8 3QG","20200115","","","","","","","","","","","1","","","","",""
"P4W4","KP (KINETON) LIMITED","","","WARWICK ROAD","KINETON","","WARWICK","","CV35 0HN","20200115","20200225","","","","","","","","","","1","","","","",""
"P4W5","FAMPHARM LIMITED","","","FERNVILLE SURGERY","MIDLAND ROAD","","HEMEL HEMPSTEAD","","HP2 5BL","20200109","","","","","","","","","","","1","","","","",""
"P4W6","FRANK TAYLOR & AYS LTD","","","207 LEEDS ROAD","","","NELSON","","BB9 8EH","20200103","","","","","","","","","","","1","","","","",""
"P4W6A","XYRESIC LIMITED","","","FIFTH AVENUE","","","GOOLE","","DN14 6JD","20230705","","","","","","","","","","","1","","","","",""
"P4W7","RPK HEALTHCARE LIMITED","","","UNIT 25","OAKHILL TRADING ESTATE","DEVONSHIRE ROAD","MANCHESTER","","M28 3PT","20200122","20260331","","","","","","","","","","1","","","","",""
"P4W8","CONKER PJ LIMITED","","","SHAKESPEARE HOUSE HEALTH CENTRE","SHAKESPEARE ROAD","","BASINGSTOKE","","RG24 9DT","20200120","","","","","","","","","","","1","","","","",""
"P4W9","MR SARFRAIZ HUSSAIN","","","199 BIRCHFIELD ROAD","","","BIRMINGHAM","","B19 1LL","20200122","","","","","","","","","","","1","","","","",""
"P4WA","NEIL GATHANI","","","486A CALEDONIAN ROAD","","","LONDON","","N7 9RP","20200116","","","","","","","","","","","1","","","","",""
"P4WC","KASMWA LIMITED","","","2-3 EWELL HOUSE PARADE","EPSOM ROAD","","EPSOM","","KT17 1NP","20200129","","","","","","","","","","","1","","","","",""
"P4WD","YSIM PHARMA LIMITED","","","641 WATFORD WAY","","","LONDON","","NW7 3JR","20200129","","","","","","","","","","","1","","","","",""
"P4WE","RAZ ENTERPRISES LIMITED","","","8 STATION PARADE","NOEL ROAD","","LONDON","","W3 0DS","20200129","","","","","","","","","","","1","","","","",""
"P4WF","SUSSEX PHARMACIES LTD","","","59 LUSTRELLS VALE","SALTDEAN","","BRIGHTON","","BN2 8FA","20200129","","","","","","","","","","","1","","","","",""
"P4WG","SUMEDHA PHARMA LIMITED","","","42 HIGH STREET","","","KINGTON","","HR5 3BJ","20200129","","","","","","","","","","","1","","","","",""
"P4WH","S AND B HEALTH LTD","","","221 STATION ROAD","WYTHALL","","BIRMINGHAM","","B47 6ET","20200129","","","","","","","","","","","1","","","","",""
"P4WJ","GULPEPPER LTD","","","1-3 OMAHA ROAD","","","BODMIN","","PL31 1ES","20200201","","","","","","","","","","","1","","","","",""
"P4WK","IMMAN LTD","","","95 HOLME WOOD ROAD","","","BRADFORD","","BD4 9EJ","20200201","20220706","","","","","","","","","","1","","","","",""
"P4WL","PHARMA PEOPLE LTD","","","81 FAIR ROAD","","","BRADFORD","","BD6 1TD","20200131","","","","","","","","","","","1","","","","",""
"P4WM","GOSRANI SERVICES LTD","","","1889 PERSHORE ROAD","KINGS NORTON","","BIRMINGHAM","","B30 3DJ","20200205","","","","","","","","","","","1","","","","",""
"P4WN","HASSANI HEALTHCARE LTD","","","75 SPENCER AVENUE","YARNTON","","KIDLINGTON","","OX5 1NQ","20200226","","","","","","","","","","","1","","","","",""
"P4WP","CREWKERNE HEALTHCARE LLP","","","MIDDLE PATH","","","CREWKERNE","","TA18 8BG","20200226","20201006","","","","","","","","","","1","","","","",""
"P4WQ","WELLCARE (HARROW WEALD) LIMITED","","","2 WEALD LANE","","","HARROW","","HA3 5ES","20200226","","","","","","","","","","","1","","","","",""
"P4WR","DMA SOUTH EAST LIMITED","","","352 HIGH ROAD","","","LONDON","","N22 8JW","20200226","","","","","","","","","","","1","","","","",""
"P4WT","IHSAN PHARMA LTD","","","139 VICTORIA PARK ROAD","","","BUXTON","","SK17 7PE","20200226","","","","","","","","","","","1","","","","",""
"P4WV","BVR (JAVIC) LIMITED","","","171 CLARENCE AVENUE","","","NEW MALDEN","","KT3 3TX","20200226","","","","","","","","","","","1","","","","",""
"P4WW","APOTHECARE GROUP LIMITED","","","153A STAMFORD ROAD","","","BIRMINGHAM","","B20 3PS","20200226","","","","","","","","","","","1","","","","",""
"P4WX","STAR HEALTH SOLUTIONS LIMITED","","","1723-1725 LONDON ROAD","","","LEIGH-ON-SEA","","SS9 2SW","20200226","","","","","","","","","","","1","","","","",""
"P4WY","CHEMICARE STECHFORD LTD","","","153 STATION ROAD","STECHFORD","","BIRMINGHAM","","B33 8BA","20200226","","","","","","","","","","","1","","","","",""
"P4X0","MR IAN JAMES GREENEP","","","38 WOOLMER WAY","","","BORDON","","GU35 9QF","20200203","20241006","","","","","","","","","","1","","","","",""
"P4X0F","BUCKS PHARMACIES LIMITED","","","258 COWLEY ROAD","","","OXFORD","","OX4 1UH","20241009","","","","","","","","","","","1","","","","",""
"P4X1","BARTONGATE LTD","","","113 BARTON STREET","","","GLOUCESTER","","GL1 4HR","20200302","","","","","","","","","","","1","","","","",""
"P4X2","MORRAB PHARMACY LIMITED","","","2 MORRAB ROAD","","","PENZANCE","","TR18 4EL","20200301","","","","","","","","","","","1","","","","",""
"P4X3","SIMPLE ONLINE HEALTHCARE LIMITED","","","10 CROSSTHWAITE AVENUE","","","LONDON","","SE5 8ET","20200302","20260331","","","","","","","","","","1","","","","",""
"P4X4","G.S. PHILLIPS (MANOR PHARMACY)","","","UNIT 3","METRO CENTRE","RONSONS WAY","ST. ALBANS","","AL4 9QT","20191001","","","","","","","","","","","1","","","","",""
"P4X5","PM CARE ONLINE LTD","","","6 THE MOUNT","","","COVENTRY","","CV3 5GU","20200318","","","","","","","","","","","1","","","","",""
"P4X6","SETH'S HEALTHCARE LIMITED","","","30 MILL LANE","WEST DERBY","","LIVERPOOL","","L12 7JB","20200314","","","","","","","","","","","1","","","","",""
"P4X7","MORLAND HOUSE HEALTHCARE LIMITED","","","39 HIGH STREET","WHEATLEY","","OXFORD","","OX33 1XX","20200325","","","","","","","","","","","1","","","","",""
"P4X8","SMBS HEALTHCARE LTD","","","41 BOURNE STREET","WOODSETTON","","DUDLEY","","DY3 1AF","20200323","","","","","","","","","","","1","","","","",""
"P4X9","PARWIN LIMITED","","","61 SOUTHCHURCH ROAD","","","SOUTHEND-ON-SEA","","SS1 2NL","20200325","","","","","","","","","","","1","","","","",""
"P4XA","KP PANKHANIA LIMITED","","","160 PINNER ROAD","","","HARROW","","HA1 4JJ","20200331","","","","","","","","","","","1","","","","",""
"P4XC","LAKES CARE GROUP LTD","","","CAVENDISH HOUSE","GROUND FLOOR, 13 LODGE RD","","LONDON","","NW4 4DD","20200330","","","","","","","","","","","1","","","","",""
"P4XD","ELDER PHARMA LIMITED","","","16 THE STOW","MARK HALL","","HARLOW","","CM20 3AH","20200401","","","","","","","","","","","1","","","","",""
"P4XE","LAKEPHARM LTD","","","40 HIGH STREET","LAKENHEATH","","BRANDON","","IP27 9JS","20200313","","","","","","","","","","","1","","","","",""
"P4XF","HAZEL HOPE LIMITED","","","124 FRIMLEY ROAD","","","CAMBERLEY","","GU15 2QN","20200401","","","","","","","","","","","1","","","","",""
"P4XG","MR BAKULESH PATEL & MRS BHAVNA PATEL","","","242 OLD LONDON ROAD","","","HASTINGS","","TN35 5LT","20200401","","","","","","","","","","","1","","","","",""
"P4XH","CHRISCHEM (UK) LTD","","","21 EASTHAM CRESCENT","","","BRENTWOOD","","CM13 2BN","20200406","20200429","","","","","","","","","","1","","","","",""
"P4XJ","DALYIT LIMITED","","","143 ST. MICHAELS HILL","","","BRISTOL","","BS2 8DB","20200404","20230602","","","","","","","","","","1","","","","",""
"P4XK","SUMMERHILL SERVICES LIMITED","","","VENTURE HOUSE","SLADE ROAD","","BIRMINGHAM","","B23 7JX","20200414","","","","","","","","","","","1","","","","",""
"P4XL","LALITHA CONSULTING LTD","","","MANCHESTER HOUSE","COMMERCIAL STREET","BRANDON","DURHAM","","DH7 8PL","20200429","","","","","","","","","","","1","","","","",""
"P4XM","OLANREWAJU A BELLO","","","18 MAGNOLIA ROAD","SEACROFT","","LEEDS","","LS14 6WR","20200417","20220504","","","","","","","","","","1","","","","",""
"P4XN","PILLHUB LIMITED","","","186-188 UXBRIDGE ROAD","","","FELTHAM","","TW13 5DY","20200501","","","","","","","","","","","1","","","","",""
"P4XP","MOSBOROUGH HEALTHCARE LTD","","","4 WESTFIELD CENTRE","WESTFIELD","","SHEFFIELD","","S20 8ND","20200502","","","","","","","","","","","1","","","","",""
"P4XQ","OPTIMUM MEDICAL SOLUTIONS LIMITED","","","TENNANT HALL","BLENHEIM GROVE","","LEEDS","","LS2 9ET","20200515","20230421","","","","","","","","","","1","","","","",""
"P4XR","KRIVAM LIMITED","","","13 HOVE PARK VILLAS","","","HOVE","","BN3 6HP","20200601","","","","","","","","","","","1","","","","",""
"P4XT","PARKER MEDICAL LTD","","","SUITE 1.11 S.H BUILDING","182 SEFTON STREET","BRUNSWICK BUSINESS PARK","LIVERPOOL","","L3 4BQ","20200525","","","","","","","","","","","1","","","","",""
"P4XV","AVITICAL LIMITED","","","11-12 MILLBROOK SQUARE","GROVE","","WANTAGE","","OX12 7JZ","20200601","","","","","","","","","","","1","","","","",""
"P4XW","TIBBSHEALTHCARE LIMITED","","","5 HOLDENHURST ROAD","","","BOURNEMOUTH","","BH8 8EH","20200601","20251231","","","","","","","","","","1","","","","",""
"P4XX","VCHEM PHARMACY LTD","","","357 PRINCE REGENT LANE","CUSTOM HOUSE","","LONDON","","E16 3JL","20200601","","","","","","","","","","","1","","","","",""
"P4XY","JULIAPHARM U.K LIMITED","","","127 THE GROVE","","","LONDON","","E15 1EN","20200610","","","","","","","","","","","1","","","","",""
"P4Y0","MOHAMMEDI HEALTHCARE LIMITED","","","545-547 GREEN LANE","SMALL HEATH","","BIRMINGHAM","","B9 5PT","20200610","20200915","","","","","","","","","","1","","","","",""
"P4Y1","ISAA HEALTHCARE LTD","","","18 HUDDERSFIELD ROAD","","","ELLAND","","HX5 9DW","20200603","","","","","","","","","","","1","","","","",""
"P4Y2","APEXCREST LIMITED","","","17 THE BROADWAY","HIGH ROAD","","LONDON","","N22 6DS","20200624","","","","","","","","","","","1","","","","",""
"P4Y3","MANICHEM (MORETON) LIMITED","","","205-207 HOYLAKE ROAD","","","WIRRAL","","CH46 0SJ","20200624","","","","","","","","","","","1","","","","",""
"P4Y4","EM THANET LTD","","","THE NORTHDOWN","35 SUMMERFIELD ROAD","CLIFTONVILLE","MARGATE","","CT9 3EZ","20200701","","","","","","","","","","","1","","","","",""
"P4Y5","OHENEBA APRATWAN-AMEYAW","","","315 WESTBOROUGH ROAD","","","WESTCLIFF-ON-SEA","","SS0 9PU","20200701","","","","","","","","","","","1","","","","",""
"P4Y6","WELLCARE (ACTON) LTD","","","59 OLD OAK COMMON LANE","EAST ACTON","","LONDON","","W3 7DD","20200701","20220518","","","","","","","","","","1","","","","",""
"P4Y7","MEDRAF LIMITED","","","24 ST JAMES STREET","","","BRIGHTON","","BN2 1RF","20200701","","","","","","","","","","","1","","","","",""
"P4Y8","HANIF HEALTHCARE LIMITED","","","19 MARKET STREET","CHARLBURY","","CHIPPING NORTON","","OX7 3PL","20200701","","","","","","","","","","","1","","","","",""
"P4Y9","CURAPHARM UK LTD","","","154 GREENFORD ROAD","SUDBURY HILL","","HARROW","","HA1 3QS","20200701","","","","","","","","","","","1","","","","",""
"P4YA","800 AM LIMITED","","","118 DEVONSHIRE STREET","","","SALFORD","","M7 4AE","20200707","","","","","","","","","","","1","","","","",""
"P4YC","TANVIR MOHAMMED","","","119 BRAMFORD ROAD","","","IPSWICH","","IP1 2LW","20200701","","","","","","","","","","","1","","","","",""
"P4YD","PENDEFORD PHARMACY","","","WHITBURN CLOSE","","","WOLVERHAMPTON","","WV9 5NJ","20200805","","","","","","","","","","","1","","","","",""
"P4YE","GOSPORT COMMUNITY PHARMACY","","","MUMBY ROAD","","","GOSPORT","","PO12 1AE","20200801","","","","","","","","","","","1","","","","",""
"P4YF","MEDASHEALTHCARE LIMITED","","","FIRST FLOOR","65 CANNING STREET","","BURY","","BL9 5AS","20200819","","","","","","","","","","","1","","","","",""
"P4YG","ROADE HEALTHCARE LIMITED","","","5 SOUTH VIEW","ROADE","","NORTHAMPTON","","NN7 2NS","20200826","20220323","","","","","","","","","","1","","","","",""
"P4YH","AS PHARMA SERVICES LTD","","","76-78 KIRKGATE","SILSDEN","","KEIGHLEY","","BD20 0PA","20200826","","","","","","","","","","","1","","","","",""
"P4YJ","LIVE FELL LTD","","","9 MARKET STREET","","","CARNFORTH","","LA5 9JX","20200826","","","","","","","","","","","1","","","","",""
"P4YK","RJR CHEM LTD","","","425 DUDLEY ROAD","","","WOLVERHAMPTON","","WV2 3AH","20200907","","","","","","","","","","","1","","","","",""
"P4YL","AWA PHARMA LTD","","","ST GEORGE'S MEDICAL CENTRE","62 HASLINGDEN ROAD","","BLACKBURN","","BB2 3HS","20200923","","","","","","","","","","","1","","","","",""
"P4YM","WYE VALLEY PHARMA LTD","","","111 MAIN ROAD","MIDDLETON CHENEY","","BANBURY","","OX17 2PD","20200930","","","","","","","","","","","1","","","","",""
"P4YN","ZS RETAIL LTD","","","1 RUSKIN STREET","","","PRESTON","","PR1 4NA","20200914","20260430","","","","","","","","","","1","","","","",""
"P4YP","BRISTOL PHARMA LIMITED","","","10 KING STREET","","","HEREFORD","","HR4 9BW","20200930","","","","","","","","","","","1","","","","",""
"P4YQ","EASTWAY PHARMA LTD","","","513 HEMPSHAW LANE","OFFERTON","","STOCKPORT","","SK2 5TP","20200930","","","","","","","","","","","1","","","","",""
"P500","GOODNARGH PHARMACY","","","6 CHURCH LANE","GOOSNARGH","","PRESTON","","PR3 2BE","20040401","20220331","","","","","","","","","","1","","","","",""
"P502","COKEHAM LTD","","","2-3 INGLECROFT COURT","COKEHAM ROAD","","SOMPTING","","BN15 0AN","20040401","","","","","","","","","","","1","","","","",""
"P504","ALMERIC PHARMACY LTD","","","189 STREATFIELD ROAD","KENTON","","HARLOW","","HA3 9DA","20040401","","","","","","","","","","","1","","","","",""
"P505","KAYS CHEMIST","","","39 WULFSTAN COURT","","","CAMBRIDGE","","CB1 8RE","20040401","20230831","","","","","","","","","","1","","","","",""
"P506","AMY PHARMACY","","","53 PARK ROAD","","","LONDON","","N8 8SY","20040401","20241130","","","","","","","","","","1","","","","",""
"P507","THE GREEN TREE PHARMACY LTD","","","8 MARKET STREET","","","KIRKBY STEPHEN","","CA17 4QS","20040401","","","","","","","","","","","1","","","","",""
"P508","ANDERSONS INVESTMENTS LTD","","","362 BARTON ROAD","STRETFORD","","MANCHESTER","","M32 9RL","20040401","20190212","","","","","","","","","","1","","","","",""
"P509","A S & C CARLTON","","","10 STATION ROAD","","","OSSETT","","WF5 8AD","20040401","","","","","","","","","","","1","","","","",""
"P50C","QUAYSIDE PHARMACY","","","CRAWHALL ROAD","","","NEWCASTLE UPON TYNE","","NE1 2BL","20040401","","","","","","","","","","","1","","","","",""
"P50D","SHOEBURY PHARMACY LTD","","","14 HIGH STREET","SHOEBURYNESS","","SOUTHEND-ON-SEA","","SS3 9AH","20040401","","","","","","","","","","","1","","","","",""
"P50G","SUDBURY COURT PHARMACY","","","221 WATFORD ROAD","","","HARROW","","HA1 3NA","20040401","","","","","","","","","","","1","","","","",""
"P50J","CHADWICK AND HADFIELD LTD","","","189 MANCHESTER ROAD","MOSSLEY","","ASHTON-UNDER-LYNE","","OL5 9AB","20040401","20240620","","","","","","","","","","1","","","","",""
"P50N","MONA PHARMACY LTD","","","246 WICKHAM ROAD","","","CROYDON","","CR0 8BJ","20040401","20170928","","","","","","","","","","1","","","","",""
"P50P","WOOTTON PHARMACY","","","7 BESSELSLEIGH ROAD","WOOTTON","","ABINGDON","","OX13 6DN","20040401","20200929","","","","","","","","","","1","","","","",""
"P50R","ORION PHARMACY","","","939 BRIGHTON ROAD","","","PURLEY","","CR8 2BP","20040401","","","","","","","","","","","1","","","","",""
"P50T","HENDON PHARMACY","","","52 VIVIAN AVENUE","","","LONDON","","NW4 3XH","20040401","20260430","","","","","","","","","","1","","","","",""
"P50V","CHEMGRANGE LTD","","","HOW WOOD CHEMIST","16 HOW WOOD","PARK STREET","ST. ALBANS","","AL2 2RA","20040401","20190326","","","","","","","","","","1","","","","",""
"P50W","CHEPSTER LTD","","","HOLLYWOOD PHARMACY","59 MAY LANE","HOLLYWOOD","BIRMINGHAM","","B47 5PA","20040401","","","","","","","","","","","1","","","","",""
"P510","ESSEX PHARMACY","","","41 ESSEX ROAD","ISLINGTON","","LONDON","","N1 2SF","20040401","20260429","","","","","","","","","","1","","","","",""
"P512","D & C FENWICK LTD","","","9 FARRINGDON ROAD","CULLERCOATS","","NORTH SHIELDS","","NE30 3ER","20040401","","","","","","","","","","","1","","","","",""
"P513","J DINNING LTD","","","C/O MAYFIELD MEDICAL CENTRE","PARK ROAD","","JARROW","","NE32 5SE","20040401","","","","","","","","","","","1","","","","",""
"P517","M R & C JACOBS LTD","","","18 CAMBERLEY DRIVE","","","LIVERPOOL","","L25 9PU","20040401","","","","","","","","","","","1","","","","",""
"P519","COLIN HARRIS CHEMISTS LTD","","","17 HIGH STREET","","","BIDFORD ON AVON","","B50 4BQ","20040401","","","","","","","","","","","1","","","","",""
"P51A","SHELF PHARMACY","","","14 CARR HOUSE ROAD","","","HALIFAX","","HX3 7QY","20040401","","","","","","","","","","","1","","","","",""
"P51E","BELLE ISLE PHARMACY","","","BELLE ISLE HEALTH PARK","PORTOBELLO ROAD","","WAKEFIELD","","WF1 5PN","20040401","","","","","","","","","","","1","","","","",""
"P51L","D. MCMULLEN PHARMACY","","","ALDER HOUSE","STATION ROAD, ENDON","","STOKE-ON-TRENT","","ST9 9DR","20040401","20190312","","","","","","","","","","1","","","","",""
"P51M","CARE CHEMIST","","","HEALTH CARE CENTRE","31 THE BROADWAY","","LONDON","","NW7 3DA","20040401","","","","","","","","","","","1","","","","",""
"P51N","J.H SANDHAM CHEMISTS","","","64-66 HARRINGTON ROAD","","","WORKINGTON","","CA14 3EG","20040401","","","","","","","","","","","1","","","","",""
"P51P","CHARTCHEM LTD","","","SKOT CHEMIST","139 VICTORIA ROAD","","LONDON","","N9 9BA","20040401","","","","","","","","","","","1","","","","",""
"P51Q","PONDA'S CHEMISTS LTD","","","14 HILLCREST ROAD","PRESTWICH","","MANCHESTER","","M25 9UD","20040401","","","","","","","","","","","1","","","","",""
"P51R","D & M GOMPELS PHARMACY","","","1 BANK STREET","","","MELKSHAM","","SN12 6LE","20040401","","","","","","","","","","","1","","","","",""
"P51T","SHAMIRAJ (CHEMISTS) LTD","","","ST. NICHOLAS PHARMACY","61 CANTERBURY WAY","","STEVENAGE","","SG1 4LJ","20040401","","","","","","","","","","","1","","","","",""
"P51V","CHEMICREST LTD","","","39-41 SPA ROAD","","","HOCKLEY","","SS5 4AZ","20040401","","","","","","","","","","","1","","","","",""
"P51W","ROYAL HOSP PH","","","C'FIELD & NORTH DERBYSHIRE HOSPITAL","CHESTERFIELD ROAD","CALOW","CHESTERFIELD","","S44 5BL","20040401","20181107","","","","","","","","","","1","","","","",""
"P51X","AH HALE LTD","","","THE BATHWICK PHARMACY","8 ARGYLE STREET","","BATH","","BA2 4BQ","20040401","","","","","","","","","","","1","","","","",""
"P521","COUPER & COULTER PHARMACIES LTD","","","OLD CHESTER PHARMACY","296 OLD CHESTER ROAD","","BIRKENHEAD","","CH42 3XD","20040401","","","","","","","","","","","1","","","","",""
"P523","J C L (UK) LTD","","","3-5 KINGSTON ROAD","","","PORTSMOUTH","","PO1 5RX","20040401","","","","","","","","","","","1","","","","",""
"P525","GLADCARE LTD","","","21 EAST HAM CRESCENT","INGRAVE","","BRENTWOOD","","CM13 2BN","20040401","20221221","","","","","","","","","","1","","","","",""
"P527","ELLARD (TORBAY) LTD","","","BRONSHILL ROAD","","","TORQUAY","","TQ1 3HD","20040401","20190312","","","","","","","","","","1","","","","",""
"P52A","BOWERHAM PHARMACY","","","8 GORDON TERRACE","","","LANCASTER","","LA1 4DS","20040401","","","","","","","","","","","1","","","","",""
"P52D","REENA'S PHARMACY","","","165 SOUTH LAMBETH ROAD","","","LONDON","","SW8 1XW","20040401","20251031","","","","","","","","","","1","","","","",""
"P52F","DAYA LTD","","","DAYA PHARMACY","750 UXBRIDGE ROAD","","HAYES","","UB4 0RU","20040401","","","","","","","","","","","1","","","","",""
"P52H","PARKFIELD PHARMACY","","","ANDERSONS CHEMIST","311 DUDLEY ROAD","","WOLVERHAMPTON","","WV2 3JY","20040401","","","","","","","","","","","1","","","","",""
"P52J","FISHERS CHEMIST","","","1 ENMORE ROAD","","","LONDON","","SE25 5NT","20040401","","","","","","","","","","","1","","","","",""
"P52K","SACH CHEMISTS LIMITED","","","10 BROADWAY","HIGH ROAD","PITSEA","BASILDON","","SS13 3AT","20040401","","","","","","","","","","","1","","","","",""
"P52L","DARWEN HCC LTD","","","UNION STREET","","","DARWEN","","BB3 0DA","20040401","20190312","","","","","","","","","","1","","","","",""
"P52M","JACKSONS CHEMIST","","","181 CAMBRIDGE ROAD","","","ST. HELENS","","WA10 4HA","20040401","20221006","","","","","","","","","","1","","","","",""
"P52N","TUDORKEN LTD","","","CHEMIST","364 ST. ALBANS ROAD","","WATFORD","","WD24 6PQ","20040401","20180725","","","","","","","","","","1","","","","",""
"P52P","HELGASON'S PHARMACY","","","8 ASHLEY ROAD","","","ALTRINCHAM","","WA14 2DW","20040401","20190312","","","","","","","","","","1","","","","",""
"P52R","EVERGREEN PHARMACY LTD","","","730 YARDLEY WOOD ROAD","","","BIRMINGHAM","","B13 0PT","20040401","","","","","","","","","","","1","","","","",""
"P52V","CHIMSONS LTD","","","29 VICTORIA ROAD","","","RUISLIP","","HA4 9AB","20040401","","","","","","","","","","","1","","","","",""
"P52Y","GORDON DAVIE CHEMIST","","","195 SOUTHBOROUGH LANE","","","BROMLEY","","BR2 8AR","20040401","","","","","","","","","","","1","","","","",""
"P530","DALE HEATH LTD","","","104 HIGH ROAD","","","BUSHEY HEATH","","WD23 1GE","20040401","","","","","","","","","","","1","","","","",""
"P531","DRISPIN (PHARMACY) LTD","","","2 FRONT STREET","","","SHOTTON COLLIERY","","DH6 2LT","20040401","","","","","","","","","","","1","","","","",""
"P532","HAWKES PHARMACY","","","52 WINDERMERE ROAD","HATHERLEY","","CHELTENHAM","","GL51 3PH","20040401","","","","","","","","","","","1","","","","",""
"P534","GP PHARMACIES LTD","","","THE GREEN","GREAT BENTLEY","","COLCHESTER","","CO7 8PW","20040401","","","","","","","","","","","1","","","","",""
"P535","WESTFIELD WALK PHARMACY","","","WESTFIELD WALK","","","LEOMINSTER","","HR6 8HD","20040401","","","","","","","","","","","1","","","","",""
"P537","MILFORD PHARMACY","","","PORTSMOUTH ROAD","MILFORD","","GOLDAMING","","GU8 5DR","20040401","20240910","","","","","","","","","","1","","","","",""
"P53G","S E MORGAN","","","16 DUNSTABLE ROAD","","","LUTON","","LU1 1DY","20040401","","","","","","","","","","","1","","","","",""
"P53K","ENDERBY PHARMACY","","","15 MILL LANE","ENDERBY","","LEICESTER","","LE19 4NW","20040401","","","","","","","","","","","1","","","","",""
"P53M","AMIN PHARMACY","","","10 KINGSLEY ROAD","","","HOUNSLOW","","TW3 1NP","20040401","","","","","","","","","","","1","","","","",""
"P53N","WATERMAN PHARMACY (UK) LTD","","","248-250 FOREST ROAD","","","LONDON","","E17 6JG","20040401","","","","","","","","","","","1","","","","",""
"P53P","A & M PHARMACIES LTD","","","126 SUTHERLAND AVENUE","","","COVENTRY","","CV5 7NJ","20040401","","","","","","","","","","","1","","","","",""
"P53R","APEX PHARMACY","","","199 OLD STREET","","","LONDON","","EC1V 9NP","20040401","","","","","","","","","","","1","","","","",""
"P53T","RJ BERRY","","","145 SULTAN ROAD","","","PORTSMOUTH","","PO2 7AT","20040401","","","","","","","","","","","1","","","","",""
"P53W","LINWARD PHARMACY","","","81 COLLINGWOOD DRIVE","","","BIRMINGHAM","","B43 7JW","20040401","","","","","","","","","","","1","","","","",""
"P541","VANTAGE PHARMACY","","","103 POOLE ROAD","WESTBOURNE","","BOURNEMOUTH","","BH4 9BB","20040401","","","","","","","","","","","1","","","","",""
"P542","ASH PHARMACY","","","3 THE PARKWAY","","","LEICESTER","","LE5 2BB","20040401","","","","","","","","","","","1","","","","",""
"P543","CAVELARCH LTD","","","LEIGH STREET","","","LONDON","","WC1H 9EW","20040401","","","","","","","","","","","1","","","","",""
"P545","LEWIS PHARMACY","","","121 EXETER ROAD","","","EXMOUTH","","EX8 1QE","20040401","","","","","","","","","","","1","","","","",""
"P546","AINTREE PHARMACY","","","11 MOLYNEUX WAY","AINTREE","","LIVERPOOL","","L10 2JA","20040401","20190312","","","","","","","","","","1","","","","",""
"P547","HARBURY PHARMACY","","","HIGH STREET","HARBURY","","LEAMINGTON SPA","","CV33 9HW","20040401","","","","","","","","","","","1","","","","",""
"P548","GREEN CROSS LTD","","","21 GORESBROOK ROAD","","","DAGENHAM","","RM9 6XA","20040401","","","","","","","","","","","1","","","","",""
"P549","WARDS CHEMIST LTD","","","49 COOPERS ROAD","HANDSWORTH WOOD","","BIRMINGHAM","","B20 2JU","20040401","","","","","","","","","","","1","","","","",""
"P54C","PARMAR-CEUTICALS LTD","","","CHURCHILLS PHARMACY","202 CHISWICK HIGH ROAD","","LONDON","","W4 1PD","20040401","","","","","","","","","","","1","","","","",""
"P54G","REDHOUSE PHARMACY","","","127 RENFREW ROAD","","","SUNDERLAND","","SR5 5PS","20040401","","","","","","","","","","","1","","","","",""
"P54H","STOLTON'S PHARMACY","","","15 CUMBERLAND STREET","","","PLYMOUTH","","PL1 4DX","20040401","20190818","","","","","","","","","","1","","","","",""
"P54J","A. SHAH","","","79 RUSSELL LANE","WHETSTONE","","LONDON","","N20 0BA","20040401","20200317","","","","","","","","","","1","","","","",""
"P54K","NIVA CHEMIST LTD","","","2 UPPINGHAM ROAD","","","LEICESTER","","LE5 0QD","20040401","","","","","","","","","","","1","","","","",""
"P54L","KNIGHTS DISPENSING CHEMIST","","","75 QUEENS ROAD","","","LEICESTER","","LE2 1TT","20040401","","","","","","","","","","","1","","","","",""
"P54M","JUDDS LTD","","","JUDDS CHEMIST","264 KINGSBURY ROAD","","LONDON","","NW9 0BT","20040401","","","","","","","","","","","1","","","","",""
"P54P","ABC DRUGSTORES LTD","","","196-198 PORTOBELLO ROAD","","","LONDON","","W11 1LA","20040401","20220622","","","","","","","","","","1","","","","",""
"P54Q","NYEWOOD HEALTHCARE LTD","","","SMITHS PHARMACY","60 ALDWICK ROAD","","BOGNOR REGIS","","PO21 2PE","20040401","","","","","","","","","","","1","","","","",""
"P54R","HEALTHCARE CONCEPTS LTD","","","THE HUB","123 STAR LANE","","LONDON","","E16 4PZ","20040401","20220608","","","","","","","","","","1","","","","",""
"P54T","SIDNEY BLUM & CO LTD","","","PARRY JONES PHARMACY","61 HIGH STREET","","BARNET","","EN5 5UR","20040401","","","","","","","","","","","1","","","","",""
"P54V","OLIVE PHARMACY","","","18 HAMPDEN ROAD","","","MAIDENHEAD","","SL6 5HQ","20040401","20190212","","","","","","","","","","1","","","","",""
"P54W","CLAIMCOURT LTD","","","THE COBHAM HEALTH CENTRE","168 PORTSMOUTH ROAD","","COBHAM","","KT11 1HT","20040401","20190212","","","","","","","","","","1","","","","",""
"P54X","MJ HAMBREY & MR HAMBREY","","","CINDERFORD PHARMACY","19 MARKET STREET","","CINDERFORD","","GL14 2RT","20040401","20180711","","","","","","","","","","1","","","","",""
"P550","VILLAGE PHARMACY","","","49 HIGH STREET","LINTON","","CAMBRIDGE","","CB21 4HS","20040401","","","","","","","","","","","1","","","","",""
"P553","JOHN WARE LTD","","","ALCOMBE PHARMACY","65 ALCOMBE ROAD","","MINEHEAD","","TA24 6BD","20040401","","","","","","","","","","","1","","","","",""
"P555","COTTINGLEY PHARMACY","","","7 THE PARADE","COTTINGLEY","","BINGLEY","","BD16 1RP","20040401","","","","","","","","","","","1","","","","",""
"P556","CLIFFE AVENUE LTD","","","1 CLIFFE AVENUE","BAILDON","","SHIPLEY","","BD17 6NX","20040401","20260531","","","","","","","","","","1","","","","",""
"P557","H H C C LTD","","","27 HILL STREET","","","HINCKLEY","","LE10 1DS","20040401","","","","","","","","","","","1","","","","",""
"P55C","CROASDALES CHEMIST","","","1 THE TRAVERSE","","","BURY ST. EDMUNDS","","IP33 1BJ","20040401","","","","","","","","","","","1","","","","",""
"P55E","THE PHARMACY","","","RAIKES ROAD","GREAT ECCLESTON","","PRESTON","","PR3 0ZA","20040401","","","","","","","","","","","1","","","","",""
"P55H","GREENLIGHT HEALTHCARE LTD","","","138 DRUMMOND STREET","","","LONDON","","NW1 2PA","20040401","","","","","","","","","","","1","","","","",""
"P55K","J G SQUIRE LTD","","","54 FALSGRAVE ROAD","","","SCARBOROUGH","","YO12 5AX","20040401","","","","","","","","","","","1","","","","",""
"P55M","LANSBURY PHARMACY","","","102 LANSBURY DRIVE","","","HAYES","","UB4 8SE","20040401","","","","","","","","","","","1","","","","",""
"P55N","GHIR LIMITED","","","GHIR PHARMACY","426-428 BARKING ROAD","","LONDON","","E6 2SA","20040401","","","","","","","","","","","1","","","","",""
"P55P","AUMEX CHEMISTS LTD","","","106 GREGGS WOOD ROAD","","","TUNBRIDGE WELLS","","TN2 3JG","20040401","20190305","","","","","","","","","","1","","","","",""
"P55V","CLARSHIRE LTD","","","OLD COULSDON PHARMACY","217 COULSDON ROAD","","COULSDON","","CR5 1EN","20040401","20231120","","","","","","","","","","1","","","","",""
"P55X","HAMPSHIRE PHARMACEUTICAL LTD","","","VILLAGE PHARMACY","3 STUBBINGTON GREEN","","FAREHAM","","PO14 2JQ","20040401","","","","","","","","","","","1","","","","",""
"P55Y","DRAKEWINTER LTD","","","HAMLINS CHEMIST","73 BLOEMFONTEIN ROAD","","LONDON","","W12 7DA","20040401","","","","","","","","","","","1","","","","",""
"P560","DOWNLAND SERVICES LTD","","","EAST LANE","CHIEVELEY","","NEWBURY","","RG20 8UY","20040401","","","","","","","","","","","1","","","","",""
"P562","PETERS PHARMACY","","","55 PADDINGTON STREET","","","LONDON","","W1U 4HX","20040401","","","","","","","","","","","1","","","","",""
"P564","P JAMIESON","","","44 WHETSTONE LANE","","","BIRKENHEAD","","CH41 2TF","20040401","20240620","","","","","","","","","","1","","","","",""
"P565","PERIVILLE LTD","","","CROMWELL PRIMARY CARE CENTRE","CROMWELL ROAD","","GRIMSBY","","DN31 2BH","20040401","","","","","","","","","","","1","","","","",""
"P566","THE OLDE PHARMACY","","","50 CHATFIELD ROAD","BATTERSEA","","LONDON","","SW11 3UY","20040401","","","","","","","","","","","1","","","","",""
"P569","RAJJA LTD","","","6 CHESTER ROAD","","","SUTTON COLDFIELD","","B73 5DA","20040401","","","","","","","","","","","1","","","","",""
"P56A","CALDERS CHEMIST","","","57 NOTTING HILL GATE","","","LONDON","","W11 3JS","20040401","","","","","","","","","","","1","","","","",""
"P56D","WOLSINGHAM PHARMACY LTD","","","12 MARKET PLACE","WOLSINGHAM","","BISHOP AUCKLAND","","DL13 3AE","20040401","20250831","","","","","","","","","","1","","","","",""
"P56H","J'S CHEMIST","","","16-18 CHALVEY ROAD EAST","","","SLOUGH","","SL1 2LU","20040401","","","","","","","","","","","1","","","","",""
"P56J","JAN BROS LTD","","","KINGSWAY CHEMIST","214 HIGH STREET NORTH","","LONDON","","E6 2JA","20040401","","","","","","","","","","","1","","","","",""
"P56K","BEECHAM PHARMACY","","","15 YORKERSGATE","","","MALTON","","YO17 7AA","20040401","","","","","","","","","","","1","","","","",""
"P56M","SONICHEM PHARMACY","","","1 MONICA ROAD","","","LEICESTER","","LE3 2PR","20040401","","","","","","","","","","","1","","","","",""
"P56P","AVICENNA RETAIL LTD","","","SELSDON HOUSE","212-220 ADDINGTON ROAD","","SOUTH CROYDON","","CR2 8LD","20040401","","","","","","","","","","","1","","","","",""
"P56Q","ANDREWS PHARMACY LTD","","","8 WESTMORLAND CLOSE","","","MACCLESFIELD","","SK10 3ET","20040401","","","","","","","","","","","1","","","","",""
"P56V","CLEVELEY'S HEALTH CTR PHARM LTD","","","KELSO AVENUE","","","THORNTON-CLEVELEYS","","FY5 3EA","20040401","20171122","","","","","","","","","","1","","","","",""
"P570","MANUGOR LTD","","","251 WALWORTH ROAD","","","LONDON","","SE17 1RL","20040401","20200131","","","","","","","","","","1","","","","",""
"P571","M J ROBERTS CHEMISTS LTD","","","8 BOROUGHBRIDGE ROAD","","","YORK","","YO26 5RU","20040401","20190801","","","","","","","","","","1","","","","",""
"P575","DIAMOND HEALTH LTD","","","WYN ELLIS AND SON PHARMACY","32 POULTON ROAD","","WALLASEY","","CH44 9DQ","20040401","","","","","","","","","","","1","","","","",""
"P576","SKELTONS CHEMISTS","","","2 CONGREVE WALK","BEDWORTH","","NUNEATON","","CV12 8LY","20040401","","","","","","","","","","","1","","","","",""
"P57A","THE MALL PHARMACY","","","3 ROYAL LONDON MALL","","","LUTON","","LU1 2TY","20040401","","","","","","","","","","","1","","","","",""
"P57C","PANCHEM PHARMACY","","","160 ST. MARYS LANE","","","UPMINSTER","","RM14 3BS","20040401","","","","","","","","","","","1","","","","",""
"P57F","INTERPHARM CHEMIST","","","521 SAFFRON LANE","","","LEICESTER","","LE2 6UL","20040401","20190409","","","","","","","","","","1","","","","",""
"P57H","CANTERBURY PHARMACIES LTD","","","10 PALACE AVENUE","","","MAIDSTONE","","ME15 6NF","20040401","20200114","","","","","","","","","","1","","","","",""
"P57K","COASTBOND LTD","","","1B HIGH STREET","DESFORD","","LEICESTER","","LE9 9JF","20040401","","","","","","","","","","","1","","","","",""
"P57L","JENNINGS CHEMISTS LTD","","","262 BATTERSEA PARK ROAD","","","LONDON","","SW11 3BP","20040401","","","","","","","","","","","1","","","","",""
"P57M","LEWIS PHARMACY","","","36 HAVEN GREEN","","","LONDON","","W5 2NX","20040401","20190731","","","","","","","","","","1","","","","",""
"P57P","BADHAM PHARMACY LTD","","","THE FARMERS ARMS","EVESHAM ROAD","BISHOPS CLEEVE","CHELTENHAM","","GL52 8SA","20040401","","","","","","","","","","","1","","","","",""
"P57Q","ASPENVALE LTD","","","5 HIGH STREET","HORAM","","HEATHFIELD","","TN21 0EH","20040401","20260430","","","","","","","","","","1","","","","",""
"P57R","GW HERDMAN (CHEMISTS) LTD","","","29 RYHOPE STREET SOUTH","","","SUNDERLAND","","SR2 0RP","20040401","","","","","","","","","","","1","","","","",""
"P57T","SIMRAY LTD","","","S K PHARMACY","150 WILLESDEN LANE","","LONDON","","NW6 7TH","20040401","20171130","","","","","","","","","","1","","","","",""
"P57W","CLARK J & LC","","","CLARKS CHEMIST","10 CHEVELEY PARK SHOPPING CENTRE","","DURHAM","","DH1 2AA","20040401","","","","","","","","","","","1","","","","",""
"P57X","HANCOCK & AINSLEY LTD","","","1 MAIN STREET","","","SHILDON","","DL4 1AJ","20040401","","","","","","","","","","","1","","","","",""
"P580","HEMEENA LTD","","","6 THE BROADWAY","GUNNERSBURY LANE","ACTON","LONDON","","W3 8HR","20040401","20200303","","","","","","","","","","1","","","","",""
"P582","LOWICK LTD","","","WASHINGTON HOUSE SURGERY","77 HALSE ROAD","","BRACKLEY","","NN13 6EQ","20040401","20190305","","","","","","","","","","1","","","","",""
"P583","NASHI LTD","","","55 WESTBOURNE GROVE","","","LONDON","","W2 4UA","20040401","","","","","","","","","","","1","","","","",""
"P585","JOSEPH COWPER LTD","","","50 KING STREET","","","PENRITH","","CA11 7AY","20040401","","","","","","","","","","","1","","","","",""
"P586","HALLS PHARMACY","","","3 STATION ROAD NORTH","FOREST HALL","","NEWCASTLE UPON TYNE","","NE12 7AR","20040401","","","","","","","","","","","1","","","","",""
"P587","STATION ROAD PHARMACY","","","8 STATIONROAD","","","CRAYFORD","","DA1 3QA","20040401","","","","","","","","","","","1","","","","",""
"P589","CURRIES CHEMISTS (WYKE) LTD","","","52 TOWN GATE","WYKE","","BRADFORD","","BD12 9JA","20040401","","","","","","","","","","","1","","","","",""
"P58C","NVS LTD","","","N V S PHARMACY","46 BAKER STREET","","LONDON","","W1U 7BR","20040401","","","","","","","","","","","1","","","","",""
"P58D","RIDDINGS PHARMACY LTD","","","38 RIDDINGS ROAD","TIMPERLEY","","ALTRINCHAM","","WA15 6BP","20040401","20190326","","","","","","","","","","1","","","","",""
"P58F","DAVID A WILDE LTD","","","46-48 CHURCH STREET","BILSTHORPE","","NEWARK","","NG22 8QR","20040401","20190219","","","","","","","","","","1","","","","",""
"P58H","VMS PHARMACY LIMITED","","","291 HERTFORD ROAD","EDMONTON","","LONDON","","N9 7ES","20040401","","","","","","","","","","","1","","","","",""
"P58L","S & T JETHA","","","S JETHRO CHEMIST","120 GOLDERS GREEN ROAD","","LONDON","","NW11 8HB","20040401","","","","","","","","","","","1","","","","",""
"P58M","DEV'S CHEMIST","","","103A DALSTON LANE","","","LONDON","","E8 1NH","20040401","","","","","","","","","","","1","","","","",""
"P58N","OPTICHEM (UK) LTD","","","BAYCLIFF ROAD PHARMACY","78 BAYCLIFF ROAD","","LIVERPOOL","","L12 6QX","20040401","","","","","","","","","","","1","","","","",""
"P58P","FAIRBREAK LTD","","","MCDOUGALLS PHARMACY","14 LUGSDALE ROAD","","WIDNES","","WA8 6DH","20040401","","","","","","","","","","","1","","","","",""
"P58Q","BLENDCROSS LTD","","","RUPRAI CHEMISTS","296-298 LEWISHAM HIGH STREET","","LONDON","","SE13 6JZ","20040401","","","","","","","","","","","1","","","","",""
"P58Y","DUALVALVE LTD","","","66 VALE ROAD","COLWICK","","NOTTINGHAM","","NG4 2EB","20040401","20190929","","","","","","","","","","1","","","","",""
"P590","E & C GORAN LTD","","","35 YORK STREET","","","DUNNINGTON","","YO19 5QT","20040401","20190312","","","","","","","","","","1","","","","",""
"P591","CORDEVE LTD","","","70 CHADWELL HEATH LANE","CHADWELL HEATH","","ROMFORD","","RM6 4NP","20040401","","","","","","","","","","","1","","","","",""
"P592","WROSE PHARMACY","","","WROSE HEALTH CENTRE LTD","KINGS ROAD","","BRADFORD","","BD2 1QG","20040401","20190227","","","","","","","","","","1","","","","",""
"P594","STANDISH PHARMACY","","","15 PRESTON ROAD","STANDISH","","WIGAN","","WN6 0HR","20040401","","","","","","","","","","","1","","","","",""
"P596","JADES CHEMIST LTD","","","19 THE PARADE","NORTHGATE","","CRAWLEY","","RH10 8DT","20040401","","","","","","","","","","","1","","","","",""
"P598","KAYES & SON LTD","","","NARROWCLIFFE SURGERY","NARROWCLIFFE","","NEWQUAY","","TR7 2QF","20040401","20190813","","","","","","","","","","1","","","","",""
"P59A","SAVEMAIN LTD","","","166-168 ESSEX ROAD","ISLINGTON","","LONDON","","N1 8LY","20040401","","","","","","","","","","","1","","","","",""
"P59C","LARCHWOOD PHARMACY","","","215 LOWER ADDISCOMBE ROAD","","","CROYDON","","CR0 6RB","20040401","","","","","","","","","","","1","","","","",""
"P59H","PHARMACY SERVICES LTD","","","GILLIES HEALTH CENTRE","BRIGHTON HILL PARADE","","BASINGSTOKE","","RG22 4EH","20040401","20190409","","","","","","","","","","1","","","","",""
"P59J","MERSEYBANK PHARMACY, J. KHILOSIA","","","30 MERSEY BANK AVENUE","","","MANCHESTER","","M21 7NN","20040401","20181107","","","","","","","","","","1","","","","",""
"P59L","KNIGHTONS CHEMIST","","","36 NUXLEY ROAD","","","BELVEDERE","","DA17 5JG","20040401","20210131","","","","","","","","","","1","","","","",""
"P59M","HURN CHEMIST","","","143 UNTHANK ROAD","","","NORWICH","","NR2 2PE","20040401","","","","","","","","","","","1","","","","",""
"P59N","ABELL CHEMIST","","","4 HAYDON ROAD","","","WATFORD","","WD19 4DD","20040401","20260327","","","","","","","","","","1","","","","",""
"P59Q","ZA AKRAM LTD","","","187 MANCHESTER ROAD","","","HUDDERSFIELD","","HD1 3JG","20040401","","","","","","","","","","","1","","","","",""
"P59T","SINGH MN","","","THE HIGH STREET CHEMIST","77 HIGH STREET","ARNOLD","NOTTINGHAM","","NG5 7DJ","20040401","","","","","","","","","","","1","","","","",""
"P59W","CLIFFORD EVANS LTD","","","135 LADBROKE GROVE","","","LONDON","","W11 1PN","20040401","20190409","","","","","","","","","","1","","","","",""
"P59X","ASHLEY PHARMACY","","","10 THE PARADE","ASHLEY ROAD","","NEW MILTON","","BH25 5BS","20040401","","","","","","","","","","","1","","","","",""
"P59Y","RICHARDS CHEMISTS","","","112 SOUTH EALING ROAD","","","LONDON","","W5 4QJ","20040401","20240131","","","","","","","","","","1","","","","",""
"P5A0","HOLLIS PHARMACY","","","285 UPPER GROSVENOR ROAD","","","TUNBRIDGE WELLS","","TN4 9EX","20040401","","","","","","","","","","","1","","","","",""
"P5A3","HOLMFIELD CHEMIST LTD","","","1 HIGH STREET","CODNOR","","RIPLEY","","DE5 9QB","20040401","","","","","","","","","","","1","","","","",""
"P5A7","HORNES DISPENSING CHEMIST LTD","","","172 STRETFORD ROAD","HULME","","MANCHESTER","","M15 5TL","20040401","20190409","","","","","","","","","","1","","","","",""
"P5AC","NR HUNTER","","","FOREST PHARMACY","SOUTHAMPTON ROAD","BARTLEY","SOUTHAMPTON","","SO40 2NA","20040401","20171018","","","","","","","","","","1","","","","",""
"P5AD","MI HURCOMB","","","11 SHOPPING CENTRE","WHEELER STREET","LOZELLS","BIRMINGHAM","","B19 2ER","20040401","","","","","","","","","","","1","","","","",""
"P5AE","HUSCHEM LTD","","","MEDICARE PHARMACY","1 SUMNERS HATCH","BROADLEY ROAD","HARLOW","","CM19 5RD","20040401","","","","","","","","","","","1","","","","",""
"P5AM","GLOSGRANGE LTD","","","85 STATION ROAD","","","EDGWARE","","HA8 7JG","20040401","20250301","","","","","","","","","","1","","","","",""
"P5AN","ORION CHEMISTS","","","12 ORION PARADE","","","HASSOCKS","","BN6 8QA","20040401","20190312","","","","","","","","","","1","","","","",""
"P5AP","BRAUNWINS CHEMIST","","","17 REDMARLE ROAD","","","LEICESTER","","LE3 1PJ","20040401","","","","","","","","","","","1","","","","",""
"P5AQ","GOKUL LTD","","","GOKUL CHEMIST","53 BARING ROAD","LEE","LONDON","","SE12 0JS","20040401","","","","","","","","","","","1","","","","",""
"P5AX","PHARMAFOTO","","","147 MARSH ROAD","","","PINNER","","HA5 5PB","20040401","","","","","","","","","","","1","","","","",""
"P5AY","BUSHEY PHARMACY","","","62-64 HIGH STREET","","","BUSHEY","","WD23 3HE","20040401","","","","","","","","","","","1","","","","",""
"P5B0E","EDGELEY HEALTHCARE LTD","","","99 BLOOM STREET","EDGELEY","","STOCKPORT","","SK3 9LQ","20250129","","","","","","","","","","","1","","","","",""
"P5C3","WYLDE GREEN PHARMACY","","","441 BIRMINGHAM ROAD","","","SUTTON COLDFIELD","","B72 1AX","20040401","","","","","","","","","","","1","","","","",""
"P5C4","BOWER CHEMISTS","","","334 GROVE GREEN ROAD","LEYTONSTONE","","LONDON","","E11 4EA","20040401","","","","","","","","","","","1","","","","",""
"P5C5","ROYAL DOCK PHARMACY","","","THE BRITANNIA VILLAGE HALL","65 EVELYN ROAD","WEST SILVERTON","LONDON","","E16 1TU","20040401","20190319","","","","","","","","","","1","","","","",""
"P5C5M","TALWARE PHARM LTD","","","BLAKENALL VILLAGE CENTRE","THAMES ROAD","BLAKENALL","WALSALL","","WS3 1LZ","20240313","","","","","","","","","","","1","","","","",""
"P5C9","THE HIVE PHARMACY","","","23 EDINBURGH DRIVE","LALEHAM","","STAINES","","TW18 1PJ","20040401","","","","","","","","","","","1","","","","",""
"P5CA","TARGETT CHEMIST","","","172 HALFWAY STREET","","","SIDCUP","","DA15 8DJ","20040401","","","","","","","","","","","1","","","","",""
"P5CC","ROCKY'S PHARMACY","","","14 KENDAL PARADE","SILVER STREET","EDMONTON","LONDON","","N18 1ND","20040401","20220629","","","","","","","","","","1","","","","",""
"P5CD","KINGSFIELD PHARMACY","","","387 BRIXTON ROAD","","","LONDON","","SW9 7DE","20040401","","","","","","","","","","","1","","","","",""
"P5CE","MILE LANE PHARMACY","","","66 MILE LANE","","","BURY","","BL8 2JR","20040401","","","","","","","","","","","1","","","","",""
"P5CF","CITY DRUG COMPANY","","","39-41 BOROUGH HIGH STREET","","","LONDON","","SE1 1LZ","20040401","","","","","","","","","","","1","","","","",""
"P5CG","YORK PHARMACY","","","14-15 YORK STREET","","","STOURPORT-ON-SEVERN","","DY13 9EF","20040401","","","","","","","","","","","1","","","","",""
"P5CH","HARRIS CHEMIST LTD","","","3 CROSSWAYS PARADE","SELSDON PARK ROAD","","SOUTH CROYDON","","CR2 8JJ","20040401","","","","","","","","","","","1","","","","",""
"P5CL","BENZPHARM CHEMIST","","","19 PREBEND STREET","","","LONDON","","N1 8PF","20040401","","","","","","","","","","","1","","","","",""
"P5CM","DR ALLEN PHARMACY","","","3 MILL ROAD","CRANFIELD","","BEDFORD","","MK43 0JG","20040401","","","","","","","","","","","1","","","","",""
"P5CN","CARTERS PHARMACY","","","321 BALLARDS LANE","","","LONDON","","N12 8LT","20040401","","","","","","","","","","","1","","","","",""
"P5CP","RICKY'S (EWELL) LIMITED","","","1-2 MARKET PARADE","HIGH STREET","EWELL","EPSOM","","KT17 1SL","20040401","","","","","","","","","","","1","","","","",""
"P5CQ","PHILLIPS CHEMIST","","","193 LORDSHIP LANE","TOTTENHAM","","LONDON","","N17 6XF","20040401","","","","","","","","","","","1","","","","",""
"P5CW","SS PATEL","","","36-38 HULLBRIDGE ROAD","SOUTH WOODHAM FERRERS","","CHELMSFORD","","CM3 5NG","20040401","20251231","","","","","","","","","","1","","","","",""
"P5CY","BENSON PHARMACY","","","276 HARROW ROAD","","","LONDON","","W2 5ES","20040401","","","","","","","","","","","1","","","","",""
"P5E9J","NORTHWOOD PLUS LIMITED","","","88 MAIN ROAD","BRERETON","","RUGELEY","","WS15 1DU","20250312","","","","","","","","","","","1","","","","",""
"P5P1D","SAP (LEICS) LTD","","","5 FULLHURST AVENUE","","","LEICESTER","","LE3 1BL","20260107","","","","","","","","","","","1","","","","",""
"P5W8G","BRANNAM HEALTHCARE LIMITED","","","2 BRANNAMS SQUARE","","","BARNSTAPLE","","EX32 8QB","20250319","","","","","","","","","","","1","","","","",""
"P5X4M","CHAKAR PHARMACEUTICAL ABINGDON LTD","","","19 BURY STREET","","","ABINGDON","","OX14 3QT","20260518","","","","","","","","","","","1","","","","",""
"P5Y1G","OLAIFAPHARMA (ELTHAM) LTD","","","560 WESTHORNE AVENUE","","","LONDON","","SE9 6DR","20250701","","","","","","","","","","","1","","","","",""
"P600","TELE-CHEM LTD","","","341 TAMWORTH LANE","","","MITCHAM","","CR4 1DL","20040401","","","","","","","","","","","1","","","","",""
"P601","SHAH J N","","","NICHELSON & KEEP","1 THE PARADE","VALLEY DRIVE","GRAVESEND","","DA12 5RT","20040401","","","","","","","","","","","1","","","","",""
"P602","SHEEL PHARMACY","","","312-314 LEWISHAM ROAD","","","LONDON","","SE13 7PA","20040401","","","","","","","","","","","1","","","","",""
"P603","PHARMAK CHEMIST","","","7 KINGSGATE AVENUE","BIRSTALL","","LEICESTER","","LE4 3HD","20040401","","","","","","","","","","","1","","","","",""
"P604","ESEME LTD","","","329 UPMINSTER ROAD NORTH","","","RAINHAM","","RM13 9JR","20040401","","","","","","","","","","","1","","","","",""
"P605","LAKE PHARMACY (TAVISTOCK) LTD","","","LAKE PHARMACY","81 WEST STREET","","TAVISTOCK","","PL19 8AQ","20040401","20190312","","","","","","","","","","1","","","","",""
"P606","ORCHARDS PHARMACY LTD","","","ORCHARDS PHARMACY","18 ORCHARDS SHOPPING CENTRE","","HAYWARDS HEATH","","RH16 3TH","20040401","","","","","","","","","","","1","","","","",""
"P608","FULWOOD (SETH) LTD","","","FULWOOD PHARMACY","280 AIGBURTH ROAD","","LIVERPOOL","","L17 9PW","20040401","","","","","","","","","","","1","","","","",""
"P609","WOOLPIT MEDICAL SERVICES LTD","","","WOOLPIT HEALTH CENTRE PHARMACY","HEATH ROAD","WOOLPIT","BURY ST. EDMUNDS","","IP30 9QU","20040401","","","","","","","","","","","1","","","","",""
"P60F","AM CLARK LTD","","","1 MARKET PLACE","PENISTONE","","SHEFFIELD","","S36 6DA","20040401","","","","","","","","","","","1","","","","",""
"P60G","AVENUE PHARMACY LTD","","","115 TURNPIKE LANE","HORNSEY","","LONDON","","N8 0DU","20040401","20220427","","","","","","","","","","1","","","","",""
"P60J","B.H. & U.B. DAVE","","","PURFLEET CARE CENTRE","TANK HILL ROAD","","PURFLEET","","RM19 1SX","20040401","","","","","","","","","","","1","","","","",""
"P60K","NSK LTD","","","18 UPPER TOOTING ROAD","","","LONDON","","SW17 7PG","20040401","20200915","","","","","","","","","","1","","","","",""
"P60L","CEDARS PHARMACY","","","197 HEADSTONE LANE","","","HARROW","","HA2 6ND","20040401","20240814","","","","","","","","","","1","","","","",""
"P60N","PASTER CHEMIST","","","212A PRESTON ROAD","","","WEMBLEY","","HA9 8PB","20040401","","","","","","","","","","","1","","","","",""
"P60P","BORNO CHEMISTS LTD","","","124 NEWLAND STREET","","","WITHAM","","CM8 1BA","20040401","","","","","","","","","","","1","","","","",""
"P60Q","R E & C O ALMAN LTD","","","4 HIGH STREET","","","MUCH WENLOCK","","TF13 6AA","20040401","","","","","","","","","","","1","","","","",""
"P60T","B & P PHARMACY","","","6 STONEY MEADE","","","SLOUGH","","SL1 2YL","20040401","20260429","","","","","","","","","","1","","","","",""
"P60V","COLNE (HCC) LTD","","","COLNE HEALTH CENTRE","MARKET STREET","","COLNE","","BB8 0LJ","20040401","20200828","","","","","","","","","","1","","","","",""
"P60X","VALENCE PHARMACY","","","453 BECONTREE AVENUE","","","DAGENHAM","","RM8 3UL","20040401","20241130","","","","","","","","","","1","","","","",""
"P611","MILDCARE LTD","","","BONAMY PHARMACY","355 ROTHERHITHE NEW ROAD","","LONDON","","SE16 3HF","20040401","","","","","","","","","","","1","","","","",""
"P615","BROADWAY PHARMACY","","","3 BROADWAY","KINGSTON ROAD","","STAINES","","TW18 1AT","20040401","","","","","","","","","","","1","","","","",""
"P616","JM MCGILL LTD","","","106 WARMSWORTH ROAD","BALBY","","DONCASTER","","DN4 0RS","20040401","20260827","","","","","","","","","","1","","","","",""
"P617","BRUTON PHARMACY","","","3 HIGH STREET","","","BRUTON","","BA10 0AB","20040401","","","","","","","","","","","1","","","","",""
"P618","MISTVALE LTD","","","NORTHDOWN PHARMACY","261-263 NORTHDOWN ROAD","CLIFTONVILLE","MARGATE","","CT9 2PN","20040401","","","","","","","","","","","1","","","","",""
"P61A","MEDICINE CHEST PHARMACY LTD","","","237 UPPINGHAM ROAD","","","LEICESTER","","LE5 4DG","20040401","","","","","","","","","","","1","","","","",""
"P61C","HAREFIELD PHARMACY","","","12E HIGH STREET","HAREFIELD","","UXBRIDGE","","UB9 6BU","20040401","","","","","","","","","","","1","","","","",""
"P61E","CAPRICORN PHARMACY","","","16 ENFIELD ROAD","","","ENFIELD","","EN2 7HW","20040401","","","","","","","","","","","1","","","","",""
"P61H","WHITTLE PHARMACIES LTD","","","PRESTON ROAD CHEMIST","230 PRESTON ROAD","WHITTLE-LE-WOODS","CHORLEY","","PR6 7HW","20040401","","","","","","","","","","","1","","","","",""
"P61J","ALKEND LTD","","","3 PARKSIDE PARADE","NORTHEND RD","","DARTFORD","","DA1 4RA","20040401","","","","","","","","","","","1","","","","",""
"P61Q","AMPHARM LTD","","","LLOYD GEORGE CHEMIST","63-65 WHITEHORSE ROAD","","CROYDON","","CR0 2JG","20040401","","","","","","","","","","","1","","","","",""
"P61R","THE HIGHGATE PHARMACY","","","64 HIGHGATE HIGH STREET","","","LONDON","","N6 5HX","20040401","","","","","","","","","","","1","","","","",""
"P61W","CLITHEROW R LTD","","","18 DOVECOT PLACE","","","LIVERPOOL","","L14 9PH","20040401","","","","","","","","","","","1","","","","",""
"P61Y","EASTCHEM LTD","","","144 WALFORD ROAD","","","BIRMINGHAM","","B11 1QB","20040401","","","","","","","","","","","1","","","","",""
"P620","MAROCH HEALTHCARE LTD","","","MITCHELDEAN PHARMACY","5 CHURCHILL WAY","","MITCHELDEAN","","GL17 0AZ","20040401","","","","","","","","","","","1","","","","",""
"P622","HEROTEAM LTD","","","IMPERIAL PHARMACY","4 THE PANTILES","","TUNBRIDGE WELLS","","TN2 5TN","20040401","","","","","","","","","","","1","","","","",""
"P623","PHARMAVON LTD","","","AVONDALE HEALTH CENTRE","AVONDALE STREET","","BOLTON","","BL1 4JP","20040401","","","","","","","","","","","1","","","","",""
"P624","HERINGTON (CHEMISTS) LTD","","","HERINGTONS CHEMIST","7 HIGH STREET SOUTH","","DUNSTABLE","","LU6 3RZ","20040401","","","","","","","","","","","1","","","","",""
"P626","CROSSBELL PHARMACY","","","131 THE VALE","","","LONDON","","W3 7RQ","20040401","","","","","","","","","","","1","","","","",""
"P627","A PROCTER & SON LTD","","","69 HIGH STREET","","","POLEGATE","","BN26 6AH","20040401","","","","","","","","","","","1","","","","",""
"P628","NOOR PHARMACY","","","199 MONUMENT ROAD","","","BIRMINGHAM","","B16 8UU","20040401","","","","","","","","","","","1","","","","",""
"P62A","WOODEND PHARMACY","","","103 WOOD END ROAD","","","BIRMINGHAM","","B24 8NT","20040401","20220629","","","","","","","","","","1","","","","",""
"P62E","AKSHAR PHARMACIES","","","91 CRICKLEWOOD LANE","","","LONDON","","NW2 1HR","20040401","","","","","","","","","","","1","","","","",""
"P62F","COUNTY PHARMACY LTD","","","13-15","WORDSLEY GREEN SHOPPING CENTRE","WORDSLEY","STOURBRIDGE","","DY8 5PD","20040401","","","","","","","","","","","1","","","","",""
"P62J","SUDBURY CHEMIST","","","879 HARROW ROAD","","","WEMBLEY","","HA0 2RH","20040401","","","","","","","","","","","1","","","","",""
"P62N","MALTINGS PHARMACY LIMITED","","","6 VICTORIA STREET","","","ST. ALBANS","","AL1 3JB","20040401","20220427","","","","","","","","","","1","","","","",""
"P62P","W M BROWN (KINGSHURST) LTD","","","351 WARWICK ROAD","","","SOLIHULL","","B91 1BQ","20040401","","","","","","","","","","","1","","","","",""
"P62Q","BECKENHAM PHARMACY","","","171-173 HIGH STREET","","","BECKENHAM","","BR3 1AH","20040401","","","","","","","","","","","1","","","","",""
"P62V","COUNTRYLINE LTD","","","BRAYSCALE PHARMACY","509 PINNER ROAD","","HARROW","","HA2 6EH","20040401","20190306","","","","","","","","","","1","","","","",""
"P62W","COLEMAN & LEIGHS CHEMIST LTD","","","LEIGHS PHARMACY","241 WALTON VILLAGE","","LIVERPOOL","","L4 6TH","20040401","20190326","","","","","","","","","","1","","","","",""
"P62X","HARSHAD LTD","","","MEDICO PHARMACY","2 PARKLANDS PARADE","BATH ROAD","HOUNSLOW","","TW5 9AX","20040401","","","","","","","","","","","1","","","","",""
"P62Y","EASTRY PHARMACY LTD","","","EASTRY PHARMACY","CHURCH STREET","EASTRY","SANDWICH","","CT13 0HQ","20040401","","","","","","","","","","","1","","","","",""
"P631","ROOKSDOWN PHARMACY","","","MILL ROAD","","","BASINGSTOKE","","RG24 9SP","20040401","","","","","","","","","","","1","","","","",""
"P633","LEEGRADE LTD","","","386 OLDFIELD LANE NORTH","","","GREENFORD","","UB6 8PU","20040401","","","","","","","","","","","1","","","","",""
"P634","HERMAN'S PHARMACY","","","84 HIGH STREET","","","NEW MALDEN","","KT3 4ET","20040401","","","","","","","","","","","1","","","","",""
"P635","REES WS & B (CHEMIST) LTD","","","20 HIGH STREET","","","LEOMINSTER","","HR6 8LZ","20040401","","","","","","","","","","","1","","","","",""
"P636","MORNINGSIDE LEICESTER LTD","","","115 NARBOROUGH ROAD","","","LEICESTER","","LE3 0PA","20040401","","","","","","","","","","","1","","","","",""
"P637","MATTISHALL HEALTHCARE LTD","","","MATTISHAL PHARMACY","15 DEREHAM ROAD","MATTISHALL","DEREHAM","","NR20 3QA","20040401","","","","","","","","","","","1","","","","",""
"P638","PETERS CHEMIST LTD","","","15 BROMLEY ROAD","","","BECKENHAM","","BR3 5NT","20040401","","","","","","","","","","","1","","","","",""
"P63A","WALKERS PHARMACY LTD","","","9 MORETON AVENUE","","","BIRMINGHAM","","B43 7QP","20040401","","","","","","","","","","","1","","","","",""
"P63D","SALEY'S PHARMACY","","","42 BATHURST WALK","","","IVER","","SL0 9BH","20040401","","","","","","","","","","","1","","","","",""
"P63E","COOPERS PHARMACY","","","59 BROAD LANE","","","LONDON","","N15 4DJ","20040401","","","","","","","","","","","1","","","","",""
"P63F","HARSHRAJ LIMITED","","","LION PHARMACY","202 ROCHESTER ROAD","","GRAVESEND","","DA12 4TY","20040401","","","","","","","","","","","1","","","","",""
"P63G","BEES DISPENSING CHEMIST","","","BEES CHEMIST","172 FORE STREET","","LONDON","","N18 2JB","20040401","20200317","","","","","","","","","","1","","","","",""
"P63H","GILL & SCHOFIELD PHARMACEUTICAL CHEMISTS LTD","","","MOLINEUX STREET","","","NEWCASTLE UPON TYNE","","NE6 1SG","20040401","","","","","","","","","","","1","","","","",""
"P63J","FARLEY CHEMIST","","","59 HIGHER PARR STREET","","","ST. HELENS","","WA9 1AD","20040401","","","","","","","","","","","1","","","","",""
"P63N","SPIERS PHARMACY","","","272 WELFORD ROAD","","","LEICESTER","","LE2 6BD","20040401","20200630","","","","","","","","","","1","","","","",""
"P63P","A F BROWNE LTD","","","16 WILTON ROAD","","","LONDON","","SE2 9RH","20040401","","","","","","","","","","","1","","","","",""
"P63Q","BDS PHARMACY LTD","","","11 LISKEARD ROAD","","","WALSALL","","WS5 3EY","20040401","20240831","","","","","","","","","","1","","","","",""
"P63R","C.K & SONS PHARMACY","","","2 HARTINGTON ROAD","","","LEICESTER","","LE2 0GL","20040401","20220608","","","","","","","","","","1","","","","",""
"P63X","WA HAWKIN & SONS LTD","","","78 OTLEY OLD ROAD","","","LEEDS","","LS16 6LQ","20040401","20220525","","","","","","","","","","1","","","","",""
"P640","CROWN PHARMACY","","","18 ANDREW CLOSE","SHENLEY","","RADLETT","","WD7 9LP","20040401","","","","","","","","","","","1","","","","",""
"P641","FREETHORN LTD","","","HEATON PHARMACY","8 HIGHGATE","","BRADFORD","","BD9 4BB","20040401","","","","","","","","","","","1","","","","",""
"P642","SWAN PHARMACY","","","135 CROSSBROOK STREET","CHESHUNT","","WALTHAM CROSS","","EN8 8LY","20040401","","","","","","","","","","","1","","","","",""
"P643","PRESTWICH PHARMACY LTD","","","15 FAIRFAX ROAD","PRESTWICH","","MANCHESTER","","M25 1AS","20040401","","","","","","","","","","","1","","","","",""
"P646","LANDFORD PHARMACY","","","34 LANDFORD AVENUE","","","LIVERPOOL","","L9 6BR","20040401","","","","","","","","","","","1","","","","",""
"P649","LARVIC LTD","","","MILTON HOUSE","151 WEDNESBURY ROAD","","WALSALL","","WS1 4JQ","20040401","","","","","","","","","","","1","","","","",""
"P64A","HAWES WHISTON & CO.","","","38 ST. JAMES'S SQUARE","","","BATH","","BA1 2TU","20040401","","","","","","","","","","","1","","","","",""
"P64D","SPATETREE PHARMACY","","","111 SHEEN LANE","SHEEN","","LONDON","","SW14 8AE","20040401","20190131","","","","","","","","","","1","","","","",""
"P64E","PATE AKN","","","181 MILL ROAD","","","KETTERING","","NN16 0RH","20040401","","","","","","","","","","","1","","","","",""
"P64G","KINGSFOLD PHARMACY","","","69 POPE LANE","PENWORTHAM","","PRESTON","","PR1 9BY","20040401","","","","","","","","","","","1","","","","",""
"P64H","HARTS CHEMIST LTD","","","106-110 WATNALL ROAD","HUCKNALL","","NOTTINGHAM","","NG15 7JW","20040401","20250404","","","","","","","","","","1","","","","",""
"P64J","K.V. HARTSHORNE (CHEMISTS) LTD","","","54 SPRING LANE","","","WALSALL","","WS4 1AT","20040401","","","","","","","","","","","1","","","","",""
"P64K","RYDERS CHEMIST","","","41 OLD TOWN LANE","","","LIVERPOOL","","L37 3HJ","20040401","","","","","","","","","","","1","","","","",""
"P64L","HECTORSIDE LTD","","","DUNNS CHEMISTS","740 BATH ROAD","","HOUNSLOW","","TW5 9TY","20040401","","","","","","","","","","","1","","","","",""
"P64P","CHEMICARE HEALTH LTD","","","UNIT 7","LEA GREEN BUSINESS PARK","EUROLINK","ST. HELENS","","WA9 4TR","20040401","20190227","","","","","","","","","","1","","","","",""
"P64Q","BRUNSWICK TRADING LTD","","","LADYWELL PHARMACY","79 LADYWELL ROAD","","LONDON","","SE13 7JA","20040401","","","","","","","","","","","1","","","","",""
"P64T","SMITH P & I LTD","","","3 ST. DOMINICS SQUARE","","","LUTON","","LU4 0UN","20040401","","","","","","","","","","","1","","","","",""
"P64W","CORMCHOICE LTD","","","COURTNEY CHEMIST","3 ST. JOHNS WOOD HIGH STREET","","LONDON","","NW8 7NG","20040401","20230315","","","","","","","","","","1","","","","",""
"P64X","NORMAN'S PHARMACY","","","93 KNOWSLEY ROAD","","","BOOTLE","","L20 4NH","20040401","20190305","","","","","","","","","","1","","","","",""
"P64Y","EVERGREEN PHARMACY","","","106 EVERSHOLT STREET","","","LONDON","","NW1 1BP","20040401","20260202","","","","","","","","","","1","","","","",""
"P651","RYBURN PHARMACY (RIPPONDEN) LTD","","","226 HALIFAX ROAD","RIPPONDEN","","SOWERBY BRIDGE","","HX6 4BG","20040401","","","","","","","","","","","1","","","","",""
"P658","STONEHOUSE PHARMACY LTD","","","HIGH STREET","","","STONEHOUSE","","GL10 2NG","20040401","","","","","","","","","","","1","","","","",""
"P659","BOWBURN PHARMACY LTD","","","BOWBURN PHARMACY","2 ASH TERRACE","BOWBURN","DURHAM","","DH6 5AS","20040401","","","","","","","","","","","1","","","","",""
"P65A","SAUGHALL PHARMACY","","","30 CHURCH ROAD","SAUGHALL","","CHESTER","","CH1 6EP","20040401","","","","","","","","","","","1","","","","",""
"P65D","DRAKE PHARMACY","","","364 MARSH LANE","","","BOOTLE","","L20 9BX","20040401","","","","","","","","","","","1","","","","",""
"P65J","CHURCH PHARMACY","","","83 UXBRIDGE ROAD","","","LONDON","","W7 3ST","20040401","","","","","","","","","","","1","","","","",""
"P65K","HAYSHINE LTD","","","54 WROTHAM ROAD","","","WELLING","","DA16 1LN","20040401","","","","","","","","","","","1","","","","",""
"P65L","J.T. GREGORY PHARMACY","","","54 HIGH STREET","TRUMPINGTON","","CAMBRIDGE","","CB2 9LS","20040401","20220504","","","","","","","","","","1","","","","",""
"P65N","WYLAM PHARMACY LTD","","","MAIN ROAD","","","WYLAM","","NE41 8AB","20040401","","","","","","","","","","","1","","","","",""
"P65Q","CAMBELLE LTD","","","CAMBELLE CHEMISTS","83 BOUNDFIELD ROAD","","LONDON","","SE6 1PH","20040401","","","","","","","","","","","1","","","","",""
"P65T","THOMPSON CRABTREE LTD","","","214 MONTON ROAD","ECCLES","","MANCHESTER","","M30 9LJ","20040401","","","","","","","","","","","1","","","","",""
"P65V","COYLE D CHEMIST","","","147 HIGH STREET","","","WALTHAM CROSS","","EN8 7AP","20040401","","","","","","","","","","","1","","","","",""
"P65X","ST ALBANS PHARMACY","","","146 ST. ALBANS ROAD","","","LYTHAM ST. ANNES","","FY8 1UY","20040401","20190312","","","","","","","","","","1","","","","",""
"P661","SANPHARM LTD","","","SANDFORD PHARMACY","19 ST. HELENS ROAD","SANDFORD","WAREHAM","","BH20 7AX","20040401","","","","","","","","","","","1","","","","",""
"P663","RUPEK LTD","","","VANTAGE CHEMISTS","1 PARK PARADE","BARRA HALL CIRCUS","HAYES","","UB3 2NU","20040401","","","","","","","","","","","1","","","","",""
"P665","MOUNTCHASE PHARMACY","","","13 FORE STREET","","","LOSTWITHIEL","","PL22 0BW","20040401","","","","","","","","","","","1","","","","",""
"P668","PETER WILLIAMS (WITHNELL PHARMACY) LTD","","","17 BURY LANE","WITHNELL","","CHORLEY","","PR6 8RX","20040401","","","","","","","","","","","1","","","","",""
"P66C","G.M. GRAHAM PHARMACIES LTD","","","THE PHARMACY","HALL STREET, LONG MELFORD","","SUDBURY","","CO10 9JG","20040401","","","","","","","","","","","1","","","","",""
"P66D","VUCAK LTD","","","13 DERRIMAN DRIVE","ECCLESALL","","SHEFFIELD","","S11 9LD","20040401","20190305","","","","","","","","","","1","","","","",""
"P66E","MIRAGE PHARMACY LTD","","","95 BIRCHFIELD ROAD","","","BIRMINGHAM","","B19 1LH","20040401","20190409","","","","","","","","","","1","","","","",""
"P66F","ABLEGRIP LTD","","","RUSHTON CHEMISTS","275 PRESTON ROAD","","HARROW","","HA3 0PS","20040401","20240312","","","","","","","","","","1","","","","",""
"P66G","MB SILVERMAN CHEMIST","","","180A WELLS ROAD","","","BRISTOL","","BS4 2AL","20040401","","","","","","","","","","","1","","","","",""
"P66H","J. PATEL, PARK ST PHARMACY","","","61 PARK STREET","","","BOOTLE","","L20 3DF","20040401","20250531","","","","","","","","","","1","","","","",""
"P66K","R T ELLIOTT LTD","","","31 AGNES ROAD","","","BARNSLEY","","S70 1NJ","20040401","","","","","","","","","","","1","","","","",""
"P66L","FRENCH'S CHEMIST","","","1723-1725 LONDON ROAD","","","LEIGH-ON-SEA","","SS9 2SW","20040401","20200301","","","","","","","","","","1","","","","",""
"P66M","HG HANKS LTD","","","HAWTHORN PHARMACY","261 CRICKLADE ROAD","","SWINDON","","SN2 1AE","20040401","","","","","","","","","","","1","","","","",""
"P66P","HAVEN CHEMIST","","","4 NAYLOR STREET","","","MANCHESTER","","M40 7WE","20040401","","","","","","","","","","","1","","","","",""
"P66R","BELL CHEMIST","","","21B BANCROFT","","","HITCHIN","","SG5 1JW","20040401","20250625","","","","","","","","","","1","","","","",""
"P66T","SOLANKY MK","","","SOLANKI CHEMIST","324 HIGH STREET NORTH","","LONDON","","E12 6SA","20040401","","","","","","","","","","","1","","","","",""
"P66V","NUCREST LTD","","","QUEEN STREET PHARMACY","18 QUEEN STREET","","SOUTHWOLD","","IP18 6EQ","20040401","","","","","","","","","","","1","","","","",""
"P66W","COUNTY PHARMACY (LEICESTER) LTD","","","COUNTY HOUSE","14A STRETTON COURT","STRETTON ROAD, GREAT GLEN","LEICESTER","","LE8 9HB","20040401","","","","","","","","","","","1","","","","",""
"P66X","SCIENSUS PHARMA SERVICES LIMITED","","","107 STATION STREET","","","BURTON-ON-TRENT","","DE14 1SZ","20040401","","","","","","","","","","","1","","","","",""
"P66Y","ELWICK 2000 LTD","","","10 WOODS TERRACE EAST","MURTON","","SEAHAM","","SR7 9AA","20040401","20190305","","","","","","","","","","1","","","","",""
"P671","GROVE PHARMACY","","","73 GROVE ROAD","","","LONDON","","E17 9BU","20040401","","","","","","","","","","","1","","","","",""
"P672","MOSELEY CARE LTD","","","FAKIR CHEMIST","2A CHURCH ROAD","MOSELEY","BIRMINGHAM","","B13 9AG","20040401","","","","","","","","","","","1","","","","",""
"P673","GIST HEALTH LTD","","","MEACHER HIGGINS & THOMAS","105A CRAWFORD STREET","","LONDON","","W1H 2HU","20040401","","","","","","","","","","","1","","","","",""
"P674","BOOTH A P & C P","","","22 WEST STREET","","","BELFORD","","NE70 7QE","20040401","20250301","","","","","","","","","","1","","","","",""
"P675","DRAYWARD LTD","","","176 LONG LANE","","","LONDON","","N3 2RA","20040401","","","","","","","","","","","1","","","","",""
"P676","MIDDLETON PHARMACY LTD","","","MIDDLETON PHARMACY","1 BELLE VUE TERRACE","MIDDLETON ST. GEORGE","DARLINGTON","","DL2 1BN","20040401","20190219","","","","","","","","","","1","","","","",""
"P67C","LANSDALES PHARMACY LTD","","","208 DESBOROUGH ROAD","","","HIGH WYCOMBE","","HP11 2TE","20040401","","","","","","","","","","","1","","","","",""
"P67F","A BRICKLEY LTD","","","88 GRIFFITHS DRIVE","WEDNESFIELD","","WOLVERHAMPTON","","WV11 2JW","20040401","20190409","","","","","","","","","","1","","","","",""
"P67H","G. GOULDINGS LTD","","","THE CHEMIST","20 GLEBE FARM ROAD","","BIRMINGHAM","","B33 9LZ","20040401","","","","","","","","","","","1","","","","",""
"P67J","MAPAK CHEMISTS LTD","","","WARE CROSS PHARMACY","40 WARE ROAD","","HODDESDON","","EN11 9DU","20040401","","","","","","","","","","","1","","","","",""
"P67L","MEDIPHARMA CHEMIST","","","11 OAK TREE LANE","SELLY OAK","","BIRMINGHAM","","B29 6JE","20040401","","","","","","","","","","","1","","","","",""
"P67M","JASINS CHEMIST","","","18 ST. JOHNS ROAD","","","ISLEWORTH","","TW7 6NW","20040401","20200831","","","","","","","","","","1","","","","",""
"P67N","W.H. GOY CHEMIST","","","27 NORTHCOTE ROAD","","","LONDON","","SW11 1NJ","20040401","","","","","","","","","","","1","","","","",""
"P67Q","IPSWICH & NORWICH CO-OP SOCIETY LTD","","","CO-OPERATIVE HOUSE","38-46 CARR STREET","","IPSWICH","","IP4 1EW","20040401","20190329","","","","","","","","","","1","","","","",""
"P67T","SONI (LEICESTER) LTD","","","SONI CHEMIST","27 MELTON ROAD","","LEICESTER","","LE4 6PN","20040401","","","","","","","","","","","1","","","","",""
"P67V","HE MATTHEWS PHARMACY","","","140 STANLEY PARK ROAD","","","CARSHALTON","","SM5 3JG","20040401","","","","","","","","","","","1","","","","",""
"P680","A & H PHARMACIES LTD","","","BELFAIRS CHEMIST","327 EASTWOOD ROAD NORTH","","LEIGH-ON-SEA","","SS9 4LT","20040401","","","","","","","","","","","1","","","","",""
"P684","PHARMACIE DIRECT LTD","","","SILCHESTER PHARMACY","4 SILCHESTER ROAD","","ST. LEONARDS-ON-SEA","","TN38 0JB","20040401","20220331","","","","","","","","","","1","","","","",""
"P686","MAPLE LEAF PHARMACY","","","20 THE GREEN","","","TWICKENHAM","","TW2 5AB","20040401","20190207","","","","","","","","","","1","","","","",""
"P688","GOKANI M CHEMIST","","","32 CHURCH ROAD","","","NORTHOLT","","UB5 5AB","20040401","","","","","","","","","","","1","","","","",""
"P689","APA BLACKPOOL LTD","","","2A DINMORE AVENUE","","","BLACKPOOL","","FY3 7RW","20040401","","","","","","","","","","","1","","","","",""
"P68C","BAGGALEY CHEMIST","","","PATRICK BAGGALEY","131 ALCESTER ROAD","","BIRMINGHAM","","B13 8JP","20040401","","","","","","","","","","","1","","","","",""
"P68D","SPL CORPORATION LTD","","","SHAHS DISPENSING CHEMIST","491 STRATFORD ROAD","SPARKHILL","BIRMINGHAM","","B11 4LE","20040401","","","","","","","","","","","1","","","","",""
"P68G","ALDERMANS PHARMACY","","","30 ALDERMANS HILL","","","LONDON","","N13 4PN","20040401","","","","","","","","","","","1","","","","",""
"P68H","MURRAYS HEALTHCARE","","","MURRAYS HEALTHCARE HEAD OFFICE","PO BOX 2256","","STOURBRIDGE","","DY8 1WT","20040401","20230621","","","","","","","","","","1","","","","",""
"P68J","SOOD CHEMISTS LTD","","","23-25 GLOUCESTER ROAD","BISHOPSTON","","BRISTOL","","BS7 8AA","20040401","20260701","","","","","","","","","","1","","","","",""
"P68M","M.J & A TAYLOR LTD","","","PHARMACY","226 PARK ROAD","","STANLEY","","DH9 7AN","20040401","","","","","","","","","","","1","","","","",""
"P68N","FAIRLIGHT CHEMIST","","","186 ROWAN ROAD","","","LONDON","","SW16 5HX","20040401","20220629","","","","","","","","","","1","","","","",""
"P68R","MILLFIELD CHEMISTS","","","387 LINCOLN ROAD","","","PETERBOROUGH","","PE1 2PF","20040401","","","","","","","","","","","1","","","","",""
"P68T","SONRAK LTD","","","MASSINGHAM CHEMIST","197-199 ROMAN ROAD","","LONDON","","E2 0QY","20040401","","","","","","","","","","","1","","","","",""
"P68V","PARKSIDE PHARMACY LTD","","","FRONT STREET","BELLINGHAM","","HEXHAM","","NE48 2AA","20040401","","","","","","","","","","","1","","","","",""
"P68X","HEALTHWAYS CHEMIST","","","155-157 LOUGHBOROUGH ROAD","","","LEICESTER","","LE4 5LR","20040401","","","","","","","","","","","1","","","","",""
"P691","A T DERBYSHIRE LTD","","","115 HIGHER PARR STREET","","","ST. HELENS","","WA9 1AG","20040401","20230131","","","","","","","","","","1","","","","",""
"P692","DELITE CHEMIST","","","4 MONEYHILL PARADE","","","RICKMANSWORTH","","WD3 7BQ","20040401","","","","","","","","","","","1","","","","",""
"P693","BATCHABLE ENTERPRISE LTD","","","84-90 STANLEY STREET","OPENSHAW","","MANCHESTER","","M11 1LE","20040401","","","","","","","","","","","1","","","","",""
"P696","CHOPRAS PHARMACY","","","HOLMESDALE ROAD","SOUTH DARENTH","","DARTFORD","","DA4 9AF","20040401","","","","","","","","","","","1","","","","",""
"P698","ALPHA CHEMIST LTD","","","480 CHURCH ROAD","","","NORTHOLT","","UB5 5AU","20040401","","","","","","","","","","","1","","","","",""
"P699","NORTHFIELD PHARMACY","","","30 NORTHFIELD AVENUE","","","LONDON","","W13 9RL","20040401","","","","","","","","","","","1","","","","",""
"P69A","CHARLES HARRY PHARMACY","","","366 RICHMOND ROAD","","","TWICKENHAM","","TW1 2DX","20040401","","","","","","","","","","","1","","","","",""
"P69C","NOAK BRIDGE PHARMACY LTD","","","147 COPPICE LANE","NOAK BRIDGE","","BASILDON","","SS15 4JS","20040401","","","","","","","","","","","1","","","","",""
"P69D","WISPVILLE LTD","","","UNIT 26/4, SILICON CENTRE","WADSWORTH ROAD","PERIVALE","GREENFORD","","UB6 7JD","20040401","","","","","","","","","","","1","","","","",""
"P69F","THE BROADWAY PHARMACY","","","95 THE BROADWAY","NORTON","","STOURBRIDGE","","DY8 3HX","20040401","20191103","","","","","","","","","","1","","","","",""
"P69G","LADYBAY PHARMACY","","","145 TRENT BOULEVARD","WEST BRIDGFORD","","NOTTINGHAM","","NG2 5BX","20040401","","","","","","","","","","","1","","","","",""
"P69J","CITY HEALTH PHARMACY LTD","","","VICTORIA DOCK HEALTH CENTRE","81 SOUTH BRIDGE ROAD","","HULL","","HU9 1TR","20040401","","","","","","","","","","","1","","","","",""
"P69K","HELPROSE LTD","","","WILKINSON CHEMIST","190 HIGH STREET","","BARNET","","EN5 5SZ","20040401","20251021","","","","","","","","","","1","","","","",""
"P69L","K. PATEL","","","KALPESH CHEMIST","199-201 RUSHMORE ROAD","","LONDON","","E5 0HD","20040401","20250702","","","","","","","","","","1","","","","",""
"P69M","R & W ELSE LIMITED","","","111-113 HANBRIDGE AVENUE","","","NEWCASTLE","","ST5 8HX","20040401","","","","","","","","","","","1","","","","",""
"P69N","M.I.I. BOBAT DISPENSING CHEMIST","","","92 TANGIER ROAD","COPNOR","","PORTSMOUTH","","PO3 6HU","20040401","","","","","","","","","","","1","","","","",""
"P69P","GREEN CROSS PHARMACY","","","95 MUSTERS ROAD","WEST BRIDGFORD","","NOTTINGHAM","","NG2 7PX","20040401","20190305","","","","","","","","","","1","","","","",""
"P69V","JOHN HUGHES CHEMIST","","","225 BRECK ROAD","EVERTON","","LIVERPOOL","","L5 6PT","20040401","","","","","","","","","","","1","","","","",""
"P69W","FARE W L LTD","","","11 MARKET PLACE","","","WHITEHAVEN","","CA28 7JD","20040401","","","","","","","","","","","1","","","","",""
"P69Y","ENGLAND PHARMACY","","","280 GIDLOW LANE","","","WIGAN","","WN6 7PG","20040401","","","","","","","","","","","1","","","","",""
"P6A1","MAURICE ANTHONY LTD","","","WALDHAM PHARMACY","6 VILLAGE SQUARE","SPRINGFIELD","CHELMSFORD","","CM2 6RF","20040401","","","","","","","","","","","1","","","","",""
"P6A3","MAXSEL LTD","","","CO.CHEM DISPENSING CHEMIST","167 CHURCH HILL ROAD","","BIRMINGHAM","","B20 3PX","20040401","","","","","","","","","","","1","","","","",""
"P6A5","MAY & THOMPSON LTD","","","51 DARTMOUTH AVENUE","","","WOKING","","GU21 5PE","20040401","","","","","","","","","","","1","","","","",""
"P6A6","MB AMIN & C AMIN","","","500 WALTON ROAD","","","WEST MOLESEY","","KT8 2QF","20040401","20220831","","","","","","","","","","1","","","","",""
"P6A8","CJ MCKENDRICK / KIM ELIAS","","","THE PHARMACY","123 COMMERCIAL ROAD","","SWINDON","","SN1 5PL","20040401","20220302","","","","","","","","","","1","","","","",""
"P6AC","MICHAEL MEAGHER LTD","","","10 FRANCES STREET","","","TRURO","","TR1 3DN","20040401","20180926","","","","","","","","","","1","","","","",""
"P6AD","M MEDHI","","","NEWBURN PHARMACY","1 NEWBURN ROAD","","NEWCASTLE UPON TYNE","","NE15 8LX","20040401","","","","","","","","","","","1","","","","",""
"P6AF","MEDINA CHEMIST","","","ASIM'S CHEMIST","85-89 RADFORD ROAD","","NOTTINGHAM","","NG7 5DR","20040401","","","","","","","","","","","1","","","","",""
"P6AG","MEDIREX LTD","","","MEDIREX PHARMACY","28-29 WILCOX CLOSE","","LONDON","","SW8 2UD","20040401","","","","","","","","","","","1","","","","",""
"P6AH","MEDSHIRES LTD","","","SHIRE PHARMACY","1 THE SHOPS","TEAGUES CRESCENT, TRENCH","TELFORD","","TF2 6RX","20040401","20230228","","","","","","","","","","1","","","","",""
"P6AJ","M MEHDI","","","THROCKLEY CHEMIST","TILLMOUTH PARK ROAD","","NEWCASTLE UPON TYNE","","NE15 9PA","20040401","","","","","","","","","","","1","","","","",""
"P6AM","GK MEHTA","","","45 ANERLEY ROAD","","","LONDON","","SE19 2AS","20040401","","","","","","","","","","","1","","","","",""
"P6AN","GV MEHTA","","","25 FLAMSTEED ROAD","","","NOTTINGHAM","","NG8 6LR","20040401","20260722","","","","","","","","","","1","","","","",""
"P6AQ","P MELLIS","","","OAKWOOD PHARMACY","118 RODING ROAD","","LOUGHTON","","IG10 3EJ","20040401","","","","","","","","","","","1","","","","",""
"P6AW","METWEST LTD PHARMACY","","","UNIT 7/8","STAPLE TYE SHOPPING CENTRE","SOUTHERN WAY","HARLOW","","CM18 7PJ","20040401","","","","","","","","","","","1","","","","",""
"P6C0","ODESSEY LTD","","","ODYSSEY PHARMACY","2 LOWER STREET","","KETTERING","","NN16 8DH","20040401","","","","","","","","","","","1","","","","",""
"P6C1","THE PHARMACY","","","91 CHURCH ROAD","PLYMSTOCK","","PLYMOUTH","","PL9 9AX","20040401","20170823","","","","","","","","","","1","","","","",""
"P6C2","CM OGLE","","","36 CHURCH STREET","","","PERSHORE","","WR10 1DT","20040401","20231130","","","","","","","","","","1","","","","",""
"P6C3","THE LIGHTHOUSE PHARMACY","","","19-21 THE STREET","LITTLE CLACTON","","CLACTON-ON-SEA","","CO16 9LQ","20040401","","","","","","","","","","","1","","","","",""
"P6C7","ORCHARD 2000 PHARMACY LTD","","","480 HALL ROAD","","","HULL","","HU6 9BS","20040401","","","","","","","","","","","1","","","","",""
"P6C8","ORCHARD PHARMACY LTD","","","6 LAUREL LANE","","","WEST DRAYTON","","UB7 7TU","20040401","","","","","","","","","","","1","","","","",""
"P6CC","PHARMACY 4 U LTD","","","SELBYS PHARMACY","33 HIGH STREET","LINDFIELD","HAYWARDS HEATH","","RH16 2HJ","20040401","","","","","","","","","","","1","","","","",""
"P6CD","PHARMALINK UK LTD","","","NUCARE PHARMACY","229 VICTORIA ROAD","ASTON","BIRMINGHAM","","B6 5HP","20040401","","","","","","","","","","","1","","","","",""
"P6CE","PHARMAT LTD","","","PHARMACENTRE","149 EDGWARE ROAD","","LONDON","","W2 2HU","20040401","","","","","","","","","","","1","","","","",""
"P6CH","PLEAT LTD","","","PLEAT PHARMACY","4 STREATHAM VALE","","LONDON","","SW16 5TE","20040401","","","","","","","","","","","1","","","","",""
"P6CQ","VANTAGE CHEMISTS","","","27 COTON ROAD","","","NUNEATON","","CV11 5TW","20040401","","","","","","","","","","","1","","","","",""
"P6CV","PRINCEMOUNT LTD","","","R J'S CHEMIST","210 EALING ROAD","","WEMBLEY","","HA0 4QG","20040401","","","","","","","","","","","1","","","","",""
"P6CW","SCOTTS PHARMACY","","","WALLACE PRING & CO","40 CHATTERTON ROAD","","BROMLEY","","BR2 9QE","20040401","20190409","","","","","","","","","","1","","","","",""
"P6CX","PRINJA PHARMACY","","","1128 TYBURN ROAD","","","BIRMINGHAM","","B24 0SY","20040401","","","","","","","","","","","1","","","","",""
"P6CY","WILLIAMS CHEMIST","","","314-316 ELGIN AVENUE","","","LONDON","","W9 1JU","20040401","20241031","","","","","","","","","","1","","","","",""
"P6E0W","OPTIMUM RX LIMITED","","","UNITR3 ALISON CENTRE","39 ALISON CRESCENT","","SHEFFIELD","","S2 1AS","20230621","","","","","","","","","","","1","","","","",""
"P6I3K","WARMSWORTH HEALTHCARE LTD","","","56 EDLINGTON LANE","WARMSWORTH","","DONCASTER","","DN4 9LS","20240821","","","","","","","","","","","1","","","","",""
"P6K5E","MERRIPHARM LTD","","","12 STEEP STREET","","","CHEPSTOW","","NP16 5PJ","20091001","","","","","","","","","","","1","","","","",""
"P6KA","PRESCRIPTION POINT LTD","","","CARE QUALITY PHARMACY","LITTLE HEATH INDUSTRIAL ESTATE","OLD CHURCH ROAD","COVENTRY","","CV6 7NB","20150429","","","","","","","","","","","1","","","","",""
"P6Q0Z","SLHQ PHARMA LTD","","","POTTERS LANE","","","WEDNESBURY","","WS10 7LH","20250409","","","","","","","","","","","1","","","","",""
"P6S9E","WAQAS ZAMIR LTD","","","370 BUXTON ROAD","","","STOCKPORT","","SK2 7BY","20260520","","","","","","","","","","","1","","","","",""
"P6T6M","SHIPLEY HEALTHCARE LIMITED","","","WINDHILL GREEN MEDICAL CENTRE","2 THACKLEY OLD ROAD","","SHIPLEY","","BD18 1QB","20231025","","","","","","","","","","","1","","","","",""
"P6W1O","YORK P LTD","","","THE SCOTT PRACTICE","GREENFIELD LANE","BALBY","DONCASTER","","DN4 0TG","20230624","","","","","","","","","","","1","","","","",""
"P6Z9Z","EG ON THE MOVE LTD","","","HASLINGDEN ROAD","GUIDE","","BLACKBURN","","BB1 2FA","20231116","","","","","","","","","","","1","","","","",""
"P701","TWIN VENTURES INTERNATIONAL LTD","","","MILLENNIUM PHARMACY","68 BRIXTON ROAD","","LONDON","","SW9 6BH","20040401","","","","","","","","","","","1","","","","",""
"P703","SHAN LTD","","","SHAN PHARMACY","106 EWELL ROAD","","SURBITON","","KT6 6HA","20040401","20260131","","","","","","","","","","1","","","","",""
"P705","ROYS (WROXHAM) LTD","","","ROYS PHARMACY (WROXHAM) LTD","HOVETON","","NORWICH","","NR12 8DB","20040401","","","","","","","","","","","1","","","","",""
"P706","FIELDS PHARMACY LTD","","","38-40 ELDRED AVENUE","WESTDENE","","BRIGHTON","","BN1 5EG","20040401","","","","","","","","","","","1","","","","",""
"P707","JMW VICARY LTD","","","BANKS PARADE","HADDENHAM","","AYLESBURY","","HP17 8ED","20040401","","","","","","","","","","","1","","","","",""
"P708","C GOODE PHARMACY","","","36 LONDON ROAD","","","TWICKENHAM","","TW1 3RR","20040401","20250912","","","","","","","","","","1","","","","",""
"P709","OAKWOOD (BIRSTALL) LIMITED","","","930-932 BRADFORD ROAD","BIRSTALL","","BATLEY","","WF17 9PH","20040401","20190219","","","","","","","","","","1","","","","",""
"P70F","KUBRI CHEMIST","","","511 KINGSBURY ROAD","KINGSBURY","","LONDON","","NW9 9EG","20040401","20191130","","","","","","","","","","1","","","","",""
"P70G","N & J BURNWOOD LTD","","","UNIT 10 MORLEY ROAD","","","BURNTWOOD","","WS7 9AZ","20040401","","","","","","","","","","","1","","","","",""
"P70J","WESTLAKE PHARMACY","","","1015 FINCHLEY ROAD","GOLDERS GREEN","","LONDON","","NW11 7ES","20040401","","","","","","","","","","","1","","","","",""
"P70M","J.V. CHOTAI & SONS LTD","","","5 HIGH ROAD","","","LONDON","","N22 6BH","20040401","20180110","","","","","","","","","","1","","","","",""
"P70P","CITY LOCUM SERVICES LTD","","","14 KING EDWARDS ROAD","","","BIRMINGHAM","","B1 2PZ","20040401","","","","","","","","","","","1","","","","",""
"P70Q","CEDRICS CHEMIST LTD","","","262 FINNEY LANE","HEALD GREEN","","CHEADLE","","SK8 3QD","20040401","","","","","","","","","","","1","","","","",""
"P70T","WINWOOD PS & SON LTD","","","96 ASKEW ROAD","","","LONDON","","W12 9BL","20040401","","","","","","","","","","","1","","","","",""
"P70W","ESSENTIALS PHARMACY","","","169 DRURY LANE","","","LONDON","","WC2B 5QA","20040401","","","","","","","","","","","1","","","","",""
"P712","STAGEDALE LTD","","","WEST ELLOE PHARMACY","WEST ELLOE AVENUE","","SPALDING","","PE11 2BH","20040401","","","","","","","","","","","1","","","","",""
"P714","ROSENLONG LTD","","","PRINCE CHEMIST","486 HARROW ROAD","","LONDON","","W9 3QA","20040401","","","","","","","","","","","1","","","","",""
"P715","TREBLEFRAME LTD","","","HAMPDEN SQUARE PHARMACY","14 HAMPDEN SQUARE","SOUTHGATE","LONDON","","N14 5JR","20040401","20200317","","","","","","","","","","1","","","","",""
"P717","YARDLEY CHEMIST","","","15 HIGH STREET","","","RAYLEIGH","","SS6 7EW","20040401","","","","","","","","","","","1","","","","",""
"P718","ELORA PHARMACY","","","115-117 HIGH ROAD","","","BENFLEET","","SS7 5LN","20040401","20260831","","","","","","","","","","1","","","","",""
"P719","MIM PHARMACY LTD","","","118 NORTH STREET","","","ROMFORD","","RM1 1DL","20040401","","","","","","","","","","","1","","","","",""
"P71A","BLISS PHARMACY","","","5-6 MARBLE ARCH","","","LONDON","","W1H 7EL","20040401","20180103","","","","","","","","","","1","","","","",""
"P71C","FLINTLOW LIMITED","","","YARDLEY PHARMACY","2 WILLARD ROAD","","BIRMINGHAM","","B25 8AA","20040401","","","","","","","","","","","1","","","","",""
"P71D","ROADE PHARMACY","","","5 SOUTH VIEW","ROADE","","NORTHAMPTON","","NN7 2NS","20040401","20200831","","","","","","","","","","1","","","","",""
"P71E","DDL DAVIES LTD","","","59-61 PLUNGINGTON ROAD","","","PRESTON","","PR1 7EN","20040401","","","","","","","","","","","1","","","","",""
"P71F","M SUSS (CHEMISTS) LTD","","","UNIT 5, PENNINE PRECINCT","NEWHEY ROAD","MILNROW","ROCHDALE","","OL16 4JD","20040401","20190227","","","","","","","","","","1","","","","",""
"P71G","BRICKET WOOD PHARMACY","","","111 OAKWOOD ROAD","BRICKET WOOD","","ST. ALBANS","","AL2 3QB","20040401","","","","","","","","","","","1","","","","",""
"P71H","GRAHAM JONES PHARMACY LTD","","","7 COURT ROAD","LETCOMBE REGIS","","WANTAGE","","OX12 9JH","20040401","","","","","","","","","","","1","","","","",""
"P71K","W N GIMMACK CHEMISTS LTD","","","10 STATION PARADE","","","LONDON","","NW2 4NH","20040401","20230614","","","","","","","","","","1","","","","",""
"P71L","ESSINGTON CHEMISTS","","","129 LONG KNOWLE LANE","","","WOLVERHAMPTON","","WV11 1JG","20040401","","","","","","","","","","","1","","","","",""
"P71Q","CHAPHARM LTD","","","2 CIVIC SQUARE","","","TILBURY","","RM18 8AD","20040401","20260831","","","","","","","","","","1","","","","",""
"P71R","NORLINGTON LTD","","","3 BROADWAY MARKET","","","LONDON","","E8 4PH","20040401","","","","","","","","","","","1","","","","",""
"P71T","STEVENS RW (CHEMISTS) LTD","","","379 FOOTSCRAY ROAD","","","LONDON","","SE9 2DR","20040401","20190409","","","","","","","","","","1","","","","",""
"P71V","CR CLOWES & SON LTD","","","4 CAVENDISH CIRCUS","","","BUXTON","","SK17 6AX","20040401","20240131","","","","","","","","","","1","","","","",""
"P721","WESTON LTD","","","3 ST. STEPHENS PARADE","GREEN STREET","","LONDON","","E7 8LQ","20040401","","","","","","","","","","","1","","","","",""
"P722","PERFUCARE PHARMACY LTD","","","136 KIRKDALE","","","LONDON","","SE26 4BB","20040401","","","","","","","","","","","1","","","","",""
"P723","KG PHARMACY","","","36 THE BROADWAY","DEBDEN","","LOUGHTON","","IG10 3ST","20040401","","","","","","","","","","","1","","","","",""
"P725","SHAREEF PHARMACY","","","31 SWAN CENTRE","COVENTRY ROAD","YARDLEY","BIRMINGHAM","","B26 1AD","20040401","","","","","","","","","","","1","","","","",""
"P727","ASHCROFT PHARMACY LTD","","","260 ASHCROFT ROAD","STOPSLEY","","LUTON","","LU2 9AB","20040401","","","","","","","","","","","1","","","","",""
"P728","RONALD HOLMES LANCASTER LTD","","","81 ULLSWATER ROAD","FREEHOLD","","LANCASTER","","LA1 3PU","20040401","","","","","","","","","","","1","","","","",""
"P729","CHEMYCARE","","","471 BEAKE AVENUE","WHITMORE PARK","","COVENTRY","","CV6 2HT","20040401","","","","","","","","","","","1","","","","",""
"P72A","WELSH CHEMIST","","","90 BANKS ROAD","WEST KIRBY","","WIRRAL","","CH48 0RE","20040401","20190305","","","","","","","","","","1","","","","",""
"P72F","CORNWELLS CHEMISTS LTD","","","15 HIGH STREET","","","NEWCASTLE","","ST5 1RB","20040401","","","","","","","","","","","1","","","","",""
"P72G","FIRST KALMS LTD","","","LAMIS KALM CHEMIST","20 BUSH HILL PARADE","VILLAGE ROAD","ENFIELD","","EN1 2HB","20040401","","","","","","","","","","","1","","","","",""
"P72H","NORTHWOOD DISPENSING CHEMISTS LTD","","","WHITEHOUSE PHARMACY","MARKET STREET","PENKRIDGE","STAFFORD","","ST19 5DH","20040401","","","","","","","","","","","1","","","","",""
"P72L","G. HORTON LTD","","","CHEMIST","7 MARKET PLACE","","CIRENCESTER","","GL7 2NX","20040401","","","","","","","","","","","1","","","","",""
"P72N","S.L. ANDERSON CHEMIST","","","8 THE HYDE","","","STEVENAGE","","SG2 9SE","20040401","20181107","","","","","","","","","","1","","","","",""
"P72P","CLOCKWORK PHARMACY LTD","","","398-400 MARE STREET","","","LONDON","","E8 1HP","20040401","","","","","","","","","","","1","","","","",""
"P72Q","CHEMSTAR LTD","","","AUDLEY PHARMACY","36 SOUTH AUDLEY STREET","","LONDON","","W1K 2PL","20040401","","","","","","","","","","","1","","","","",""
"P72T","STEVENS WGS","","","THE PHARMACY","105 LONDON ROAD","TEYNHAM","SITTINGBOURNE","","ME9 9QL","20040401","20220504","","","","","","","","","","1","","","","",""
"P72W","FAZAL PHARMACY LTD","","","199 MERTON ROAD","","","LONDON","","SW18 5EF","20040401","20220518","","","","","","","","","","1","","","","",""
"P72Y","LYGON PHARMACY","","","84 WORCESTER ROAD","","","MALVERN","","WR14 1NY","20040401","","","","","","","","","","","1","","","","",""
"P730","STRATWICKS LIMITED","","","1 REARDON COURT","WOODLOES AVENUE SOUTH","","WARWICK","","CV34 5RN","20040401","","","","","","","","","","","1","","","","",""
"P732","KAMEEL ENTERPRISES LTD","","","DEWSBURY MOOR PHARMACY","119 HECKMONDWIKE ROAD","DEWSBURY MOOR","DEWSBURY","","WF13 3NT","20040401","","","","","","","","","","","1","","","","",""
"P733","TYNE CARE LTD","","","CLYDE CHEMIST","136 ARMSTRONG ROAD","","NEWCASTLE UPON TYNE","","NE4 8PR","20040401","","","","","","","","","","","1","","","","",""
"P736","LA DOWRICK","","","9 OLD MILL ROAD","CHELSTON","","TORQUAY","","TQ2 6AU","20040401","","","","","","","","","","","1","","","","",""
"P73A","BROADSHIRE PHARMACY","","","BROADSHIRES WAY","","","CARTERTON","","OX18 1JA","20040401","","","","","","","","","","","1","","","","",""
"P73C","IT LLOYD","","","255-257 KINGS ROAD","","","LONDON","","SW3 5EL","20040401","20230731","","","","","","","","","","1","","","","",""
"P73D","DUNCANS PHARMACY","","","193-195 GREENWICH HIGH ROAD","","","LONDON","","SE10 8JA","20040401","","","","","","","","","","","1","","","","",""
"P73E","BROADWAY PHARMACY","","","327-331 GARSTANG ROAD","FULWOOD","","PRESTON","","PR2 9UP","20040401","","","","","","","","","","","1","","","","",""
"P73H","GLADE (MARLOW) LTD","","","3 WESTMINSTER CLOSE","","","HIGH WYCOMBE","","HP11 1QR","20040401","","","","","","","","","","","1","","","","",""
"P73N","VICTORIA PHARMACY","","","5A SUFFRAGE STREET","","","SMETHWICK","","B66 3PZ","20040401","","","","","","","","","","","1","","","","",""
"P73P","COX & ROBINSON CHEMISTS LTD","","","PHEONIX HOUSE","1 MARKET SQUARE","STONY STRATFORD","MILTON KEYNES","","MK11 1BE","20040401","20190212","","","","","","","","","","1","","","","",""
"P73Q","D & R PARTNERS LTD","","","MOBY LEWIS PHARMACY","14-16 CROSS LANE","BEBINGTON","WIRRAL","","CH63 3AL","20040401","20190312","","","","","","","","","","1","","","","",""
"P73R","BIRAJ PHARMACY","","","445-447 FOLESHILL ROAD","","","COVENTRY","","CV6 5AQ","20040401","20191031","","","","","","","","","","1","","","","",""
"P73W","FEARNS PHARMACY LTD","","","BRITANNIA ROAD","HELSBY","","FRODSHAM","","WA6 0DP","20040401","","","","","","","","","","","1","","","","",""
"P73X","SPRINGFIELD PHARMACY","","","124 SHEEN ROAD","","","RICHMOND","","TW9 1UR","20040401","","","","","","","","","","","1","","","","",""
"P73Y","O'FLINN PHARMACY","","","78 ISLINGWORD ROAD","","","BRIGHTON","","BN2 9SL","20040401","","","","","","","","","","","1","","","","",""
"P745","UNDERACK LTD","","","WESTBURY CHEMISTS","84-92 STREATHAM HIGH ROAD","","LONDON","","SW16 1BS","20040401","","","","","","","","","","","1","","","","",""
"P746","SWALECLIFFE PHARMACY","","","5-7 ST. JOHNS ROAD","","","WHITSTABLE","","CT5 2QT","20040401","","","","","","","","","","","1","","","","",""
"P749","SHILCROFT LTD","","","C W ANDREWS CHEMIST","45 MADDOX STREET","","LONDON","","W1S 2PE","20040401","","","","","","","","","","","1","","","","",""
"P74A","SHIVO CHEMISTS","","","738 HOLLOWAY ROAD","","","LONDON","","N19 3JF","20040401","20240228","","","","","","","","","","1","","","","",""
"P74E","MA MANNING (PHARMACY) LTD","","","97 LIDGETT LANE","","","LEEDS","","LS8 1QR","20040401","","","","","","","","","","","1","","","","",""
"P74F","O'CONNOR PHARMACIES LTD","","","HUCCLECOTE PHARMACY","7 GLENVILLE PARADE","HUCCLECOTE","GLOUCESTER","","GL3 3ES","20040401","","","","","","","","","","","1","","","","",""
"P74G","DENCHEM LTD","","","ANN STREET HEALTH CENTRE","ANN STREET","DENTON","MANCHESTER","","M34 2AJ","20040401","20190312","","","","","","","","","","1","","","","",""
"P74H","PAYDENS LTD","","","PARKWOOD","SUTTON ROAD","","MAIDSTONE","","ME15 8RB","20040401","","","","","","","","","","","1","","","","",""
"P74L","NUTAN PHARMACY","","","456 ASHINGDON ROAD","","","ROCHFORD","","SS4 3ET","20040401","","","","","","","","","","","1","","","","",""
"P74M","K.D. CHAWDA LTD","","","64 STATION ROAD","GLENFIELD","","LEICESTER","","LE3 8BQ","20040401","20190312","","","","","","","","","","1","","","","",""
"P74Q","DA WILLIAMS (CHEMISTS) LTD","","","WOODHATCH PHARMACY","5 PRICES LANE","","REIGATE","","RH2 8BB","20040401","20190409","","","","","","","","","","1","","","","",""
"P74R","SAIGRACE PHARMACY","","","93 TOTTENHAM LANE","HORNSEY","","LONDON","","N8 9BG","20040401","","","","","","","","","","","1","","","","",""
"P74W","GAMLINGAY PHARMACY","","","37 CHURCH STREET","GAMLINGAY","","SANDY","","SG19 3JH","20040401","","","","","","","","","","","1","","","","",""
"P74X","PW & JA HEDGE","","","THE PHARMACY","CENTRAL STREET","LUDGERSHALL","ANDOVER","","SP11 9RA","20040401","","","","","","","","","","","1","","","","",""
"P74Y","ABC DRUGSTORES","","","216 BELSIZE ROAD","","","LONDON","","NW6 4DJ","20040401","20190312","","","","","","","","","","1","","","","",""
"P752","HEALTH SERVE PHARMACY LTD","","","3 EGGINTON STREET","","","LEICESTER","","LE5 5BD","20040401","","","","","","","","","","","1","","","","",""
"P75D","GREENCROSS PHARMACY LIMITED","","","51 LONDON ROAD","STOCKTON HEATH","","WARRINGTON","","WA4 6SG","20040401","","","","","","","","","","","1","","","","",""
"P75H","CORAL PHARMACY LTD","","","312 PARK ROAD","HORNSEY","","LONDON","","N8 8LA","20040401","","","","","","","","","","","1","","","","",""
"P75K","N K JANK CHEMIST","","","32A ELTISLEY AVENUE","","","CAMBRIDGE","","CB3 9JG","20040401","","","","","","","","","","","1","","","","",""
"P75N","MEERA PHARMACY","","","4 BEECH ROAD","","","ST. ALBANS","","AL3 5AS","20040401","","","","","","","","","","","1","","","","",""
"P75P","DEAN & SMEDLEY LTD","","","67 HORNINGLOW ROAD","","","BURTON-ON-TRENT","","DE14 2PR","20040401","","","","","","","","","","","1","","","","",""
"P75R","SHRIVES CHEMIST","","","14 WESTGATE","","","PETERBOROUGH","","PE1 1RA","20040401","20250612","","","","","","","","","","1","","","","",""
"P75T","TANNAS CHEMIST","","","320 UXBRIDGE ROAD","","","PINNER","","HA5 4HR","20040401","","","","","","","","","","","1","","","","",""
"P75V","BASSIL CHEMIST","","","55A BEDFORD PLACE","","","SOUTHAMPTON","","SO15 2DT","20040401","20190312","","","","","","","","","","1","","","","",""
"P75Y","EYRE LTD","","","A R PHARMACY","HAZEL FARM ROAD","TOTTON","SOUTHAMPTON","","SO40 8WU","20040401","","","","","","","","","","","1","","","","",""
"P761","ACORN PHARMACY","","","83 REMEMBRANCE ROAD","WILLENHALL","","COVENTRY","","CV3 3DP","20040401","20240124","","","","","","","","","","1","","","","",""
"P764","WELLWAY PHARMACY LTD","","","WELLWAY MEDICAL GROUP","WEST VIEW","PEGSWOOD","MORPETH","","NE61 6TB","20040401","","","","","","","","","","","1","","","","",""
"P765","NENE PHARMACY LTD","","","184 BRIDGE ROAD","SUTTON BRIDGE","","SPALDING","","PE12 9SF","20040401","20230930","","","","","","","","","","1","","","","",""
"P766","WILMHURST CHEMIST","","","58 CRABTREE LANE","","","LANCING","","BN15 9PJ","20040401","","","","","","","","","","","1","","","","",""
"P767","POOLEARTH LTD","","","HYDE PARK PHARMACY","71-73 HYDE PARK ROAD","MUTLEY","PLYMOUTH","","PL3 4JN","20040401","","","","","","","","","","","1","","","","",""
"P768","SABEL CHEMIST LTD","","","116-118 BRENT STREET","HENDON","","LONDON","","NW4 2DT","20040401","","","","","","","","","","","1","","","","",""
"P769","HG LTD","","","GILL PHARMACY","341 ROOKERY ROAD","HANDSWORTH","BIRMINGHAM","","B21 9PP","20040401","","","","","","","","","","","1","","","","",""
"P76A","HORBURY ROAD PHARMACY","","","186 HORBURY ROAD","","","WAKEFIELD","","WF2 8BQ","20040401","","","","","","","","","","","1","","","","",""
"P76C","LAND CHEMIST","","","272 STAMFORD HILL","","","LONDON","","N16 6TY","20040401","","","","","","","","","","","1","","","","",""
"P76D","ROPHARM LIMITED","","","10 HIGH STREET","PLAISTOW","","LONDON","","E13 0AJ","20040401","","","","","","","","","","","1","","","","",""
"P76E","KALHAN LTD","","","75 PLASHET ROAD","","","LONDON","","E13 0QA","20040401","","","","","","","","","","","1","","","","",""
"P76H","SECRET POTIONS LTD","","","114 BELGRAVE ROAD","","","STOKE-ON-TRENT","","ST3 4LR","20040401","","","","","","","","","","","1","","","","",""
"P76K","LEMONGOLD LTD","","","LANDYS CHEMIST","1191 FINCHLEY ROAD","","LONDON","","NW11 0AA","20040401","","","","","","","","","","","1","","","","",""
"P76L","A.R. WHITEHEAD","","","PHARMACY","MARKET PLACE","MASHAM","RIPON","","HG4 4DZ","20040401","","","","","","","","","","","1","","","","",""
"P76P","DELMERGATE LTD","","","21 SHIRLEY AVENUE","","","CHATHAM","","ME5 9UR","20040401","","","","","","","","","","","1","","","","",""
"P76R","HOUNSLOW CENTRAL PHARMACY","","","38 LAMPTON ROAD","","","HOUNSLOW","","TW3 1JH","20040401","20220831","","","","","","","","","","1","","","","",""
"P76T","TAVISDALE LTD","","","TAVISDALE PHARMACY","99 ROTHLEY ROAD","MOUNTSORREL","LOUGHBOROUGH","","LE12 7JT","20040401","20250528","","","","","","","","","","1","","","","",""
"P76V","A & N PATTANI","","","THE PHARMACY","1 CLEMATIS TYE","NORTH SPRINGFIELD","CHELMSFORD","","CM1 6GL","20040401","20190901","","","","","","","","","","1","","","","",""
"P76Y","AS FACER (LONGTON) LTD","","","66 LIVERPOOL ROAD","LONGTON","","PRESTON","","PR4 5PB","20040401","","","","","","","","","","","1","","","","",""
"P770","SANGHA PHARMACY LTD","","","48 THORNHILL PARK ROAD","THORNHILL PARK","","SOUTHAMPTON","","SO18 5TQ","20040401","","","","","","","","","","","1","","","","",""
"P773","YAKUB CHEMIST LTD","","","67 HARTINGTON ROAD","","","LEICESTER","","LE2 0GQ","20040401","","","","","","","","","","","1","","","","",""
"P775","SEFGROVE LTD","","","3-5 WESTOW HILL","","","LONDON","","SE19 1TQ","20040401","","","","","","","","","","","1","","","","",""
"P776","BIRMINGHAMS CHEMIST LTD","","","75B ST. PETERS AVENUE","","","CLEETHORPES","","DN35 8HF","20040401","","","","","","","","","","","1","","","","",""
"P778","NIGHTINGALE PHARMACY","","","UNIT 2, HERONSWOOD ROAD","SPENNELS ESTATE","","KIDDERMINSTER","","DY10 4EX","20040401","","","","","","","","","","","1","","","","",""
"P77A","SANTAS LIMITED","","","182 STROUD GREEN ROAD","","","LONDON","","N4 3RN","20040401","","","","","","","","","","","1","","","","",""
"P77C","COWARD PHARMACY","","","52 HARTINGTON STREET","","","BARROW-IN-FURNESS","","LA14 5SR","20040401","","","","","","","","","","","1","","","","",""
"P77D","J.C. WISE LTD","","","WISE CHEMISTS","518 HORNSEY ROAD","","LONDON","","N19 3QN","20040401","","","","","","","","","","","1","","","","",""
"P77E","JAYNE A HIBBARD PHARMACY","","","CHESTERFIELD ROAD","TWO DALES","","MATLOCK","","DE4 2EY","20040401","20180731","","","","","","","","","","1","","","","",""
"P77F","J & E HOGG LTD","","","MARKET PLACE","","","HAWES","","DL8 3QX","20040401","","","","","","","","","","","1","","","","",""
"P77G","PRESTWICK CHEMIST","","","315 PRESTWICK ROAD","SOUTH OXLEY","","WATFORD","","WD19 6UT","20040401","20181031","","","","","","","","","","1","","","","",""
"P77J","LIPKIN CHEMIST","","","64 TOTTERIDGE LANE","","","LONDON","","N20 8QG","20040401","","","","","","","","","","","1","","","","",""
"P77K","FRIARY PHARMACY","","","67 STRAIGHT ROAD","OLD WINDSOR","","WINDSOR","","SL4 2SA","20040401","20190326","","","","","","","","","","1","","","","",""
"P77L","QUESTMOOR PHARMACY","","","96 HIGH STREET","","","POTTERS BAR","","EN6 5AT","20040401","","","","","","","","","","","1","","","","",""
"P77N","KANESH LTD","","","90 FERRY ROAD","HULLBRIDGE","","HOCKLEY","","SS5 6EX","20040401","","","","","","","","","","","1","","","","",""
"P77R","UNIQUE TRADING LTD","","","A ROSE PHARMACY","606 LONGBRIDGE ROAD","","DAGENHAM","","RM8 2AJ","20040401","","","","","","","","","","","1","","","","",""
"P77T","TAYZANA LTD","","","DAY LEWIS HOUSE","2 PETERWOOD WAY","","CROYDON","","CR0 4UQ","20040401","","","","","","","","","","","1","","","","",""
"P77W","FLEETWOOD HEALTH CENTRE LTD","","","42 KELSO AVENUE","","","THORNTON-CLEVELEYS","","FY5 3JG","20040401","","","","","","","","","","","1","","","","",""
"P77Y","AIREWORTH CHEMIST","","","3 AIREWORTH ROAD","","","KEIGHLEY","","BD21 4DH","20040401","20200218","","","","","","","","","","1","","","","",""
"P782","MICHAELS CHEMIST LTD","","","262 HIGH STREET","","","SMETHWICK","","B66 3NL","20040401","20170816","","","","","","","","","","1","","","","",""
"P783","ARIKA LTD","","","PHARMCO CHEMISTS","201 DEANSBROOK ROAD","","EDGWARE","","HA8 9BU","20040401","","","","","","","","","","","1","","","","",""
"P784","SCORAH CHEMIST LTD","","","61 NORTH PARK ROAD","BRAMHALL","","STOCKPORT","","SK7 3LQ","20040401","","","","","","","","","","","1","","","","",""
"P785","SEJADE LTD","","","SHACKLOCK CHEMIST","239 STREATHAM HIGH ROAD","","LONDON","","SW16 6EN","20040401","","","","","","","","","","","1","","","","",""
"P786","WINER (CHEMISTS) LTD","","","1 BOND STREET","BIRSTALL","","BATLEY","","WF17 9EX","20040401","","","","","","","","","","","1","","","","",""
"P787","WHITES PHARMACY LTD","","","WHITES PHARMACY","788 ALCESTER ROAD SOUTH","KINGS HEATH","BIRMINGHAM","","B14 5EZ","20040401","","","","","","","","","","","1","","","","",""
"P788","YEW TREE PHARMACY LTD","","","20 REDWOOD ROAD","","","WALSALL","","WS5 4LB","20040401","","","","","","","","","","","1","","","","",""
"P789","ZEST PHARMACY","","","18 BROADWICK STREET","SOHO","","LONDON","","W1F 8HS","20040401","20180103","","","","","","","","","","1","","","","",""
"P78C","RYDALE CHEMISTS LTD","","","16 CHAPEL LANE","BURTONWOOD","","WARRINGTON","","WA5 4HF","20040401","","","","","","","","","","","1","","","","",""
"P78E","FRITH BROTHERS LTD","","","40 SOUTH STREET","","","DORKING","","RH4 2HQ","20040401","","","","","","","","","","","1","","","","",""
"P78G","SAVILLE CHEMIST","","","61 STATION ROAD","NORTH HARROW","","HARROW","","HA2 7SR","20040401","20191121","","","","","","","","","","1","","","","",""
"P78J","UNIGLORE LTD","","","WOODLANDS PARK PHARMACY","WALTHAM ROAD","","MAIDENHEAD","","SL6 3NH","20040401","","","","","","","","","","","1","","","","",""
"P78K","S A MEGHI (SELCAN) PHARMACY","","","103 ST. MARKS ROAD","","","BRISTOL","","BS5 6HY","20040401","20230430","","","","","","","","","","1","","","","",""
"P78L","BRIDGE ROAD CHEMIST","","","6 BRIDGE ROAD","","","FARNBOROUGH","","GU14 0HS","20040401","","","","","","","","","","","1","","","","",""
"P78P","H.J. EVERETT (CHEMISTS) LTD","","","42 BRIDGE ROAD","PARK GATE","","SOUTHAMPTON","","SO31 7GF","20040401","","","","","","","","","","","1","","","","",""
"P78R","PHARMACURE LTD","","","DAVID LEWIS CHEMISTS","16 PORTERS AVENUE","","DAGENHAM","","RM8 2AQ","20040401","","","","","","","","","","","1","","","","",""
"P78V","4PAL LTD","","","HARRIS CHEMIST","372 BARING ROAD","GROVE PARK","LONDON","","SE12 0EF","20040401","","","","","","","","","","","1","","","","",""
"P78W","FLORA FOUNTAIN LTD","","","283 HIGH STREET","","","UXBRIDGE","","UB8 1LQ","20040401","","","","","","","","","","","1","","","","",""
"P78Y","LATE NIGHT PHARMACY","","","69 SNEINTON DALE","","","NOTTINGHAM","","NG2 4LQ","20040401","","","","","","","","","","","1","","","","",""
"P790","LOWMOOR CHEMIST","","","58 LOWMOOR ROAD","KIRKBY-IN-ASHFIELD","","NOTTINGHAM","","NG17 7BG","20040401","","","","","","","","","","","1","","","","",""
"P792","HEALTH & BEAUTY PHARMACY LTD","","","58-60 PACKHORSE ROAD","","","GERRARDS CROSS","","SL9 8EF","20040401","20250831","","","","","","","","","","1","","","","",""
"P793","D PARMAR","","","298 WOODBOROUGH ROAD","","","NOTTINGHAM","","NG3 4JP","20040401","","","","","","","","","","","1","","","","",""
"P796","STANHOPE CHEMISTS LTD","","","79 FRONT STREET","STANHOPE","","BISHOP AUCKLAND","","DL13 2TZ","20040401","","","","","","","","","","","1","","","","",""
"P798","DODHIA TRADERS LTD","","","PARADE PHARMACY","18 MAIN PARADE","CHORLEYWOOD","RICKMANSWORTH","","WD3 5RB","20040401","","","","","","","","","","","1","","","","",""
"P79A","RICHARDSON J","","","13 HOPE TERRACE","LOSTOCK HALL","","PRESTON","","PR5 5RU","20040401","20190312","","","","","","","","","","1","","","","",""
"P79C","PARK PARADE PHARMACY","","","90 BRIGHTON ROAD","","","HORLEY","","RH6 7JQ","20040401","","","","","","","","","","","1","","","","",""
"P79D","L ROWLAND & CO (RETAIL) LTD","","","RIVINGTON ROAD","WHITEHOUSE INDUSTRIAL ESTATE","","RUNCORN","","WA7 3DJ","20040401","","","","","","","","","","","1","","","","",""
"P79G","S SINGH CHEMIST","","","6 TUDOR SQUARE","WEST BRIDGFORD","","NOTTINGHAM","","NG2 6BT","20040401","","","","","","","","","","","1","","","","",""
"P79H","P. J. ADAMS CHEMIST","","","4 THE GREEN","HERSHAM","","WALTON-ON-THAMES","","KT12 4HL","20040401","","","","","","","","","","","1","","","","",""
"P79K","EVERFORCE LTD","","","VIRENS CHEMIST","560 HERTFORD ROAD","","LONDON","","N9 8AG","20040401","","","","","","","","","","","1","","","","",""
"P79N","SHILCHEM LTD","","","217 HINCKLEY ROAD","","","LEICESTER","","LE3 0TG","20040401","","","","","","","","","","","1","","","","",""
"P79V","8PM CHEMIST LTD","","","VANTAGE CHEMISTS","1-2 STAFFORD STREET","","WILLENHALL","","WV13 1TQ","20040401","","","","","","","","","","","1","","","","",""
"P7A0","MILLER DISPENSING CHEMISTS","","","14 CHEAPSIDE","","","SPENNYMOOR","","DL16 6DJ","20040401","","","","","","","","","","","1","","","","",""
"P7A4","J T SMITH & SON CHEMISTS","","","8-8A AINSWORTH ROAD","RADCLIFFE","","MANCHESTER","","M26 4DJ","20040401","","","","","","","","","","","1","","","","",""
"P7A5R","BLOOM HEALTHCARE LTD","","","157-159 GREENFORD ROAD","","","HARROW","","HA1 3QN","20210908","20220922","","","","","","","","","","1","","","","",""
"P7A6","MITAX LTD","","","JESSICAS CHEMIST","SHEDDINGDEAN NEIGHBOURHOOD CEN","MAPLE DRIVE","BURGESS HILL","","RH15 8UA","20040401","","","","","","","","","","","1","","","","",""
"P7A8","BA WHITTLE CHEMISTS","","","130 NEWBEGIN","","","HORNSEA","","HU18 1PB","20040401","","","","","","","","","","","1","","","","",""
"P7A9","VSM PHARMACY","","","128 FRIMLEY ROAD","","","CAMBERLEY","","GU15 2QN","20040401","20200331","","","","","","","","","","1","","","","",""
"P7AA","MK LEEDS LTD","","","BRUDENELL ROAD CHEMIST","58 BRUDENELL ROAD","","LEEDS","","LS6 1EG","20040401","","","","","","","","","","","1","","","","",""
"P7AE","STRATFORD PHARMACY","","","4 STRATFORD ROAD","","","LONDON","","W8 6QD","20040401","20171011","","","","","","","","","","1","","","","",""
"P7AF","CATTO CHEMISTS LTD","","","388 HIGH STREET NORTH","","","LONDON","","E12 6RH","20040401","","","","","","","","","","","1","","","","",""
"P7AG","ALEXANDRIA PHARMACY","","","11 ALEXANDRIA DRIVE","","","LYTHAM ST. ANNES","","FY8 1JF","20040401","","","","","","","","","","","1","","","","",""
"P7AJ","ASIFS NEW PHARMACY","","","249-251 LONDON ROAD","HADLEIGH","","BENFLEET","","SS7 2RF","20040401","","","","","","","","","","","1","","","","",""
"P7AK","MONOKOVE LTD","","","FOSTER & SONS","14 FOREST HILL ROAD","","LONDON","","SE22 0RR","20040401","","","","","","","","","","","1","","","","",""
"P7AP","YOGI CHEMIST","","","7 MARKET PLACE","","","DUNMOW","","CM6 1AX","20040401","","","","","","","","","","","1","","","","",""
"P7AQ","MOUNT ROAD PHARMACY LTD","","","THE MOUNT PHARMACY","100 MOUNT ROAD","SOUTHDOWN","BATH","","BA2 1LN","20040401","","","","","","","","","","","1","","","","",""
"P7AR","HAYWOOD PHARMACY","","","3 TRENT CLOSE","GREAT HAYWOOD","","STAFFORD","","ST18 0SS","20040401","","","","","","","","","","","1","","","","",""
"P7AT","MR & RA CROWDER LLP","","","9 DEWHURST TERRACE","SUNNISIDE","","NEWCASTLE UPON TYNE","","NE16 5LP","20040401","","","","","","","","","","","1","","","","",""
"P7AV","ROPERS CHEMIST LTD","","","HIGH STREET","","","DUNMOW","","CM6 1AB","20040401","","","","","","","","","","","1","","","","",""
"P7AW","FAZELEY PHARMACY","","","11 COLESHILL STREET","FAZELEY","","TAMWORTH","","B78 3RB","20040401","20190409","","","","","","","","","","1","","","","",""
"P7AY","BENTLEYS CHEMIST","","","374 BROCKLEY ROAD","","","LONDON","","SE4 2BY","20040401","20260924","","","","","","","","","","1","","","","",""
"P7B2H","AP SD TWENTY SIX LIMITED","","","334 DERBY ROAD","","","NOTTINGHAM","","NG7 2DN","20260401","","","","","","","","","","","1","","","","",""
"P7C3","GILES & WARD PHARMACY","","","21 CHURCH STREET","","","OSSETT","","WF5 9DG","20040401","20200101","","","","","","","","","","1","","","","",""
"P7C3A","DRAKANGA LTD","","","61 STERT STREET","","","ABINGDON","","OX14 3JF","20240717","","","","","","","","","","","1","","","","",""
"P7C6","P WATSON & JN CRUMP","","","KINGSTON PHARMACY","145 KINGSTON ROAD","WILLERBY","HULL","","HU10 6AL","20040401","","","","","","","","","","","1","","","","",""
"P7C7","WEDGEGLEN LTD","","","HONEYCOMB CHEMISTS","100 GUILDFORD STREET","","CHERTSEY","","KT16 9AD","20040401","","","","","","","","","","","1","","","","",""
"P7C8","WERRINGTON HEALTHCARE LTD","","","WERRINGTON PHARMACY","13 CHURCH STREET","WERRINGTON","PETERBOROUGH","","PE4 6QA","20040401","","","","","","","","","","","1","","","","",""
"P7C9","WESTCHEM PHARMACY","","","89 STATION ROAD","","","WEST WICKHAM","","BR4 0PX","20040401","20230103","","","","","","","","","","1","","","","",""
"P7CC","CH WHITE (CHEMISTS) LTD","","","3 BIRMINGHAM STREET","","","OLDBURY","","B69 4DT","20040401","","","","","","","","","","","1","","","","",""
"P7CD","HEATH PHARMACY LTD","","","HEATH PHARMACY","96 FREE SCHOOL LANE","SAVILLE PARK","HALIFAX","","HX1 2YF","20040401","","","","","","","","","","","1","","","","",""
"P7CE","JH WILLIAMS CHEMISTS LTD","","","BELMONT GROVE","","","LIVERPOOL","","L6 4EP","20040401","","","","","","","","","","","1","","","","",""
"P7CF","LM WILLIAMS (CHISLEHURST) LTD","","","89-93 HIGH STREET","","","CHISLEHURST","","BR7 5AG","20040401","","","","","","","","","","","1","","","","",""
"P7CG","WILLINGHAM HEALTHCARE LTD","","","52 LONG LANE","WILLINGHAM","","CAMBRIDGE","","CB24 5LB","20040401","","","","","","","","","","","1","","","","",""
"P7CJ","WISE PHARMACY LTD","","","11 ANSON ROAD","LONGSIGHT","","MANCHESTER","","M14 5BY","20040401","","","","","","","","","","","1","","","","",""
"P7CK","J WOOD","","","6 MAIN STREET","STAVELEY","","KENDAL","","LA8 9LU","20040401","","","","","","","","","","","1","","","","",""
"P7CL","WOODBRIDGE ROAD PHARMACY LTD","","","WOODBRIDGE ROAD PHARMACY","102-104 LACEY STREET","","IPSWICH","","IP4 2PH","20040401","","","","","","","","","","","1","","","","",""
"P7CN","WRINGTONS LTD","","","WRINGTON CHEMISTS","SILVER STREET","WRINGTON","BRISTOL","","BS40 5QE","20040401","","","","","","","","","","","1","","","","",""
"P7CP","X-PHARM LTD","","","DEAN PARADE PHARMACY","2 DEAN PARADE","BERKSHIRE ROAD","CAMBERLEY","","GU15 4DQ","20040401","","","","","","","","","","","1","","","","",""
"P7CQ","CHELTENHAM CHEMIST","","","20-22 TURNHAM ROAD","","","LONDON","","SE4 2LA","20040401","","","","","","","","","","","1","","","","",""
"P7CT","RG YOUNG","","","33 SHERIFFS HIGHWAY","OLD DURHAM ROAD","","GATESHEAD","","NE9 5PJ","20040401","","","","","","","","","","","1","","","","",""
"P7CX","RISHTON PHARMACY","","","42 HIGH STREET","RISHTON","","BLACKBURN","","BB1 4LA","20040401","","","","","","","","","","","1","","","","",""
"P7G5G","TKY WELLBEING LTD","","","103 HORNSBY ROAD","EARSFIELD","","GRANTHAM","","NG31 7XD","20240501","","","","","","","","","","","1","","","","",""
"P7V2X","EL CHON LTD","","","UNIT 4","PRINCES COURT","PRINCES AVENUE","HULL","","HU5 3QA","20230111","","","","","","","","","","","1","","","","",""
"P801","HADLOW PHARMACY","","","THE SQUARE","","","HADLOW","","TN11 0DA","20040401","","","","","","","","","","","1","","","","",""
"P802","IAN MCARDLE LTD","","","92 HIGH STREET","","","BRIERLEY HILL","","DY5 3AP","20040401","","","","","","","","","","","1","","","","",""
"P805","OLTON PHARMACY","","","159 WARWICK ROAD","OLTON","","SOLIHULL","","B92 7AR","20040401","","","","","","","","","","","1","","","","",""
"P806","J & J PHARMACY LTD","","","177 BATH ROAD","","","WORCESTER","","WR5 3AQ","20040401","","","","","","","","","","","1","","","","",""
"P807","HASWELL PHARMACY LTD","","","50 FRONT STREET","HASWELL","","DURHAM","","DH6 2BL","20040401","","","","","","","","","","","1","","","","",""
"P809","FAIRBROTHER PHARMACY LTD","","","109 NORFOLK STREET","","","WISBECH","","PE13 2LD","20040401","","","","","","","","","","","1","","","","",""
"P80C","ROPHARM","","","ROPHARM CHEMIST","169 RYE LANE","","LONDON","","SE15 4TL","20040401","20190429","","","","","","","","","","1","","","","",""
"P80E","MEDICINE BOX CHEMISTS","","","132 EVINGTON ROAD","","","LEICESTER","","LE2 1HL","20040401","","","","","","","","","","","1","","","","",""
"P80G","PATELS CHEMIST LTD","","","33 WERNETH HALL ROAD","","","OLDHAM","","OL8 4BB","20040401","","","","","","","","","","","1","","","","",""
"P80H","HERMAN TRADING","","","HERMAN PHARMACY","37 HIGH STREET","STANWELL","STAINES","","TW19 7LJ","20040401","","","","","","","","","","","1","","","","",""
"P80K","LEIGH PHARMACY","","","278 CHURCH LANE","","","LONDON","","NW9 8LU","20040401","","","","","","","","","","","1","","","","",""
"P80L","A.C. CURD LTD","","","570 LONDON ROAD","","","ISLEWORTH","","TW7 4EP","20040401","","","","","","","","","","","1","","","","",""
"P80M","G PAYNE (CHEMISTS) LTD","","","8 HIGH STREET","KIRTON LINDSEY","","GAINSBOROUGH","","DN21 4LU","20040401","","","","","","","","","","","1","","","","",""
"P80P","HA MCPARLAND LTD","","","STERLINGS","CHURCH ROAD","COOKHAM","MAIDENHEAD","","SL6 9PG","20040401","","","","","","","","","","","1","","","","",""
"P80Q","ROBARDS PHARMACY LTD","","","19 BATTERSEA RISE","","","LONDON","","SW11 1HG","20040401","","","","","","","","","","","1","","","","",""
"P80T","ASHBURTON PHARMACY","","","337 TILDESLEY ROAD","","","LONDON","","SW15 3BB","20040401","20220629","","","","","","","","","","1","","","","",""
"P80V","A & J SINGH LTD","","","SHAROE GREEN PHARMACY","UNIT 9, 272 SHAROE GREEN LANE","FULWOOD","PRESTON","","PR2 9HD","20040401","","","","","","","","","","","1","","","","",""
"P80X","HERISSE LTD","","","CANNON COURT PHARMACY","17B CANNON GROVE","FETCHAM","LEATHERHEAD","","KT22 9LG","20040401","20251201","","","","","","","","","","1","","","","",""
"P80Y","HYPERCHEM LTD","","","137 ORDNANCE ROAD","","","ENFIELD","","EN3 6AE","20040401","","","","","","","","","","","1","","","","",""
"P810","HAMBRO PHARMACY","","","53A HULLBRIDGE ROAD","","","RAYLEIGH","","SS6 9NL","20040401","","","","","","","","","","","1","","","","",""
"P815","SANJIVANI PHARMACY","","","34 FLEMING CRESCENT","","","HERTFORD","","SG14 2DJ","20040401","","","","","","","","","","","1","","","","",""
"P818","MEDI INNOVATION LTD","","","386 HOLDENHURST ROAD","QUEENS PARK","","BOURNEMOUTH","","BH8 8BL","20040401","","","","","","","","","","","1","","","","",""
"P819","DRYBROOK PHARMACY LTD","","","DRYBROOK ROAD","","","DRYBROOK","","GL17 9JA","20040401","","","","","","","","","","","1","","","","",""
"P81A","SIDHU AS","","","369 HIGH STREET","","","WEST BROMWICH","","B70 9QL","20040401","","","","","","","","","","","1","","","","",""
"P81C","RIDDLESDOWN PHARMACY","","","104 LOWER BARN ROAD","","","PURLEY","","CR8 1HR","20040401","","","","","","","","","","","1","","","","",""
"P81D","A. ESMAIL","","","WOOTTON PHARMACY","43A TITHE BARN ROAD","WOOTTON","BEDFORD","","MK43 9EZ","20040401","","","","","","","","","","","1","","","","",""
"P81E","GFT DAVIES & CO.","","","50 HILLS ROAD","","","CAMBRIDGE","","CB2 1LA","20040401","","","","","","","","","","","1","","","","",""
"P81H","MD. & AG BURDON LTD","","","BISHOPS COURT","RECTORY LANE","WHICKHAM","NEWCASTLE UPON TYNE","","NE16 4PA","20040401","","","","","","","","","","","1","","","","",""
"P81J","S & C REAVLEY","","","124 HIGH STREET","","","BURFORD","","OX18 4QR","20040401","20190131","","","","","","","","","","1","","","","",""
"P81L","COOPER & KIME (CLEVELAND) LTD","","","78 BOLCKOW ROAD","GRANGETOWN","","MIDDLESBROUGH","","TS6 7EG","20040401","","","","","","","","","","","1","","","","",""
"P81P","WHITFIELD M LTD","","","DURHAM PHARMACEUTICALS","ST. AIDANS TERRACE","","TRIMDON STATION","","TS29 6BT","20040401","","","","","","","","","","","1","","","","",""
"P81T","TOPKINS LTD","","","TOPKINS PHARMACY","6 STATION ROAD","","HARPENDEN","","AL5 4SE","20040401","","","","","","","","","","","1","","","","",""
"P81Y","ICELINE TRADING LTD","","","GARLANDS PHARMACY","160 GARLANDS ROAD","","REDHILL","","RH1 6NZ","20040401","","","","","","","","","","","1","","","","",""
"P820","NEEDSUPER LTD","","","5A MADRID ROAD","","","GUILDFORD","","GU2 7NU","20040401","","","","","","","","","","","1","","","","",""
"P821","PENDER PHARMACY","","","2 MILTON ROAD","","","GRAVESEND","","DA12 2RE","20040401","","","","","","","","","","","1","","","","",""
"P822","KELISDAI LTD","","","CHURCH LANE","SWILLINGTON","","LEEDS","","LS26 8DY","20040401","20230330","","","","","","","","","","1","","","","",""
"P823","HERBERT PHARMACY","","","36 - 38 HERBERT ROAD","PLUMSTEAD","","LONDON","","SE18 3SH","20040401","","","","","","","","","","","1","","","","",""
"P824","PHARMALAX LTD","","","731 DUNSTABLE ROAD","","","LUTON","","LU4 0DU","20040401","","","","","","","","","","","1","","","","",""
"P825","OCTAPHARM LTD","","","HAVANT HEALTH CENTRE","CIVIC CENTRE ROAD","","HAVANT","","PO9 2AZ","20040401","","","","","","","","","","","1","","","","",""
"P826","BANSALS PHARMACY","","","178 THE BROADWAY","","","SOUTHEND-ON-SEA","","SS1 3ES","20040401","","","","","","","","","","","1","","","","",""
"P828","GREGORY OLIVER LTD","","","453 PORTERS AVENUE","","","DAGENHAM","","RM9 4ND","20040401","20190409","","","","","","","","","","1","","","","",""
"P829","DISPHARMA RETAIL LTD","","","183 ALUM ROCK ROAD","","","BIRMINGHAM","","B8 1NJ","20040401","","","","","","","","","","","1","","","","",""
"P82C","S.K. ROY DISPENSING CHEMIST","","","104 LOWER BARN ROAD","","","PURLEY","","CR8 1HR","20040401","","","","","","","","","","","1","","","","",""
"P82D","CHALICE PHARMACIES LIMITED","","","BROOMFIELD PHARMACY","BROOMFIELD PARK MEDICAL CENTRE","SPON END","COVENTRY","","CV1 3HQ","20040401","","","","","","","","","","","1","","","","",""
"P82F","JUDDS CHEMIST","","","73 PITFIELD STREET","","","LONDON","","N1 6BT","20040401","20230831","","","","","","","","","","1","","","","",""
"P82H","HARDING PHARMACY","","","314 STROUD AVENUE","BRACKENDALE SHOPPING CENTRE","","WILLENHALL","","WV12 4HA","20040401","","","","","","","","","","","1","","","","",""
"P82J","UNIPHARM CHEMIST","","","99 NETHERHALL ROAD","","","LEICESTER","","LE5 1DR","20040401","","","","","","","","","","","1","","","","",""
"P82M","FREEMAN GRIEVE LTD","","","DEREK'S PHARMACY","111-113 ST. PETERS STREET","","ST. ALBANS","","AL1 3ET","20040401","20190319","","","","","","","","","","1","","","","",""
"P82N","KRYSTAL PHARMACY","","","248 BATTERSEA PARK ROAD","BATTERSEA","","LONDON","","SW11 3BP","20040401","20221130","","","","","","","","","","1","","","","",""
"P82P","WESSEX PHARMACIES LTD","","","1 BROAD STREET","","","ALRESFORD","","SO24 9AR","20040401","","","","","","","","","","","1","","","","",""
"P82R","HEALTH PHARMACY","","","122 WINDERMERE AVENUE","","","WEMBLEY","","HA9 8RB","20040401","","","","","","","","","","","1","","","","",""
"P82V","MERLIN PHARMACY CONSULTANTS LTD","","","54 SILVERWEED ROAD","WEEDSWOOD","","CHATHAM","","ME5 0QX","20040401","","","","","","","","","","","1","","","","",""
"P82Y","BESTWAY NATIONAL CHEMISTS LIMITED","","","MERCHANTS WAREHOUSE","21 CASTLE STREET","","MANCHESTER","","M3 4LZ","20040401","20180320","","","","","","","","","","1","","","","",""
"P831","KIDMANS SURGICAL CHEMIST","","","141 - 143 CASTLE ROAD","","","BEDFORD","","MK40 3RS","20040401","20190409","","","","","","","","","","1","","","","",""
"P832","PATEL RG","","","ASTWOOD PHARMACY","42 ASTWOOD ROAD","","WORCESTER","","WR3 8EZ","20040401","","","","","","","","","","","1","","","","",""
"P833","INKERSALL PHARMACY","","","6 SUMMERSKILL GREEN","INKERSALL","STAVELEY","CHESTERFIELD","","S43 3SR","20040401","20190212","","","","","","","","","","1","","","","",""
"P834","MAKS PHARMACY LTD","","","3 HIGH STREET","BROMPTON","","GILLINGHAM","","ME7 5AA","20040401","","","","","","","","","","","1","","","","",""
"P835","REGENT PHARMACY","","","9 SALCOMBE GARDENS","MILL HILL","","LONDON","","NW7 2NU","20040401","","","","","","","","","","","1","","","","",""
"P837","A M F MEDICA","","","52 - 54 DOROTHY SAYERS DRIVE","","","WITHAM","","CM8 2LX","20040401","20190409","","","","","","","","","","1","","","","",""
"P838","KEITH'S PHARMACY","","","404 COTTINGHAM ROAD","","","HULL","","HU6 8QE","20040401","","","","","","","","","","","1","","","","",""
"P839","LEWIS GROVE PHARMACY","","","1 LEWIS GROVE","","","LONDON","","SE13 6BG","20040401","20180630","","","","","","","","","","1","","","","",""
"P83A","CLASSIC PHARMACY","","","55 ST. GEORGES ROAD","","","LONDON","","SE1 6ER","20040401","","","","","","","","","","","1","","","","",""
"P83C","PREMSON LTD","","","HEMANTS PHARMACY","10 DERWENT PARADE","","SOUTH OCKENDON","","RM15 5EE","20040401","","","","","","","","","","","1","","","","",""
"P83E","P.R. NAYLOR CHEMIST LTD","","","55 HIGH STREET","","","KNARESBOROUGH","","HG5 0HB","20040401","","","","","","","","","","","1","","","","",""
"P83G","SHAH PHARMACY","","","382 BATH ROAD","","","HOUNSLOW","","TW4 7HT","20040401","20190214","","","","","","","","","","1","","","","",""
"P83H","CHEMILAB LIMITED","","","103 NORTH APPROACH","","","WATFORD","","WD25 0EL","20040401","","","","","","","","","","","1","","","","",""
"P83J","TRIANGLE HEALTHCARE (UK) LTD","","","29 HARCOURT ROAD","","","BUSHEY","","WD23 3PP","20040401","","","","","","","","","","","1","","","","",""
"P83L","VICTORIA PHARMACY LTD","","","HEALTH CENTRE","VICTORIA ROAD","","HARTLEPOOL","","TS26 8DB","20040401","20220504","","","","","","","","","","1","","","","",""
"P83M","A-Z PHARMACY","","","20 LONDON ROAD","","","CROYDON","","CR0 2TA","20040401","","","","","","","","","","","1","","","","",""
"P83N","WELFARE (CHEMIST) LTD","","","RICHFIELDS","SIGNAL HOUSE 2ND FLOOR","LYON ROAD","HARROW","","HA1 2AQ","20040401","","","","","","","","","","","1","","","","",""
"P83P","THURSFIELD & CO LTD","","","THURSFIELD PHARMACY","63-65 GOLD STREET","","KETTERING","","NN16 8JB","20040401","","","","","","","","","","","1","","","","",""
"P83R","WEST STREET PHARMACY","","","8-10 WEST STREET","","","DUNSTABLE","","LU6 1SX","20040401","","","","","","","","","","","1","","","","",""
"P83V","AK LALANI","","","PRIMROSE CHEMIST","95 REGENTS PARK ROAD","","LONDON","","NW1 8UR","20040401","","","","","","","","","","","1","","","","",""
"P83W","FRANK MAYS LTD","","","FRANK MAYS PHARMACY","30 BARKING ROAD","EAST HAM","LONDON","","E6 3BP","20040401","","","","","","","","","","","1","","","","",""
"P83X","ORE VILLAGE PHARMACY","","","478 OLD LONDON ROAD","","","HASTINGS","","TN35 5BG","20040401","20171029","","","","","","","","","","1","","","","",""
"P83Y","HEALTHSTOP PHARMACY","","","168 HAMSTEAD ROAD","HANDSWORTH","","BIRMINGHAM","","B20 2QR","20040401","","","","","","","","","","","1","","","","",""
"P841","CHARING PRACTICE LTD","","","HITHERFIELD","","","CHARING","","TN27 0HZ","20040401","","","","","","","","","","","1","","","","",""
"P842","F W PICKFORD (LEICESTER) LTD","","","4 LOCKERBIE WALK","","","RUSHEY MEAD","","LE4 7ZX","20040401","20190319","","","","","","","","","","1","","","","",""
"P845","F G LOCK","","","THE STREET","","","CHARMOUTH","","DT6 6PU","20040401","","","","","","","","","","","1","","","","",""
"P84D","JAPOTHECA LIMITED","","","HAMPTON HILL PHARMACY","173B HIGH STREET","HAMPTON HILL","HAMPTON","","TW12 1NL","20040401","","","","","","","","","","","1","","","","",""
"P84H","W.R. EVANS LTD (MANOR PHARMACY)","","","MANOR HOUSE","MERLIN WAY","QUARRY HILL INDUSTRIAL ESTATE","ILKESTON","","DE7 4RA","20040401","20260114","","","","","","","","","","1","","","","",""
"P84L","CRANSTON LTD","","","1039 LONDON ROAD","","","THORNTON HEATH","","CR7 6JF","20040401","20230628","","","","","","","","","","1","","","","",""
"P84M","BAMPTON HEALTHCARE LTD","","","BAMPTON SURGERY","LANDELLS","","BAMPTON","","OX18 2LJ","20040401","","","","","","","","","","","1","","","","",""
"P84N","W.F. DOWNES LTD","","","97 MANCHESTER ROAD","","","ALTRINCHAM","","WA14 4RJ","20040401","","","","","","","","","","","1","","","","",""
"P84P","WESSEX PHARMACY LTD","","","114 WESSEX WAY","","","MAIDENHEAD","","SL6 3DL","20040401","","","","","","","","","","","1","","","","",""
"P84Q","KARSONS PHARMACY","","","33 PATTENS LANE","","","CHATHAM","","ME4 6JR","20040401","","","","","","","","","","","1","","","","",""
"P84R","PARKEM CHEMIST LTD","","","102 DOMINION ROAD","GLENFIELD","","LEICESTER","","LE3 8FB","20040401","","","","","","","","","","","1","","","","",""
"P84X","GATEWAY CHEMIST","","","334A REGENTS PARK ROAD","","","LONDON","","N3 2LN","20040401","","","","","","","","","","","1","","","","",""
"P84Y","IMPEX TK LTD","","","HV THOMAS","81 MILL LANE","","LONDON","","NW6 1NB","20040401","","","","","","","","","","","1","","","","",""
"P852","LALLIAN PHARMACY LTD","","","22 - 24 QUEENS DRIVE","","","LIVERPOOL","","L15 7NE","20040401","20240809","","","","","","","","","","1","","","","",""
"P853","APPLEGATE CHEMIST","","","132 ALFRETON ROAD","","","NOTTINGHAM","","NG7 3NS","20040401","20250731","","","","","","","","","","1","","","","",""
"P854","IAN LITTLER PHARMACY","","","THE COBBLES","28 HIGH STREET","TARVIN","CHESTER","","CH3 8EE","20040401","","","","","","","","","","","1","","","","",""
"P856","MEDICA PHARMACY","","","202 SOUTHWARK PARK ROAD","","","LONDON","","SE16 3RW","20040401","20220629","","","","","","","","","","1","","","","",""
"P857","EJ'S PHARMACEUTICALS LTD","","","15 CRAYFORD ROAD","","","ALVASTON","","DE24 0HL","20040401","","","","","","","","","","","1","","","","",""
"P858","MEDISUN LTD","","","255 SHOREHAM STREET","","","SHEFFIELD","","S1 4SS","20040401","","","","","","","","","","","1","","","","",""
"P85C","LANGHO PHARMACY LTD","","","53 WOODNOOK ROAD","APPLEY BRIDGE","","WIGAN","","WN6 9JR","20040401","","","","","","","","","","","1","","","","",""
"P85D","NELSON HCC LTD","","","NELSON HEALTH CENTRE","LEEDS ROAD","","NELSON","","BB9 9TG","20040401","","","","","","","","","","","1","","","","",""
"P85G","ACKERS CHEMISTS LIMITED","","","94 CHURCH ROAD","","","SWANSCOMBE","","DA10 0HF","20040401","","","","","","","","","","","1","","","","",""
"P85H","HOLLOWOOD CHEMISTS LTD","","","6 ASHBROOK OFFICE PARK","NAVKAR HOUSE, LONGSTONE ROAD","HEALD GREEN","MANCHESTER","","M22 5LB","20040401","","","","","","","","","","","1","","","","",""
"P85K","GARNER CHEMIST","","","160 PINNER ROAD","","","HARROW","","HA1 4JJ","20040401","20200331","","","","","","","","","","1","","","","",""
"P85L","RIZWAN CHEMISTS","","","RIZWAN DISPENSING CHEMIST","103-107 MANCHESTER ROAD","DENTON","MANCHESTER","","M34 2AF","20040401","","","","","","","","","","","1","","","","",""
"P85M","DORCAN HEALTH CENTRE (PD) LTD","","","ELDENE HEALTH CENTRE","PHARMACY DEPT","ELDENE","SWINDON","","SN3 3RZ","20040401","20190227","","","","","","","","","","1","","","","",""
"P85Q","OHMS PHARMACY","","","32 HIGH STREET","AVELEY","","SOUTH OCKENDON","","RM15 4AD","20040401","","","","","","","","","","","1","","","","",""
"P85T","TYEREST LTD","","","CHEMIST","427-429 KENTON ROAD","","HARROW","","HA3 0XY","20040401","","","","","","","","","","","1","","","","",""
"P85W","MURDISHAW PHARMACY","","","GORSEWOOD ROAD","MURDISHAW","","RUNCORN","","WA7 6ES","20040401","","","","","","","","","","","1","","","","",""
"P85X","KD HILL","","","C J REID","30 HIGH STREET","ETON","WINDSOR","","SL4 6AX","20040401","20190506","","","","","","","","","","1","","","","",""
"P860","JAYDIP LTD","","","75 HERNE HILL","","","LONDON","","SE24 9NE","20040401","20170402","","","","","","","","","","1","","","","",""
"P861","QUEEN STREET PHARMACY","","","36-38 QUEEN STREET","","","STOKE-ON-TRENT","","ST6 3EG","20040401","","","","","","","","","","","1","","","","",""
"P862","DEMNOX LTD","","","140 ALLENDALE ROAD","FARRINGDON","","SUNDERLAND","","SR3 3DZ","20040401","","","","","","","","","","","1","","","","",""
"P863","LAUREL PHARMACY","","","170 TUDOR DRIVE","","","KINGSTON UPON THAMES","","KT2 5QG","20040401","","","","","","","","","","","1","","","","",""
"P865","DUNSMURE PHARMACY","","","90 DUNSMURE ROAD","","","LONDON","","N16 5JY","20040401","20230906","","","","","","","","","","1","","","","",""
"P866","PEARL CHEMIST","","","134 - 136 MITCHAM ROAD","TOOTING","","LONDON","","SW17 9NH","20040401","20190312","","","","","","","","","","1","","","","",""
"P867","HELM PHARMACY LTD","","","114 COTMANHAY ROAD","","","ILKESTON","","DE7 8NZ","20040401","20190305","","","","","","","","","","1","","","","",""
"P86A","TUSCHEM LTD","","","18 SOUTH WILLIAM STREET","","","WORKINGTON","","CA14 2ED","20040401","","","","","","","","","","","1","","","","",""
"P86E","J ANDERSEN'S PHARMACY","","","164 HAROLD ROAD","","","HASTINGS","","TN35 5NH","20040401","","","","","","","","","","","1","","","","",""
"P86F","HILTON PHARMACY","","","360 GRAND DRIVE","RAYNES PARK","MORDEN","LONDON","","SW20 9NQ","20040401","","","","","","","","","","","1","","","","",""
"P86J","PATEL DK","","","165 FORTESS ROAD","","","LONDON","","NW5 2HR","20041208","","","","","","","","","","","1","","","","",""
"P86M","ANDRES PHARMACY","","","261 PRESTON ROAD","","","HARROW","","HA3 0PS","20040401","","","","","","","","","","","1","","","","",""
"P86P","THE OLDE PHARMACY LTD","","","50 CHATFIELD ROAD","","","LONDON","","SW11 3UJ","20040401","20190601","","","","","","","","","","1","","","","",""
"P86R","CHEMGRANGE LTD","","","48-50 WEST GREEN ROAD","TOTTENHAM","","LONDON","","N15 5NR","20040401","","","","","","","","","","","1","","","","",""
"P86V","AAA HEALTHCARE LTD","","","ROUNDHAY PHARMACY","255-257 ROUNDHAY ROAD","","LEEDS","","LS8 4HS","20040401","","","","","","","","","","","1","","","","",""
"P86W","GH FURNESS LTD","","","13 DERWENT STREET","CHOPWELL","","NEWCASTLE UPON TYNE","","NE17 7HU","20040401","","","","","","","","","","","1","","","","",""
"P870","ROTHERCHEM LTD","","","255 CANKLOW ROAD","CANKLOW","","ROTHERHAM","","S60 2JH","20040401","","","","","","","","","","","1","","","","",""
"P872","SHERBURN VILLAGE PHARMACY","","","2 HARLEY TERRACE","","","SHERBURN","","DH6 1DS","20040401","","","","","","","","","","","1","","","","",""
"P873","PLEDGER PHARMACY LTD","","","205 HOLT ROAD","HORSFORD","","NORWICH","","NR10 3DX","20040401","","","","","","","","","","","1","","","","",""
"P874","PRIMESCALE LTD","","","234 HIGH STREET NORTH","MANOR PARK","","LONDON","","E12 6SB","20040401","20190305","","","","","","","","","","1","","","","",""
"P876","KEW PHARMACY","","","3 STATION PARADE","KEW GARDENS","","RICHMOND","","TW9 3PS","20040401","","","","","","","","","","","1","","","","",""
"P878","GREEN'S PHARMACY","","","29-31 EBURY BRIDGE ROAD","","","LONDON","","SW1W 8QX","20040401","20251201","","","","","","","","","","1","","","","",""
"P87A","A MOORE & CO LTD","","","25E LOWNDES STREET","","","LONDON","","SW1X 9JF","20040401","","","","","","","","","","","1","","","","",""
"P87C","HILLCREST PHARMACIES LTD","","","104-106 HOLLAND PARK AVENUE","","","LONDON","","W11 4UA","20040401","","","","","","","","","","","1","","","","",""
"P87E","GARNERS PHARMACY LTD","","","164 FRODINGHAM ROAD","","","SCUNTHORPE","","DN15 7NN","20040401","20190312","","","","","","","","","","1","","","","",""
"P87H","R. PATEL, HERSHAM PHARMACY","","","20 HERSHAM CENTRE","HERSHAM GREEN","HERSHAM","WALTON-ON-THAMES","","KT12 4HL","20040401","","","","","","","","","","","1","","","","",""
"P87J","BLACKBIRD PHARMACY LTD","","","8 BLACKBIRD ROAD","","","LEICESTER","","LE4 0FS","20040401","","","","","","","","","","","1","","","","",""
"P87L","TRICLOVER LTD","","","ALLANS CHEMIST","1207 HIGH ROAD","","ROMFORD","","RM6 4AL","20040401","","","","","","","","","","","1","","","","",""
"P87M","BROOMWOOD PHARMACY LTD","","","63 BRIARFIELD ROAD","TIMPERLEY","","ALTRINCHAM","","WA15 7DD","20040401","","","","","","","","","","","1","","","","",""
"P87N","COSTESSEY (NORWICH) LTD","","","COSTESSEY PHARMACY","192 NORWICH ROAD","","NORWICH","","NR5 0EX","20040401","","","","","","","","","","","1","","","","",""
"P87P","SYKES CHEMIST LTD","","","328 ST. HELENS ROAD","","","BOLTON","","BL3 3RP","20040401","","","","","","","","","","","1","","","","",""
"P87T","CRESCENT PHARMACY","","","65 MASEFIELD CRESCENT","","","ROMFORD","","RM3 7PB","20040401","","","","","","","","","","","1","","","","",""
"P87V","ABERWOOD LTD","","","EDWARDS & TAYLOR","491 STAINES ROAD","BEDFONT","FELTHAM","","TW14 8BN","20040401","","","","","","","","","","","1","","","","",""
"P87Y","IQBAL & CO LTD","","","70 ST. HELENS ROAD","","","BOLTON","","BL3 3NP","20040401","","","","","","","","","","","1","","","","",""
"P881","PRIORY PHARMACY","","","8 CARLTON PARADE","","","ORPINGTON","","BR6 0JB","20040401","20220629","","","","","","","","","","1","","","","",""
"P883","NASH PHARMACY","","","63 CASTLE STREET","","","BOLTON","","BL2 1AD","20040401","","","","","","","","","","","1","","","","",""
"P885","MOORLAND PHARMACY LTD","","","5 PENNINE ROAD","","","GLOSSOP","","SK13 6NN","20040401","20190312","","","","","","","","","","1","","","","",""
"P886","HARRY HILL CHEMIST","","","8 KENILWORTH ROAD","","","BILLINGHAM","","TS23 2HZ","20040401","","","","","","","","","","","1","","","","",""
"P889","EVERTREX LTD","","","37 DITON LANE","","","CAMBRIDGE","","CB5 8SR","20040401","20220629","","","","","","","","","","1","","","","",""
"P88C","MELLING PHARMACY","","","14 WHALLEY PLACE","","","LYTHAM ST. ANNES","","FY8 3PU","20040401","20190312","","","","","","","","","","1","","","","",""
"P88D","SIDDIQUE PHARMACY LIMITED","","","215 GREAT HORTON ROAD","","","BRADFORD","","BD7 3BG","20040401","","","","","","","","","","","1","","","","",""
"P88E","THE PHARMACY","","","PIER ROAD","","","SEAVIEW","","PO34 5BL","20040401","","","","","","","","","","","1","","","","",""
"P88F","S & S PHARMACY LTD","","","40 HARROW ROAD","","","WEMBLEY","","HA9 6PG","20040401","","","","","","","","","","","1","","","","",""
"P88G","LOTUS CHEMIST LTD","","","LOTUS CHEMIST","NR WRYTHE GREEN","WRYTHE LANE","CARSHALTON","","SM5 2RN","20040401","20190312","","","","","","","","","","1","","","","",""
"P88H","D. CHEUNG","","","ORRELL PARK PHARMACY","69 MOSS LANE","ORRELL PARK","LIVERPOOL","","L9 8AE","20040401","","","","","","","","","","","1","","","","",""
"P88J","C & M WHIPMAN (CHEMISTS)","","","73 BRAMLEY ROAD","SOUTHGATE","","LONDON","","N14 4EY","20040401","20180815","","","","","","","","","","1","","","","",""
"P88K","MOUNTFORD CHEMISTS LTD","","","11 EAST BARNET ROAD","","","BARNET","","EN4 8RR","20040401","","","","","","","","","","","1","","","","",""
"P88L","M & A WEINRONK","","","PHARMACY","413 PENSBY ROAD","HESWALL","WIRRAL","","CH61 9PF","20040401","","","","","","","","","","","1","","","","",""
"P88M","BHOGAL DISP CHEMIST","","","79-81 ST. MARKS ROAD","","","BRISTOL","","BS5 6HX","20040401","20240620","","","","","","","","","","1","","","","",""
"P88P","STRANDHAVEN LTD","","","600 HIGH ROAD","SEVEN KINGS","","ILFORD","","IG3 8BS","20040401","","","","","","","","","","","1","","","","",""
"P88Q","INTERNET PHARMACY LTD","","","120 BURY NEW ROAD","","","HEYWOOD","","OL10 4RG","20040401","","","","","","","","","","","1","","","","",""
"P88R","BRAMLEY PHARMACY","","","261 NORTHFIELD AVENUE","EALING","","LONDON","","W5 4UA","20040401","20220331","","","","","","","","","","1","","","","",""
"P88T","CRYSTAL PHARMACY","","","39 HIGH STREET","","","HOUNSLOW","","TW3 1RH","20040401","","","","","","","","","","","1","","","","",""
"P88V","AUSTINOMA CHEMIST","","","52 TODD CRESCENT","CHURCH MILTON","","SITTINGBOURNE","","ME10 2TZ","20040401","","","","","","","","","","","1","","","","",""
"P88X","HINDLEY HEALTH CENTRE PHARMACY","","","17 LIVERPOOL ROAD","HINDLEY","","WIGAN","","WN2 3HQ","20040401","","","","","","","","","","","1","","","","",""
"P88Y","Z IQBAL (DEEPCAR LTD)","","","DEEPCAR PHARMACY LTD","242 MANCHESTER ROAD","DEEPCAR","SHEFFIELD","","S36 2RF","20040401","20200922","","","","","","","","","","1","","","","",""
"P890","SUSSEX APOTHECARY LTD","","","18A LOWER STREET","","","PULBOROUGH","","RH20 2BL","20040401","20190312","","","","","","","","","","1","","","","",""
"P896","P WILLIAMS CHEMISTS LTD","","","THE PADDOCK","LONDON ROAD","STAELEY","NANTWICH","","CW5 7JL","20040401","20180327","","","","","","","","","","1","","","","",""
"P897","COURT PHARMACY","","","69 STATION ROAD","","","BIRCHINGTON","","CT7 9RE","20040401","20190409","","","","","","","","","","1","","","","",""
"P89C","MAKANS LTD","","","453 DUNSTABLE ROAD","","","LUTON","","LU4 8DE","20040401","","","","","","","","","","","1","","","","",""
"P89E","PILLBOX CHEMIST LTD","","","17 DAVID ROAD","POYLE INDUSTRIAL ESTATE","COLNBROOK","SLOUGH","","SL3 0DB","20040401","","","","","","","","","","","1","","","","",""
"P89G","ABBOTT PHARMACY","","","101 COLNEY HATCH LANE","","","LONDON","","N10 1LR","20040401","20220706","","","","","","","","","","1","","","","",""
"P89H","MICHAEL FRANKLIN (CHEMISTS) LTD","","","55 ST. JAMES'S STREET","","","LONDON","","E17 7PJ","20040401","","","","","","","","","","","1","","","","",""
"P89J","VALEBRET LTD","","","HERBERT & HERBERT CHEMISTS","280 STAINES ROAD","","HOUNSLOW","","TW3 3LX","20040401","","","","","","","","","","","1","","","","",""
"P89K","SARAJ PATEL LTD","","","118 BELGRAVE ROAD","","","LEICESTER","","LE4 5AT","20040401","20181018","","","","","","","","","","1","","","","",""
"P89L","SAOOD PHARMACY","","","104A OXFORD ROAD","","","READING","","RG1 7LL","20040401","","","","","","","","","","","1","","","","",""
"P89M","F INSTEAD (HOXTON) LTD","","","209 HOXTON STREET","","","LONDON","","N1 5LG","20040401","","","","","","","","","","","1","","","","",""
"P89N","S & K LTD","","","245A BEVINGTON ROAD","","","BIRMINGHAM","","B6 6HT","20040401","","","","","","","","","","","1","","","","",""
"P89Q","K'S CHEMIST LTD","","","81 BOLLINGTON ROAD","","","MANCHESTER","","M40 7HB","20040401","","","","","","","","","","","1","","","","",""
"P89R","SERENA DISP CHEMIST","","","7 LIBRARY PARADE","CRAVEN PARK ROAD","","LONDON","","NW10 8SG","20040401","","","","","","","","","","","1","","","","",""
"P89T","ALREWAS PHARMACY","","","MAIN STREET","ALREWAS","","BURTON-ON-TRENT","","DE13 7AE","20040401","","","","","","","","","","","1","","","","",""
"P89X","RIVERVIEW PHARMACY","","","22 RIVER VIEW","CHADWELL ST. MARY","","GRAYS","","RM16 4BJ","20040401","20200131","","","","","","","","","","1","","","","",""
"P8A0","TOW LAW PHARMACY","","","24 HIGH STREET","TOW LAW","","BISHOP AUCKLAND","","DL13 4DL","20040401","","","","","","","","","","","1","","","","",""
"P8A1","GORPHARM LTD","","","HOLMES PHARMACY","6 NUGENT TERRACE","","LONDON","","NW8 9QB","20040401","","","","","","","","","","","1","","","","",""
"P8A3","GRAHAM & TAYLOR LTD","","","LEX PHARMACY","STOCKWELL LODGE MEDICAL VILLAGE","ROSEDALE WAY, CHESHUNT","WALTHAM CROSS","","EN7 6QQ","20040401","","","","","","","","","","","1","","","","",""
"P8A5","GRAPHICTRAIL LTD","","","ADSWOOD PHARMACY","205 GARNERS LANE","","STOCKPORT","","SK3 8QJ","20040401","20190326","","","","","","","","","","1","","","","",""
"P8A6","GRAVITAR LTD","","","SHEFFIELD PHARMACY","64 FORE STREET","","HERTFORD","","SG14 1BT","20040401","","","","","","","","","","","1","","","","",""
"P8A7","GREATVALE LTD","","","BAYWOOD DISPENSING CHEMIST","239 WESTBOURNE GROVE","","LONDON","","W11 2SE","20040401","","","","","","","","","","","1","","","","",""
"P8A9","GREEN END PHARMACY","","","13 GREEN END","","","WHITCHURCH","","SY13 1AD","20040401","","","","","","","","","","","1","","","","",""
"P8AA","GREENS CHEMIST (UK) LTD","","","1-3 ST. MARYS ROAD","","","SHOREHAM-BY-SEA","","BN43 5ZA","20040401","","","","","","","","","","","1","","","","",""
"P8AC","CLIVE GRIFFITHS (REDCAR) LTD","","","4-6 COATHAM ROAD","","","REDCAR","","TS10 1RJ","20040401","","","","","","","","","","","1","","","","",""
"P8AD","GROUPER ABM LTD","","","WANSTEAD PHARMACY","75-77 HIGH STREET","WANSTEAD","LONDON","","E11 2AE","20040401","","","","","","","","","","","1","","","","",""
"P8AE","GROVE PHARM LTD","","","GROVE PARK PHARMACY","344 BARING ROAD","","LONDON","","SE12 0DU","20040401","","","","","","","","","","","1","","","","",""
"P8AG","S & A PHARMACY","","","251 NORTHOLT ROAD","","","HARROW","","HA2 8HR","20040401","20260803","","","","","","","","","","1","","","","",""
"P8AH","SC WILLIAMS CHEMIST","","","113 LOWER CHURCH ROAD","","","BURGESS HILL","","RH15 9AA","20040401","","","","","","","","","","","1","","","","",""
"P8AJ","CURIE CHEMISTS","","","445 EDGWARE ROAD","","","LONDON","","W2 1TH","20040401","","","","","","","","","","","1","","","","",""
"P8AK","7 DAY CHEMIST","","","175A BELLEGROVE ROAD","","","WELLING","","DA16 3QS","20040401","20190326","","","","","","","","","","1","","","","",""
"P8AL","GEEPHARM CHEMISTS","","","36 PLUMSTEAD COMMON ROAD","PLUMSTEAD","","LONDON","","SE18 3TN","20040401","","","","","","","","","","","1","","","","",""
"P8AP","AH SCREEN","","","THE PHARMACY","CHURCH STREET","","BISHOPS CASTLE","","SY9 5AE","20040401","20190305","","","","","","","","","","1","","","","",""
"P8AR","SEDGEMILL LTD","","","SEDGEMILL PHARMACY","38 MANLAKE AVENUE","WINTERTON","SCUNTHORPE","","DN15 9TA","20040401","20241001","","","","","","","","","","1","","","","",""
"P8AT","OXLOW CHEMIST","","","217 OXLOW LANE","","","DAGENHAM","","RM10 7YA","20040401","","","","","","","","","","","1","","","","",""
"P8AW","SELFRIDGES RETAIL LIMITED","","","SELFRIDGES PHARMACIES","400 OXFORD STREET","","LONDON","","W1A 1AB","20040401","20250722","","","","","","","","","","1","","","","",""
"P8AX","SERVICARE LTD","","","NORIES CHEMIST","23 OAKHILL ROAD","","HORSHAM","","RH13 5SD","20040401","20240108","","","","","","","","","","1","","","","",""
"P8AY","K SESTON","","","35 PARK PARADE","LEIGH PARK","","HAVANT","","PO9 5AA","20040401","20200204","","","","","","","","","","1","","","","",""
"P8B0R","CHARMER CONSULTANTS LTD","","","UNIT 2A","FORGE BUSINESS CENTRE","UPPER ROSE LANE","DISS","","IP22 1AP","20260107","","","","","","","","","","","1","","","","",""
"P8C2","QUINCEWOOD LTD","","","GROVE PHARMACY","4 GROVE CORNER, BOOKHAM","","LEATHERHEAD","","KT23 4LP","20040401","","","","","","","","","","","1","","","","",""
"P8C3","R&M PHARMA LTD","","","WHITES PHARMACY","17 ROLLE STREET","","EXMOUTH","","EX8 1HA","20040401","20220629","","","","","","","","","","1","","","","",""
"P8C4","AVENUE PHARMACY (SUNDERLAND) LIMITED","","","5 ORCHARD GARDENS","","","SUNDERLAND","","SR6 7JW","20040401","","","","","","","","","","","1","","","","",""
"P8C7","PLOUGH GREEN PHARMACY","","","364 MALDEN ROAD","","","WORCESTER PARK","","KT4 7NW","20040401","","","","","","","","","","","1","","","","",""
"P8C9","RAIMINS CHEMIST","","","224 POLLARDS OAK ROAD","","","OXTED","","RH8 0JP","20040401","20220608","","","","","","","","","","1","","","","",""
"P8CE","WHINMOOR PHARMACY","","","46A WHITE LAITHE APPROACH","","","LEEDS","","LS14 2EH","20040401","","","","","","","","","","","1","","","","",""
"P8CF","GATE PHARMACY","","","118 WASHWOOD HEATH ROAD","","","BIRMINGHAM","","B8 1RE","20040401","20180906","","","","","","","","","","1","","","","",""
"P8CH","RAYSOL LTD","","","RICKMAN CHEMISTS","197 STANSTEAD ROAD","","LONDON","","SE23 1DB","20040401","20180728","","","","","","","","","","1","","","","",""
"P8CK","THE SEASCALE PHARMACY","","","GOSFORTH ROAD","","","SEASCALE","","CA20 1PR","20040401","","","","","","","","","","","1","","","","",""
"P8CL","RETROLINK LTD","","","W CHEESEMAN & SON LTD","3-5 CHURCH STREET","AMPTHILL","BEDFORD","","MK45 2PJ","20040401","","","","","","","","","","","1","","","","",""
"P8CN","SOUTH BRENT PHARMACY","","","6 CHURCH STREET","","","SOUTH BRENT","","TQ10 9AB","20040401","","","","","","","","","","","1","","","","",""
"P8CP","DYES PHARMACY","","","67 NORTH WALSHAM ROAD","","","NORWICH","","NR6 7QA","20040401","","","","","","","","","","","1","","","","",""
"P8CV","TA RHODES LTD","","","77 HIGH STREET","ALBRIGHTON","","WOLVERHAMPTON","","WV7 3JA","20040401","","","","","","","","","","","1","","","","",""
"P8CX","BADEN HOUSE PHARMACY","","","THE SQUARE","","","MARAZION","","TR17 0AP","20040401","20180620","","","","","","","","","","1","","","","",""
"P8G2E","SWM PHARMA SOLUTIONS LIMITED","","","833 MOSS BANK WAY","","","BOLTON","","BL1 5SN","20201020","","","","","","","","","","","1","","","","",""
"P8G5T","PYRAMID 1 LIMITED","","","161 MARSTON ROAD","","","STAFFORD","","ST16 3BS","20221109","","","","","","","","","","","1","","","","",""
"P8G9F","LP SD NINETY FOUR LIMITED","","","3-4 LITTONDALE","","","HULL","","HU7 4BJ","20230927","","","","","","","","","","","1","","","","",""
"P8K1S","ASHINGTON LINTONVILLE LIMITED","","","LINTONVILLE MEDICAL GROUP","LINTONVILLE TERRACE","","ASHINGTON","","NE63 9UT","20251119","","","","","","","","","","","1","","","","",""
"P8NL","NASAR SALIM","","","VANTAGE PHARMACY","24 CHURCH ROAD","ASTON","BIRMINGHAM","","B6 5UP","20150506","","","","","","","","","","","1","","","","",""
"P8O7M","HR PHARMA LIMITED","","","241 HIGHFIELD ROAD","FARNWORTH","","BOLTON","","BL4 0NX","20241127","","","","","","","","","","","1","","","","",""
"P8O9S","MELBRAY HEALTHCARE LIMITED","","","27 SHERRARD STREET","","","MELTON MOWBRAY","","LE13 1XH","20260301","","","","","","","","","","","1","","","","",""
"P8U5C","APS WOODFORD MEDICAL LTD","","","113-115 SNAKES LANE","","","WOODFORD GREEN","","IG8 0DY","20260826","","","","","","","","","","","1","","","","",""
"P8W6W","HAMMERSMITH HEALTHCARE LTD","","","109 FULHAM PALACE ROAD","","","LONDON","","W6 8JA","20230830","","","","","","","","","","","1","","","","",""
"P900","A.M. SAVAGE LTD","","","DERBYSHIRE LANE PHARMACY","144 DERBYSHIRE LANE","","SHEFFIELD","","S8 8SE","20040401","","","","","","","","","","","1","","","","",""
"P903","DEEN & CO LTD","","","CENTRE PHARMACY","21A-22 THE SHOPPING CENTRE","CHEADLE HULME","CHEADLE","","SK8 5BB","20040401","20190604","","","","","","","","","","1","","","","",""
"P908","JP PHARMACY","","","139 CAMDEN HIGH STREET","","","LONDON","","NW1 7JR","20040401","","","","","","","","","","","1","","","","",""
"P90A","GREENFORD CHEMIST","","","348 GREENFORD AVENUE","","","LONDON","","W7 3DA","20040401","","","","","","","","","","","1","","","","",""
"P90G","N C & B LUNT","","","N C & B LUNT PHARMACY","51-53 CHURCH STREET","","RUNCORN","","WA7 1LQ","20040401","20190212","","","","","","","","","","1","","","","",""
"P90H","D. PAY, CRAY HILL CHEMIST","","","SANGERS MAIDSTONE","PARKWOOD","SUTTON ROAD","MAIDSTONE","","ME15 9BJ","20040401","20190409","","","","","","","","","","1","","","","",""
"P90L","JOYDENS WOOD PHARMACY","","","2 BIRCHWOOD PARADE","WOODSIDE DRIVE","","DARTFORD","","DA2 7NJ","20040401","","","","","","","","","","","1","","","","",""
"P90P","SHARMA A CHEMISTS LTD","","","PHARMACY DIRECT","202 SHIRLEY ROAD","","SOUTHAMPTON","","SO15 3FL","20040401","","","","","","","","","","","1","","","","",""
"P90Q","KALSONS LTD","","","EARLS HALL PHARMACY","8 EARLS HALL PARADE","PRINCE AVENUE","SOUTHEND-ON-SEA","","SS2 6NW","20040401","","","","","","","","","","","1","","","","",""
"P90R","JARMAN & DIXON","","","71-73 MOTTINGHAM ROAD","","","LONDON","","SE9 4QZ","20040401","20220629","","","","","","","","","","1","","","","",""
"P90T","WALKER A (ALLENDALE) LTD","","","THE PHARMACY","SHIELD STREET","ALLENDALE","HEXHAM","","NE47 9BP","20040401","20180801","","","","","","","","","","1","","","","",""
"P90V","AKRO PHARMACY","","","404 KATHERINE ROAD","FOREST GATE","","LONDON","","E7 8NP","20040401","","","","","","","","","","","1","","","","",""
"P90W","VJ GANDECHA","","","8 REDHILL ROAD","WESTMILL ESTATE","","HITCHIN","","SG5 2NQ","20040401","","","","","","","","","","","1","","","","",""
"P90X","RAM DISPENSING CHEMIST","","","4 BEAUMARIS PARADE","BALMORAL DRIVE","FRIMLEY","CAMBERLEY","","GU16 8UR","20040401","","","","","","","","","","","1","","","","",""
"P90Y","ST JOHNS PHARMACY","","","16 SIDCUP HIGH STREET","","","SIDCUP","","DA14 6EH","20040401","20260214","","","","","","","","","","1","","","","",""
"P910","REX PHARM SERVICES LTD","","","LYTCHETT PHARMACY","16 HIGH STREET","LYTCHETT MATRAVERS","POOLE","","BH16 6BG","20040401","","","","","","","","","","","1","","","","",""
"P911","AMADI CHEMIST","","","107 ABBEY STREET","NORTH SOUTHWARK","","LONDON","","SE1 3NP","20040401","","","","","","","","","","","1","","","","",""
"P912","JAYS CHEMIST","","","2 MERRIEMEADE PARADE","BEAULIEU ROAD","DIBDEN PURLIEU","SOUTHAMPTON","","SO45 4PY","20040401","","","","","","","","","","","1","","","","",""
"P917","MORTONS PHARMACY","","","TRINITY SQUARE","","","AXMINSTER","","EX13 5AN","20040401","","","","","","","","","","","1","","","","",""
"P91A","SEHMI NS","","","545-547 GREEN LANE","SMALL HEATH","","BIRMINGHAM","","B9 5PT","20040401","20200611","","","","","","","","","","1","","","","",""
"P91C","TEE KAY ENTERPRISES LTD","","","427 BUSHEY MILL LANE","","","BUSHEY","","WD23 2AN","20040401","","","","","","","","","","","1","","","","",""
"P91E","K.M BRENNAN CHEMISTS LTD","","","49 LEICESTER ROAD","NARBOROUGH","","LEICESTER","","LE19 2DF","20040401","20190212","","","","","","","","","","1","","","","",""
"P91F","SALMINA PHARMACY","","","107 WRYTHE LANE","","","CARSHALTON","","SM5 2RR","20040401","20260831","","","","","","","","","","1","","","","",""
"P91H","P.H. FREEMAN LTD","","","HOLBECK PHARMACY","5A SHAFTON LANE","","LEEDS","","LS11 9LY","20040401","","","","","","","","","","","1","","","","",""
"P91J","OAKLEIGH PHARMACY","","","UXBRIDGE ROAD","HILLINGDON HEATH","","UXBRIDGE","","UB10 0LU","20040401","","","","","","","","","","","1","","","","",""
"P91K","LEAPMART LTD","","","WEST LONDON PHARMACY","154 CHISWICK HIGH ROAD","","LONDON","","W4 1PR","20040401","20180307","","","","","","","","","","1","","","","",""
"P91M","DONALD COOPER LTD","","","110-112 HIGH STREET","MARSKE-BY-THE-SEA","","REDCAR","","TS11 7BA","20040401","","","","","","","","","","","1","","","","",""
"P91P","LINDLEYS CHEMIST","","","14 FORD END ROAD","","","BEDFORD","","MK40 4JA","20040401","","","","","","","","","","","1","","","","",""
"P91Q","H JOBSON & PARTNERS LTD","","","16-20 ENGLISH STREET","LONGTOWN","","CARLISLE","","CA6 5SD","20040401","20230104","","","","","","","","","","1","","","","",""
"P91X","JP HINDOCHA","","","99 WHITTON ROAD","","","HOUNSLOW","","TW3 2EW","20040401","","","","","","","","","","","1","","","","",""
"P91Y","CROOK LOG CHEMISAL LTD","","","7 BOURNE PARADE","BOURNE ROAD","","BEXLEY","","DA5 1LQ","20040401","","","","","","","","","","","1","","","","",""
"P921","NICHOLLS DOUBLE LTD","","","MARDEN PHARMACY","THE SQUARE, HIGH STREET","MARDEN","TONBRIDGE","","TN12 9DP","20040401","","","","","","","","","","","1","","","","",""
"P924","WH BURDESS CHEMISTS LTD","","","178 MAWNEY ROAD","","","ROMFORD","","RM7 8BU","20040401","","","","","","","","","","","1","","","","",""
"P928","PHARMACY 2 U LTD","","","LUMINA","PARK APPROACH","","LEEDS","","LS15 8GB","20040401","","","","","","","","","","","1","","","","",""
"P929","RAMCO CHEMIST","","","270 WEST END LANE","HAMPSTEAD","","LONDON","","NW6 1LJ","20040401","","","","","","","","","","","1","","","","",""
"P92A","VANAS LINITED","","","134 RECTORY ROAD","PITSEA","","BASILDON","","SS13 2AJ","20040401","","","","","","","","","","","1","","","","",""
"P92C","DRYBLEND LTD","","","427 BUSHEY MILL LANE","","","BUSHEY","","WD23 2AN","20040401","20190326","","","","","","","","","","1","","","","",""
"P92F","GORDON SHORT CHEMIST","","","159 COLLEGE ROAD","CROSBY","","LIVERPOOL","","L23 3AT","20040401","20190326","","","","","","","","","","1","","","","",""
"P92H","EUROPLEX LTD","","","11 HILL CHASE","","","CHATHAM","","ME5 9HE","20040401","20190409","","","","","","","","","","1","","","","",""
"P92K","DIP'S CHEMIST","","","12 DEFOE PARADE","","","GRAYS","","RM16 4QR","20040401","20200131","","","","","","","","","","1","","","","",""
"P92L","MACOL LTD","","","392 LONG LANE","HILLINGDON","","UXBRIDGE","","UB10 9PG","20040401","","","","","","","","","","","1","","","","",""
"P92M","COLLINS CHEMIST","","","113-115 CHURCH STREET","","","LONDON","","NW8 8HA","20040401","","","","","","","","","","","1","","","","",""
"P92N","F.T.E CONSULTANTS LTD","","","PELTON VANTAGE PHARMACY","90 BELGRAVE ROAD","","ILFORD","","IG1 3AL","20040401","20190305","","","","","","","","","","1","","","","",""
"P92R","BARKERS CHEMIST","","","614 KINGSTON ROAD","","","LONDON","","SW20 8DN","20040401","","","","","","","","","","","1","","","","",""
"P92T","D F WALKER (PHARMACY) LTD","","","62 HARINGTON ROAD","FORMBY","","LIVERPOOL","","L37 1NU","20040401","","","","","","","","","","","1","","","","",""
"P92V","RK PHARMACY","","","90 LEWISHAM ROAD","","","SMETHWICK","","B66 2DD","20040401","","","","","","","","","","","1","","","","",""
"P930","MEDICOS DISPENSING CHEMISTS","","","399 HOE STREET","WALTHAMSTOW","","LONDON","","E17 9AP","20040401","","","","","","","","","","","1","","","","",""
"P931","P ROBINSON PHARMACY","","","VAUXHALL HEALTH CENTRE","111-117 LIMEKILN LANE","","LIVERPOOL","","L5 8XR","20040401","20260313","","","","","","","","","","1","","","","",""
"P932","VIMAL SHAH LIMITED","","","KINGS PHARMACY","343 KILBURN HIGH ROAD","KILBURN","LONDON","","NW6 7QB","20040401","","","","","","","","","","","1","","","","",""
"P933","UTTOXETER HEALTH STORES LTD","","","PHARMACY @","BALANCE STREET HEALTH CENTRE","BALANCE STREET","UTTOXETER","","ST14 8JG","20040401","","","","","","","","","","","1","","","","",""
"P934","TOWLER'S CHEMIST LTD","","","10 MARKET PLACE","KIRKBYMOORSIDE","","YORK","","YO62 6DB","20040401","","","","","","","","","","","1","","","","",""
"P935","VECTRUM SERVICES LTD","","","CHAPEL LANE PHARMACY","102 CHAPEL LANE","","FARNBOROUGH","","GU14 9BL","20040401","","","","","","","","","","","1","","","","",""
"P93A","WATSONS PHARMACY","","","1 FRITH STREET","","","LONDON","","W1D 3HZ","20040401","","","","","","","","","","","1","","","","",""
"P93D","FAIRMANS CHEMIST LTD","","","39 HIGH STREET","GOSFORTH","","NEWCASTLE UPON TYNE","","NE3 4AA","20040401","","","","","","","","","","","1","","","","",""
"P93E","COTHAM PHARMACY","","","3-5 COTHAM HILL","COTHAM","","BRISTOL","","BS6 6LD","20040401","","","","","","","","","","","1","","","","",""
"P93G","ALEXANDER GIBSON (BRADFORD) LTD","","","12 HARROGATE ROAD","","","BRADFORD","","BD2 3DU","20040401","","","","","","","","","","","1","","","","",""
"P93J","JACASH LIMITED","","","SAXON WARRIOR PHARMACY","THE SQUARE","LENHAM","MAIDSTONE","","ME17 2PG","20040401","","","","","","","","","","","1","","","","",""
"P93K","TEMPLE PHARMACY LTD","","","110 PITSHANGER LANE","EALING","","LONDON","","W5 1QP","20040401","","","","","","","","","","","1","","","","",""
"P93L","CLAREPHARM LTD","","","CLAREMONT MEDICAL PRACTICE","EXMOUTH HEALTH CENTRE","CLAREMONT GROVE","EXMOUTH","","EX8 2JF","20040401","","","","","","","","","","","1","","","","",""
"P93M","BLISS CHEMIST","","","50-56 WILLESDEN LANE","","","LONDON","","NW6 7SX","20040401","","","","","","","","","","","1","","","","",""
"P93Q","MAURIPHARM LTD","","","BUCKLEY PHARMACY","224 BARNETT WOOD LANE","","ASHTEAD","","KT21 2DB","20040401","","","","","","","","","","","1","","","","",""
"P93R","WINCHESTER CHEMIST","","","64 SWAN ROAD","","","WEST DRAYTON","","UB7 7JZ","20040401","","","","","","","","","","","1","","","","",""
"P93V","AGINCOURT LTD","","","132 TOTTENHAM COURT ROAD","","","LONDON","","W1T 5AZ","20040401","","","","","","","","","","","1","","","","",""
"P93W","J GARR & C NKANSAH","","","WATTERSON PHARMACY","79 HIGH STREET","WAVERTREE","LIVERPOOL","","L15 8HF","20040401","","","","","","","","","","","1","","","","",""
"P944","FRENCHWOOD PHARMACY","","","1 RUSKIN STREET","FRENCHWOOD","","PRESTON","","PR1 4NA","20040401","20200913","","","","","","","","","","1","","","","",""
"P945","STANCLIFFE PHARMACY LTD","","","STANCLIFFE PHARMACY","4 THE PARADE","BRAMHOPE","LEEDS","","LS16 9AF","20040401","","","","","","","","","","","1","","","","",""
"P946","FULFORD PHARMACY LIMITED","","","101 MAIN STREET","FULFORD","","YORK","","YO10 4PN","20040401","","","","","","","","","","","1","","","","",""
"P947","ROE-CHE LTD","","","82A BAKER STREET","","","LONDON","","W1U 6AE","20040401","","","","","","","","","","","1","","","","",""
"P94A","ROYAL DOCKS PHARMACY","","","23 EAST HAM MANOR WAY","","","LONDON","","E6 5NA","20040401","","","","","","","","","","","1","","","","",""
"P94D","ROSEMEAD LTD","","","VILLAGE PHARMACY","7 VILLAGE CENTRE","LEVERSTOCK GREEN ROAD","HEMEL HEMPSTEAD","","HP3 8QG","20040401","","","","","","","","","","","1","","","","",""
"P94E","LYNG PHARMACY","","","1 LYNG LANE","","","WEST BROMWICH","","B70 7RW","20040401","","","","","","","","","","","1","","","","",""
"P94H","SEDEM LIMITED","","","KIRKDALE PHARMACY","66-74 STANLEY ROAD","KIRKDALE","LIVERPOOL","","L5 2QA","20040401","","","","","","","","","","","1","","","","",""
"P94K","BEAUTYCHEM","","","11 GREAT CAMBRIDGE ROAD","","","LONDON","","N17 7LH","20040401","","","","","","","","","","","1","","","","",""
"P94L","HERBERT & HERBERT CHEMIST","","","106 STAINES ROAD","","","HOUNSLOW","","TW3 3LH","20040401","","","","","","","","","","","1","","","","",""
"P94N","CROSS CHEMIST","","","471 LORDSHIP LANE","","","LONDON","","N22 5DJ","20040401","","","","","","","","","","","1","","","","",""
"P94P","ELMSWOOD CHEMIST","","","36 MAIN ROAD","","","HOCKLEY","","SS5 4QS","20040401","","","","","","","","","","","1","","","","",""
"P94Q","MERAJ LIMITED","","","MERAJ PHARMACY","694 HIGH ROAD LEYTON","","LONDON","","E10 6JP","20040401","","","","","","","","","","","1","","","","",""
"P94R","TOOTING PHARMACY PRACTICE","","","PATEL CHEMIST","175 UPPER TOOTING ROAD","","LONDON","","SW17 7TJ","20040401","","","","","","","","","","","1","","","","",""
"P94W","GARRETT PHARMACY","","","UNIT 3/4","WESTERN AVENUE SHOPPING MALL","WESTERN AVENUE, BLACON","CHESTER","","CH1 5PN","20040401","20190731","","","","","","","","","","1","","","","",""
"P94X","BAT & BALL PHARMACY","","","133 ST. JOHNS HILL","","","SEVENOAKS","","TN13 3PE","20040401","","","","","","","","","","","1","","","","",""
"P94Y","J LORD LTD","","","LORD CHEMIST","439 LORDSHIP LANE","","LONDON","","N22 5DJ","20040401","20190430","","","","","","","","","","1","","","","",""
"P950","STAZZORD LTD","","","B PEARSON DISPENSING CHEMIST","151-151A ACCRINGTON ROAD","","BURNLEY","","BB11 5AL","20040401","20190312","","","","","","","","","","1","","","","",""
"P952","FF & R STEVENSON","","","389A JAMES RECKITT AVENUE","","","HULL","","HU8 0JE","20040401","","","","","","","","","","","1","","","","",""
"P955","JUBILEE PHARMACY","","","2 UPPER RUSSELL STREET","","","WEDNESBURY","","WS10 7AR","20040401","","","","","","","","","","","1","","","","",""
"P956","ZAFASH LIMITED","","","233-235 OLD BROMPTON ROAD","","","LONDON","","SW5 0EA","20040401","","","","","","","","","","","1","","","","",""
"P957","SP & GN BULLOCK","","","13B MAIN STREET","WHITTINGTON","","LICHFIELD","","WS14 9JU","20040401","20171108","","","","","","","","","","1","","","","",""
"P95A","ASSET CHEMIST","","","38 GROVEBURY ROAD","","","LONDON","","SE2 9BB","20040401","20190214","","","","","","","","","","1","","","","",""
"P95C","SHIVAKEM PHARMACY LTD","","","12A COURT PARADE","","","WEMBLEY","","HA0 3HU","20040401","","","","","","","","","","","1","","","","",""
"P95D","D.G. HAYDEN CHEMIST LTD","","","HOLLY PHARMACY","1B BRIDGE ROAD","","LOWESTOFT","","NR32 3LJ","20040401","","","","","","","","","","","1","","","","",""
"P95F","R WALJI DISPENSING CHEMIST","","","6 ROCKINGHAM CLOSE","PUTNEY","","LONDON","","SW15 5RW","20040401","","","","","","","","","","","1","","","","",""
"P95L","RATBY CHEMIST LTD","","","58 MAIN STREET","RATBY","","LEICESTER","","LE6 0LL","20040401","20190416","","","","","","","","","","1","","","","",""
"P95M","FRESENIUS MEDICAL CARE (UK) LTD","","","NUNN BROOK ROAD","HUTHWAITE","","SUTTON-IN-ASHFIELD","","NG17 2HU","20040401","20170716","","","","","","","","","","1","","","","",""
"P95Q","K & M PHARMACY LTD","","","903 MANCHESTER ROAD","","","HUDDERSFIELD","","HD4 5SX","20040401","","","","","","","","","","","1","","","","",""
"P95R","HN PHARMACY","","","124 CANNOCK ROAD","WEDNESFIELD","","WOLVERHAMPTON","","WV10 8PW","20040401","","","","","","","","","","","1","","","","",""
"P95V","DICKINSON CHEMIST","","","130 WESTMOUNT ROAD","","","LONDON","","SE9 1UT","20040401","","","","","","","","","","","1","","","","",""
"P95W","RAJS CHEMIST","","","7 THE SQUARE","LOWER GRANGE","","BRADFORD","","BD8 0QB","20040401","","","","","","","","","","","1","","","","",""
"P95X","HOGG CHEMISTS LTD","","","216-220 WESTOE ROAD","","","SOUTH SHIELDS","","NE33 3PW","20040401","","","","","","","","","","","1","","","","",""
"P960","L.H. WILLS LTD","","","14 PARKVILLE HIGHWAY","","","COVENTRY","","CV6 4HZ","20040401","","","","","","","","","","","1","","","","",""
"P961","ANDREWS PHARMACY","","","149B SLOANE STREET","","","LONDON","","SW1X 9BZ","20040401","","","","","","","","","","","1","","","","",""
"P962","F.T. TAYLOR (WATFORD) LTD","","","THE CHEMIST","137 COURTLANDS DRIVE","","WATFORD","","WD24 5LL","20040401","","","","","","","","","","","1","","","","",""
"P964","RD HILL DISPENSING CHEMIST","","","5 CHATSWORTH ROAD","ATHERSLEY SOUTH","","BARNSLEY","","S71 3QL","20040401","","","","","","","","","","","1","","","","",""
"P965","HENDON HEALTH CENTRE PHARMACY","","","MEABURN TERRACE","HENDON","","SUNDERLAND","","SR1 2LR","20040401","20181115","","","","","","","","","","1","","","","",""
"P966","MY PHARMACY LTD","","","10 NORTH POLE ROAD","","","LONDON","","W10 6QL","20040401","20250324","","","","","","","","","","1","","","","",""
"P967","VILLA PHARMACY","","","2 ENDICOTT ROAD","ASTON","","BIRMINGHAM","","B6 6HN","20040401","20240822","","","","","","","","","","1","","","","",""
"P968","ROOTS CHEMIST LTD","","","168 TRINITY ROAD","ASTON","","BIRMINGHAM","","B6 6HZ","20040401","20201004","","","","","","","","","","1","","","","",""
"P969","H SHAH DISPENSING CHEMIST","","","11 SHEAVESHILL PARADE","SHEAVESHILL AVENUE","COLINDALE","LONDON","","NW9 6RS","20040401","","","","","","","","","","","1","","","","",""
"P96C","REGENT (UK) SERVICES LTD","","","REGENT PHARMACY","59 REGENT STREET","","SHANKLIN","","PO37 7AE","20040401","","","","","","","","","","","1","","","","",""
"P96D","MEDI-SHOP LTD","","","25 HIGH ROAD","WORMLEY","","BROXBOURNE","","EN10 6HT","20040401","","","","","","","","","","","1","","","","",""
"P96E","MEDICARE DISPENSING CHEMIST","","","10-11 HANDEL PARADE","WHITCHURCH LANE","","EDGWARE","","HA8 6LD","20040401","20201011","","","","","","","","","","1","","","","",""
"P96F","WESTBOURNE PHARMACY LTD","","","198B DUNSTABLE ROAD","","","LUTON","","LU4 8JJ","20040401","","","","","","","","","","","1","","","","",""
"P96G","COLLINGHAM PHARMACY","","","HIGH STREET","COLLINGHAM","","NEWARK","","NG23 7LS","20040401","","","","","","","","","","","1","","","","",""
"P96H","M.T. KOTECHA","","","VANTAGE CHEMISTS","903 HONEYPOT LANE","","STANMORE","","HA7 1AR","20040401","","","","","","","","","","","1","","","","",""
"P96K","JOHN HUGALL LTD","","","143 NORTHENDEN ROAD","","","SALE","","M33 3HF","20040401","","","","","","","","","","","1","","","","",""
"P96L","BARONS PHARMACY","","","3 MARGRAVINE GARDENS","","","LONDON","","W6 8RL","20040401","","","","","","","","","","","1","","","","",""
"P96M","D.K. PATEL","","","29 BELMONT AVENUE","","","BARNET","","EN4 9JP","20040401","20190305","","","","","","","","","","1","","","","",""
"P96Q","KELLY'S PHARMACY","","","195 ALTWAY","","","LIVERPOOL","","L10 6LB","20040401","","","","","","","","","","","1","","","","",""
"P96T","WESTMIDIAN LTD","","","J EDMUNDS CHEMIST","47 KINGSLAND HIGH STREET","","LONDON","","E8 2JS","20040401","","","","","","","","","","","1","","","","",""
"P970","KEYCIRCLE PHARMACY","","","9 ST. MARKS CRESCENT","","","MAIDENHEAD","","SL6 5DA","20040401","","","","","","","","","","","1","","","","",""
"P972","PHARMACO (NORFOLK) LTD","","","205 PLUMSTEAD ROAD","","","NORWICH","","NR1 4AB","20040401","","","","","","","","","","","1","","","","",""
"P973","MEIKLEJOHN PHARMACY LTD","","","3 KINGSWOOD WAY","GREAT DENHAM","","BEDFORD","","MK40 4GH","20040401","","","","","","","","","","","1","","","","",""
"P975","SPINKS THE CHEMIST","","","THE OLD FIRE STATION","ALBERT TERRACE","","BEVERLEY","","HU17 8JU","20040401","20250630","","","","","","","","","","1","","","","",""
"P977","H.M.ODELL LTD","","","601 GORTON ROAD","REDDISH","","STOCKPORT","","SK5 6NX","20040401","20200811","","","","","","","","","","1","","","","",""
"P97C","DNR RITZ HEALTHCARE LTD","","","43 HEATH STREET","","","LONDON","","NW3 6UA","20040401","","","","","","","","","","","1","","","","",""
"P97D","DEXPHARM LTD","","","STAR HOUSE","PUDDING LANE","","MAIDSTONE","","ME14 1LT","20040401","20190409","","","","","","","","","","1","","","","",""
"P97E","A.S. KITCHING LTD","","","23-25 LIMES WALK","OAKENGATES","","TELFORD","","TF2 6EP","20040401","","","","","","","","","","","1","","","","",""
"P97F","BRAND-RUSSELL CHEMIST LTD","","","280 EAST BARNET ROAD","","","EAST BARNET","","EN4 8TD","20040401","","","","","","","","","","","1","","","","",""
"P97H","J.K. DUGGAL CHEMIST LTD","","","UNIT 8, MOSTYN BUILDING","LOWER CHURCH LANE","","TIPTON","","DY4 7PE","20040401","","","","","","","","","","","1","","","","",""
"P97K","TORRINGTON PARK HCC LTD","","","16 TORRINGTON PARK","","","LONDON","","N12 9SS","20040401","20230925","","","","","","","","","","1","","","","",""
"P97L","JOHNS CHEMIST LTD","","","288 POULTON ROAD","","","FLEETWOOD","","FY7 7LA","20040401","","","","","","","","","","","1","","","","",""
"P97M","MANGAL PHARMACY","","","BIOCOLL CHEMISTS","146 WELL HALL ROAD","","LONDON","","SE9 6SN","20040401","","","","","","","","","","","1","","","","",""
"P97N","METRO PHARMACY","","","11 LEEMING ROAD","","","BOREHAMWOOD","","WD6 4EB","20040401","","","","","","","","","","","1","","","","",""
"P97Q","KENWISE LTD","","","169 PLASHET GROVE","","","LONDON","","E6 1BX","20040401","20230228","","","","","","","","","","1","","","","",""
"P97R","SHIVAS CHEMISTS","","","300 LONDON ROAD","","","CROYDON","","CR0 2TG","20040401","","","","","","","","","","","1","","","","",""
"P97V","AINSWORTH JBL CATERHAM LTD","","","AINSWORTHS HOMOEOPATHIC PHARMACY","36 NEW CAVENDISH STREET","","LONDON","","W1G 8UF","20040401","","","","","","","","","","","1","","","","",""
"P97X","HOLBORN PHARMACY","","","88 SOUTHAMPTON ROW","","","LONDON","","WC1B 4BB","20040401","","","","","","","","","","","1","","","","",""
"P980","MINAL PHARMACY","","","9 HIGH STREET","WHITTON","","TWICKENHAM","","TW2 7LA","20040401","","","","","","","","","","","1","","","","",""
"P984","WELLTREE LTD","","","ST. JAMES CHEMIST","69 ST. JAMES'S STREET","WALTHAMSTOW","LONDON","","E17 7PN","20040401","20251201","","","","","","","","","","1","","","","",""
"P986","H&B (ULVERSTON) LTD","","","ULVERSTON HEALTH CENTRE","VICTORIA ROAD","","ULVERSTON","","LA12 0EW","20040401","20190312","","","","","","","","","","1","","","","",""
"P98A","CENTRAL PHARMACY","","","68 HIGH STREET","","","ESHER","","KT10 9QS","20040401","","","","","","","","","","","1","","","","",""
"P98E","J DOCTER LTD","","","MCCOURT CHEMISTS","182 CHURCHILL ROAD","","WALSALL","","WS2 0BA","20040401","","","","","","","","","","","1","","","","",""
"P98F","GRANGE PHARMACY","","","5 THE PARADE","SOUTHFIELDS","","LETCHWORTH GARDEN CITY","","SG6 4NB","20040401","","","","","","","","","","","1","","","","",""
"P98G","R.E BENJAMIN PHARMACY","","","263 CHINGFORD MOUNT ROAD","CHINGFORD","","LONDON","","E4 8LP","20040401","","","","","","","","","","","1","","","","",""
"P98H","J & W DARLING LTD","","","1 STANHOPE PARADE","","","SOUTH SHIELDS","","NE33 4BB","20040401","","","","","","","","","","","1","","","","",""
"P98J","N. RUDOLPH LTD","","","PHARMACY","MELBOURNE PARK MEDICAL","MELBOURNE ROAD","NOTTINGHAM","","NG8 5HL","20040401","","","","","","","","","","","1","","","","",""
"P98K","CHEMCARE PHARMACY","","","12 PEGLER SQUARE","","","LONDON","","SE3 9GR","20040401","","","","","","","","","","","1","","","","",""
"P98L","HYPERCHEM PHARMACY","","","34 SALUSBURY ROAD","","","LONDON","","NW6 6NL","20040401","20190319","","","","","","","","","","1","","","","",""
"P98M","CAMEOLORD LTD","","","7 OXFORD STREET","ST PETER'S SQUARE","","MANCHESTER","","M1 4PB","20040401","","","","","","","","","","","1","","","","",""
"P98N","AMG HEALTHCARE LIMITED","","","1ST FLOOR","SELSDON HOUSE","212-220 ADDINGTON ROAD","SOUTH CROYDON","","CR2 8LD","20040401","","","","","","","","","","","1","","","","",""
"P98P","SALTER WA (CHEMISTS) LTD","","","7 INCE GREEN LANE","INCE","","WIGAN","","WN2 2AR","20040401","20190326","","","","","","","","","","1","","","","",""
"P98Q","GRIFFITHS PHARMACY","","","351 WEST BARNES LANE","","","NEW MALDEN","","KT3 6JF","20040401","20190305","","","","","","","","","","1","","","","",""
"P98R","CHARLTON PHARMACY","","","229 CHARLTON ROAD","","","LONDON","","SE7 7ED","20040401","20200329","","","","","","","","","","1","","","","",""
"P98T","WILLIAMS BA CHEMISTS LTD","","","15 ALBANY PARADE","HIGH STREET","","BRENTFORD","","TW8 0JW","20040401","20250830","","","","","","","","","","1","","","","",""
"P98V","AJ DISTRIBUTORS LTD","","","DEEJAY CHEMIST","154 NORWOOD ROAD","","LONDON","","SE27 9AZ","20040401","","","","","","","","","","","1","","","","",""
"P98W","ZINA CHEMIST","","","78 GODSTONE ROAD","","","KENLEY","","CR8 5AA","20040401","20220629","","","","","","","","","","1","","","","",""
"P98X","D HOLLAND","","","13 HAREWOOD TERRACE","","","HAVERHILL","","CB9 8JL","20040401","","","","","","","","","","","1","","","","",""
"P98Y","LAWLEY PHARMACY","","","FARRIERS GREEN","LAWLEY BANK","","TELFORD","","TF4 2LL","20040401","","","","","","","","","","","1","","","","",""
"P990","B PAYNE & SON LTD","","","24 MARKET PLACE","WIRKSWORTH","","MATLOCK","","DE4 4ET","20040401","20230614","","","","","","","","","","1","","","","",""
"P991","LANDER & HUNTER CHEMIST","","","200 NORMANTON ROAD","","","DERBY","","DE23 6UX","20040401","","","","","","","","","","","1","","","","",""
"P992","TA BURLEY LLP DISPENSING CHEMIST","","","115 LOUTH ROAD","HOLTON-LE-CLAY","","GRIMSBY","","DN36 5AD","20040401","","","","","","","","","","","1","","","","",""
"P994","GRACE PHARMACY","","","165 PARK LANE","TOTTENHAM","","LONDON","","N17 0HJ","20040401","","","","","","","","","","","1","","","","",""
"P995","SHARROW PHARMACY","","","12 WOSTENHOLM ROAD","","","SHEFFIELD","","S7 1LJ","20040401","","","","","","","","","","","1","","","","",""
"P998","WIGMORE MEDICAL LTD","","","WIGMORE PHARMACY","23 WIGMORE STREET","","LONDON","","W1U 1PL","20040401","","","","","","","","","","","1","","","","",""
"P999","BALMORAL PHARMACY","","","QUEENSVIEW MEDICAL CENTRE","THORNTON ROAD","","NORTHAMPTON","","NN2 6LS","20040401","","","","","","","","","","","1","","","","",""
"P99A","JONES DB","","","10 THE PARADE","DELTA GAIN","","WATFORD","","WD19 5BL","20040401","","","","","","","","","","","1","","","","",""
"P99C","M.A. GORDON CHEMIST LTD","","","2B CRICKLEWOOD LANE","","","LONDON","","NW2 1EX","20040401","20201130","","","","","","","","","","1","","","","",""
"P99D","MONARCH PHARMACY","","","318-320 RADFORD ROAD","","","COVENTRY","","CV6 3AA","20040401","","","","","","","","","","","1","","","","",""
"P99E","NEWHAVEN PHARMACIES LTD","","","27 HIGH STREET","","","NEWHAVEN","","BN9 9PD","20040401","","","","","","","","","","","1","","","","",""
"P99F","KASMANI ENTERPRISES LTD","","","6 NORTHFIELD PARADE","STATION ROAD","","HAYES","","UB3 4JA","20040401","","","","","","","","","","","1","","","","",""
"P99H","TAKHAR UK LTD","","","MOUNT PLEASANT","BREACH LANE","LOWER HALSTOW","SITTINGBOURNE","","ME9 7DB","20040401","","","","","","","","","","","1","","","","",""
"P99J","I.G. TODD LTD","","","CHEMIST","135-137 BURNLEY ROAD","PADIHAM","BURNLEY","","BB12 8BA","20040401","","","","","","","","","","","1","","","","",""
"P99L","HILLVIEW PHARMACY LIMITED","","","WRIGHTS VANTAGE PHARMACY","88 CHARMINSTER AVENUE","","BOURNEMOUTH","","BH9 1SE","20040401","","","","","","","","","","","1","","","","",""
"P99M","CHALFONT HEALTHCARE LTD","","","BISHOPS HOUSE","MARKET PLACE","CHALFONT ST. PETER","GERRARDS CROSS","","SL9 9HE","20040401","","","","","","","","","","","1","","","","",""
"P99N","JOHN DENT CHEMISTS LTD","","","79 NEW SQUARE","","","CHESTERFIELD","","S40 1AH","20040401","20251124","","","","","","","","","","1","","","","",""
"P99V","TUXFORD PHARMACY","","","5 NEWCASTLE STREET","TUXFORD","","NEWARK","","NG22 0LN","20040401","20200714","","","","","","","","","","1","","","","",""
"P99W","BELLEVUE PHARMACY","","","13 BELLEVUE ROAD","WANDSWORTH COMMON","","LONDON","","SW17 7EG","20040401","20220608","","","","","","","","","","1","","","","",""
"P99Y","J SIMPSON (CHEMISTS) LTD","","","GARSWOOD PHARMACY","74 STATION ROAD","ASHTON-IN-MAKERFIELD","WIGAN","","WN4 0SD","20040401","20190326","","","","","","","","","","1","","","","",""
"P9A0","AQUA CHEMISTS","","","55 BOUNCES ROAD","","","LONDON","","N9 8JE","20040401","20210103","","","","","","","","","","1","","","","",""
"P9A2","MELBOURNE PHARMACY","","","18 MELBOURNE PARADE","MELBOURNE AVENUE","","CHELMSFORD","","CM1 2DW","20040401","","","","","","","","","","","1","","","","",""
"P9A3","THE HEALTH CENTRE PHARMACY","","","ADDINGTON DRIVE","","","WALLSEND","","NE28 9UX","20040401","20190219","","","","","","","","","","1","","","","",""
"P9A4","PRINJA PHARMACIST","","","1097 CHESTER ROAD","ERDINGTON","","BIRMINGHAM","","B24 0PP","20040401","","","","","","","","","","","1","","","","",""
"P9A5","UNIDRUGS PHARMACY","","","HUNSBURY HILL ROAD","","","NORTHAMPTON","","NN4 9UW","20040401","","","","","","","","","","","1","","","","",""
"P9A6","SUTTON PHARMACY","","","335 CHESTER ROAD","LITTLE SUTTON","","ELLESMERE PORT","","CH66 3RF","20040401","","","","","","","","","","","1","","","","",""
"P9A7","REGENTS PARK PHARMACY","","","61 REGENTS PARK ROAD","","","SOUTHAMPTON","","SO15 8PF","20040401","","","","","","","","","","","1","","","","",""
"P9AF","J K ENTERPRISES LTD","","","KESGRAVE PHARMACY","34A PENZANCE ROAD","KESGRAVE","IPSWICH","","IP5 1JS","20040401","20250314","","","","","","","","","","1","","","","",""
"P9AH","MR KG KHULLAR","","","121 WITHINGTON ROAD","","","MANCHESTER","","M16 8EB","20040401","20170706","","","","","","","","","","1","","","","",""
"P9AJ","MADESIL LTD","","","20 MARYLEBONE HIGH STREET","","","LONDON","","W1U 4PB","20040401","20180207","","","","","","","","","","1","","","","",""
"P9AL","BUXTON & GRANT","","","176 WHITELADIES ROAD","","","BRISTOL","","BS8 2XU","20040401","","","","","","","","","","","1","","","","",""
"P9AM","BAHIA PHARMACIES LTD","","","1 WOOD STREET","","","MANSFIELD","","NG18 1QB","20040401","20190409","","","","","","","","","","1","","","","",""
"P9AP","GOODALL PHARMACY","","","164 HIGH ROAD LEYTON","","","LONDON","","E15 2BX","20040401","","","","","","","","","","","1","","","","",""
"P9AT","ESOMS CHEMIST","","","32-33 BRIDLINGTON ROAD","","","WATFORD","","WD19 7AE","20040401","","","","","","","","","","","1","","","","",""
"P9AW","SADLERS PHARMACY","","","389 LORDSHIP LANE","","","LONDON","","SE22 8JN","20040401","","","","","","","","","","","1","","","","",""
"P9AX","K & A PHARMACY","","","292 OLD DURHAM ROAD","","","GATESHEAD","","NE8 4BQ","20040401","","","","","","","","","","","1","","","","",""
"P9C2","PEGVEEN LTD","","","HUSTAN'S CHEMIST","366 GREEN LANE","SMALL HEATH","BIRMINGHAM","","B9 5DT","20040401","20190421","","","","","","","","","","1","","","","",""
"P9C3","PELGROW LTD","","","RICHMOND PHARMACY","82-86 SHEEN ROAD","","RICHMOND","","TW9 1UF","20040401","","","","","","","","","","","1","","","","",""
"P9C6","CHARLTON PHARMACY","","","39 LYEFIELD ROAD WEST","CHARLTON KINGS","","CHELTENHAM","","GL53 8EZ","20040401","","","","","","","","","","","1","","","","",""
"P9C7","ROCKLIFFE COURT HEALTHCARE LTD","","","THE PHARMACY","ROCKLIFFE COURT","HURWORTH PLACE","DARLINGTON","","DL2 2BJ","20040401","","","","","","","","","","","1","","","","",""
"P9C8","ROHAN COMMODITIES INTERNATIONAL LTD","","","POPSONS CHEMIST","40 STATION ROAD","WOODFORD HALSE","DAVENTRY","","NN11 3RB","20040401","","","","","","","","","","","1","","","","",""
"P9CD","MILTON ROAD PHARMACY","","","123 MILTON ROAD","","","CAMBRIDGE","","CB4 1XE","20040401","","","","","","","","","","","1","","","","",""
"P9CG","BROOKSIDE PHARMACY","","","2A TURNER LANE","WHISTON","","ROTHERHAM","","S60 4HY","20040401","","","","","","","","","","","1","","","","",""
"P9CJ","ROYSTON HALL LTD","","","15 ST. HELIERS ROAD","","","BIRMINGHAM","","B31 1QT","20040401","20190219","","","","","","","","","","1","","","","",""
"P9CK","SAHOTA & BRAICH LTD","","","SPIRE PHARMACY","245 WALSGRAVE ROAD","","COVENTRY","","CV2 4BA","20040401","20171121","","","","","","","","","","1","","","","",""
"P9CL","SALASJI LTD","","","DUMLERS CHEMIST","495-497 UPPER RICHMOND ROAD WEST","","LONDON","","SW14 7PU","20040401","20201031","","","","","","","","","","1","","","","",""
"P9CM","LORDS PHARMACY","","","11 BURNT ASH ROAD","","","LONDON","","SE12 8RG","20040401","","","","","","","","","","","1","","","","",""
"P9CN","T KINGSTON PHARMACY","","","127-131 HIGH STREET","SKELTON-IN-CLEVELAND","","SALTBURN-BY-THE-SEA","","TS12 2DY","20040401","","","","","","","","","","","1","","","","",""
"P9CT","J DINNING LTD","","","13 LOMBARD PLACE","GREAT LUMLEY","","CHESTER LE STREET","","DH3 4QP","20040401","","","","","","","","","","","1","","","","",""
"P9CV","LATHAIG DEVELOPMENTS LTD","","","HAWTHORN MEDICAL CENTRE","HAWTHORN ROAD","","SKEGNESS","","PE25 3TD","20040401","20190227","","","","","","","","","","1","","","","",""
"P9D0","KOTHARI V","","","110 LONDON ROAD","","","LEICESTER","","LE2 0QS","20041208","","","","","","","","","","","1","","","","",""
"P9D1","GOLDCHEM LTD","","","33A HIGH STREET","","","BRENTWOOD","","CM14 4RG","20041208","","","","","","","","","","","1","","","","",""
"P9D2","FOX RM","","","260 OXFORD ROAD","GOMERSAL","","CLECKHEATON","","BD19 4PY","20041208","","","","","","","","","","","1","","","","",""
"P9D4","BAN SHAMOON","","","64 HIGH STREET","","","RUISLIP","","HA4 7AA","20041208","","","","","","","","","","","1","","","","",""
"P9D8","LALDAS LTD","","","94 THORKHILL ROAD","","","THAMES DITTON","","KT7 0UQ","20041208","","","","","","","","","","","1","","","","",""
"P9DA","NOVOMEX LTD","","","77 HIGH STREET","","","NEWTON-LE-WILLOWS","","WA12 9SL","20041208","20240214","","","","","","","","","","1","","","","",""
"P9DD","HENLOW HEALTH LTD","","","255 BIRDSFOOT LANE","","","LUTON","","LU3 2HX","20041208","","","","","","","","","","","1","","","","",""
"P9DE","CARUNION LTD","","","285-287 BROCKLEY ROAD","","","LONDON","","SE4 2SA","20041208","","","","","","","","","","","1","","","","",""
"P9DF","SONI R","","","9 THE SQUARE","MARTLESHAM HEATH","","IPSWICH","","IP5 3SL","20041208","","","","","","","","","","","1","","","","",""
"P9DK","ARMSTRONG P","","","THE SQUARE","WHITWELL","","WORKSOP","","S80 4QR","20041208","","","","","","","","","","","1","","","","",""
"P9DL","MANDIP LTD","","","84 BRIDGWATER DRIVE","","","WESTCLIFF-ON-SEA","","SS0 0DH","20041208","","","","","","","","","","","1","","","","",""
"P9DM","PREMODEN LTD","","","270 HERBERT AVENUE","","","POOLE","","BH12 4HY","20041208","","","","","","","","","","","1","","","","",""
"P9DN","HOWARD NIGEL","","","CHURCH STREET","TICEHURST","","WADHURST","","TN5 7AA","20041208","20250730","","","","","","","","","","1","","","","",""
"P9DQ","SILVERDALE PHARMACY LIMITED","","","18 EMESGATE LANE","SILVERDALE","","CARNFORTH","","LA5 0RA","20041208","","","","","","","","","","","1","","","","",""
"P9DW","NEWBRIDGE (HEALTHCARE) LTD","","","UNIT 5","CROWN POINT SOUTH INDUSTRIAL","KING STREET, DENTON","MANCHESTER","","M34 6PF","20041215","","","","","","","","","","","1","","","","",""
"P9O9N","KELIXIO LTD","","","3 WELLESLEY PARADE","WELLESLEY ROAD","STRAWBERRY HILL","TWICKENHAM","","TW2 5SQ","20241106","","","","","","","","","","","1","","","","",""
"P9Q2N","FARAHANI HEALTHCARE LTD","","","172 KENNINGTON ROAD","KENNINGTON","","OXFORD","","OX1 5PG","20240717","","","","","","","","","","","1","","","","",""
"P9S2W","CHRISCHEM UK LTD","","","21 EASTHAM CRESCENT","","","BRENTWOOD","","CM13 2BN","20211220","","","","","","","","","","","1","","","","",""
"P9VN","HORIZON PHARMACY LTD","","","THE CHAPEL","THE COMMON","PATCHWAY","BRISTOL","","BS34 6AS","20150422","","","","","","","","","","","1","","","","",""
"P9Z1V","MAGAWELL LTD","","","2A VICTORIA BUILDINGS","HIGH STREET","ABERCARN","NEWPORT","","NP11 5GT","20091001","","","","","","","","","","","1","","","","",""
"PAR6","N AND T SIDDIQUE LIMITED","","","PEARL PHARMACY","41 TWEEDALE STREET","","ROCHDALE","","OL11 1HH","20150617","20221130","","","","","","","","","","1","","","","",""
"PC05","MEDS DELIVERY LTD","","","NOW PHARMACY","621 PRESCOT ROAD","OLD SWAN","LIVERPOOL","","L13 5XA","20150513","20200529","","","","","","","","","","1","","","","",""
"PCRP","AVERAGEDREAM LIMITED","","","LIVING CARE PHARMACY","71 MONKTON ROAD","","YORK","","YO31 9AL","20150422","20190319","","","","","","","","","","1","","","","",""
"PCYR","EPHARM HEALTHCARE LTD","","","THE WILLOWS CHEMIST","54A WILLOW LANE","","MITCHAM","","CR4 4NA","20150701","20230831","","","","","","","","","","1","","","","",""
"PDEY","PRO CHEMIST","","","5 CENTRAL BUSINESS CENTRE","IRON BRIDGE CLOSE","","LONDON","","NW10 0UR","20200401","","","","","","","","","","","1","","","","",""
"PDQ8","MS A O'BRIEN","","","WARBURTONS CHEMIST","84-86 LORD STREET","","FLEETWOOD","","FY7 6JZ","20150617","","","","","","","","","","","1","","","","",""
"PDY0","ABBOTS HEALTHCARE LIMITED","","","ABBOTS LANGLEY PHARMACY","78 HIGH STREET","","ABBOTS LANGLEY","","WD5 0AW","20150527","","","","","","","","","","","1","","","","",""
"PEYR","ACE GREENACRE LIMITED","","","PHARMACY GREENACRE","9 STATION PARADE","COCKFOSTERS ROAD","BARNET","","EN4 0DL","20150624","","","","","","","","","","","1","","","","",""
"PFM4","HAYAT HEALTH LTD","","","STUDIO 2, FARGO STUDIOS","GRAFTON STREET","","COVENTRY","","CV1 2HW","20150408","","","","","","","","","","","1","","","","",""
"PGFA","SOUTHGATE MEDICAL LIMITED","","","K WATERHOUSE LTD","88 CROWN LANE","","LONDON","","N14 5EN","20150624","","","","","","","","","","","1","","","","",""
"PGME","MEDUCURE LTD","","","POST OFFICE","6 HUDDERSFIELD ROAD","NEW MILL","HOLMFIRTH","","HD9 7JU","20150408","","","","","","","","","","","1","","","","",""
"PGV9","MS ANISA MUNSHI","","","PHARMAKEION LTD","62 NEW CHAPEL STREET","","BLACKBURN","","BB2 4DT","20150708","","","","","","","","","","","1","","","","",""
"PH3Y","KCL HEALTHCARE LIMITED","","","OLDHAM PHARMACY","87-89 LEES ROAD","","OLDHAM","","OL4 1JW","20150429","","","","","","","","","","","1","","","","",""
"PHC2","STAG CHEMIST BIRMINGHAM LIMITED","","","STAG CHEMIST","230 STONEY LANE","BALSALL HEATH","BIRMINGHAM","","B12 8AN","20150401","","","","","","","","","","","1","","","","",""
"PKGK","KHURAM MALIK","","","PYRAMID PHARMACY","45 WOOLWICH NEW ROAD","","LONDON","","SE18 6EU","20150701","20190228","","","","","","","","","","1","","","","",""
"PKH6","KINGS HEALTHCARE LTD","","","STAR PHARMACY","33 STRUTTON GROUND","","LONDON","","SW1P 2HY","20150415","","","","","","","","","","","1","","","","",""
"PMCL","N 3 A LTD","","","DP PHARMACY","84 ALBERT ROAD","","ILFORD","","IG1 1HW","20150610","","","","","","","","","","","1","","","","",""
"PMY8","BR & KB LIMITED","","","31 - 33 ROMAN ROAD","","","MIDDLESBROUGH","","TS5 6DZ","20150617","20180620","","","","","","","","","","1","","","","",""
"PN0Q","SHI INTERNATIONAL LIMITED","","","24 MAIN AVENUE","","","NORTHWOOD","","HA6 2HJ","20150408","","","","","","","","","","","1","","","","",""
"PNDC","CHIGWELL HEALTHCARE LIMITED","","","CHIGWELL MEDICAL CENTRE","300 FENCEPIECE ROAD","","ILFORD","","IG6 2TA","20150624","","","","","","","","","","","1","","","","",""
"PQ3A","FR HEALTH LIMITED","","","MILEUSNIC CHEMIST","133 UPPER COMMERCIAL STREET","","BATLEY","","WF17 5DH","20150323","","","","","","","","","","","1","","","","",""
"PR4H","CANARY TRADING COMPANY LIMITED","","","MEADOWS CENTRE FOR HEALTH","CHINCHILLA DRIVE","","HOUNSLOW","","TW4 7NR","20150520","","","","","","","","","","","1","","","","",""
"PT0M","MR MOHAMMED KHAN","","","7 PARKDISE PARADE","PARKSIDE","CLIFFE WOODS","ROCHESTER","","ME3 8HX","20150408","20230719","","","","","","","","","","1","","","","",""
"PT2Q","MAZMEDNORTH LIMITED","","","READS PHARMACY","STATION ROAD","HOVETON","NORWICH","","NR12 8UR","20150324","20190930","","","","","","","","","","1","","","","",""
"PT5H","CERTUS HEALTHCARE LIMITED","","","40-42 MAIN ROAD","DENHOLME","","BRADFORD","","BD13 4BL","20150415","","","","","","","","","","","1","","","","",""
"PTFN","CREDITON PHARMACY LTD","","","CREDITON PHARMACY","19 HIGH STREET","","CREDITON","","EX17 3AH","20150527","","","","","","","","","","","1","","","","",""
"PTR4","CONCEPT MEDICINE LTD","","","25 BRITANNIA CRESCENT","","","HUDDERSFIELD","","HD2 2ST","20150603","","","","","","","","","","","1","","","","",""
"PVAT","MISSIONSTART LIMITED","","","3 LEODIS COURT","","","LEEDS","","LS11 5JJ","20150527","","","","","","","","","","","1","","","","",""
"PXDV","GDCO 3 LLP","","","INDEPENDENT HOUSE","UNIT 8, HOWARTH COURT","CHADDERTON","OLDHAM","","OL9 9XB","20150513","","","","","","","","","","","1","","","","",""
"PXXF","SMARTCARE PHARMACY LTD","","","UNIT B","THE GROUND FLOOR","110 WEMBLEY PARK DRIVE","WEMBLEY","","HA9 8HP","20150506","","","","","","","","","","","1","","","","",""
"PY60","MOHAMMED ABAS SHOAIB","","","21 STICKER LANE","","","BRADFORD","","BD4 8DP","20150408","","","","","","","","","","","1","","","","",""
"PYH6","PALMERS MEDICAL LIMITED","","","PALMERS CHEMIST","325 GREEN LANES","","LONDON","","N13 4TY","20150624","","","","","","","","","","","1","","","","",""
"PYJ4","TINIJ LTD","","","A A PHARMACY","98 WHITMORE WAY","","BASILDON","","SS14 3JT","20150422","","","","","","","","","","","1","","","","",""
"PYMP","ABAN HEATHCARE LIMITED","","","VICTORIA CHEMIST","229 GOLDERS GREEN ROAD","","LONDON","","NW11 9ES","20150520","","","","","","","","","","","1","","","","",""
"Q0B1S","USM MEDICAL SERVICES LTD","","","9 WALMLEY CLOSE","","","SUTTON COLDFIELD","","B76 1NQ","20230614","","","","","","","","","","","1","","","","",""
"Q0C7X","KR BANDA MEDCARE LIMITED","","","14 WESTGATE","","","PETERBOROUGH","","PE1 1RA","20240508","","","","","","","","","","","1","","","","",""
"Q0I5O","SURREAL MEDICARE LIMITED","","","16 FAWKON WALK","","","HODDESDON","","EN11 8TJ","20230705","","","","","","","","","","","1","","","","",""
"Q0I6F","AGPHARMPLUS LIMITED","","","UNITS 5-6","1160 WARWICK ROAD","ACOCKS GREEN","BIRMINGHAM","","B27 6BP","20230524","","","","","","","","","","","1","","","","",""
"Q0J5P","A&R PHARMA LTD","","","77A HIGH STREET","NANTYFFYLLON","","MAESTEG","","CF34 0BT","20230924","","","","","","","","","","","1","","","","",""
"Q0O6Y","JAS PHARMA LTD","","","GILLINGGATE","","","KENDAL","","LA9 4JE","20201028","","","","","","","","","","","1","","","","",""
"Q0O7R","WIRRAL HEALTHCARE LTD","","","40 GRANGE ROAD","WEST KIRBY","","WIRRAL","","CH48 4EF","20201216","20260504","","","","","","","","","","1","","","","",""
"Q0T1J","LEIGH PHARMACY LIMITED","","","175 CHURCH LANE","KINGSBURY","","LONDON","","NW9 8JS","20260520","","","","","","","","","","","1","","","","",""
"Q0X4B","LP SD NINETY SIX LIMITED","","","109 DESBOROUGH ROAD","ROTHWELL","","KETTERING","","NN14 6JQ","20230927","","","","","","","","","","","1","","","","",""
"Q1A1J","SIANORA PHARM LTD","","","91 SEA STREET","","","HERNE BAY","","CT6 8QQ","20230614","","","","","","","","","","","1","","","","",""
"Q1C0G","PRIMECURE PHARMA LIMITED","","","196 HIGHAM HILL ROAD","","","LONDON","","E17 5RQ","20260121","","","","","","","","","","","1","","","","",""
"Q1G7G","ADLINGTON HEALTHCARE LIMITED","","","15 MARKET STREET","ADLINGTON","","CHORLEY","","PR7 4HE","20250122","","","","","","","","","","","1","","","","",""
"Q1H4M","APOLLO MEDICINES LIMITED","","","178A MOUNTSTEVEN AVENUE","WALTON","","PETERBOROUGH","","PE4 6HN","20210512","","","","","","","","","","","1","","","","",""
"Q1H9S","LM PHARMA LTD","","","203 KIRKSTALL LANE","","","LEEDS","","LS6 3EJ","20240306","","","","","","","","","","","1","","","","",""
"Q1T1O","SRI SAI HEALTHCARE LIMITED","","","900 CHESTERFIELD ROAD","","","SHEFFIELD","","S8 0SH","20230531","","","","","","","","","","","1","","","","",""
"Q2A6N","AP SD FIFTY FOUR LIMITED","","","HEDNESFORD VALLEY HEALTH CENTRE","STATION ROAD","HEDNESFORD","CANNOCK","","WS12 4DJ","20260701","","","","","","","","","","","1","","","","",""
"Q2I3R","LP SD THIRTY FIVE LIMITED","","","DORDON GROUP MEDICAL PRACTICE","162A LONG STREET","DORDON","TAMWORTH","","B78 1QA","20230726","","","","","","","","","","","1","","","","",""
"Q2Q8S","CAPSULE PHARMA LTD","","","UNIT 11F","CAPITAL BUSINESS CENTRE","22 CARLTON ROAD","SOUTH CROYDON","","CR2 0BS","20230322","20241220","","","","","","","","","","1","","","","",""
"Q2R1Y","DRAGON RETAIL 539 LIMITED","","","4 MARKET HILL","","","SOUTHAM","","CV47 0HE","20250702","","","","","","","","","","","1","","","","",""
"Q2X0G","BROADWAY PHARMA LIMITED","","","DAVYHULME MEDICAL CENTRE","130 BROADWAY","URMSTON","MANCHESTER","","M41 7WJ","20260902","","","","","","","","","","","1","","","","",""
"Q3E8X","AYTON LIMITED","","","35 MAIN STREET","EAST AYTON","","SCARBOROUGH","","YO13 9HL","20211006","","","","","","","","","","","1","","","","",""
"Q3U4K","VIDA ROGERS (FLEUR DE LYS) LTD","","","23-25 HIGH STREET","FLEUR DE LIS","","BLACKWOOD","","NP12 3UD","20190401","","","","","","","","","","","1","","","","",""
"Q3V6K","SIMPILL LTD","","","5 CHURCH STREET","HAYDON BRIDGE","","HEXHAM","","NE47 6JG","20240717","","","","","","","","","","","1","","","","",""
"Q3X5R","TOTAL ACCESS HEALTH LIMITED","","","42 BARNARD ROAD","BOWTHORPE EMPLOYMENT AREA","","NORWICH","","NR5 9JB","20240207","","","","","","","","","","","1","","","","",""
"Q3Z7A","MR SAJID M HUSSAIN","","","ALLERTON SHOPPING CENTRE","350 ALLERTON ROAD","ALLERTON","BRADFORD","","BD15 7BN","20210421","","","","","","","","","","","1","","","","",""
"Q4D6V","ZEDSOR LIMITED","","","UNIT 10J","DABBLE DUCK INDUSTRIAL ESTATE","","SHILDON","","DL4 2RA","20250212","","","","","","","","","","","1","","","","",""
"Q4F8A","TAFFS PHARMACY BRIGG LIMITED","","","8 SPRINGS PARADE","BRIGG","","BRIGG","","DN20 8EQ","20250709","","","","","","","","","","","1","","","","",""
"Q4H3C","TANWORTH HEALTHCARE LTD","","","198 TANWORTH LANE","SHIRLEY","","SOLIHULL","","B90 4DD","20210714","20210817","","","","","","","","","","1","","","","",""
"Q4R1C","CASTLEFORD JV LIMITED","","","119 CARLTON STREET","","","CASTLEFORD","","WF10 1DX","20230329","","","","","","","","","","","1","","","","",""
"Q4V0M","WALTER LLOYD & SON LTD","","","12 LAMMAS STREET","","","CARMARTHEN","","SA31 3AD","20091001","","","","","","","","","","","1","","","","",""
"Q4V6G","BLOOM HEALTHCARE LTD","","","5-7 MELCOMBE STREET","","","LONDON","","NW1 6AE","20230920","","","","","","","","","","","1","","","","",""
"Q5A7O","TRF PHARMA LTD","","","15 MAIN STREET","","","PEMBROKE","","SA71 4JS","20230701","","","","","","","","","","","1","","","","",""
"Q5C6T","AS CONSULTANTS LTD","","","2-4 HIGH STREET","","","NEWPORT","","TF10 7AN","20250611","20260630","","","","","","","","","","1","","","","",""
"Q5F8S","KILCRONA LTD","","","68 CALEDONIAN","GLASCOTE HEATH","","TAMWORTH","","B77 2ED","20260114","","","","","","","","","","","1","","","","",""
"Q5G6P","CAPLET PHARMA LIMITED","","","UNIT 7","52 ALEXANDRA ROAD","","ENFIELD","","EN3 7EH","20210922","","","","","","","","","","","1","","","","",""
"Q5I7F","ARK PHARMA LIMITED","","","1 JUBILEE COURT","HUNSTANTON ROAD","DERSINGHAM","KING'S LYNN","","PE31 6HH","20241120","","","","","","","","","","","1","","","","",""
"Q5K2I","DARLINGTON PHARMA LIMITED","","","51 BONDGATE","","","DARLINGTON","","DL3 7JJ","20260506","","","","","","","","","","","1","","","","",""
"Q5R5Q","K & K PATEL LIMITED","","","GIFFORDS PRIMARY CARE CENTRE","SPA ROAD","","MELKSHAM","","SN12 7EA","20230614","","","","","","","","","","","1","","","","",""
"Q5U6D","PEARCARE PHARMACY LIMITED","","","86 ALEXANDRA DRIVE","","","SURBITON","","KT5 9AG","20260304","","","","","","","","","","","1","","","","",""
"Q5U7E","KGN PRIVATE LTD","","","BROOKFIELD SURGERY","MAIN ROAD","BOLTON LE SANDS","CARNFORTH","","LA5 8DH","20250730","","","","","","","","","","","1","","","","",""
"Q5Z2J","RK CHEMIST LIMITED","","","903 MANCHESTER ROAD","COWLERSLEY","","HUDDERSFIELD","","HD4 5SX","20230906","","","","","","","","","","","1","","","","",""
"Q6F0W","ARASH EBRAHIMI FARD","","","2 HIGH COURT","","","LEEDS","","LS2 7ES","20240110","","","","","","","","","","","1","","","","",""
"Q6J9U","NYETEGA LIMITED","","","27 VERYAN COURT","PARK ROAD","HORNSEY","LONDON","","N8 8JR","20250305","","","","","","","","","","","1","","","","",""
"Q6V1M","SABRINA DHANJI","","","167 RODBOURNE ROAD","","","SWINDON","","SN2 2AY","20230104","","","","","","","","","","","1","","","","",""
"Q7A5M","PIONEER MEDICINA LIMITED","","","ROOM 229","THE LANSDOWNE BUILDING","2 LANSDOWNE ROAD","CROYDON","","CR9 2ER","20210421","","","","","","","","","","","1","","","","",""
"Q7H2D","CLEEVEWOOD PHARMA LIMITED","","","HESWALL CENTRE","270 TELEGRAPH ROAD","HESWALL","WIRRAL","","CH60 7SG","20250604","","","","","","","","","","","1","","","","",""
"Q7J2Y","PRIMARY HEALTH (LONDON) LIMITED","","","283 HIGH STREET","","","EPPING","","CM16 4DA","20210512","","","","","","","","","","","1","","","","",""
"Q7O0Z","TREFOREST PHARMACY LTD","","","62 PARK STREET","","","PONTYPRIDD","","CF37 1SN","20100501","","","","","","","","","","","1","","","","",""
"Q7O8P","ABERBROOKE LTD","","","4 QUINTON PARADE","DAVENTRY RD","CHEYLESMORE","COVENTRY","","CV3 5HW","20251203","","","","","","","","","","","1","","","","",""
"Q7S6M","ECLIPSE PHARMA LTD","","","413 HOE STREET","WALTHAMSTOW","","LONDON","","E17 9AP","20230426","","","","","","","","","","","1","","","","",""
"Q7X3E","BETAPHARM LTD","","","331 FULHAM PALACE ROAD","","","LONDON","","SW6 6TE","20240207","","","","","","","","","","","1","","","","",""
"Q7X5F","RAKSON HEALTHCARE LIMITED","","","425 DUDLEY ROAD","","","WOLVERHAMPTON","","WV2 3AH","20250528","","","","","","","","","","","1","","","","",""
"Q8L2U","DRAGON RETAIL 826 LIMITED","","","20-22 CRANHAM DRIVE","WARNDON","","WORCESTER","","WR4 9PA","20250709","","","","","","","","","","","1","","","","",""
"Q8O3T","HIFSA LTD","","","35 HAREHILLS ROAD","","","LEEDS","","LS8 5HR","20231108","","","","","","","","","","","1","","","","",""
"Q8S5O","BARRY PHARMA LTD","","","99-101 HOLTON ROAD","","","BARRY","","CF63 4HG","20230901","","","","","","","","","","","1","","","","",""
"Q8T3K","ST HELENS MILLENNIUM CENTRE SERVICES LTD","","","29-31 SHAW STREET","","","ST. HELENS","","WA10 1DG","20220112","","","","","","","","","","","1","","","","",""
"Q8T4H","LP SD SEVEN LIMITED","","","PARK MEDICAL CENTRE","BALL HAYE ROAD","","LEEK","","ST13 6QR","20230705","","","","","","","","","","","1","","","","",""
"Q8X4F","ACORN PHARMA LTD","","","BEBINGTON HEALTH CENTRE","25 BRACKENWOOD ROAD","HIGHER BEBINGTON","WIRRAL","","CH63 2LR","20220316","20230928","","","","","","","","","","1","","","","",""
"Q8X7H","HEALTH ASSIST LIMITED","","","30 BACK HAREHILLS AVENUE","","","LEEDS","","LS7 4FD","20210804","","","","","","","","","","","1","","","","",""
"Q8Y5O","CRAY HILL LIMITED","","","88-90 COTMANDENE CRESCENT","ST PAULS CRAY","","ORPINGTON","","BR5 2RG","20260805","","","","","","","","","","","1","","","","",""
"Q9A3G","WHITECROFT (UK) LTD","","","28 BROCKLEY AVENUE","","","STANMORE","","HA7 4LX","20241011","","","","","","","","","","","1","","","","",""
"Q9B4B","DRAGON RETAIL 702 LIMITED","","","9-13 TYNEMOUTH ROAD","WILLINGTON QUAY","","WALLSEND","","NE28 0AA","20251001","","","","","","","","","","","1","","","","",""
"Q9C8A","EPICARE HEALTH LTD","","","123 COMMERCIAL ROAD","","","SWINDON","","SN1 5PL","20210210","","","","","","","","","","","1","","","","",""
"Q9D7W","BAA PHARMA LTD","","","WHARF POINT","95 MARKET STREET","DROYLSDEN","MANCHESTER","","M43 6DD","20220720","","","","","","","","","","","1","","","","",""
"Q9T3Z","HASLEMERE HEALTHCARE LLP","","","CHURCH LANE","","","HASLEMERE","","GU27 2BQ","20240313","","","","","","","","","","","1","","","","",""
"Q9Z2M","TOBREY LIMITED","","","18 HIGH STREET","MESSINGHAM","","SCUNTHORPE","","DN17 3RS","20260304","","","","","","","","","","","1","","","","",""
"R0B8C","THE WHITE CLIFFS ENTERPRISE CENTRE LTD","","","141 FOLKESTONE ROAD","","","DOVER","","CT17 9SG","20221012","","","","","","","","","","","1","","","","",""
"R0C2K","CITRUS FRUIT LTD","","","GROVE SURGERY","GROVE LANE","","THETFORD","","IP24 2HY","20250903","","","","","","","","","","","1","","","","",""
"R0E8Z","GILBERT AND JOHNSON PHARMACY LTD","","","618A ATTERCLIFFE ROAD","","","SHEFFIELD","","S9 3QS","20250702","","","","","","","","","","","1","","","","",""
"R0K2E","CAPSARIS PHARMA LTD","","","72 HIGH STREET","","","GODSTONE","","RH9 8LW","20230607","","","","","","","","","","","1","","","","",""
"R0N8R","B&S HEALTH LIMITED","","","DINNINGTON HEALTH CENTRE","MAIN ROAD","DINNINGTON","NEWCASTLE UPON TYNE","","NE13 7JW","20230628","","","","","","","","","","","1","","","","",""
"R0R3V","MEDICINE PORTER LTD","","","2ND FLOOR","45 CIRCUS ROAD","","LONDON","","NW8 9JH","20250611","","","","","","","","","","","1","","","","",""
"R0U1K","PIVOT PHARMACEUTICALS LIMITED","","","19 CROFT ROAD","","","TORQUAY","","TQ2 5UA","20260318","","","","","","","","","","","1","","","","",""
"R0V7O","QUADPHARM HEALTHCARE LTD","","","45 SOUTH STREET","","","LANCING","","BN15 8AN","20260603","","","","","","","","","","","1","","","","",""
"R1A2O","LNS HEALTHCARE LIMITED","","","54 CENTRAL AVENUE","DOGSTHORPE","","PETERBOROUGH","","PE1 4LH","20210714","","","","","","","","","","","1","","","","",""
"R1F5M","WELLNESS PHARMA LTD","","","KINGSTHORPE MEDICAL CENTRE","EASTERN AVENUE SOUTH","","NORTHAMPTON","","NN2 7JN","20250108","","","","","","","","","","","1","","","","",""
"R1G6U","VITAL LIMITED","","","81 MIDDLETONS LANE","HELLESDON","","NORWICH","","NR6 5SR","20230524","","","","","","","","","","","1","","","","",""
"R1M6E","AWJP PHARMACY LTD","","","24 CHURCH ROAD","TON PENTRE","","PENTRE","","CF41 7EB","20110901","","","","","","","","","","","1","","","","",""
"R1N5L","FAMLYANDFRIENDSINVESTMENT LIMITED","","","THE OLD BARN","KINGS END","","BICESTER","","OX26 6DR","20260708","","","","","","","","","","","1","","","","",""
"R1P3F","PHARMINSPIRE LTD","","","PHARMACY UNIT","BARROW HALL LANE","GREAT SANKEY","WARRINGTON","","WA5 3AA","20240807","","","","","","","","","","","1","","","","",""
"R1T3O","MEDSCHECK LTD","","","135 BROCKHURST ROAD","","","GOSPORT","","PO12 3AX","20201001","","","","","","","","","","","1","","","","",""
"R1V9Z","MEDICINE BOX (NOTTINGHAM) LIMITED","","","24 CHILWELL ROAD","BEESTON","","NOTTINGHAM","","NG9 1EJ","20210317","","","","","","","","","","","1","","","","",""
"R1Z9T","DRAYCOTT HEALTHCARE LIMITED","","","43 STATION ROAD","DRAYCOTT","","DERBY","","DE72 3QB","20260916","","","","","","","","","","","1","","","","",""
"R2C8T","ISE PHARMA LTD","","","75 ST. JOHNS ROAD","","","KETTERING","","NN15 5AZ","20241218","","","","","","","","","","","1","","","","",""
"R2E4W","RP HEALTHCARE (ELTHAM) LTD","","","560 WESTHORNE AVENUE","ELTHAM","","LONDON","","SE9 6DR","20220928","20231018","","","","","","","","","","1","","","","",""
"R2J9B","CLARKE PHARMACY LIMITED","","","217 ST. JOHN'S HILL","BATTERSEA","","LONDON","","SW11 1TH","20230719","","","","","","","","","","","1","","","","",""
"R2L8F","OVIO LTD","","","54 THURCASTON ROAD","","","LEICESTER","","LE4 5PF","20260422","","","","","","","","","","","1","","","","",""
"R3D2N","TRILOGY PHARM LTD","","","79 DEVONSHIRE DRIVE","MICKLEOVER","","DERBY","","DE3 9HD","20240710","","","","","","","","","","","1","","","","",""
"R3F9Z","OVERDRAKE LTD","","","456 GOWER ROAD","KILLAY","","SWANSEA","","SA2 7AL","20091001","","","","","","","","","","","1","","","","",""
"R3G8L","NH PHARM LTD","","","339 ASH BANK ROAD","WERRINGTON","","STOKE-ON-TRENT","","ST9 0JS","20210210","","","","","","","","","","","1","","","","",""
"R3H9M","A KARIM PHARMA LTD","","","53-55 FIELD HOUSE ROAD","HUMBERSTON","","GRIMSBY","","DN36 4UJ","20230621","","","","","","","","","","","1","","","","",""
"R3O5N","GRAND HEALTH LTD","","","38 STELLING ROAD","","","ERITH","","DA8 3JH","20231129","","","","","","","","","","","1","","","","",""
"R3O8T","DRAGON RETAIL 605 LIMITED","","","432 CHEPSTOW ROAD","","","NEWPORT","","NP19 8JG","20250702","","","","","","","","","","","1","","","","",""
"R3P8Z","CHEMMA PHARMA LTD","","","94 THE PADDOCKS","","","NORWICH","","NR6 7HS","20230712","","","","","","","","","","","1","","","","",""
"R3S7L","ADAM PHARMA LTD","","","MIDDLETON ROAD","CHADDERTON","","OLDHAM","","OL9 0LH","20250521","","","","","","","","","","","1","","","","",""
"R3S7R","BROCKWOOD HEALTHCARE LIMITED","","","BROCKHAM GREEN","BROCKHAM","","BETCHWORTH","","RH3 7JR","20230830","","","","","","","","","","","1","","","","",""
"R3T9T","DELIVERING HEALTHCARE LTD","","","74 HIGH STREET","","","BURTON-ON-TRENT","","DE14 1LD","20250604","","","","","","","","","","","1","","","","",""
"R3U6H","BRIGHOUSE HEALTHCARE LIMITED","","","35-37 CHURCH LANE","","","BRIGHOUSE","","HD6 1AT","20230920","","","","","","","","","","","1","","","","",""
"R3Y2Z","OWEN D TIMOTHY LTD","","","CASTLE PHARMACY","HIGH STREET","RHUDDLAN","RHYL","","LL18 2UA","20091001","","","","","","","","","","","1","","","","",""
"R4C0U","ABP WELLCARE (NORTHOLT) LTD","","","5 HAYDOCK GREEN","","","NORTHOLT","","UB5 4AP","20230201","","","","","","","","","","","1","","","","",""
"R4C8C","DRAGON RETAIL 508 LIMITED","","","26 BELLE VUE","","","BUDE","","EX23 8JS","20260902","","","","","","","","","","","1","","","","",""
"R4D5P","DRIGARN CYF","","","BRYNACH HOUSE","TENBY ROAD","","CRYMYCH","","SA41 3QG","20110401","","","","","","","","","","","1","","","","",""
"R4E2Y","AP SD SIXTY TWO LIMITED","","","2 STONEY STANTON ROAD","","","COVENTRY","","CV1 4FS","20260603","","","","","","","","","","","1","","","","",""
"R4H0K","VITASTOCK LTD","","","UNIT 4 NORTON MILLS","MORSE ROAD","NORTON FITZWARREN","TAUNTON","","TA2 6DG","20250625","","","","","","","","","","","1","","","","",""
"R4L7U","SLICK HEALTHCARE LIMITED","","","139-141 NANTWICH ROAD","","","CREWE","","CW2 6DF","20250820","","","","","","","","","","","1","","","","",""
"R4N6C","GREENLIGHT OPERATIONS LIMITED","","","170-172 STAMFORD HILL","","","LONDON","","N16 6QX","20220615","","","","","","","","","","","1","","","","",""
"R4O7D","JFS ALLIANCE LTD","","","VICTORIA SQUARE","EVERCREECH","","SHEPTON MALLET","","BA4 6JP","20210728","","","","","","","","","","","1","","","","",""
"R4U6I","ICON PHARMACY LTD","","","155 MANFORD WAY","","","CHIGWELL","","IG7 4DN","20240710","","","","","","","","","","","1","","","","",""
"R4W1S","VEDA HEALTH LIMITED","","","4 SWAINS LANE","","","LONDON","","N6 6QS","20250820","","","","","","","","","","","1","","","","",""
"R4X8K","OAKLEIGH GROUP OF PHARMACIES LIMITED","","","14 HAMPDEN SQUARE","","","LONDON","","N14 5JR","20251112","","","","","","","","","","","1","","","","",""
"R4Y1T","MEDPAL LIMITED","","","21-25 TURBINE WAY","ECOTECH INNOVATION BUS PK","","SWAFFHAM","","PE37 7XD","20260107","","","","","","","","","","","1","","","","",""
"R5B6M","FREDERICK EMMANUEL TAYLOR","","","61 ABERNANT ROAD","MARKHAM","","BLACKWOOD","","NP12 0PR","20140217","","","","","","","","","","","1","","","","",""
"R5C7F","O5A LIMITED","","","SUITE 3","CIRET LTD BUILDING","FULFLOOD ROAD","HAVANT","","PO9 5AX","20250618","","","","","","","","","","","1","","","","",""
"R5G6I","HANGARS HEALTHCARE LIMITED","","","132 CHELMSFORD AVENUE","","","GRIMSBY","","DN34 5DA","20231220","20260331","","","","","","","","","","1","","","","",""
"R5G6R","3SIXTY HEALTHCARE LIMITED","","","15 SINCIL STREET","","","LINCOLN","","LN5 7ET","20231011","","","","","","","","","","","1","","","","",""
"R5J8K","MEDSTONE LTD","","","110 BUTTERFIELD","GREAT MARLINGS","","LUTON","","LU2 8DL","20240501","","","","","","","","","","","1","","","","",""
"R5L6X","MANSFIELD HEALTHCARE LIMITED","","","123 NEWGATE LANE","","","MANSFIELD","","NG18 2LG","20230823","","","","","","","","","","","1","","","","",""
"R5N5G","AP SD FORTY SEVEN LIMITED","","","SEATON & COLYTON MEDICAL PRACTICE","148 HAREPATH ROAD","","SEATON","","EX12 2DU","20260401","","","","","","","","","","","1","","","","",""
"R5Q6Z","HAMONI HEALTHCARE LTD","","","13 MARKET PLACE","PATRINGTON","","HULL","","HU12 0RA","20201109","","","","","","","","","","","1","","","","",""
"R5T3M","TMP HEALTHCARE LIMITED","","","5 HIGH STREET","GREEN STREET GREEN","","ORPINGTON","","BR6 6BG","20260805","","","","","","","","","","","1","","","","",""
"R5T7M","NRH REGENT HEALTH GROUP LTD","","","26 PINFOLD GATE","","","LOUGHBOROUGH","","LE11 1BE","20260520","","","","","","","","","","","1","","","","",""
"R5T8M","R & S HEALTH LTD","","","119 CROYDON ROAD","ELMERS END","","BECKENHAM","","BR3 3RA","20250312","","","","","","","","","","","1","","","","",""
"R5W5L","ASCENT (NEWCASTLE) LIMITED","","","BATTLE HILL WALK IN CENTRE","BELMONT CLOSE","","WALLSEND","","NE28 9DX","20221221","","","","","","","","","","","1","","","","",""
"R6B7Q","CAREWELL PHARMACY LTD","","","29 NEVILLE GARDENS","BEARWOOD","","BOURNEMOUTH","","BH11 9FW","20260107","","","","","","","","","","","1","","","","",""
"R6C5E","BELPER HEALTHCARE LTD","","","46-48 CHURCH STREET","BILSTHORPE","","NEWARK","","NG22 8QR","20240710","","","","","","","","","","","1","","","","",""
"R6E6C","TRIBELLE LTD","","","BUENA VISTA","THE HILLSIDE","","ORPINGTON","","BR6 7SD","20260304","","","","","","","","","","","1","","","","",""
"R6E9J","NDC HEALTH LIMITED","","","43-45 NORTH CROSS ROAD","EAST DULWICH","","LONDON","","SE22 9ET","20230823","20241002","","","","","","","","","","1","","","","",""
"R6F9Z","MED BROTHERS LTD","","","UNIT 1","ANGEL PRECINCT","NORTH STREET","BOURNE","","PE10 9AE","20250129","","","","","","","","","","","1","","","","",""
"R6I6A","WOODEND PHARMA LTD","","","67 DEEDMORE ROAD","","","COVENTRY","","CV2 1XA","20201125","","","","","","","","","","","1","","","","",""
"R6J2Q","TALAT K & CO LIMITED","","","4 OLD CHURCH ROAD","TERRINGTON ST. JOHN","","WISBECH","","PE14 7XA","20250305","","","","","","","","","","","1","","","","",""
"R6M4M","FOURMACY LTD","","","1 WARREN ROAD","DAWLISH WARREN","","DAWLISH","","EX7 0PQ","20250219","","","","","","","","","","","1","","","","",""
"R6Q2Q","AADHYA HEALTHCARE LIMITED","","","4 LAUNCESTON ROAD","","","WIGSTON","","LE18 2GL","20251210","","","","","","","","","","","1","","","","",""
"R6T0I","SYMPILL PHARMA LTD","","","188 ASHBY ROAD","","","SCUNTHORPE","","DN16 2AP","20250409","","","","","","","","","","","1","","","","",""
"R6T1H","THE HEALTHCARE CLINIC LIMITED","","","153A STRATFORD ROAD","SPARKHILL","","BIRMINGHAM","","B11 1RD","20260715","","","","","","","","","","","1","","","","",""
"R7F9K","HEALTH PROVISION LIMITED","","","PILGRIM PRIMARY CARE CENTRE","PELHAM ROAD","","IMMINGHAM","","DN40 1JW","20230524","","","","","","","","","","","1","","","","",""
"R7H8D","MANICA HEALTHCARE LTD","","","37A TORWOOD STREET","","","TORQUAY","","TQ1 1ED","20240821","","","","","","","","","","","1","","","","",""
"R7J9S","SHIL PHARMACY LTD","","","LEADON COURT","THORNHILL","","CWMBRAN","","NP44 5TZ","20091001","","","","","","","","","","","1","","","","",""
"R7M0F","GURUNG PHARMA LTD","","","59 MONTROSE AVENUE","","","DONCASTER","","DN2 6QP","20260225","","","","","","","","","","","1","","","","",""
"R7M3S","A&S PHARMACY LIMITED","","","KING STREET","LAUGHARNE","","CARMARTHEN","","SA33 4QE","20250917","","","","","","","","","","","1","","","","",""
"R7Q1O","INFOMED PHARMA LTD","","","229 BEAVER ROAD","","","ASHFORD","","TN23 7SJ","20240814","","","","","","","","","","","1","","","","",""
"R7U4H","MOTTINGHAM HEALTHCARE LTD","","","2 THE MOUND","MOTTINGHAM","","LONDON","","SE9 3AZ","20260211","","","","","","","","","","","1","","","","",""
"R7U8W","PYRAMID PHARMA 6 LTD","","","59 HIGH STREET","","","CHISLEHURST","","BR7 5AF","20220615","","","","","","","","","","","1","","","","",""
"R8F2I","IAN MORTON LIMITED","","","UNIT 1 STRINGFELLOW MEWS","HOLYROOD STREET","","CHARD","","TA20 2AJ","20230614","","","","","","","","","","","1","","","","",""
"R8I4P","LYNTON CHEMIST","","","17-18 LEE ROAD","","","LYNTON","","EX35 6BP","20210816","","","","","","","","","","","1","","","","",""
"R8I5Q","DAVIES CHEMISTS (BRITON FERRY) LTD","","","8 COMMERCIAL STREET","YSTRADGYNLAIS","","SWANSEA","","SA9 1HD","20091001","","","","","","","","","","","1","","","","",""
"R8P9K","ASCENT (ELBURTON) LIMITED","","","63 NABBS LANE","HUCKNALL","","NOTTINGHAM","","NG15 6NT","20220503","","","","","","","","","","","1","","","","",""
"R8R5G","LP SD THREE LIMITED","","","79 BANSTEAD ROAD","","","CARSHALTON","","SM5 3NP","20230621","","","","","","","","","","","1","","","","",""
"R8S1U","PALAPHARM LIMITED","","","9 SHOPLANDS","","","WELWYN GARDEN CITY","","AL8 7RH","20230809","","","","","","","","","","","1","","","","",""
"R8S3H","LP SD NINETY TWO LIMITED","","","3 NORTH STREET","WILTON","","SALISBURY","","SP2 0HA","20230920","","","","","","","","","","","1","","","","",""
"R8X5E","MY PHARMACY ONLINE UK LTD","","","UNIT 9","STERLING INDUSTRIAL PARK","CARR WOOD ROAD","CASTLEFORD","","WF10 4PS","20220406","","","","","","","","","","","1","","","","",""
"R8X8O","GRINDON LTD","","","17 GALASHIELS ROAD","GRINDON","","SUNDERLAND","","SR4 8JJ","20250701","","","","","","","","","","","1","","","","",""
"R9D5I","LAYLA ENTERPRISES LTD","","","89A BLURTON ROAD","","","STOKE-ON-TRENT","","ST3 2BS","20260225","","","","","","","","","","","1","","","","",""
"R9G2D","DRAGON RETAIL 820 LIMITED","","","99 ROWNHAMS ROAD","MAYBUSH","","SOUTHAMPTON","","SO16 5EB","20250702","","","","","","","","","","","1","","","","",""
"R9I3T","PHARMACY TODAY LTD","","","6 BUTTS COURT","","","LEEDS","","LS1 5JS","20250625","","","","","","","","","","","1","","","","",""
"R9M6G","AP SD FORTY SIX LIMITED","","","43 TORCROSS AVENUE","WYKEN","","COVENTRY","","CV2 3NE","20260603","","","","","","","","","","","1","","","","",""
"R9N1X","MEDICINES R US LTD","","","2ND FLOOR","GROVE HOUSE","55 LOWLANDS ROAD","HARROW","","HA1 3AW","20220401","","","","","","","","","","","1","","","","",""
"R9Q2J","KISU2 LTD","","","WINDHILL GREEN MEDICAL CENTRE","2 THACKLEY OLD ROAD","","SHIPLEY","","BD18 1QB","20251203","","","","","","","","","","","1","","","","",""
"R9W8A","ISH HEALTHCARE LTD","","","190 ALEXANDRA AVENUE","","","HARROW","","HA2 9BN","20211208","","","","","","","","","","","1","","","","",""
"R9Y5J","SHIPLEY PHARMA LTD","","","SHIPLEY HEALTH CENTRE","ALEXANDRA ROAD","","SHIPLEY","","BD18 3EG","20251029","","","","","","","","","","","1","","","","",""
"S0E4K","PHARMAROO LTD","","","9 OLTON BOULEVARD EAST","","","BIRMINGHAM","","B27 7RR","20250409","","","","","","","","","","","1","","","","",""
"S0G3H","B&P PHARMA LTD","","","7 BURFORD ROAD","","","CARTERTON","","OX18 3AG","20231025","","","","","","","","","","","1","","","","",""
"S0I1Q","JCL (UK) LTD","","","10 HIGH STREET","","","WEST MOLESEY","","KT8 2NA","20210721","20240516","","","","","","","","","","1","","","","",""
"S0L9V","ALSHAFAA LTD","","","PURFLEET CARE CENTRE","TANK HILL ROAD","","PURFLEET-ON-THAMES","","RM19 1SX","20260520","","","","","","","","","","","1","","","","",""
"S0O2W","GWP HEALTHCARE LTD","","","249 OLD CHESTER ROAD","","","BIRKENHEAD","","CH42 3TD","20250806","","","","","","","","","","","1","","","","",""
"S0Q9W","LP SD NINETY ONE LIMITED","","","46-47 ARBURY COURT","","","CAMBRIDGE","","CB4 2JQ","20230927","","","","","","","","","","","1","","","","",""
"S1B3F","ALPHARM HEALTHCARE LIMITED","","","7 GREENS END","WOOLWICH","","LONDON","","SE18 6HX","20240501","","","","","","","","","","","1","","","","",""
"S1T9O","MAHESH PHARMACEUTICAL LIMITED","","","THE CORNER","HIGH STREET","ELSTREE","BOREHAMWOOD","","WD6 3BY","20241211","","","","","","","","","","","1","","","","",""
"S1U2C","CP&HC LIMITED","","","UNIT 12A","CAVALIER COURT","BUMPERS WAY","CHIPPENHAM","","SN14 6LH","20220810","","","","","","","","","","","1","","","","",""
"S1U3A","OMAZUIKE LTD","","","COBHOLM & LICHFIELD MEDICAL CENTRE","PASTEUR ROAD","","GREAT YARMOUTH","","NR31 0DW","20240515","","","","","","","","","","","1","","","","",""
"S1U3E","LP SD SIXTY FOUR LIMITED","","","5 NEWLAND STREET","","","WITHAM","","CM8 2AF","20230920","","","","","","","","","","","1","","","","",""
"S1Y5J","LP SD EIGHTY SEVEN LIMITED","","","11 HIGH STREET","CUCKFIELD","","HAYWARDS HEATH","","RH17 5JU","20230920","","","","","","","","","","","1","","","","",""
"S1Y9A","YATTON HEALTH LTD","","","8 PAGES COURT","YATTON","","BRISTOL","","BS49 4EG","20230607","","","","","","","","","","","1","","","","",""
"S2E9U","THAXTED PHARMACY LIMITED","","","3 TOWN STREET","THAXTED","","DUNMOW","","CM6 2LD","20240807","","","","","","","","","","","1","","","","",""
"S2J5E","WOOD FARM HEALTHCARE LIMITED","","","13 ATKYNS ROAD","HEADINGTON","","OXFORD","","OX3 8RA","20250716","","","","","","","","","","","1","","","","",""
"S2L5K","SALE HEALTHCARE LIMITED","","","54 COPPICE AVENUE","ASHTON-ON-MERSEY","","SALE","","M33 4WB","20231004","","","","","","","","","","","1","","","","",""
"S2P0E","SHOLING PHARMA LTD","","","CHESSEL PRACTICE","SULLIVAN ROAD","SHOLING","SOUTHAMPTON","","SO19 0HS","20240807","","","","","","","","","","","1","","","","",""
"S2P9B","MAGSON PHARMACY","","","29 LEICESTER STREET","BULKINGTON","","BEDWORTH","","CV12 9NQ","20201028","","","","","","","","","","","1","","","","",""
"S2T2F","LP SD EIGHTY LIMITED","","","BARNS. TRANS. INTERCHANGE","32-34MIDLAND STREET","","BARNSLEY","","S70 1SE","20230920","","","","","","","","","","","1","","","","",""
"S2W2F","GRAVELLS LLANGENNECH LTD","","","60A BRIDGE STREET","LLANGENNECH","","LLANELLI","","SA14 8TN","20240909","","","","","","","","","","","1","","","","",""
"S3A5N","SU PHARMA LIMITED","","","34 CAMBRIDGE STREET","","","WELLINGBOROUGH","","NN8 1DW","20240515","","","","","","","","","","","1","","","","",""
"S3L0A","C&G PHARMA LTD","","","5-7 BROAD PARADE","","","HOCKLEY","","SS5 5DA","20260603","","","","","","","","","","","1","","","","",""
"S3M9R","WHITTLESEY PHARMACY LIMITED","","","4 MARKET STREET","WHITTLESEY","","PETERBOROUGH","","PE7 1BD","20210210","","","","","","","","","","","1","","","","",""
"S3T2T","HUSH HEALTHCARE LTD","","","ROTHER HOUSE MEDICAL CENTRE","ALCESTER ROAD","","STRATFORD-UPON-AVON","","CV37 6PP","20231220","","","","","","","","","","","1","","","","",""
"S3V5I","FOSTER MORTON HEALTHCARE LIMITED","","","13-14 WOODS TERRACE","MURTON","","SEAHAM","","SR7 9AD","20240626","","","","","","","","","","","1","","","","",""
"S3V6Z","OUTWOODS PHARMACY LIMITED","","","18 DERWENT DRIVE","","","LOUGHBOROUGH","","LE11 3RJ","20231115","","","","","","","","","","","1","","","","",""
"S3W1B","LOFTUS HEALTHCARE LTD","","","1 ZETLAND ROAD","LOFTUS","","SALTBURN-BY-THE-SEA","","TS13 4PP","20231115","","","","","","","","","","","1","","","","",""
"S3X8Y","LP SD FIFTY EIGHT LIMITED","","","26 PINFOLD GATE","","","LOUGHBOROUGH","","LE11 1BE","20230927","","","","","","","","","","","1","","","","",""
"S3Z3D","SHAHEEN HEALTHCARE LIMITED","","","BALSALL HEATH HEALTH CENTRE","43 EDWARD ROAD","BALSALL HEATH","BIRMINGHAM","","B12 9LP","20260311","","","","","","","","","","","1","","","","",""
"S4D2Z","YM PHARMA GROUP LTD","","","2 STADIUM PLACE","","","LEICESTER","","LE4 0JS","20240117","","","","","","","","","","","1","","","","",""
"S4F4Y","HIGH STREET HEALTHCARE LIMITED","","","19-21 KIMBERWORTH ROAD","","","ROTHERHAM","","S61 1AB","20210120","","","","","","","","","","","1","","","","",""
"S4I3W","EAST ANGLIA HEALTHCARE LTD","","","106 GREGGS WOOD ROAD","","","TUNBRIDGE WELLS","","TN2 3JG","20210421","","","","","","","","","","","1","","","","",""
"S4L1O","DELTA AND NORTH LTD","","","14 GREGOR SHANKS WAY","WATTON","","THETFORD","","IP25 6FA","20241023","","","","","","","","","","","1","","","","",""
"S4L4V","SOMERSET GARDENS HEALTHCARE LLP","","","4-6 CREIGHTON ROAD","","","LONDON","","N17 8NW","20240313","","","","","","","","","","","1","","","","",""
"S4N4O","JHOOTS MEDIPHARMA LIMITED","","","20 HATHERTON STREET","","","WALSALL","","WS4 2LA","20220401","","","","","","","","","","","1","","","","",""
"S4N9H","THE RIDGE BRADFORD HEALTHCARE LIMITED","","","THE RIDGE MEDICAL CENTRE","COUSEN ROAD","","BRADFORD","","BD7 3JX","20210324","","","","","","","","","","","1","","","","",""
"S4R7R","ALI QADR HEALTHCARE LTD","","","66 HEXTHORPE ROAD","HEXTHORPE","","DONCASTER","","DN4 0AJ","20240904","","","","","","","","","","","1","","","","",""
"S4U1W","VALLEYS LINK PHARMACY LTD","","","192-193 GELLI ROAD","GELLI","","PENTRE","","CF41 7NA","20220207","","","","","","","","","","","1","","","","",""
"S4V1V","PHARMEZE LTD","","","683 ROMFORD ROAD","MANOR PARK","","LONDON","","E12 5AD","20250702","","","","","","","","","","","1","","","","",""
"S4Y2R","AP SD SEVENTY SIX LIMITED","","","898-902 WASHWOOD HEATH ROAD","","","BIRMINGHAM","","B8 2NB","20260805","","","","","","","","","","","1","","","","",""
"S4Z6J","SURECARE 2 U LTD","","","BUNGALOW OFFICE AT BRIDGE HOUSE","1 NUTFIELD ROAD","MERSTHAM","REDHILL","","RH1 3EB","20231016","","","","","","","","","","","1","","","","",""
"S5D8K","DRAGON RETAIL 707 LIMITED","","","5 SEA ROAD","FULWELL","","SUNDERLAND","","SR6 9BP","20260812","","","","","","","","","","","1","","","","",""
"S5R1J","BERKSHIRE CARE HOMES LTD","","","6 STONEY MEADE","","","SLOUGH","","SL1 2YL","20250219","","","","","","","","","","","1","","","","",""
"S6H3G","CRANBROOK HEALTHCARE LTD","","","151 YOUNGHAYES ROAD","CRANBROOK","","EXETER","","EX5 7DR","20210526","20260823","","","","","","","","","","1","","","","",""
"S6J1R","MERAJ 2 LIMITED","","","100 WHITE HORSE LANE","STEPNEY","","LONDON","","E1 4LR","20250910","","","","","","","","","","","1","","","","",""
"S6L8F","MIDHURST (HANWELL) LTD","","","92 ELTHORNE PARK ROAD","EALING","","LONDON","","W7 2JD","20240731","","","","","","","","","","","1","","","","",""
"S6Q8E","FFERYLLWYR LLYN CYF","","","HAFOD Y WENNOL","EFAILNEWYDD","","PWLLHELI","","LL53 5TL","20091001","","","","","","","","","","","1","","","","",""
"S6Q8U","WILKINSON MEDICAL SUPPLIES LIMITED","","","190 HIGH STREET","","","BARNET","","EN5 5SZ","20240904","20260401","","","","","","","","","","1","","","","",""
"S6T7Z","PARKSTONE (2024) LTD","","","10 STATION ROAD","PARKSTONE","","POOLE","","BH14 8UB","20250319","","","","","","","","","","","1","","","","",""
"S6U2R","ASA HEALTH SOLUTIONS LIMITED","","","2 HIGH COURT","","","LEEDS","","LS2 7ES","20250924","","","","","","","","","","","1","","","","",""
"S6Z7E","MEDISHARE HS LTD","","","9 THE VILLAGE","CHARLTON","","LONDON","","SE7 8UG","20221109","","","","","","","","","","","1","","","","",""
"S7F8C","WYE VALLEY PHARMACY LTD","","","42C HOLME LACY ROAD","","","HEREFORD","","HR2 6BZ","20201216","","","","","","","","","","","1","","","","",""
"S7G7C","PI-GEN (WIMBLEDON) LTD","","","6 REPLINGHAM ROAD","SOUTHFIELDS","","LONDON","","SW18 5LS","20250326","","","","","","","","","","","1","","","","",""
"S7I4P","PILLCARE PHARMA LIMITED","","","192 DUKE STREET","PARKHILL","","SHEFFIELD","","S2 5QQ","20230607","","","","","","","","","","","1","","","","",""
"S7J7P","MRS LINDA WRIGHT","","","ALBERT HOUSE","HIGH STREET","","BAGILLT","","CH6 6ED","20180924","","","","","","","","","","","1","","","","",""
"S7L0W","U&Z HEALTHCARE LTD","","","37 PETERSFIELD DRIVE","","","MANCHESTER","","M23 9PS","20210106","","","","","","","","","","","1","","","","",""
"S7M7E","SAXEL LIMITED","","","195-197 BUTCHER HILL","","","LEEDS","","LS16 5BQ","20221026","","","","","","","","","","","1","","","","",""
"S7P5H","MEDICATE PHARMA LTD","","","23 HIGH STREET","CHASETOWN","","BURNTWOOD","","WS7 3XE","20250806","","","","","","","","","","","1","","","","",""
"S7T2Z","BAQRX PHARMA LTD","","","UNIT 2","27 WOOLLEY STREET","CHEETHAM HILL","MANCHESTER","","M8 8WE","20220622","","","","","","","","","","","1","","","","",""
"S7T7L","FACECHOICE HOLDINGS LIMITED","","","VILLAGE CENTRE","FRESHBROOK","","SWINDON","","SN5 8LY","20230818","","","","","","","","","","","1","","","","",""
"S8A7Z","SULIS HEALTHCARE LIMITED","","","41 MOORLAND ROAD","","","BATH","","BA2 3PN","20250326","","","","","","","","","","","1","","","","",""
"S8E3B","AP SD TWELVE LIMITED","","","56 CORONATION SQUARE","EDINBURGH PLACE","","CHELTENHAM","","GL51 7SA","20260204","","","","","","","","","","","1","","","","",""
"S8V6H","GILBERT AND ARMSTRONG LTD","","","THE PHARMACY","THE SQUARE","WHITWELL","WORKSOP","","S80 4QR","20231128","","","","","","","","","","","1","","","","",""
"S8X3D","LIVERPOOL ROAD HEALTHCARE LTD","","","79 LIVERPOOL ROAD","","","ST. HELENS","","WA10 1PQ","20210519","20220706","","","","","","","","","","1","","","","",""
"S9A5H","PRIME SCRIPTS LTD","","","5 BROXBURN ROAD","","","WARMINSTER","","BA12 8EX","20260225","","","","","","","","","","","1","","","","",""
"S9W6T","AP SD TWENTY EIGHT LIMITED","","","RAJ MEDICAL CENTRE","LACEBY ROAD","","GRIMSBY","","DN34 5LP","20260127","","","","","","","","","","","1","","","","",""
"T0B6B","A MANN LTD","","","270 NEW HALL LANE","","","PRESTON","","PR1 4ST","20260715","","","","","","","","","","","1","","","","",""
"T0H5X","KINGSTON PHARMA LIMITED","","","HIGH STREET","","","GILLINGHAM","","SP8 4AG","20250212","20260402","","","","","","","","","","1","","","","",""
"T0K4X","AP SD FORTY LIMITED","","","12-14 MARKET WALK","","","TIVERTON","","EX16 6BL","20260225","","","","","","","","","","","1","","","","",""
"T0L9F","GREENDROP HEALTHCARE LIMITED","","","GILES LANE","","","CANTERBURY","","CT2 7PB","20241002","","","","","","","","","","","1","","","","",""
"T0P1F","MNA PHARMA LTD","","","256 HIGH STREET","","","BERKHAMSTED","","HP4 1AQ","20240501","","","","","","","","","","","1","","","","",""
"T0P4P","HEALTHKUR LIMITED","","","RECREATION DRIVE","BILLINGE","","WIGAN","","WN5 7LY","20260218","","","","","","","","","","","1","","","","",""
"T0Q8V","HEXAGON HEALTHCARE LIMITED","","","144 YORK STREET","","","CAMBRIDGE","","CB1 2PY","20241113","","","","","","","","","","","1","","","","",""
"T1B3K","E-NOVA HEALTHCARE GROUP LTD","","","WILLESBOROUGH HEALTH CENTRE","BENTLEY ROAD","WILLESBOROUGH","ASHFORD","","TN24 0HZ","20230524","20250604","","","","","","","","","","1","","","","",""
"T1K1Z","DRAGON RETAIL 721 LIMITED","","","13 PRINCES ROAD","BRUNTON PARK","GOSFORTH","NEWCASTLE UPON TYNE","","NE3 5TT","20260603","","","","","","","","","","","1","","","","",""
"T1L2X","NORTH TAWTON PHARMACY LIMITED","","","THE OLD BANK","THE SQUARE","","NORTH TAWTON","","EX20 2EW","20240814","","","","","","","","","","","1","","","","",""
"T1X2O","GOFAL HEALTH CARE LTD","","","THIRD FLOOR","LANGDON HOUSE","LANGDON ROAD","SWANSEA","","SA1 8QY","20050407","","","","","","","","","","","1","","","","",""
"T2B1N","K.U PHARMA LIMITED","","","161 PRINCE OF WALES LANE","WARSTOCK","","BIRMINGHAM","","B14 4LR","20201123","","","","","","","","","","","1","","","","",""
"T2C2E","ALJ PHARMA LTD","","","22 MILL STREET","GOWERTON","","SWANSEA","","SA4 3ED","20200901","","","","","","","","","","","1","","","","",""
"T2G2H","THORPE PHARMA LTD","","","14-16 ST. PETERS AVENUE","","","CLEETHORPES","","DN35 8HL","20240710","","","","","","","","","","","1","","","","",""
"T2L8Z","NOORUL HEALTHCARE LTD","","","WAITROSE LTD","BRIDGE ROAD","","WELWYN GARDEN CITY","","AL8 6AB","20210127","","","","","","","","","","","1","","","","",""
"T2O0Z","AP SD FIFTY LIMITED","","","ELLIOT CHAPPELL HEALTH CENTRE","217 HESSLE ROAD","","HULL","","HU3 4BB","20260225","","","","","","","","","","","1","","","","",""
"T2Q6K","N BHATTI HEALTHCARE LTD","","","98 CATHEDRAL ROAD","CHADDERTON","","OLDHAM","","OL9 0RG","20250521","","","","","","","","","","","1","","","","",""
"T2R6E","YOURPHARMACY LIMITED","","","26 GREENHILL MAIN ROAD","","","SHEFFIELD","","S8 7RD","20230125","","","","","","","","","","","1","","","","",""
"T2W6F","SHIVAARJ LTD","","","11-12 WHARF ROAD","ASH VALE","","ALDERSHOT","","GU12 5AZ","20230614","","","","","","","","","","","1","","","","",""
"T2Y9K","BSA HEALTHCARE LTD","","","SUITE 1004 BLACKSTONE","451 CLECKHEATON ROAD","LOW MOOR","BRADFORD","","BD12 0NY","20220112","","","","","","","","","","","1","","","","",""
"T3A5Y","DRAGON RETAIL 708 LIMITED","","","BUNNY HILL CENTRE","HYLTON LANE","BUNNY HILL","SUNDERLAND","","SR5 4BW","20260812","","","","","","","","","","","1","","","","",""
"T3H6L","MEDIPHARM HEALTHCARE LTD","","","UNIT 20","HOLROYD BUSINESS CENTRE","CARR BOTTOM ROAD","BRADFORD","","BD5 9BP","20220202","","","","","","","","","","","1","","","","",""
"T3I7N","URPHARM LTD","","","BURBAGE SURGERY","TILTON ROAD","BURBAGE","HINCKLEY","","LE10 2SE","20220720","","","","","","","","","","","1","","","","",""
"T3L4L","HERMAN TRADING LIMITED","","","7 TRIDENT HOUSE","CLARE ROAD","STANWELL","STAINES-UPON-THAMES","","TW19 7QU","20220622","","","","","","","","","","","1","","","","",""
"T3S6W","F.T.D.S LTD","","","8 WOODHALL CLOSE","","","BOLTON","","BL2 3AZ","20240517","","","","","","","","","","","1","","","","",""
"T3V8X","SN PLUS LTD","","","177 BATH ROAD","","","WORCESTER","","WR5 3AQ","20260311","","","","","","","","","","","1","","","","",""
"T4C6F","PF PHARMA LTD","","","4-5 COLMAN HOUSE","HIGH STREET","PENGE","LONDON","","SE20 7EX","20231213","","","","","","","","","","","1","","","","",""
"T4G7U","HHM MEDICAL LTD","","","56 HAREHILLS LANE","","","LEEDS","","LS8 4HF","20221026","","","","","","","","","","","1","","","","",""
"T4K2J","TICEHURST PHARMACY LTD","","","CHURCH STREET","TICEHURST","","WADHURST","","TN5 7AA","20240724","","","","","","","","","","","1","","","","",""
"T4K3O","CHELTPHARM LTD","","","18 DARWIN CLOSE","","","CHELTENHAM","","GL51 0UE","20220420","","","","","","","","","","","1","","","","",""
"T4N5K","MYDELIVERY PHARMA LTD","","","OFFICE S1","REDLANDS BUSINESS CENTRE","3-5 TAPTON HOUSE ROAD","SHEFFIELD","","S10 5BY","20230329","","","","","","","","","","","1","","","","",""
"T4R6C","JUSSABS & ASSOCIATES LTD","","","6A HIGH STREET","","","CHIPPING NORTON","","OX7 5AD","20210428","","","","","","","","","","","1","","","","",""
"T5B5L","B&D HEALTHCARE LTD","","","11 DANIEL OWEN PRECINCT","","","MOLD","","CH7 1AP","20191001","","","","","","","","","","","1","","","","",""
"T5C9H","ASSHIFA LTD","","","8 SELHURST ROAD","","","LONDON","","SE25 5QF","20220601","","","","","","","","","","","1","","","","",""
"T5H8J","AY HEALTHCARE LTD","","","91 MORESDALE LANE","","","LEEDS","","LS14 6GG","20240731","","","","","","","","","","","1","","","","",""
"T5J3R","KESSINGLAND PHARMA LTD","","","70 HIGH STREET","KESSINGLAND","","LOWESTOFT","","NR33 7QF","20230823","","","","","","","","","","","1","","","","",""
"T5O4C","TH & L JONES LTD","","","1ST FLOOR","TUDOR HOUSE","16 CATHEDRAL ROAD","CARDIFF","","CF11 9LJ","20160415","20260228","","","","","","","","","","1","","","","",""
"T5X2V","MWP CHURCH LANE LTD","","","32 CHURCH LANE","","","PUDSEY","","LS28 7RF","20260617","","","","","","","","","","","1","","","","",""
"T6A3W","LP SD FORTY LIMITED","","","97 LONG STREET","","","ATHERSTONE","","CV9 1BB","20230726","","","","","","","","","","","1","","","","",""
"T6G1W","DRAGON RETAIL 317 LIMITED","","","GOODWICK SQUARE","GOODWICK","","GOODWICK","","SA64 0BP","20250702","","","","","","","","","","","1","","","","",""
"T6N5U","PHARM-M LTD","","","93 TURNER AVENUE SOUTH","","","HALIFAX","","HX2 8EF","20240207","","","","","","","","","","","1","","","","",""
"T6S0B","T&R HEALTHCARE LTD","","","46 HIGH STREET","LYE","","STOURBRIDGE","","DY9 8LQ","20170801","","","","","","","","","","","1","","","","",""
"T6V5Y","LA MEDICINE LTD","","","29 UNIVERSITY ROAD","HIGHFIELD","","SOUTHAMPTON","","SO17 1TL","20250312","","","","","","","","","","","1","","","","",""
"T6Y0K","HEALTHY LIVING PHARMACIES LTD","","","32 BLUEBERRY ROAD","BOWDON","","ALTRINCHAM","","WA14 3LU","20220401","","","","","","","","","","","1","","","","",""
"T7G4Y","RUSHEY MEAD HEALTHCARE LTD","","","4-5 LOCKERBIE WALK","","","LEICESTER","","LE4 7ZX","20250716","","","","","","","","","","","1","","","","",""
"T7H4P","PHARMANUEL LTD","","","WOLSELEY MEDICAL CENTRE","LONDESBOROUGH STREET","","HULL","","HU3 1DS","20240529","","","","","","","","","","","1","","","","",""
"T7I5T","GUISBOROUGH PHARMA LTD","","","RECTORY LANE HEALTH CENTRE","RECTORY LANE","","GUISBOROUGH","","TS14 7DJ","20240731","","","","","","","","","","","1","","","","",""
"T7J4T","WEST BROM LYNG LTD","","","19 WEST GATE PLAZA","MOOR STREET","","WEST BROMWICH","","B70 7AD","20240306","","","","","","","","","","","1","","","","",""
"T7K1C","CASTLE SHAW HOLDINGS LTD","","","8 CARLTON PARADE","","","ORPINGTON","","BR6 0JB","20210602","","","","","","","","","","","1","","","","",""
"T7L7N","DRAGON RETAIL 505 LIMITED","","","37 THE GREEN","BILTON","","RUGBY","","CV22 7LZ","20250723","","","","","","","","","","","1","","","","",""
"T7N2X","HEALTH CORNER LIMITED","","","UNIT 1","MARINERS WAY","","KETTERING","","NN16 8AR","20220706","","","","","","","","","","","1","","","","",""
"T7T9A","PATIENT CHOICE DIRECT LTD","","","UNIT 1 BLOCK B","WESTPARK","CHELSTON","WELLINGTON","","TA21 9FN","20260107","","","","","","","","","","","1","","","","",""
"T7U6K","MEDEXPRESS ENTERPRISES LTD","","","UNIT H","ASHBOURNE DRIVE","","LEAMINGTON SPA","","CV31 3SS","20240110","","","","","","","","","","","1","","","","",""
"T7Z3V","WATKIN-DAVIES LTD","","","UNIT 14-15","BETTWS SHOPPING CENTRE","BETTWS","NEWPORT","","NP20 7TN","20091001","","","","","","","","","","","1","","","","",""
"T8B9V","U O M PHARMA LTD","","","10 PRINCESS VICTORIA STREET","CLIFTON","","BRISTOL","","BS8 4BP","20231018","","","","","","","","","","","1","","","","",""
"T8H2I","ANCURA HEALTH LTD","","","100 WEEK STREET","","","MAIDSTONE","","ME14 1RH","20260107","","","","","","","","","","","1","","","","",""
"T8M3Q","AP SD FORTY EIGHT LIMITED","","","THE HEALTH CENTRE","MERREY ROAD","","STAFFORD","","ST17 9LY","20260826","","","","","","","","","","","1","","","","",""
"T8M8O","GRIFFITHSTOWN HEALTH CARE LTD","","","7 WINDSOR ROAD","GRIFFITHSTOWN","","PONTYPOOL","","NP4 5HY","20230701","","","","","","","","","","","1","","","","",""
"T8M9G","THE HANDPOST LTD","","","CRAIGWOOD HOUSE","NEWPORT ROAD","CASTLETON","CARDIFF","","CF3 2UR","20091001","","","","","","","","","","","1","","","","",""
"T8O1C","NOVOMEX LIMITED","","","99-101 CHURCH STREET","ECCLES","","MANCHESTER","","M30 0EJ","20250326","","","","","","","","","","","1","","","","",""
"T8O3Q","ALCONBURY MEDICINES LIMITED","","","1 BELL LANE","ALCONBURY","","HUNTINGDON","","PE28 4DU","20251210","","","","","","","","","","","1","","","","",""
"T8Q0C","MEDS2U PHARM LIMITED","","","11 CARLTON BUSINESS CENTRE","CARLTON","","NOTTINGHAM","","NG4 3AA","20211006","","","","","","","","","","","1","","","","",""
"T8U7K","PURECARE LIMITED","","","150 SOUTHAMPTON ROW","","","LONDON","","WC1B 5AN","20210127","","","","","","","","","","","1","","","","",""
"T8V2X","SRI LAKSHMI HEALTHCARE LIMITED","","","45C RAWMARSH HILL","PARKGATE","","ROTHERHAM","","S62 6DP","20221102","","","","","","","","","","","1","","","","",""
"T8W6O","ADAP HEALTHCARE LTD","","","UNIT B","MAYFLOWER HOUSE","WYCH ELM","HARLOW","","CM20 1FT","20260107","","","","","","","","","","","1","","","","",""
"T9B5T","DGP HEALTHCARE LTD","","","169 PLASHET GROVE","","","LONDON","","E6 1BX","20220126","","","","","","","","","","","1","","","","",""
"T9D3X","PI-GEN (BEXLEY) LTD","","","24 BEXLEY HIGH STREET","","","BEXLEY","","DA5 1AD","20250108","","","","","","","","","","","1","","","","",""
"T9T6U","ASCENT (BLACKPOOL) LIMITED","","","BLOOMFIELD MEDICAL CENTRE","118-120 BLOOMFIELD ROAD","","BLACKPOOL","","FY1 6JW","20230118","20260530","","","","","","","","","","1","","","","",""
"T9Y1Y","DRAGON RETAIL 808 LIMITED","","","KING JOHN AVENUE","","","BOURNEMOUTH","","BH11 9TF","20260826","","","","","","","","","","","1","","","","",""
"U0C2K","DH PHARMACY LIMITED","","","NORTON ROAD","","","HAVERHILL","","CB9 8NF","20260402","","","","","","","","","","","1","","","","",""
"U0M3Q","AMB PHARMA LTD","","","19 ST. HELENS ROAD","SANDFORD","","WAREHAM","","BH20 7AX","20260401","","","","","","","","","","","1","","","","",""
"U0N9S","WOODBRIDGE HILL HEALTHCARE LIMITED","","","4 ALDERSHOT ROAD","","","GUILDFORD","","GU2 8AF","20240508","","","","","","","","","","","1","","","","",""
"U0O9V","AP SD THIRTY SIX LIMITED","","","ST. MARY STREET","RISCA","","NEWPORT","","NP11 6YS","20260311","","","","","","","","","","","1","","","","",""
"U0W3E","BHOGALS LIMITED","","","79-81 ST. MARKS ROAD","","","BRISTOL","","BS5 6HX","20220413","","","","","","","","","","","1","","","","",""
"U0Z5T","GLUCORX LIMITED","","","UNIT 1C","HENLEY BUSINESS PARK","PIRBRIGHT ROAD","GUILDFORD","","GU3 2DX","20211006","20230703","","","","","","","","","","1","","","","",""
"U1B6L","MANOR PHARMACY LIMITED","","","59 FORRESTER STREET","","","WALSALL","","WS2 9PL","20240213","","","","","","","","","","","1","","","","",""
"U1E5P","MAP PHARMA LTD","","","HOLLAND SQUARE","HAMPSTEAD ROAD","","CORBY","","NN17 5GT","20211027","","","","","","","","","","","1","","","","",""
"U1Z9M","MAGDALEN MEDICAL SUPPLIES LTD","","","77 MAGDALEN WAY","GORLESTON","","GREAT YARMOUTH","","NR31 7AA","20250507","","","","","","","","","","","1","","","","",""
"U2G0L","TH PRICHARD & SON LTD","","","47-48 CHURCH STREET","","","ABERTILLERY","","NP13 1DB","20091001","","","","","","","","","","","1","","","","",""
"U2H7A","LANSBURY ASSOCIATES LTD","","","42 MAXTON COURT","","","CAERPHILLY","","CF83 1QN","20091001","","","","","","","","","","","1","","","","",""
"U2I1X","SOUTH EAST PHARMA LIMITED","","","10 CRESCENT WAY","","","ORPINGTON","","BR6 9LP","20260610","","","","","","","","","","","1","","","","",""
"U2J7K","A Y S HEALTHCARE LTD","","","6 OXGATE COURT PARADE","COLES GREEN ROAD","","LONDON","","NW2 7ET","20230308","","","","","","","","","","","1","","","","",""
"U2J7R","MENG & WING LTD","","","RINGWOOD HEALTH CENTRE","THE CLOSE","","RINGWOOD","","BH24 1JY","20230607","","","","","","","","","","","1","","","","",""
"U2O0G","LP SD FORTY FOUR LIMITED","","","14 MILL STREET","","","DRIFFIELD","","YO25 6TS","20230712","","","","","","","","","","","1","","","","",""
"U2R3L","S K HEALTHCARE LTD","","","5 UNION ROAD","SHIRLEY","","SOLIHULL","","B90 3BT","20230405","","","","","","","","","","","1","","","","",""
"U2U2F","DRAGON RETAIL 331 LIMITED","","","12 COMMERCIAL STREET","BEDDAU","","PONTYPRIDD","","CF38 2DB","20250702","","","","","","","","","","","1","","","","",""
"U2V0D","PHARMFIRST UK LIMITED","","","429 HAREHILLS LANE","","","LEEDS","","LS9 6EY","20250604","","","","","","","","","","","1","","","","",""
"U2W8M","PI-GEN (PURLEY) LTD","","","76-78 GODSTONE ROAD","","","KENLEY","","CR8 5AA","20250702","","","","","","","","","","","1","","","","",""
"U2Z0Z","PREMPHARM II LIMITED","","","7 CORONATION PARADE","HAMBLE","","SOUTHAMPTON","","SO31 4JT","20231025","","","","","","","","","","","1","","","","",""
"U3D9H","BMP ENTERPRISE LTD","","","206 PARK ROAD","","","LOUGHBOROUGH","","LE11 2HJ","20240422","","","","","","","","","","","1","","","","",""
"U3K4R","SAINI HEALTHCARE LIMITED","","","38 EAST MEADWAY","TILE CROSS","","BIRMINGHAM","","B33 0AP","20201125","","","","","","","","","","","1","","","","",""
"U3R9Y","ROWAN PHARMA LTD","","","149 BROAD STREET","","","DAGENHAM","","RM10 9JA","20231108","","","","","","","","","","","1","","","","",""
"U4D9K","BANNS PHARMACY LIMITED","","","HOMELEIGH","FORE STREET","ST. DAY","REDRUTH","","TR16 5JU","20230116","20260810","","","","","","","","","","1","","","","",""
"U4G3D","SMD PHARMACY LTD","","","THE MEDICAL CENTRE","ST. BRANNOCKS ROAD","","ILFRACOMBE","","EX34 8EG","20230111","","","","","","","","","","","1","","","","",""
"U4G3R","AP SD TEN LIMITED","","","200 NEWPORT ROAD","","","COWES","","PO31 7ER","20260211","","","","","","","","","","","1","","","","",""
"U4N8A","SHEAV CHEM LIMITED","","","5 WARWICK PARADE","KENTON LANE","","HARROW","","HA3 8SA","20230510","","","","","","","","","","","1","","","","",""
"U4O3R","JIMKON LTD","","","UNIT 2C LONGHILL IND EST","ULLSWATER ROAD","","HARTLEPOOL","","TS25 1UE","20220518","","","","","","","","","","","1","","","","",""
"U4T5R","DRONFIELD HEALTHCARE LIMITED","","","DRONFIELD MEDICAL CENTRE","HIGH STREET","","DRONFIELD","","S18 1PY","20230614","","","","","","","","","","","1","","","","",""
"U4X8B","NIK PHARMA LTD","","","CHURCHGATE HOUSE","3 CHURCH ROAD","WHITCHURCH","CARDIFF","","CF14 2DX","20160503","","","","","","","","","","","1","","","","",""
"U5J0F","HMW HEALTHCARE LTD","","","77 ETON AVENUE","","","NEWARK","","NG24 4JH","20230412","","","","","","","","","","","1","","","","",""
"U5J9T","SCURLAGE APOTHECARY LIMITED","","","MONKSLAND ROAD","SCURLAGE","REYNOLDSTON","SWANSEA","","SA3 1AY","20250625","","","","","","","","","","","1","","","","",""
"U5Y1K","FUTURE MEDIX LTD","","","63 MARKET STREET","MILNSBRIDGE","","HUDDERSFIELD","","HD3 4HZ","20251119","","","","","","","","","","","1","","","","",""
"U5Z5B","FOUNTAIN PHARMACEUTICALS LIMITED","","","23 MIDDLETON PARK CIRCUS","","","LEEDS","","LS10 4LX","20220401","","","","","","","","","","","1","","","","",""
"U6F0Y","WJ POWELL LTD","","","1ST FLOOR BROOK HOUSE","BROOK ROAD","WHITCHURCH","CARDIFF","","CF14 1DU","20130401","","","","","","","","","","","1","","","","",""
"U6F4D","GRAY'S INN MEDICAL GROUP LTD","","","81 GRAY'S INN ROAD","","","LONDON","","WC1X 8TP","20231011","","","","","","","","","","","1","","","","",""
"U6I9V","G&C PHARMA LTD","","","88 HIGH STREET","","","BARRY","","CF62 7DX","20161007","","","","","","","","","","","1","","","","",""
"U6N0D","BOLADEON TRADING LTD","","","6 MARKET CORNER","","","LEAMINGTON SPA","","CV31 3BH","20201216","20210106","","","","","","","","","","1","","","","",""
"U6P1J","CREWKERNE HEALTHCARE LLP","","","MIDDLE PATH","","","CREWKERNE","","TA18 8BX","20240313","","","","","","","","","","","1","","","","",""
"U6R5I","REAL PHARMA SOLUTIONS LTD","","","105 LONDON ROAD","TEYNHAM","","SITTINGBOURNE","","ME9 9QL","20210414","","","","","","","","","","","1","","","","",""
"U6S7C","RAM PHARMA LTD","","","EARLSHEATON MEDICAL CENTRE","252 WAKEFIELD ROAD","EARLSHEATON","DEWSBURY","","WF12 8AH","20260218","","","","","","","","","","","1","","","","",""
"U6U6S","WOODVILLE ROAD PHARMACY LTD","","","74 WOODVILLE ROAD","","","CARDIFF","","CF24 4EB","20150701","","","","","","","","","","","1","","","","",""
"U6V3T","CILFYNYDD CHEMIST LTD","","","19 RICHARD STREET","","","PONTYPRIDD","","CF37 4NP","20091001","20240831","","","","","","","","","","1","","","","",""
"U6Y3Y","CARE FIRST CLINIC LIMITED","","","299 NATIONAL AVENUE","THE IDEAL BUSINESS PARK","","HULL","","HU5 4JB","20240703","","","","","","","","","","","1","","","","",""
"U6Z7C","POULTACRE LTD","","","2-3 IMPERIAL BUILDINGS","EXETER ROAD","KINGSTEIGNTON","NEWTON ABBOT","","TQ12 3HZ","20260506","","","","","","","","","","","1","","","","",""
"U7B6A","EXEL (CHEMISTS) LIMITED","","","284-286 SOUTHCOATES LANE","","","HULL","","HU9 3AP","20230524","","","","","","","","","","","1","","","","",""
"U7B9C","LP SD FIFTY LIMITED","","","WEST ALLINGTON","","","BRIDPORT","","DT6 5BN","20230802","","","","","","","","","","","1","","","","",""
"U7F6C","GATESHEAD PHARMA LIMITED","","","MERESYDE","","","GATESHEAD","","NE10 8PE","20230920","","","","","","","","","","","1","","","","",""
"U7H0P","MILLION HEALTHCARE LTD","","","8 SEA ROAD","FULWELL","","SUNDERLAND","","SR6 9BX","20240626","","","","","","","","","","","1","","","","",""
"U7H3Z","M SQUARED PHARMA LTD","","","115 NARBOROUGH ROAD","","","LEICESTER","","LE3 0PA","20240207","","","","","","","","","","","1","","","","",""
"U7S3A","REDBRIDGE PHARMACY LTD","","","11 REDBRIDGE LANE EAST","REDBRIDGE","","ILFORD","","IG4 5ET","20220824","","","","","","","","","","","1","","","","",""
"U7W2Q","PEN GARVA LTD","","","UNIT 3","SWINFORD AVENUE","GLEN PARVA","LEICESTER","","LE2 9RW","20230630","","","","","","","","","","","1","","","","",""
"U7Y7Z","CAS CROSSWAYS LIMITED","","","32 CROSSWAYS","JAYWICK","","CLACTON-ON-SEA","","CO15 2NB","20250910","","","","","","","","","","","1","","","","",""
"U8I4F","SD PHARMACY LTD","","","BLACKBROOK MEDICAL CENTRE","LISIEUX WAY","","TAUNTON","","TA1 2LB","20211117","20251016","","","","","","","","","","1","","","","",""
"U8S2Q","RUPERTSTREET LTD","","","GREAT LEVER HEALTH CENTRE","RUPERT STREET","GREAT LEVER","BOLTON","","BL3 6RN","20250108","","","","","","","","","","","1","","","","",""
"U8V4L","H & R PHARMA LTD","","","7 HIGH STREET","","","CHEADLE","","SK8 1AX","20210210","","","","","","","","","","","1","","","","",""
"U9A5A","DRAGON RETAIL 507 LIMITED","","","57 MANSFIELD ROAD","BLIDWORTH","","MANSFIELD","","NG21 0RB","20260506","","","","","","","","","","","1","","","","",""
"U9F9U","MY PHARMA GROUP 1 LTD","","","2 JUBILEE PARADE","SNAKES LANE","","WOODFORD GREEN","","IG8 7QF","20250326","","","","","","","","","","","1","","","","",""
"U9J3Z","LP SD FIFTY ONE LIMITED","","","PEPPERALL ROAD","","","HIGHBRIDGE","","TA9 3YA","20230802","","","","","","","","","","","1","","","","",""
"U9L3U","LOWER HOUSE LANE HEALTHCARE LTD","","","225 LOWER HOUSE LANE","","","LIVERPOOL","","L11 2SF","20251217","","","","","","","","","","","1","","","","",""
"U9W4D","ECCLES HEALTHCARE MANAGEMENT LTD","","","32 RUSSELL STREET","ECCLES","","MANCHESTER","","M30 0NU","20250827","","","","","","","","","","","1","","","","",""
"V0A7J","COCKFIELD HEALTHCARE LIMITED","","","38 FRONT STREET","COCKFIELD","","BISHOP AUCKLAND","","DL13 5DS","20240529","","","","","","","","","","","1","","","","",""
"V0I0W","LP SD THIRTEEN LIMITED","","","CITY OF COVENTRY HEALTH CENTRE","2 STONEY STANTON ROAD","","COVENTRY","","CV1 4FS","20230712","","","","","","","","","","","1","","","","",""
"V0J0E","Q2 PHARMA LIMITED","","","1 CRESSEX PARADE","203 NEW ROAD","BOOKER","HIGH WYCOMBE","","HP12 4RQ","20230628","","","","","","","","","","","1","","","","",""
"V0N3D","MS PREMJI LIMITED","","","71-73 HIGH STREET","SELSEY","","CHICHESTER","","PO20 0QL","20230614","","","","","","","","","","","1","","","","",""
"V0O1B","SA2 (NEW CO) LTD","","","13 RAMSHILL ROAD","","","SCARBOROUGH","","YO11 2LN","20210405","20250625","","","","","","","","","","1","","","","",""
"V0O6Y","BARROW HEALTHCARE LTD","","","HIGH STREET","","","BARROW-UPON-HUMBER","","DN19 7AA","20240221","","","","","","","","","","","1","","","","",""
"V0P2W","LP SD NINETEEN LIMITED","","","BURNHAM HEALTH CENTRE","MINNIECROFT ROAD","BURNHAM","SLOUGH","","SL1 7DE","20230712","","","","","","","","","","","1","","","","",""
"V0S0X","MEDCARE PLUS LIMITED","","","20 BROOK PARADE","HIGH ROAD","","CHIGWELL","","IG7 6PF","20210324","","","","","","","","","","","1","","","","",""
"V0W6X","MEDISPIRE LIMITED","","","229 STRATFORD ROAD","SHIRLEY","","SOLIHULL","","B90 3AH","20210203","","","","","","","","","","","1","","","","",""
"V0W9C","C&G HEALTHCARE LTD","","","597 CHEETHAM HILL ROAD","","","MANCHESTER","","M8 5EJ","20260506","","","","","","","","","","","1","","","","",""
"V0Z9G","ALLRX HEALTHCARE LIMITED","","","6A COURTLAND ROAD","ROSE HILL","","OXFORD","","OX4 4JA","20250305","","","","","","","","","","","1","","","","",""
"V1J9N","P & D CARDS LIMITED","","","REAR OF FERNDOWN PO","97 VICTORIA ROAD","","FERNDOWN","","BH22 9HU","20210310","","","","","","","","","","","1","","","","",""
"V1O0K","PHARMACY MATTERS LTD","","","GARTH HOUSE","HIGH STREET","TALGARTH","BRECON","","LD3 0PF","20091001","","","","","","","","","","","1","","","","",""
"V1P0B","WITHAM WELLBEING SERVICES LTD","","","124-127 WITHAM","","","HULL","","HU9 1AT","20241127","20260808","","","","","","","","","","1","","","","",""
"V1P8S","SREE SAI LTD","","","HIGH STREET","DYSERTH","","RHYL","","LL18 6AA","20230201","","","","","","","","","","","1","","","","",""
"V1V8F","WE CARE PHARMACY (LIVERPOOL) LTD","","","1 ALLEN STREET","","","WARRINGTON","","WA2 7JD","20250129","","","","","","","","","","","1","","","","",""
"V1W7T","AB CARE GROUP LIMITED","","","20A TURNER ROAD","","","EDGWARE","","HA8 6AU","20260909","","","","","","","","","","","1","","","","",""
"V1W9V","BARAKAH HEALTHCARE LIMITED","","","UNIT 3 PRIORY S IND PARK","11 UPPER PRIORY STREET","","NORTHAMPTON","","NN1 2PT","20210331","","","","","","","","","","","1","","","","",""
"V2G8Y","QUADPHARMA LIMITED","","","27 OLD EXETER STREET","CHUDLEIGH","","NEWTON ABBOT","","TQ13 0JT","20230607","","","","","","","","","","","1","","","","",""
"V2P0S","MARSH ROAD HEALTHCARE LTD","","","30 MARSH ROAD","","","LUTON","","LU3 2NJ","20260408","","","","","","","","","","","1","","","","",""
"V2S9G","KIRKHAM PHARMA LIMITED","","","2A CHURCH STREET","KIRKHAM","","PRESTON","","PR4 2SE","20240828","","","","","","","","","","","1","","","","",""
"V2U9B","LP SD SIXTY SIX LIMITED","","","1 VILLERS COURT","BLABY","","LEICESTER","","LE8 4HP","20230927","20260813","","","","","","","","","","1","","","","",""
"V3C0Y","AP SD EIGHTY THREE LIMITED","","","168 LOCKING ROAD","","","WESTON-SUPER-MARE","","BS23 3HQ","20260429","","","","","","","","","","","1","","","","",""
"V3D3L","MEDPHARM14 LIMITED","","","3 AUSTIN MEWS","HIGH STREET","","HEMEL HEMPSTEAD","","HP1 3AF","20260923","","","","","","","","","","","1","","","","",""
"V3H9M","ABVP PHARMA LTD","","","YORK HOUSE MEDICAL CENTRE","HEATHSIDE ROAD","","WOKING","","GU22 7XL","20251022","","","","","","","","","","","1","","","","",""
"V3U7G","WING (CRICKLEWOOD) LIMITED","","","42 CHRISTCHURCH AVENUE","","","HARROW","","HA3 8NJ","20220401","","","","","","","","","","","1","","","","",""
"V3V2C","KHB PHARMA LTD","","","3 FIDLAS ROAD","","","CARDIFF","","CF14 0LW","20210601","","","","","","","","","","","1","","","","",""
"V3V2O","TRIPLE HEALTHCARE LTD","","","271 WESTDALE LANE","CARLTON","","NOTTINGHAM","","NG4 4FG","20240807","","","","","","","","","","","1","","","","",""
"V3W6N","BAOOS LTD","","","ARFRYN","CHURCH STREET","","NEW QUAY","","SA45 9NX","20211007","","","","","","","","","","","1","","","","",""
"V4A3B","COLLIER PHARMA LTD","","","52 COLLIER ROW LANE","","","ROMFORD","","RM5 3BB","20260408","","","","","","","","","","","1","","","","",""
"V4B0F","RIGHTDOSE HEALTHCARE LIMITED","","","87-89 LIVERPOOL ROAD SOUTH","MAGHULL","","LIVERPOOL","","L31 7AD","20210630","20260731","","","","","","","","","","1","","","","",""
"V4C3O","AMY PHARMA LTD","","","53 PARK ROAD","CROUCH END","","LONDON","","N8 8SY","20231108","","","","","","","","","","","1","","","","",""
"V4D8W","LAYTON HEALTHCARE LIMITED","","","200 KINGSCOTE DRIVE","","","BLACKPOOL","","FY3 7EN","20240904","","","","","","","","","","","1","","","","",""
"V4E2W","KA IMRIE HEALTHCARE LTD","","","52 EARL STREET","ORFORD","","WARRINGTON","","WA2 7PW","20230524","","","","","","","","","","","1","","","","",""
"V4F6T","EL.O PHARMA LTD","","","24 CONWAY ROAD","PENLAN","","SWANSEA","","SA5 7BG","20240222","","","","","","","","","","","1","","","","",""
"V4I7F","PYRAMID PHARMA 7 LTD","","","181 COATSWORTH ROAD","","","GATESHEAD","","NE8 1SQ","20220105","","","","","","","","","","","1","","","","",""
"V4P6D","ELLIOTTS ENTERPRISES LIMITED","","","175A CHORLTON ROAD","","","MANCHESTER","","M16 7WS","20260211","","","","","","","","","","","1","","","","",""
"V4Q6I","SHORE MEDICINES LIMITED","","","PARKSTONE HEALTH CENTRE","MANSFIELD ROAD","PARKSTONE","POOLE","","BH14 0DJ","20230703","","","","","","","","","","","1","","","","",""
"V4R2P","HCUK LTD","","","UNIT 4A","MEADOW PARADE","HAMBLEDON ROAD","WATERLOOVILLE","","PO7 7PU","20240717","20260120","","","","","","","","","","1","","","","",""
"V4W2W","AV PHARMA LIMITED","","","87-89 LIVERPOOL ROAD SOUTH","MAGHULL","","LIVERPOOL","","L31 7AD","20250702","","","","","","","","","","","1","","","","",""
"V4Y5Y","PRECISION PHARMA LTD","","","788 UXBRIDGE ROAD","","","HAYES","","UB4 0RS","20250507","","","","","","","","","","","1","","","","",""
"V4Z5X","APEX RX LTD","","","5 POULTON ROAD","","","POULTON-LE-FYLDE","","FY6 7NH","20260415","","","","","","","","","","","1","","","","",""
"V5A4W","CHURCHILL HAWLEY LTD","","","15 CHURCHILL CRESCENT","HAWLEY ESTATE","","FARNBOROUGH","","GU14 8EL","20260204","","","","","","","","","","","1","","","","",""
"V5B4X","HENLEY AVENUE HEALTHCARE LIMITED","","","1 HENLEY AVENUE","","","OXFORD","","OX4 4DH","20231004","","","","","","","","","","","1","","","","",""
"V5D5A","POSITIVE SOLUTIONS PHARMACIST LIMITED","","","175 CAERLEON ROAD","","","NEWPORT","","NP19 7FX","20240529","","","","","","","","","","","1","","","","",""
"V5J1Z","AP SD TWENTY FOUR LIMITED","","","PROSPECT MEDICAL GROUP","501 WESTGATE ROAD","","NEWCASTLE UPON TYNE","","NE4 8AY","20260325","","","","","","","","","","","1","","","","",""
"V5J3D","TEESSIDE PHARMACIES LTD","","","1-3 NEWTON MALL","CLEVELAND CENTRE","","MIDDLESBROUGH","","TS1 2NW","20240207","","","","","","","","","","","1","","","","",""
"V5K5Y","NORTH ABINGDON HEALTHCARE LTD","","","UNIT 18","NEILLS ROAD","BOLD INDUSTRIAL PARK","ST. HELENS","","WA9 4TU","20220329","","","","","","","","","","","1","","","","",""
"V5L5W","RR PARTNERS LTD","","","103 HORNSBY ROAD","EARSFIELD","","GRANTHAM","","NG31 7XD","20260708","","","","","","","","","","","1","","","","",""
"V5O1M","MR NILESH PATEL","","","91 CRICKLEWOOD LANE","CRICKLEWOOD","","LONDON","","NW2 1HR","20250827","","","","","","","","","","","1","","","","",""
"V5O3T","CARECAMP LIMITED","","","1 THE PARADE","","","BOURNE END","","SL8 5SA","20250716","","","","","","","","","","","1","","","","",""
"V5P6J","WINCHCOMBE PHARMA LTD","","","11 HIGH STREET","WINCHCOMBE","","CHELTENHAM","","GL54 5LJ","20250115","","","","","","","","","","","1","","","","",""
"V5W4M","PYRAMID PHARMA 10 LTD","","","62 HEDNESFORD STREET","","","CANNOCK","","WS11 1DJ","20240403","","","","","","","","","","","1","","","","",""
"V6C9S","PHARMAKEN LIMITED","","","1A LONGFIELD ROAD","TWYFORD","","READING","","RG10 9AN","20220928","","","","","","","","","","","1","","","","",""
"V6C9Z","LP SD ONE HUNDRED TWO LIMITED","","","LIBRARY STREET","","","CHORLEY","","PR7 2EE","20230927","20250407","","","","","","","","","","1","","","","",""
"V6J3K","CAMELLA HEALTHCARE LTD","","","397 ABERGELE ROAD","OLD COLWYN","","COLWYN BAY","","LL29 9PR","20121119","","","","","","","","","","","1","","","","",""
"V6K5T","PRIORY ROAD HEALTHCARE LIMITED","","","74-78 PRIORY ROAD","ANFIELD","","LIVERPOOL","","L4 2SH","20240410","","","","","","","","","","","1","","","","",""
"V6K7G","BRIDGE ST PHARM LTD","","","19B BRIDGE STREET","","","LOUGHBOROUGH","","LE11 1NQ","20250917","","","","","","","","","","","1","","","","",""
"V6K9W","SRI KANAPARTHY LIMITED","","","CLIFFORD ROAD","","","STANLEY","","DH9 0AB","20230322","","","","","","","","","","","1","","","","",""
"V6K9X","LP SD ONE HUNDRED TWELVE LIMITED","","","ORTONGATE SHOPPING CENTRE","ORTON GOLDHAY","","PETERBOROUGH","","PE2 5TD","20230927","","","","","","","","","","","1","","","","",""
"V6M3A","ASK VIK LTD","","","BICTON HEATH SHOPPING CENTRE","WELSHPOOL ROAD","BICTON HEATH","SHREWSBURY","","SY3 5AD","20240904","","","","","","","","","","","1","","","","",""
"V6Q1R","B.D.S. (123) LIMITED","","","11 LISKEARD ROAD","","","WALSALL","","WS5 3EY","20230816","","","","","","","","","","","1","","","","",""
"V6S4J","MC SHIRLEY LIMITED","","","17 GROVE ROAD","SHIRLEY","","SOUTHAMPTON","","SO15 3HH","20230502","","","","","","","","","","","1","","","","",""
"V6T7A","LP SD ONE HUNDRED TWENTY FIVE LIMITED","","","96-98 HIGH STREET","COLESHILL","","BIRMINGHAM","","B46 3BL","20230927","20250416","","","","","","","","","","1","","","","",""
"V6Y6S","AW (MOUNT ROAD) LTD","","","151-153 MOUNT ROAD","GORTON","","MANCHESTER","","M18 7QT","20250108","","","","","","","","","","","1","","","","",""
"V6Y8H","SANDHURST HEALTHCARE LIMITED","","","ST ALBANS MEDICAL CENTRE","HUCKNALL LANE","BULWELL","NOTTINGHAM","","NG6 8AQ","20210106","","","","","","","","","","","1","","","","",""
"V7A1F","THEATRE STREET MEDICAL SUPPLIED LIMITED","","","27 THEATRE STREET","","","DEREHAM","","NR19 2EN","20230315","","","","","","","","","","","1","","","","",""
"V7B5B","NEWLINE PHARMACY LIMITED","","","26 HIGH STREET","","","WOOLER","","NE71 6BY","20240131","","","","","","","","","","","1","","","","",""
"V7J7L","MORDEN PHARMA LIMITED","","","FACCINI HOUSE","64 MIDDLETON ROAD","","MORDEN","","SM4 6RT","20260902","","","","","","","","","","","1","","","","",""
"V7K2B","DIAMOND MEDS LIMITED","","","17B CANNON GROVE","FETCHAM","","LEATHERHEAD","","KT22 9LG","20241106","","","","","","","","","","","1","","","","",""
"V7L1N","MESSRS DAVIES & EVANS LTD","","","6 MARGARET STREET","","","AMMANFORD","","SA18 2NP","20100901","","","","","","","","","","","1","","","","",""
"V7L7V","PHARMUNITY LIMITED","","","F19 SILVERBOX HOUSE","56 MAGNET ROAD","EAST LANE BUSINESS PARK","WEMBLEY","","HA9 7FP","20260225","","","","","","","","","","","1","","","","",""
"V7N6N","SN PHARMACEUTICAL LTD","","","6 THE HOLLINS","MARPLE","","STOCKPORT","","SK6 6AY","20260325","","","","","","","","","","","1","","","","",""
"V7O5E","DRAGON RETAIL 712 LIMITED","","","THE HEALTH CENTRE","PRINCE CONSORT ROAD","","GATESHEAD","","NE8 1NB","20251105","","","","","","","","","","","1","","","","",""
"V7Q4I","JHJ PHARMA LTD","","","5 LUTTERWORTH ROAD","BLABY","","LEICESTER","","LE8 4DW","20230809","20241001","","","","","","","","","","1","","","","",""
"V7S3F","SKS PHARMA LIMITED","","","205 MILTON ROAD","","","WESTON-SUPER-MARE","","BS22 8EF","20250108","","","","","","","","","","","1","","","","",""
"V8H4B","LP SD THIRTY EIGHT LIMITED","","","WHYCHBURY MEDICAL CENTRE","121 OAKFIELD ROAD","WOLLESCOTE","STOURBRIDGE","","DY9 9DS","20230726","","","","","","","","","","","1","","","","",""
"V8H8T","AP SD FIFTY FIVE LIMITED","","","41 BRADMORE GREEN","BROOKMANS PARK","","HATFIELD","","AL9 7QR","20260429","","","","","","","","","","","1","","","","",""
"V8J7Z","LP SD TWENTY TWO LIMITED","","","VICTORIA PARK HEALTH CENTRE","BEDFORD AVENUE","","BIRKENHEAD","","CH42 4QJ","20230712","","","","","","","","","","","1","","","","",""
"V8L2V","D.A.TUBB (NEWTON FERRERS) LIMITED","","","NEWTON HILL","NEWTON FERRERS","","PLYMOUTH","","PL8 1AB","20221130","","","","","","","","","","","1","","","","",""
"V8O0A","NAIMANS UK LTD","","","44-46 FORE STREET","COPPERHOUSE","","HAYLE","","TR27 4DY","20231129","","","","","","","","","","","1","","","","",""
"V8U2L","RAMSAL LIMITED","","","37 MYRTLE STREET","VINE COURT","","LIVERPOOL","","L7 7AJ","20201116","","","","","","","","","","","1","","","","",""
"V8V5K","MECSAM LIMITED","","","15A URBAN HIVE","THEYDON ROAD","CLAPTON","LONDON","","E5 9BQ","20220413","","","","","","","","","","","1","","","","",""
"V8Y0U","HEYBRIDGE PHARMA LIMITED","","","UNIT 10A-10B","BENTALLS SHOPPING CENTRE","COLCHESTER ROAD, HEYBRIDGE","MALDON","","CM9 4GD","20241009","","","","","","","","","","","1","","","","",""
"V8Z3I","ALA PHARMA LTD","","","CONSETT PARK TERRACE","MOORSIDE","","CONSETT","","DH8 8ET","20240221","","","","","","","","","","","1","","","","",""
"V9D6L","BURSCOUGH HEALTHCARE LIMITED","","","38 BURSCOUGH STREET","","","ORMSKIRK","","L39 2ES","20230906","","","","","","","","","","","1","","","","",""
"V9G6B","AP SD FIFTY EIGHT LIMITED","","","3 ROSE GREEN ROAD","","","BOGNOR REGIS","","PO21 3EU","20260407","","","","","","","","","","","1","","","","",""
"V9H2C","HIGHERLAND LTD","","","HIGHERLAND SURGERY","3 ORME ROAD","POOLFIELDS","NEWCASTLE","","ST5 2UE","20250122","","","","","","","","","","","1","","","","",""
"V9H4F","YSGOL PHARMACY LTD","","","YSGOL STREET","PORT TENNANT","","SWANSEA","","SA1 8LE","20091001","","","","","","","","","","","1","","","","",""
"V9J6X","DRAGON RETAIL 501 LIMITED","","","PRIORSLEE FARM LOCAL CENTRE","PRIORSLEE AVENUE","PRIORSLEE","TELFORD","","TF2 9NR","20250903","","","","","","","","","","","1","","","","",""
"V9M6M","LP SD TWENTY SEVEN LIMITED","","","196 HIGHAM HILL ROAD","WALTHAMSTOW","","LONDON","","E17 5RQ","20230719","","","","","","","","","","","1","","","","",""
"V9O4A","LP SD FORTY SEVEN LIMITED","","","29 DERBY STREET","HANLEY","","STOKE-ON-TRENT","","ST1 3LE","20230712","","","","","","","","","","","1","","","","",""
"V9O8R","DRAGON RETAIL 516 LIMITED","","","36 CORBETT AVENUE","","","DROITWICH","","WR9 7BE","20250903","","","","","","","","","","","1","","","","",""
"V9U9F","SANDFIELDS PHARMA LTD","","","187 WESTERN AVENUE","SANDFIELDS","","PORT TALBOT","","SA12 7NE","20230401","","","","","","","","","","","1","","","","",""
"V9X7Y","LP SD ONE HUNDRED FOUR LIMITED","","","TREVOL BUSINESS PARK","TREVOL ROAD","","TORPOINT","","PL11 2TB","20230927","","","","","","","","","","","1","","","","",""
"W0A4V","BYROM (SOUTH WALES) LTD","","","53 FONTYGARY ROAD","RHOOSE","","BARRY","","CF62 3DT","20091001","","","","","","","","","","","1","","","","",""
"W0A5W","PLANET HEALTH LTD","","","UNIT 4","THE SPIRES","DERINGWOOD PARADE","MAIDSTONE","","ME15 8XW","20230802","","","","","","","","","","","1","","","","",""
"W0A5Z","HEXHAM PHARMACY LIMITED","","","HEXHAM GENERAL HOSPITAL","CORBRIDGE ROAD","","HEXHAM","","NE46 1QJ","20230809","","","","","","","","","","","1","","","","",""
"W0D3U","WOLVERHAMPTON CLINIC LIMITED","","","UNIT 2","OAKTREE HOUSE","OAKTREE RISE","WOLVERHAMPTON","","WV8 1DT","20240221","","","","","","","","","","","1","","","","",""
"W0F2C","AP SD ONE LIMITED","","","3 BURNTWOOD TOWN SHOPPING CENTRE","CANNOCK ROAD","CHASE TERRACE","BURNTWOOD","","WS7 1JR","20260624","","","","","","","","","","","1","","","","",""
"W0H4Y","MBA PHARMA LTD","","","110-114 CHURCH LANE","HANDSWORTH","","BIRMINGHAM","","B20 2ES","20231018","","","","","","","","","","","1","","","","",""
"W0I4T","NORTHEAST IMAAN HEALTHCARE LTD","","","HEALTH CENTRE","LAWSON STREET","","STOCKTON-ON-TEES","","TS18 1HU","20241030","","","","","","","","","","","1","","","","",""
"W0K9E","SIDDIQUI ONLINE PHARMACY LIMITED","","","14 VICTORIA ROAD","ASTON","","BIRMINGHAM","","B6 5HA","20260708","","","","","","","","","","","1","","","","",""
"W0U0R","RA (CHALFONT) LTD","","","1 THE BROADWAY","MARKET PLACE","CHALFONT ST. PETER","GERRARDS CROSS","","SL9 9DX","20240124","","","","","","","","","","","1","","","","",""
"W0V4N","PHARMA E LTD","","","2A HIGH COURT","","","LEEDS","","LS2 7ES","20260325","","","","","","","","","","","1","","","","",""
"W0X6T","NHSR LIMITED","","","CROFT SHIFA HEALTH CENTRE","BELFIELD ROAD","","ROCHDALE","","OL16 2UP","20260121","","","","","","","","","","","1","","","","",""
"W1D6K","ALPHARM HEALTHCARE PLUMSTEAD LIMITED","","","116 PLUMSTEAD HIGH STREET","PLUMSTEAD","","LONDON","","SE18 1SJ","20240501","","","","","","","","","","","1","","","","",""
"W1G6H","SRM (ENGLAND) LTD","","","105 ST. GEORGES ROAD","KEMPTOWN","","BRIGHTON","","BN2 1EA","20241023","","","","","","","","","","","1","","","","",""
"W1K3L","OCI CONSULTING LTD","","","44 COMMERCIAL ROAD","","","NEWPORT","","NP20 2PE","20150126","","","","","","","","","","","1","","","","",""
"W1M1Z","AKRON HEALTHCARE LTD","","","140 DARTMOUTH AVENUE","","","WALSALL","","WS3 1SP","20220401","","","","","","","","","","","1","","","","",""
"W1O3N","PREMPHARM IV LIMITED","","","HIGH STREET","","","HENFIELD","","BN5 9DB","20230621","","","","","","","","","","","1","","","","",""
"W1R1C","CLOVER HEALTH LTD","","","182 WATERLOO ROAD","","","BLACKPOOL","","FY4 3AD","20230628","","","","","","","","","","","1","","","","",""
"W1U8T","GUNATIT PHARMA LTD","","","82 SEASIDE","","","EASTBOURNE","","BN22 7QP","20250618","","","","","","","","","","","1","","","","",""
"W1W9I","AIR BALLOON PHARMA LIMITED","","","THE AIR BALLOON SURGERY","KENN ROAD","ST.GEORGE","BRISTOL","","BS5 7PD","20260107","","","","","","","","","","","1","","","","",""
"W1Z7S","LEIGH PARK PHARMACY LIMITED","","","17 PARK PARADE","LEIGH PARK","","HAVANT","","PO9 5AA","20231018","","","","","","","","","","","1","","","","",""
"W2B5A","DRAGON RETAIL 541 LIMITED","","","1-2 THE MEWS","ST. OWEN STREET","","HEREFORD","","HR1 2JB","20250910","","","","","","","","","","","1","","","","",""
"W2V8A","AHMEYS LIMITED","","","THE OLD BARN","COKER CLOSE","","BICESTER","","OX26 6DR","20230705","20241222","","","","","","","","","","1","","","","",""
"W2W4V","SIMS PHARMA LIMITED","","","91 SNAPE HILL ROAD","DARFIELD","","BARNSLEY","","S73 9LR","20251022","","","","","","","","","","","1","","","","",""
"W3E6G","SPA CHEMIST LTD","","","24 HIGH STREET","","","BLAENAU FFESTINIOG","","LL41 3AA","20161121","","","","","","","","","","","1","","","","",""
"W3F3W","PILL POST LIMITED","","","UNIT 12","JOE POLES INDUSTRIAL ESTATE","CLAYCLIFFE ROAD","BARNSLEY","","S75 1HS","20240110","","","","","","","","","","","1","","","","",""
"W3F8F","FITPHARM LIMITED","","","32 CHERTSEY ROAD","CHOBHAM","","WOKING","","GU24 8PQ","20231206","","","","","","","","","","","1","","","","",""
"W3I0T","AUM PHARMA LIMITED","","","34 MARION CRESCENT","","","ORPINGTON","","BR5 2DD","20230802","","","","","","","","","","","1","","","","",""
"W3K3F","G&B HEALTHCARE LTD","","","15 ALDISS COURT","HIGH STREET","","DEREHAM","","NR19 1TS","20230920","","","","","","","","","","","1","","","","",""
"W3K4T","M.O.E PHARMA LTD","","","2-3 EWELL HOUSE PARADE","EPSOM ROAD","EWELL","EPSOM","","KT17 1NP","20260107","","","","","","","","","","","1","","","","",""
"W3M9Z","ALLESTREE HEALTHCARE LTD","","","504 DUFFIELD ROAD","ALLESTREE","","DERBY","","DE22 2DL","20210428","20220706","","","","","","","","","","1","","","","",""
"W3N6B","WEST WAY HEALTH LIMITED","","","128 WEST WAY","","","STAFFORD","","ST17 9YF","20240207","","","","","","","","","","","1","","","","",""
"W3Q3U","RM JONES (CHEMIST) LTD","","","7-8 HIGH TOWN","HAY-ON-WYE","","HEREFORD","","HR3 5AE","20140701","","","","","","","","","","","1","","","","",""
"W3R0M","AEMV HEALTHCARE SERVICES LTD","","","UNIT 6","BROUGH SHOPPING PARK","WELTON ROAD","BROUGH","","HU15 1AF","20230823","","","","","","","","","","","1","","","","",""
"W3S0P","BALMORAL HEALTH SOLUTIONS LTD","","","HEALTHY LIVING CENTRE","BALMORAL GARDENS","","GILLINGHAM","","ME7 4PN","20260401","","","","","","","","","","","1","","","","",""
"W3T9A","JG KEEN LTD","","","17 KESTREL ROAD","","","CHATHAM","","ME5 8TH","20230802","","","","","","","","","","","1","","","","",""
"W3Y1W","SELBY ROAD HEALTHCARE LTD","","","49 SELBY ROAD","","","LEEDS","","LS9 0EW","20251015","","","","","","","","","","","1","","","","",""
"W3Y3E","MEDICINES4U HEALTHCARE LTD","","","293 OLDHAM ROAD","","","ROCHDALE","","OL16 5JG","20251008","","","","","","","","","","","1","","","","",""
"W4A4J","THE PHARMA LEEDS LTD","","","7A STAINBURN PARADE","","","LEEDS","","LS17 6NA","20231122","","","","","","","","","","","1","","","","",""
"W4B5R","PHARMANIKS FIRST LIMITED","","","275-277 PRESTON ROAD","","","HARROW","","HA3 0PS","20230208","","","","","","","","","","","1","","","","",""
"W4F1N","KERNING LTD","","","5 WYATTS VIEW","ST. ANNES PARK","","BRISTOL","","BS4 4WW","20260107","","","","","","","","","","","1","","","","",""
"W4N8W","LP SD ONE HUNDRED TWENTY LIMITED","","","4 WELL CLOSE SQUARE","","","BERWICK-UPON-TWEED","","TD15 1LL","20230927","","","","","","","","","","","1","","","","",""
"W4P2B","GREAT HOLLANDS (2024) LTD","","","6 GREAT HOLLANDS SQUARE","GREAT HOLLANDS","","BRACKNELL","","RG12 8UX","20241009","","","","","","","","","","","1","","","","",""
"W4T5S","CARTERS GREEN CLINIC & BUSINESS CTR LTD","","","30 CARTERS GREEN","","","WEST BROMWICH","","B70 9LW","20210127","","","","","","","","","","","1","","","","",""
"W4U2Y","MILLSTREAM PHARMA LIMITED","","","MILLSTREAM MEDICAL CENTRE","MILLSTREAM HOUSE","AVON APPROACH","SALISBURY","","SP1 3SL","20240117","","","","","","","","","","","1","","","","",""
"W4V7D","PARKERS PHARM LIMITED","","","61 NORTH MOOR ROAD","HUNTINGTON","","YORK","","YO32 9QN","20221124","20240425","","","","","","","","","","1","","","","",""
"W5B0Z","LP SD ONE HUNDRED TWENTY SIX LIMITED","","","ST. CHADS SURGERY","GULLOCK TYNING","MIDSOMER NORTON","RADSTOCK","","BA3 2UH","20231018","","","","","","","","","","","1","","","","",""
"W5B8J","BEADLES PARADE LTD","","","7 BEADLES PARADE","RAINHAM ROAD SOUTH","","DAGENHAM","","RM10 8YL","20260415","","","","","","","","","","","1","","","","",""
"W5E0Q","YZH PHARMA LTD","","","UNIT 347-349","ST MELLONS SHOP CENTRE","CRICKHOWELL ROAD, ST MELLONS","CARDIFF","","CF3 0EF","20230901","","","","","","","","","","","1","","","","",""
"W5K9K","JDP VIRIDIAN APOTHECARY LIMITED","","","GLASTONBURY HOUSE","ABBOTS MANOR","WARWICK WAY, PIMLICO","LONDON","","SW1V 4NP","20241106","","","","","","","","","","","1","","","","",""
"W5M7J","EMMER GREEN (2024) LTD","","","5 CAVENDISH ROAD","EMMER GREEN","","READING","","RG4 8XU","20240814","","","","","","","","","","","1","","","","",""
"W5P8E","GAYATRI SERVICES LTD","","","1 VERDUN ROAD","BARNES","","LONDON","","SW13 9AN","20210630","","","","","","","","","","","1","","","","",""
"W5Z7D","GUARDIAN STREET HEALTHCARE LTD","","","GUARDIAN STREET","","","WARRINGTON","","WA5 1UP","20251008","","","","","","","","","","","1","","","","",""
"W6A7X","MEDICOMP UK LIMITED","","","90 SHACKERDALE ROAD","WEST KNIGHTON","","LEICESTER","","LE2 6HS","20221207","","","","","","","","","","","1","","","","",""
"W6K0N","THORPE HEALTHCARE LTD","","","MAIDSHEAD PARADE","HIGH STREET","THORPE-LE-SOKEN","CLACTON-ON-SEA","","CO16 0DY","20220615","","","","","","","","","","","1","","","","",""
"W6L8P","LP SD SEVENTEEN LIMITED","","","RUSHALL MEDICAL CENTRE","107 LICHFIELD ROAD","RUSHALL","WALSALL","","WS4 1HB","20230712","","","","","","","","","","","1","","","","",""
"W6M1K","HARWOOD DISPENSARY LTD","","","HARWOOD MEDICAL CENTRE","HOUGH FOLD WAY","","BOLTON","","BL2 3HQ","20220216","","","","","","","","","","","1","","","","",""
"W6X1Y","EASTON DAY NIGHT HEALTHCARE LIMITED","","","LAWRENCE HILL HEALTH CENTRE","HASSELL DRIVE","EASTON","BRISTOL","","BS2 0AN","20221109","","","","","","","","","","","1","","","","",""
"W7B4T","PEEL ST HEALTHCARE LTD","","","13-17 PEEL STREET","","","ACCRINGTON","","BB5 1EA","20211208","","","","","","","","","","","1","","","","",""
"W7I5Y","DRAGON RETAIL 720 LIMITED","","","36 BRIDGE STREET","SEATON BURN","","NEWCASTLE UPON TYNE","","NE13 6EN","20260610","","","","","","","","","","","1","","","","",""
"W7J9Y","MEDIPHARMA SOLUTIONS LIMITED","","","314 BEACONVIEW ROAD","CHARLEMONT FARM ESTATE","","WEST BROMWICH","","B71 3NX","20250423","","","","","","","","","","","1","","","","",""
"W7K0N","CARLOW PHARMA LIMITED","","","74 LONG STREET","MIDDLETON","","MANCHESTER","","M24 6DN","20260923","","","","","","","","","","","1","","","","",""
"W7S0H","REX PHARMA LTD","","","64 HIGH STREET","MALTBY","","ROTHERHAM","","S66 8LA","20240605","","","","","","","","","","","1","","","","",""
"W7S3Q","WYL ENTERPRISES LTD","","","HOME GROUND SURGERY","THAMES AVENUE","","SWINDON","","SN25 1QQ","20220921","","","","","","","","","","","1","","","","",""
"W7W7A","ANE HEALTHCARE LTD","","","3 PYTCHLEY COURT","","","CORBY","","NN17 2QD","20251112","","","","","","","","","","","1","","","","",""
"W8D8M","CAERWYS PHARMACY PRACTICE LTD","","","BELL HOUSE","NORTH STREET","CAERWYS","MOLD","","CH7 5AN","20091001","","","","","","","","","","","1","","","","",""
"W8D9T","MOUNT HEALTHCARE LTD","","","67B PURLWELL LANE","","","BATLEY","","WF17 7QF","20210707","","","","","","","","","","","1","","","","",""
"W8E4U","ROUTE1 PHARMA LIMITED","","","20 QUEENS SQUARE","","","HIGH WYCOMBE","","HP11 2DF","20210602","","","","","","","","","","","1","","","","",""
"W8H6A","AP SD SIXTY LIMITED","","","184 SCHOOL ROAD","HALL GREEN","","BIRMINGHAM","","B28 8PA","20260527","","","","","","","","","","","1","","","","",""
"W8N7M","ALFA MEDICS LIMITED","","","172 UPPER ELMERS END ROAD","","","BECKENHAM","","BR3 3DY","20221109","","","","","","","","","","","1","","","","",""
"W8Q4W","CHAKAR PHARMACEUTICAL LTD","","","97-98 ST. JUDES ROAD","ENGLEFIELD GREEN","","EGHAM","","TW20 0DF","20241002","","","","","","","","","","","1","","","","",""
"W8S0F","IDLE BRADFORD LIMITED","","","7 THE GREEN","","","BRADFORD","","BD10 9PT","20260401","","","","","","","","","","","1","","","","",""
"W8S4K","S B CARR LTD","","","LONDON ROAD","VALLEY","","HOLYHEAD","","LL65 3DP","20091001","","","","","","","","","","","1","","","","",""
"W8Z1W","AP SD SEVENTY ONE LIMITED","","","88 FROME ROAD","ODD DOWN","","BATH","","BA2 2PP","20260316","","","","","","","","","","","1","","","","",""
"W9F6H","DRAGON RETAIL 543 LIMITED","","","46 HIGH STREET","THRAPSTON","","KETTERING","","NN14 4JH","20260415","","","","","","","","","","","1","","","","",""
"W9I0X","LIFE CONCESSION LTD","","","400 OXFORD STREET","","","LONDON","","W1A 1AB","20240710","","","","","","","","","","","1","","","","",""
"W9X2O","EAMA HEALTH LIMITED","","","238 STOCKPORT ROAD","TIMPERLEY","","ALTRINCHAM","","WA15 7UN","20250122","","","","","","","","","","","1","","","","",""
"W9X3I","GROVE GREEN HEALTHCARE LTD","","","340 GROVE GREEN ROAD","LEYTONSTONE","","LONDON","","E11 4EA","20230125","20240328","","","","","","","","","","1","","","","",""
"X0B4K","AP SD ELEVEN LIMITED","","","2 STANHOPE SQUARE","","","HOLSWORTHY","","EX22 6DR","20260127","","","","","","","","","","","1","","","","",""
"X0D6M","A R & H DAVIES LTD","","","4 KINGS ROAD","","","LLANDOVERY","","SA20 0AW","20101001","","","","","","","","","","","1","","","","",""
"X0E8C","DELTA HEALTHCARE SERVICES LTD","","","151 TETTENHALL ROAD","","","WOLVERHAMPTON","","WV3 9NJ","20241204","","","","","","","","","","","1","","","","",""
"X0F1U","D&B HEALTHCARE LTD","","","OFFICE 3","HILLCROFT BUSINESS PARK","WHISBY ROAD","LINCOLN","","LN6 3QJ","20201021","20260807","","","","","","","","","","1","","","","",""
"X0K0Q","AP SD SEVENTY FOUR LIMITED","","","RICHFORD GATE HEALTH CENTRE","RICHFORD GATE","RICHFORD STREET","LONDON","","W6 7HY","20260701","","","","","","","","","","","1","","","","",""
"X0O4B","AAW PHARMA LIMITED","","","251 BRANSTON ROAD","","","BURTON-ON-TRENT","","DE14 3BT","20240103","","","","","","","","","","","1","","","","",""
"X0U6M","ASCENT (COALVILLE) LTD","","","WHITWICK SURGERY SITE","WHITWICK ROAD","","COALVILLE","","LE67 3FA","20230920","","","","","","","","","","","1","","","","",""
"X0Z8T","PHARMA CHOICE ASPLEY LTD","","","412-414 BROXTOWE LANE","","","NOTTINGHAM","","NG8 5ND","20260218","","","","","","","","","","","1","","","","",""
"X1M6D","OUR HEALTH PHARMA LTD","","","71 ST TEILO STREET","PONTARDDULAIS","","SWANSEA","","SA4 8SS","20200801","","","","","","","","","","","1","","","","",""
"X1N7A","CODA HEALTH LIMITED","","","UNIT 15","WESTHAM BUSINESS PARK","EASTBOURNE ROAD","PEVENSEY","","BN24 5NP","20221123","","","","","","","","","","","1","","","","",""
"X1S9W","MEDS ONLINE LTD","","","79A TRINITY STREET","","","HUDDERSFIELD","","HD1 4DN","20260218","","","","","","","","","","","1","","","","",""
"X1U9R","MEDINEX HEALTH LIMITED","","","11B MARKET STREET","MILNSBRIDGE","","HUDDERSFIELD","","HD3 4ND","20260720","","","","","","","","","","","1","","","","",""
"X2B5R","RENNER UJONSON LTD","","","MEDICAL HALL","18 GLANDOVEY TERRACE","","ABERDOVEY","","LL35 0EB","20211201","","","","","","","","","","","1","","","","",""
"X2B8P","LAURELS HEALTHCARE LTD","","","SHOP 3","CLARKS HAY","SOUTH CERNEY","CIRENCESTER","","GL7 5UA","20250319","20260415","","","","","","","","","","1","","","","",""
"X2C9X","BLAKEBERRY PHARMA LIMITED","","","96 HIGH STREET SOUTH","EAST HAM","","LONDON","","E6 3RL","20260715","","","","","","","","","","","1","","","","",""
"X2K8M","BLOOMFIELD ROAD HEALTHCARE LIMITED","","","93-99 BLOOMFIELD ROAD","","","BLACKPOOL","","FY1 6JN","20241002","","","","","","","","","","","1","","","","",""
"X2P1I","MYOP SERVICES LTD","","","UNIT 2 SUITE 6 Q ESTATE","1487 MELTON ROAD","QUENIBOROUGH","LEICESTER","","LE7 3FP","20220921","","","","","","","","","","","1","","","","",""
"X3A0I","BENSON (2024) LTD","","","23 HIGH STREET","BENSON","","WALLINGFORD","","OX10 6RP","20240904","","","","","","","","","","","1","","","","",""
"X3A6O","NET PHARM LTD","","","28 QUEEN STREET","","","MARKET RASEN","","LN8 3EH","20240529","","","","","","","","","","","1","","","","",""
"X3G3J","WEYMOUTH PHARMA LTD","","","26 ABBOTSBURY ROAD","WESTHAM","","WEYMOUTH","","DT4 0AE","20230412","","","","","","","","","","","1","","","","",""
"X3J9D","MWP MORLEY LTD","","","FOUNTAIN MEDICAL CENTRE","LITTLE FOUNTAIN STREET","MORLEY","LEEDS","","LS27 9EN","20260617","","","","","","","","","","","1","","","","",""
"X3M3E","PHARMAIQBAL LTD","","","14 SWAN LANE","","","BOLTON","","BL3 6TL","20251029","","","","","","","","","","","1","","","","",""
"X3N4J","GALEXA2020 LTD","","","61 ANNESLEY ROAD","HUCKNALL","","NOTTINGHAM","","NG15 7DR","20201216","","","","","","","","","","","1","","","","",""
"X3P2S","SIKDAR MEDICAL LTD","","","3 WELLESLEY PARADE","WELLESLEY ROAD","STRAWBERRY HILL","TWICKENHAM","","TW2 5SQ","20210609","","","","","","","","","","","1","","","","",""
"X3X9H","PHARMCARE HEALTHCARE LTD","","","SPRINGBANK COMMUNITY RESOURCE CTR","SPRINGBANK WAY","","CHELTENHAM","","GL51 0LH","20231115","","","","","","","","","","","1","","","","",""
"X3Z6R","DARLINGTON HEALTHCARE LIMITED","","","8 TILLAGE GREEN","","","DARLINGTON","","DL2 2GL","20230830","","","","","","","","","","","1","","","","",""
"X4A8I","RBMPH LIMITED","","","UNIT 9","BUSHMEAD SHOPPING CENTRE","HANCOCK DRIVE","LUTON","","LU2 7SF","20230614","","","","","","","","","","","1","","","","",""
"X4E7D","IBN SINA LTD","","","21 BRECKNOCK ROAD","","","LONDON","","N7 0BL","20240214","","","","","","","","","","","1","","","","",""
"X4H3I","DRAGON RETAIL 519 LIMITED","","","25 HIGH STREET","EDWINSTOWE","","MANSFIELD","","NG21 9QP","20260506","","","","","","","","","","","1","","","","",""
"X4J2D","MOUNTFITCHET PARTNERS LIMITED","","","2 LOWER STREET","","","STANSTED","","CM24 8XG","20231004","","","","","","","","","","","1","","","","",""
"X4J9Y","ARMLEY ENTERPRISES LTD","","","62 ARMLEY RIDGE ROAD","","","LEEDS","","LS12 3NP","20240920","","","","","","","","","","","1","","","","",""
"X4Q6R","GOLDERS GREEN PHARMACY LIMITED","","","98 FRANCIS ROAD","LEYTON","","LONDON","","E10 6PP","20210505","","","","","","","","","","","1","","","","",""
"X5G7K","MIAH R LTD","","","54 CLARE ROAD","","","CARDIFF","","CF11 6RT","20210316","","","","","","","","","","","1","","","","",""
"X5J4M","BEMSIZE HEALTHCARE LIMITED","","","41 HIGH STREET","WALTHAM","","GRIMSBY","","DN37 0LJ","20240814","","","","","","","","","","","1","","","","",""
"X5N4A","D&M HEALTH CONTRACTS LIMITED","","","1ST AND 2ND FLOOR","15 BATH STREET","","ILKESTON","","DE7 8AH","20210512","20240630","","","","","","","","","","1","","","","",""
"X5P5F","PHARMACY @ HOME LTD","","","32 OAKWOOD GARDENS","","","GATESHEAD","","NE11 0DE","20240320","20250602","","","","","","","","","","1","","","","",""
"X5Q3C","WEELSBY VIEW PHARMACY LTD","","","WEELSBY VIEW HEALTH CENTRE","LADYSMITH ROAD","","GRIMSBY","","DN32 9SW","20211222","","","","","","","","","","","1","","","","",""
"X5Q7R","CENTRAL PHARMACLINICS LIMITED","","","225 WEST END LANE","","","LONDON","","NW6 1XJ","20230322","","","","","","","","","","","1","","","","",""
"X5R8E","LLANHARAN PHARMACY LTD","","","3 THE SQUARE","LLANHARAN","","PONTYCLUN","","CF72 9NR","20091001","","","","","","","","","","","1","","","","",""
"X5R9U","LP SD EIGHTY NINE LIMITED","","","WAITROSE STORE","HONEYBOURNE WAY","","CHELTENHAM","","GL50 3QW","20230920","","","","","","","","","","","1","","","","",""
"X5X9J","NIGHTINGALE HOMECARE SERVICES LIMITED","","","UNIT 45 CARDIFF BUSINESS PARK","LAMBOURNE CRESCENT","LLANISHEN","CARDIFF","","CF14 5GG","20260624","","","","","","","","","","","1","","","","",""
"X5Z5Q","MEDISHARE DSP LTD","","","14 COLEBROOK INDUSTRIAL ESTATE","LONGFIELD ROAD","","TUNBRIDGE WELLS","","TN2 3DG","20260708","","","","","","","","","","","1","","","","",""
"X6A2Z","PLEASLEY PHARMACY LIMITED","","","65 MERE GREEN ROAD","","","SUTTON COLDFIELD","","B75 5BY","20260311","","","","","","","","","","","1","","","","",""
"X6B4G","BARONS PHARMACY LIMITED","","","217 COULSDON ROAD","","","COULSDON","","CR5 1EN","20220928","","","","","","","","","","","1","","","","",""
"X6F2O","ELLOUGHTON PHARM LTD","","","63 MAIN STREET","ELLOUGHTON","","BROUGH","","HU15 1HU","20250319","","","","","","","","","","","1","","","","",""
"X6J3T","PHARMCARE PLUS LTD","","","SUMMERFIELD ROAD","THORPE EDGE","","BRADFORD","","BD10 8DP","20260729","","","","","","","","","","","1","","","","",""
"X6J5M","SYNERGY RX LIMITED","","","99 ROWNHAMS ROAD","MAYBUSH","","SOUTHAMPTON","","SO16 5EB","20250319","20260418","","","","","","","","","","1","","","","",""
"X6Q9W","TENNYSON HEALTHCARE LIMITED","","","157 HALLGATE","","","COTTINGHAM","","HU16 4BB","20250919","","","","","","","","","","","1","","","","",""
"X6V8N","CAERAU PHARMA LTD","","","178 CAERAU ROAD","","","MAESTEG","","CF34 0PD","20190601","","","","","","","","","","","1","","","","",""
"X6V8T","ABP (WELLCARE) LIMITED","","","321 KENTISH TOWN ROAD","CAMDEN","","LONDON","","NW5 2TJ","20240124","","","","","","","","","","","1","","","","",""
"X7E7V","ETHEL ROAD HEALTHCARE LTD","","","174 ETHEL ROAD","","","LEICESTER","","LE5 4WE","20260429","","","","","","","","","","","1","","","","",""
"X7F1N","DRAGON RETAIL 538 LIMITED","","","13 SHEFFIELD ROAD","SOUTH ANSTON","","SHEFFIELD","","S25 5DT","20250910","","","","","","","","","","","1","","","","",""
"X7N5S","UNITED HEALTHCARE 4U LTD","","","UNIT 2","WOODHOUSE STATION GATEWAY CENTRE","SIGNAL WAY","MANSFIELD","","NG19 9QH","20221026","","","","","","","","","","","1","","","","",""
"X7O0O","DIEZ UK LIMITED","","","HUMBERSTONE MEDICAL CENTRE","150 WYCOMBE ROAD","","LEICESTER","","LE5 0PR","20220105","","","","","","","","","","","1","","","","",""
"X7S8V","ROSHBAN HEALTHCARE LIMITED","","","67 NEW ROAD","NETLEY ABBEY","","SOUTHAMPTON","","SO31 5BN","20211013","20240221","","","","","","","","","","1","","","","",""
"X7Y9Y","MY RS PHARMA LTD","","","267 CHINGFORD MOUNT ROAD","SOUTH CHINGFORD","","LONDON","","E4 8LP","20250129","","","","","","","","","","","1","","","","",""
"X7Z7K","AP SD THIRTY NINE LIMITED","","","BEACON MEDICAL CENTRE","SEDEMUDA ROAD","","SIDMOUTH","","EX10 9YA","20260311","","","","","","","","","","","1","","","","",""
"X8I5M","DRAGON RETAIL 710 LIMITED","","","3 WEST ROAD","ANNFIELD PLAIN","","STANLEY","","DH9 7XA","20250709","","","","","","","","","","","1","","","","",""
"X8T9O","HAMILTON PORTMAN LIMITED","","","7 LOSTOCK PLACE","","","DIDCOT","","OX11 7XT","20221109","","","","","","","","","","","1","","","","",""
"X8U5G","AP SD FOUR LIMITED","","","21 HIGH STREET","","","ILFRACOMBE","","EX34 9DA","20260127","","","","","","","","","","","1","","","","",""
"X9B4Z","GABVIC PHARM LTD","","","5 PRIORSWOOD PLACE","","","TAUNTON","","TA2 7JW","20240807","","","","","","","","","","","1","","","","",""
"X9B8S","MORRISTON PHARM LTD","","","3 PENTREPOETH ROAD","MORRISTON","","SWANSEA","","SA6 6AA","20160901","20250131","","","","","","","","","","1","","","","",""
"X9C2R","STOPSLEY (2024) LTD","","","613 HITCHIN ROAD","","","LUTON","","LU2 7UP","20241106","","","","","","","","","","","1","","","","",""
"X9G1Y","HPWC LIMITED","","","17 LEE LANE","HORWICH","","BOLTON","","BL6 7BP","20250423","","","","","","","","","","","1","","","","",""
"X9L1W","LP SD NINE LIMITED","","","ABBEY VIEW MEDICAL CENTRE","SALISBURY ROAD","","SHAFTESBURY","","SP7 8DH","20230712","","","","","","","","","","","1","","","","",""
"X9P8W","TOP PHARM LTD","","","HIGHFIELD CLINIC","WATERLOO ROAD","HADLEY HOLLOW","TELFORD","","TF1 5NX","20240214","","","","","","","","","","","1","","","","",""
"X9R3F","PILL ROOM LTD","","","13B MAIN STREET","WHITTINGTON","","LICHFIELD","","WS14 9JU","20240313","","","","","","","","","","","1","","","","",""
"Y0A0C","CHEMIST4U","","","34A-37A GREENHEY PLACE","","","SKELMERSDALE","","WN8 9SA","20221001","","","","","","","","","","","1","","","","",""
"Y0B7W","IRLAM HEALTHCARE LTD","","","GROUND FLOOR","544 LIVERPOOL ROAD","IRLAM","MANCHESTER","","M44 6AJ","20231122","","","","","","","","","","","1","","","","",""
"Y0D5N","JASNEY LIMITED","","","HORSMANS PLACE SURGERY","INSTONE ROAD","","DARTFORD","","DA1 2JP","20231108","","","","","","","","","","","1","","","","",""
"Y0F4I","DARWEN HEALTHCARE LTD","","","11 CHURCH STREET","","","DARWEN","","BB3 2RE","20211222","","","","","","","","","","","1","","","","",""
"Y0G1N","APEX HEALTHCARE GROUP LIMITED","","","90 WHALLEY ROAD","READ","","BURNLEY","","BB12 7PN","20230104","","","","","","","","","","","1","","","","",""
"Y0I5L","CASPIAN HEALTH LIMITED","","","CEDAR CRESCENT","BURNOPFIELD","","NEWCASTLE UPON TYNE","","NE16 6HU","20251112","","","","","","","","","","","1","","","","",""
"Y0J8V","LOOE PHARMACY LIMITED","","","FORE STREET","EAST LOOE","","LOOE","","PL13 1DT","20240814","","","","","","","","","","","1","","","","",""
"Y0L4O","PHARMACY2U LIMITED","","","17 WADSWORTH ROAD","PERIVALE","","GREENFORD","","UB6 7JD","20241016","20251105","","","","","","","","","","1","","","","",""
"Y0P2T","MIDDLETON HEALTHCARE LIMITED","","","1 BELLE VUE TERRACE","MIDDLETON ST. GEORGE","","DARLINGTON","","DL2 1BN","20240528","","","","","","","","","","","1","","","","",""
"Y0W5Q","SIMPLYPHARMACO LTD","","","32 PICKFORD LANE","","","BEXLEYHEATH","","DA7 4QW","20230531","","","","","","","","","","","1","","","","",""
"Y0X6D","ALKRINGTON PHARM LTD","","","199 KIRKWAY","MIDDLETON","","MANCHESTER","","M24 1LW","20230531","","","","","","","","","","","1","","","","",""
"Y1I0R","CROSSHANDS RETAIL LTD","","","6 LLANDEILO ROAD","CROSS HANDS","","LLANELLI","","SA14 6NA","20190301","","","","","","","","","","","1","","","","",""
"Y1L1D","LP SD FORTY SIX LIMITED","","","22-23 TEANLOWE CENTRE","","","POULTON-LE-FYLDE","","FY6 7DF","20230719","","","","","","","","","","","1","","","","",""
"Y1P1O","NSB HEALTHCARE LIMITED","","","121 CHESTER ROAD","STREETLY","","SUTTON COLDFIELD","","B74 2HE","20221116","","","","","","","","","","","1","","","","",""
"Y1P9G","SINAMED LIMITED","","","91-93 CHURCH STREET","","","LONDON","","NW8 8EU","20260722","","","","","","","","","","","1","","","","",""
"Y1R4Y","SPINOFF LIMITED","","","UNIT 1","STERLING HOUSE","2 BRIDGE ROAD","MIDDLESBROUGH","","TS9 5AA","20250611","","","","","","","","","","","1","","","","",""
"Y1Z1T","LP SD NINETY SEVEN LIMITED","","","446 KINSON ROAD","KINSON","","BOURNEMOUTH","","BH10 5EY","20230927","","","","","","","","","","","1","","","","",""
"Y2B7X","ANNE WILLIAMS","","","22 COWBRIDGE ROAD","","","PONTYCLUN","","CF72 9EE","20110801","","","","","","","","","","","1","","","","",""
"Y2C2B","WELLFIELD BARLOW LTD","","","NHS CLINIC","828 WILMSLOW ROAD","DIDSBURY","MANCHESTER","","M20 2RN","20230208","","","","","","","","","","","1","","","","",""
"Y2I1I","DARO HEALTHCARE LTD","","","57 BURRAGE PLACE","PLUMSTEAD","","LONDON","","SE18 7BE","20250507","","","","","","","","","","","1","","","","",""
"Y2M8V","MERCIA HEALTHCARE SERVICES LIMITED","","","28 HIGH STREET","","","PERSHORE","","WR10 1BG","20240605","","","","","","","","","","","1","","","","",""
"Y2O7P","PHARMACY PLUS LIMITED","","","56-58 HIGHER HILLGATE","","","STOCKPORT","","SK1 3PZ","20230503","","","","","","","","","","","1","","","","",""
"Y2P8P","SABAR PHARMA LTD","","","334 GREAT CLOWES STREET","","","SALFORD","","M7 2FT","20260624","","","","","","","","","","","1","","","","",""
"Y2T3W","GRABSTORE LTD","","","203 HILDAVILLE DRIVE","","","WESTCLIFF-ON-SEA","","SS0 9RP","20260729","","","","","","","","","","","1","","","","",""
"Y2W5J","SAIFEE HEALTHCARE LIMITED","","","UNIT 1A CROMPTON BUILDING","WRITTLE ROAD","","CHELMSFORD","","CM1 3RW","20201125","20230816","","","","","","","","","","1","","","","",""
"Y3H0K","MOHAMMED MAHMUD ALAM","","","127 BRADFORD ROAD","","","SHIPLEY","","BD18 3TB","20201214","","","","","","","","","","","1","","","","",""
"Y3L4E","AP SD EIGHTY LIMITED","","","WAITROSE STORE","HARBOUR ROAD","PORTISHEAD","BRISTOL","","BS20 7DE","20260407","","","","","","","","","","","1","","","","",""
"Y3O4Z","DRAGON RETAIL 718 LIMITED","","","42 PARK VIEW","WIDEOPEN","","NEWCASTLE UPON TYNE","","NE13 6LH","20260603","","","","","","","","","","","1","","","","",""
"Y3P3M","PHARMACONNECT ONLINE LTD","","","4 BEARE GREEN COURT","BEARE GREEN","","DORKING","","RH5 4SL","20250305","","","","","","","","","","","1","","","","",""
"Y3P4U","PALLION HEALTHCARE LTD","","","PALLION HEALTH CENTRE","HYLTON ROAD","","SUNDERLAND","","SR4 7XA","20220831","","","","","","","","","","","1","","","","",""
"Y3R2V","D.R. CECIL JONES & SON LTD","","","CELTIC HOUSE","CAXTON PLACE","","CARDIFF","","CF23 8HA","20190508","","","","","","","","","","","1","","","","",""
"Y3U2Q","MODHA PHARMA LIMITED","","","7 HIGH STREET","","","BROMLEY","","BR1 1LF","20250129","","","","","","","","","","","1","","","","",""
"Y3V6B","LOQUAT PHARMA LTD","","","OAK HOUSE","400 ALAN TURING WAY","","MANCHESTER","","M11 3BE","20230913","","","","","","","","","","","1","","","","",""
"Y3W9H","ABDIRAHMAN HASSAN","","","36 COWLEY ROAD","LITTLEMORE","","OXFORD","","OX4 4LD","20260729","","","","","","","","","","","1","","","","",""
"Y3W9Z","AP SD SIXTY FIVE LIMITED","","","3 LOYD COURT","63 RUSSET DRIVE","","ST. ALBANS","","AL4 0AZ","20260415","","","","","","","","","","","1","","","","",""
"Y4I7D","BEPHARM LTD","","","82 HARLEY STREET","","","LONDON","","W1G 7HN","20251105","","","","","","","","","","","1","","","","",""
"Y4I9Y","WINNING ESH TRADING LIMITED","","","1 NEWHOUSE ROAD","ESH WINNING","","DURHAM","","DH7 9JU","20220504","","","","","","","","","","","1","","","","",""
"Y4M3H","CLARE HEALTHCARE LIMITED","","","7 BESSELSLEIGH ROAD","WOOTTON","","ABINGDON","","OX13 6DN","20200930","","","","","","","","","","","1","","","","",""
"Y4O1V","FABB PHARMA LTD","","","20 STATION ROAD","HUNCOAT","","ACCRINGTON","","BB5 6LS","20240103","","","","","","","","","","","1","","","","",""
"Y4S2T","BOWLAND ROAD PHARM LIMITED","","","52 BOWLAND ROAD","BAGULEY","","MANCHESTER","","M23 1JX","20230614","20250910","","","","","","","","","","1","","","","",""
"Y4T0Z","JIWA PHARM LTD","","","41 HALEWOOD AVENUE","KENTON SHOPPING CENTRE","KENTON","NEWCASTLE UPON TYNE","","NE3 3RX","20260706","","","","","","","","","","","1","","","","",""
"Y4Y9W","FENIXHEALTHCARE LTD","","","115-117 BLABY ROAD","","","WIGSTON","","LE18 4PB","20231101","","","","","","","","","","","1","","","","",""
"Y5H7D","DE VERE PHARMA LTD","","","UNIT 2","131-143 BELSIZE ROAD","","LONDON","","NW6 4BR","20260429","","","","","","","","","","","1","","","","",""
"Y5J0K","THE PHARMACY GROUP CORPORATION LTD","","","8 MANOR ROAD","","","LEEDS","","LS11 9AH","20230111","","","","","","","","","","","1","","","","",""
"Y5K6H","PHARMPLUS (DEVEREUX) LTD","","","THE DEVEREUX CENTRE","BARTON ROAD","","TEWKESBURY","","GL20 5GJ","20260107","","","","","","","","","","","1","","","","",""
"Y5L6E","LITTLEOVER HEALTHCARE UK LTD","","","562 BURTON ROAD","LITTLEOVER","","DERBY","","DE23 6DF","20201111","","","","","","","","","","","1","","","","",""
"Y5N8C","B & R PHARMA LIMITED","","","56 ST. ALBANS ROAD","","","LYTHAM ST. ANNES","","FY8 1TH","20250226","","","","","","","","","","","1","","","","",""
"Y5S3U","HAYESCAMBER LIMITED","","","13 CAMBERWELL CHURCH STREET","","","LONDON","","SE5 8TR","20240612","","","","","","","","","","","1","","","","",""
"Y5U6M","SHAGUN HOLDINGS LTD","","","140 HIGH STREET","","","TONBRIDGE","","TN9 1BB","20260211","","","","","","","","","","","1","","","","",""
"Y5W5L","PHARMACHEM LIMITED","","","57 ST. GEORGES AVENUE","","","SHEERNESS","","ME12 1QU","20240508","","","","","","","","","","","1","","","","",""
"Y5W8T","SPRING HILL PHARMA LIMITED","","","408 COVENTRY ROAD","SMALL HEATH","","BIRMINGHAM","","B10 0UF","20251203","","","","","","","","","","","1","","","","",""
"Y5Y9Z","ST GEORGES HEALTHCARE LIMITED","","","46 ST. GEORGES ROAD","","","LONDON","","SE1 6ET","20240207","","","","","","","","","","","1","","","","",""
"Y6A3F","SUPER BLESSINGS LTD","","","12-13 PRENTICE PLACE","","","HARLOW","","CM17 9BG","20230802","","","","","","","","","","","1","","","","",""
"Y6A8M","PENTYRCH PHARMACY LTD","","","CHURCHGATE HOUSE","3 CHURCH ROAD","WHITCHURCH","CARDIFF","","CF14 2DX","20140401","","","","","","","","","","","1","","","","",""
"Y6D4A","FOUR GATES GROUP LIMITED","","","262 FINNEY LANE","HEALD GREEN","","CHEADLE","","SK8 3QD","20240904","","","","","","","","","","","1","","","","",""
"Y6I2F","WELLFIELD PORTERBROOK LTD","","","7 SUNDERLAND STREET","","","SHEFFIELD","","S11 8HN","20230118","","","","","","","","","","","1","","","","",""
"Y6J2W","D J MITCHELL LIMITED","","","5-7 KINGSTON ROAD","WILLERBY","","HULL","","HU10 6AD","20240320","20260302","","","","","","","","","","1","","","","",""
"Y6K4H","DRAGON RETAIL 563 LIMITED","","","17 NEWPORT ROAD","","","CALDICOT","","NP26 4BG","20250702","","","","","","","","","","","1","","","","",""
"Y6Q5C","A & H PHARMA LTD","","","159 FELIXSTOWE ROAD","","","IPSWICH","","IP3 8EB","20220907","","","","","","","","","","","1","","","","",""
"Y7A8U","KIANI HEALTHCARE LTD","","","3 SHIELD STREET","ALLENDALE","","HEXHAM","","NE47 9BP","20220427","","","","","","","","","","","1","","","","",""
"Y7P0A","SUNDERLAND HEALTHCARE LIMITED","","","MILLFIELD","MILL STREET","","SUNDERLAND","","SR4 7BG","20230823","","","","","","","","","","","1","","","","",""
"Y7Z3M","SANJIVANI LTD","","","43 SHAD THAMES","","","LONDON","","SE1 2NJ","20250219","","","","","","","","","","","1","","","","",""
"Y7Z8Z","ARROW PHARMACARE LTD","","","192 BEXLEY ROAD","","","LONDON","","SE9 2PH","20231011","","","","","","","","","","","1","","","","",""
"Y8B6V","OLIVE PHARMA LIMITED","","","48 ASHBOURNE ROAD","INGROW","","KEIGHLEY","","BD21 1LA","20210203","","","","","","","","","","","1","","","","",""
"Y8G8T","KSP PHARMA LTD","","","188 NEW ROAD","CROXLEY GREEN","","RICKMANSWORTH","","WD3 3HD","20240605","","","","","","","","","","","1","","","","",""
"Y8J4V","WILKINS MEDICAL SUPPLIES LTD","","","BIDEFORD MEDICAL CENTRE","ABBOTSHAM ROAD","","BIDEFORD","","EX39 3AF","20210414","","","","","","","","","","","1","","","","",""
"Y8K7F","LP SD ONE HUNDRED THIRTEEN LIMITED","","","13 WINDSOR DRIVE","","","ORPINGTON","","BR6 6EY","20230927","","","","","","","","","","","1","","","","",""
"Y8L7J","WATERFOOT MEDICAL LTD","","","9 VICTORIA PARADE","","","ROSSENDALE","","BB4 9AB","20251112","","","","","","","","","","","1","","","","",""
"Y8M2V","TFR PHARMA LTD","","","31 MAIN STREET","","","PEMBROKE","","SA71 4JS","20150501","","","","","","","","","","","1","","","","",""
"Y8W5H","CHESTNUT HEALTHCARE LIMITED","","","5-6 HALESOWEN ROAD","","","HALESOWEN","","B62 9AA","20240214","20250602","","","","","","","","","","1","","","","",""
"Y9A3X","PULSECURE LTD","","","69 ST. JAMES'S STREET","WALTHAMSTOW","","LONDON","","E17 7PN","20241106","","","","","","","","","","","1","","","","",""
"Y9H2C","GERALD PAUL NOOTT","","","6 GLEBELANDS","JOHNSTON","","HAVERFORDWEST","","SA62 3PN","20091001","","","","","","","","","","","1","","","","",""
"Y9M0E","HOW PHARM LTD","","","HEALTH CENTRE","FFOS ROAD","","LLANWRTYD WELLS","","LD5 4RG","20210501","","","","","","","","","","","1","","","","",""
"Y9Q6A","R & A NAGRA LTD","","","7 ANSTICE SQUARE","MADELEY","","TELFORD","","TF7 5BD","20250212","20260329","","","","","","","","","","1","","","","",""
"Y9Q7R","OPTIMUM EX LTD","","","GROUND FLOOR 1 HILLCREST","OCKENDEN LANE","CUCKFIELD","HAYWARDS HEATH","","RH17 5LD","20260107","","","","","","","","","","","1","","","","",""
"Y9U0J","VELVET HEALTHCARE LTD","","","UNIT 1","OAK TREE BUSINESS PARK","PHILIP FORD WAY","WYMONDHAM","","NR18 9AQ","20220831","","","","","","","","","","","1","","","","",""
"Z0C5M","THEONLINECHEMIST.UK LTD","","","REG 122","REGAL COURT","42-44 HIGH STREET","SLOUGH","","SL1 1EL","20251008","","","","","","","","","","","1","","","","",""
"Z0D5V","LONGSTANTON & NORTHSTOWE HEALTHCARE LTD","","","CHADBURN CENTRE","PASTON","","PETERBOROUGH","","PE4 7DG","20251015","","","","","","","","","","","1","","","","",""
"Z0F9Z","LP SD THIRTY NINE LIMITED","","","PEASE WAY MEDICAL CENTRE","2 PEASE WAY","","NEWTON AYCLIFFE","","DL5 5NH","20230726","","","","","","","","","","","1","","","","",""
"Z0H4N","A & F PHARMA LIMITED","","","9 MARKET STREET","","","KINGSWINFORD","","DY6 9JS","20201028","","","","","","","","","","","1","","","","",""
"Z0J8W","NOWRUZ ENTERPRISES LIMITED","","","15 FRAZERS YARD","AYLSHAM","","NORWICH","","NR11 6FB","20231025","","","","","","","","","","","1","","","","",""
"Z0L0R","MEDYSENSE LIMITED","","","270 TELEGRAPH ROAD","HESWALL","","WIRRAL","","CH60 7SG","20210701","20260731","","","","","","","","","","1","","","","",""
"Z0M8J","SALTS HEALTHCARE LTD","","","UNIT 1","RICHARD STREET","ASTON","BIRMINGHAM","","B7 4AA","19480101","","","","","","","","","","","1","","","","",""
"Z0O8Y","EXCELSIOR HEALTH LTD","","","UNIT 4","30-34 MILL END ROAD","","HIGH WYCOMBE","","HP12 4AX","20220627","","","","","","","","","","","1","","","","",""
"Z1C7L","PHARMTRACK LIMITED","","","127 BELLENDEN ROAD","PECKHAM","","LONDON","","SE15 4QY","20230607","","","","","","","","","","","1","","","","",""
"Z1D8X","AT HEALTH LTD","","","14 ASHTON ROAD","DENTON","","MANCHESTER","","M34 3EX","20240807","","","","","","","","","","","1","","","","",""
"Z1E1N","PARMAY (FULHAM) LTD","","","UNIT 4","160 NORTH END ROAD","","LONDON","","W14 9PR","20240717","","","","","","","","","","","1","","","","",""
"Z1F0S","WELCHEM LTD","","","23A TAVISTOCK ROAD","SKETTY","","SWANSEA","","SA2 0SL","20091001","","","","","","","","","","","1","","","","",""
"Z1J2S","SOUTH CARE TRADING LTD","","","FISHPONDS HEALTH CENTRE","BEECHWOOD ROAD","FISHPONDS","BRISTOL","","BS16 3TD","20240110","20250220","","","","","","","","","","1","","","","",""
"Z1R3P","ASCENT (MANSFIELD) LIMITED","","","12 HIGH STREET","MANSFIELD WOODHOUSE","","MANSFIELD","","NG19 8AN","20230510","20260331","","","","","","","","","","1","","","","",""
"Z1V2U","DWEALTH HEALTHCARE LIMITED","","","UNITS D&E IWADE VILLAGE CENTRE","THE STREET","IWADE","SITTINGBOURNE","","ME9 8SH","20210203","","","","","","","","","","","1","","","","",""
"Z1X0X","VICARAGE HEALTH LIMITED","","","280 VICARAGE ROAD","KINGS HEATH","","BIRMINGHAM","","B14 7NH","20240807","","","","","","","","","","","1","","","","",""
"Z2C8J","DALE ROCHE LIMITED","","","864 MANCHESTER ROAD","","","ROCHDALE","","OL11 2SP","20250416","","","","","","","","","","","1","","","","",""
"Z2D9U","LP SD ONE HUNDRED FIVE LIMITED","","","9 RILEY SQUARE","BELL GREEN DISTRICT CENTRE","","COVENTRY","","CV2 1LS","20230920","","","","","","","","","","","1","","","","",""
"Z2F7Y","24/7 MEDICINE LIMITED","","","15 STUART ROAD","WATERLOO","","LIVERPOOL","","L22 4QR","20230719","","","","","","","","","","","1","","","","",""
"Z2G8L","EA PHARMA LTD","","","23A GOWTHORPE","","","SELBY","","YO8 4HE","20210407","","","","","","","","","","","1","","","","",""
"Z2J8A","APOTHECARY BROTHERS LTD","","","27 BALLARDS LANE","FINCHLEY","","LONDON","","N3 1XP","20220504","","","","","","","","","","","1","","","","",""
"Z2K4S","NAYA GROUP LTD","","","40 FORE STREET","TROON","","CAMBORNE","","TR14 9EF","20240703","","","","","","","","","","","1","","","","",""
"Z2M1W","OSBON LIMITED","","","56-60 LOAMPIT HILL","LEWISHAM","","LONDON","","SE13 7SX","20231129","","","","","","","","","","","1","","","","",""
"Z2O9N","SHIFA HEALTHCARE FULLWELL LIMITED","","","151 HIGH STREET","BARKINGSIDE","","ILFORD","","IG6 2AJ","20260708","","","","","","","","","","","1","","","","",""
"Z2R1S","AP SD THIRTY LIMITED","","","UNIT 1","4 DIADEM GROVE","","HULL","","HU9 4AL","20260128","","","","","","","","","","","1","","","","",""
"Z2X3Z","THE CLICK HEALTH GROUP LTD","","","SABICHI HOUSE","5 WADSWORTH ROAD","PERIVALE","GREENFORD","","UB6 7JD","20241009","","","","","","","","","","","1","","","","",""
"Z2Y7T","LP SD EIGHTY TWO LIMITED","","","518 HAGLEY ROAD WEST","","","OLDBURY","","B68 0BZ","20230920","","","","","","","","","","","1","","","","",""
"Z2Z6O","E W RICHARDS LTD","","","30 HEOL EGLWYS","YSTRADGYNLAIS","","SWANSEA","","SA9 1EY","20091001","20250401","","","","","","","","","","1","","","","",""
"Z3E9J","VR PHARMA LTD","","","29 TANGLEY PARK ROAD","","","HAMPTON","","TW12 3YH","20250312","","","","","","","","","","","1","","","","",""
"Z3F0E","SHREE PHARMA LIMITED","","","57-59 DELLSOME LANE","WELHAM GREEN","NORTH MYMMS","HATFIELD","","AL9 7DY","20210331","","","","","","","","","","","1","","","","",""
"Z3M4H","PATIENT FIRST HEALTH LIMITED","","","DERWENT PHARMACY","26A NORTH STREET","","DERBY","","DE1 3AZ","20201028","","","","","","","","","","","1","","","","",""
"Z3N3K","HA HEALTHCARE LTD","","","203 NEWGATE STREET","","","BISHOP AUCKLAND","","DL14 7EL","20231122","","","","","","","","","","","1","","","","",""
"Z3O5Q","JUDDS PHARMA LTD","","","925 FINCHLEY ROAD","","","LONDON","","NW11 7PE","20230401","","","","","","","","","","","1","","","","",""
"Z3R7X","S UROOJ LTD","","","GEOFFREY STREET HEALTH CENTRE","GEOFFREY STREET","","PRESTON","","PR1 5NE","20230405","","","","","","","","","","","1","","","","",""
"Z3U7U","PILL EXPRESS LIMITED","","","7 ST. MARTINS ROAD","","","KNEBWORTH","","SG3 6ER","20230614","","","","","","","","","","","1","","","","",""
"Z3W5G","FARMATEEK LTD","","","GROUND FLOOR G05A","1010 CAMBOURNE BUSINESS PARK","CAMBOURNE","CAMBRIDGE","","CB23 6DP","20210310","20221101","","","","","","","","","","1","","","","",""
"Z4F7X","FASTPHARM LTD","","","HORWICH HEALTH & WELLBEING HUB","VICTORIA ROAD","HORWICH","BOLTON","","BL6 5PY","20260909","","","","","","","","","","","1","","","","",""
"Z4I4U","NILKANTH HEALTHCARE LIMITED","","","7 FOSSE ROAD SOUTH","","","LEICESTER","","LE3 0LP","20260520","","","","","","","","","","","1","","","","",""
"Z4L5P","DAVID ANDREW WILLIAMS","","","31 HIGH STREET","LLANDYBIE","","AMMANFORD","","SA18 3HX","20091001","20240831","","","","","","","","","","1","","","","",""
"Z4L5S","YORK ROAD HEALTHCARE LIMITED","","","72-78 YORK ROAD","","","ROTHERHAM","","S65 1PW","20230809","","","","","","","","","","","1","","","","",""
"Z4M4E","LP SD NINETY EIGHT LIMITED","","","58 HIGH STREET","WEDNESFIELD","","WOLVERHAMPTON","","WV11 1SZ","20230927","","","","","","","","","","","1","","","","",""
"Z4T6V","PRIORY PHARMACY LIMITED","","","CORNLANDS ROAD","ACOMB","","YORK","","YO24 3WX","20251203","","","","","","","","","","","1","","","","",""
"Z4U1Z","VENTRAL LTD","","","THE STUDIO","HUDSON STREET","DEDDINGTON","BANBURY","","OX15 0SW","20210331","","","","","","","","","","","1","","","","",""
"Z4U4S","MAGMA HEALTHCARE LTD","","","125-127 WATH ROAD","","","MEXBOROUGH","","S64 9RB","20250312","","","","","","","","","","","1","","","","",""
"Z4V2C","MERCHISTON PHARMA LIMITED","","","HIGHWORTH ROAD","","","SWINDON","","SN3 4BF","20230802","","","","","","","","","","","1","","","","",""
"Z5C3U","LP SD ONE HUNDRED TEN LIMITED","","","UNIT 2","SHAW VILLAGE CENTRE","RAMLEAZE DRIVE","SWINDON","","SN5 5PY","20230920","","","","","","","","","","","1","","","","",""
"Z5C6Y","SAFFRON APOTHECARIES (LEICESTER) LIMITED","","","KINGFISHER LANE","WILLINGTON","","DERBY","","DE65 6QT","20211110","","","","","","","","","","","1","","","","",""
"Z5G7O","DRAGON RETAIL 510 LIMITED","","","12 CHESWICK WAY","CHESWICK GREEN","","SOLIHULL","","B90 4JA","20250924","","","","","","","","","","","1","","","","",""
"Z5I6Y","HEALTHPHARM GROUP LTD","","","509 SAFFRON LANE","","","LEICESTER","","LE2 6UL","20251220","","","","","","","","","","","1","","","","",""
"Z5K6L","G S BHOGAL LTD","","","RUMNEY PRIMARY CARE CENTRE","BARMOUTH ROAD","RUMNEY","CARDIFF","","CF3 3LA","20210301","","","","","","","","","","","1","","","","",""
"Z5O1K","THE HEALTH DISPENSARY LTD","","","153-155 WINDSOR ROAD","","","NEATH","","SA11 1NU","20091001","","","","","","","","","","","1","","","","",""
"Z5O7R","COATHAM LTD","","","2B HIGH STREET WEST","","","REDCAR","","TS10 1SG","20210714","","","","","","","","","","","1","","","","",""
"Z5R4I","LP SD TWENTY NINE LIMITED","","","280 VICARAGE ROAD","KINGS HEATH","","BIRMINGHAM","","B14 7NH","20230802","20250831","","","","","","","","","","1","","","","",""
"Z5Y6B","LP SD THIRTY SEVEN LIMITED","","","UNIT G","HACKETT PLACE","HILPERTON","TROWBRIDGE","","BA14 7GW","20230726","","","","","","","","","","","1","","","","",""
"Z6A8B","AA RX LTD","","","150 BOOT HILL","GRENDON","","ATHERSTONE","","CV9 2EW","20170401","","","","","","","","","","","1","","","","",""
"Z6B6I","BSP PHARMA LTD","","","163 FOSSE ROAD NORTH","","","LEICESTER","","LE3 5EZ","20220720","","","","","","","","","","","1","","","","",""
"Z6C0J","WEBB ELLIS PHARMACY LTD","","","UNIT 50","SIR FRANK WHITTLE BUSINESS CENTRE","GREAT CENTRAL WAY","RUGBY","","CV21 3XH","20240731","20251001","","","","","","","","","","1","","","","",""
"Z6D9O","DRAGON RETAIL 807 LIMITED","","","24-26 CUNNINGHAM CRESCENT","WEST HOWE","","BOURNEMOUTH","","BH11 8DU","20251008","","","","","","","","","","","1","","","","",""
"Z6E8O","GARNANT PHARMACY LTD","","","115 CWMAMMAN ROAD","GARNANT","","AMMANFORD","","SA18 1NB","20091001","","","","","","","","","","","1","","","","",""
"Z6F1S","SIRJ PHARMA LTD","","","1ST FLOOR","26 HIGH STREET","STAVELEY","CHESTERFIELD","","S43 3UX","20230524","","","","","","","","","","","1","","","","",""
"Z6F6H","STUART LAWRENCE DANBY","","","27 HIGH STREET","","","LLANFYLLIN","","SY22 5AA","20091001","","","","","","","","","","","1","","","","",""
"Z6I7J","J & M WILLIAMS (BRYNMAWR) LTD","","","47-48 CHURCH STREET","","","ABERTILLERY","","NP13 1DB","20091001","","","","","","","","","","","1","","","","",""
"Z6M6I","QA PHARMA LTD","","","36 HIGH STREET","GARGRAVE","","SKIPTON","","BD23 3RB","20241009","","","","","","","","","","","1","","","","",""
"Z6P9P","DAYTOM GROUP LTD","","","UNIT 7","STIRLIN BUSINESS PARK","185 SADLER ROAD","LINCOLN","","LN6 3AF","20211013","","","","","","","","","","","1","","","","",""
"Z6U1R","GILANI HEALTHCARE LTD","","","6 UNDERHILL CIRCUS","HEADINGTON","","OXFORD","","OX3 9LU","20230125","","","","","","","","","","","1","","","","",""
"Z6V7G","MEDDROP LIMITED","","","9 ECCLESHALL ROAD","LOGGERHEADS","","MARKET DRAYTON","","TF9 4NX","20230607","","","","","","","","","","","1","","","","",""
"Z7C3Q","ERIC SSEMA LIMITED","","","13-15 WINDSOR DRIVE","CHELSFIELD","","ORPINGTON","","BR6 6EY","20230712","20240927","","","","","","","","","","1","","","","",""
"Z7C4R","D B & A COOPER (SUFFOLK) LTD","","","HODSON LEWIS","ABBOTSGATE HOUSE","HOLLOW ROAD","BURY ST. EDMUNDS","","IP32 7FA","20260622","","","","","","","","","","","1","","","","",""
"Z7I6R","AAM EXETER LTD","","","37 SIDWELL STREET","","","EXETER","","EX4 6NS","20220309","","","","","","","","","","","1","","","","",""
"Z7T8Q","BRIDGE COTTAGE LIMITED","","","40 HIGH STREET","","","WELWYN","","AL6 9EQ","20230426","","","","","","","","","","","1","","","","",""
"Z7U2B","PRESTEIGNE PHARM LTD","","","2-3 HIGH STREET","","","PRESTEIGNE","","LD8 2BA","20250312","","","","","","","","","","","1","","","","",""
"Z7V2W","FAIRWAY MEDS INTERNATIONAL LTD","","","THE MILL HOUSE BUSINESS CENTRE","MILLHOUSE BUSINESS CENTRE","STATION ROAD, CASTLE DONINGTON","DERBY","","DE74 2NJ","20220302","20260228","","","","","","","","","","1","","","","",""
"Z8A1A","MY PHARMA GROUP LTD","","","73 BRAMLEY ROAD","OAKWOOD","SOUTHGATE","LONDON","","N14 4EY","20230920","","","","","","","","","","","1","","","","",""
"Z8B0W","PIKES LANE HEALTHCARE LIMITED","","","PIKES LANE RESOURCE CTR","DEANE ROAD","","BOLTON","","BL3 5HP","20260708","","","","","","","","","","","1","","","","",""
"Z8B2T","ITASILL LTD","","","UNIT 4","KINGFISHER DRIVE","","GUILDFORD","","GU4 7EW","20250910","","","","","","","","","","","1","","","","",""
"Z8B6E","FASTMEDS PHARMA LTD","","","OFFICES 7&8, SUITE 1","THORN BANK","38 MOORGATE ROAD","ROTHERHAM","","S60 2AG","20241218","","","","","","","","","","","1","","","","",""
"Z8E3G","AP SD NINETEEN LIMITED","","","22 RAINHAM SHOPPING CENTRE","RAINHAM","","GILLINGHAM","","ME8 7HW","20260311","","","","","","","","","","","1","","","","",""
"Z8E3L","ISM PHARMA LTD","","","SWINDON NHS HEALTH CENTRE","1 ISLINGTON STREET","","SWINDON","","SN1 2DQ","20260506","","","","","","","","","","","1","","","","",""
"Z8F2X","HINGMED LTD","","","195-197 ALUM ROCK ROAD","SALTLEY","","BIRMINGHAM","","B8 1NJ","20260107","","","","","","","","","","","1","","","","",""
"Z8I9C","PHARMA CHOICE RISE PARK LTD","","","UNIT 4","9 BESTWOOD PARK DRIVE WEST","RISE PARK","NOTTINGHAM","","NG5 5EJ","20260708","","","","","","","","","","","1","","","","",""
"Z8L8X","MILLENNIA PHARMA LTD","","","20 GREAT WHYTE","RAMSEY","","HUNTINGDON","","PE26 1HA","20230802","","","","","","","","","","","1","","","","",""
"Z8L9O","OASIS PHARMACEUTICALS LTD","","","24 WREYFIELD DRIVE","NEWBY","","SCARBOROUGH","","YO12 6NN","20220309","","","","","","","","","","","1","","","","",""
"Z8M5N","POKAM&FILS LIMITED","","","8 BENTHAM ROAD","","","BLACKBURN","","BB2 4PN","20230830","","","","","","","","","","","1","","","","",""
"Z8M8X","NEW HEIGHTS PHARMA TRADING COMPANY LTD","","","56 GWILYM ROAD","CWMLLYNFELL","","SWANSEA","","SA9 2GN","20250924","","","","","","","","","","","1","","","","",""
"Z8N1B","DRAGON RETAIL 801 LIMITED","","","70 COGGESHALL ROAD","","","BRAINTREE","","CM7 9BY","20260211","","","","","","","","","","","1","","","","",""
"Z8N6O","365MED LTD","","","UNIT 18","PHOENIX WORKS","DUDLEY ROAD WEST, TIVIDALE","OLDBURY","","B69 2PJ","20260527","","","","","","","","","","","1","","","","",""
"Z8N7V","LEIGH CHEMIST LIMITED","","","31 ELM ROAD","","","LEIGH-ON-SEA","","SS9 1SW","20220209","","","","","","","","","","","1","","","","",""
"Z8X7D","HAIFA PHARMA LTD","","","3 MARGRAVINE GARDENS","BARONS COURT","HAMMERSMITH","LONDON","","W6 8RL","20250430","","","","","","","","","","","1","","","","",""
"Z8Y3U","HOPWOODS LTD","","","UNIT 2","LEWIS COURT","MAELFA","CARDIFF","","CF23 9PL","20190311","","","","","","","","","","","1","","","","",""
"Z8Z1O","COLLIMATION LIMITED","","","3 ADELAIDE STREET","","","NORTHAMPTON","","NN2 6AR","20260617","","","","","","","","","","","1","","","","",""
"Z9B8A","CAS JACKSON ROAD LIMITED","","","2 JACKSON ROAD","","","CLACTON-ON-SEA","","CO15 1JA","20250910","","","","","","","","","","","1","","","","",""
"Z9B9A","HAWORTH ROAD HEALTHCARE LTD","","","202 HAWORTH ROAD","HEATON","","BRADFORD","","BD9 6NJ","20260506","","","","","","","","","","","1","","","","",""
"Z9E3W","OPENSHAW INTERNET PHARM LTD","","","3 CROFT STREET","CLAYTON","","MANCHESTER","","M11 4RQ","20240522","","","","","","","","","","","1","","","","",""
"Z9F3P","NEWPORT PHARMACY LTD","","","2 MARKET STREET","","","NEWPORT","","SA42 0PH","20091001","","","","","","","","","","","1","","","","",""
"Z9G0W","NEELKANTH HEALTHCARE LIMITED","","","UNIT 6","THE POLARIS CENTRE","41 BROWNFIELDS","WELWYN GARDEN CITY","","AL7 1AN","20231129","","","","","","","","","","","1","","","","",""
"Z9I2W","YKT HEALTH LTD","","","463 FINCHLEY ROAD","","","LONDON","","NW3 6HN","20240710","","","","","","","","","","","1","","","","",""
"Z9X9M","NEW EXMOUTH LIMITED","","","65 EXETER ROAD","","","EXMOUTH","","EX8 1QD","20210224","","","","","","","","","","","1","","","","",""
