"603698","NO NAME HELD","W00","QW1","GWENT FHSA","","","","","CF1 3PY","19910401","19950331","C","Z","","","","","","","","0","","","","0",""
"608698","NO NAME HELD","W00","QW5","WEST GLAM FHSA","","","","","CF1 3PY","19910401","19950331","C","Z","","","","","","","","0","","","","0",""
"A81010","HART LODGE","Y51","Q30","HART LODGE","JONES ROAD,WEST VIEW","HARTLEPOOL","CLEVELAND","","TS24 9BD","19740401","20120930","C","B","5D9","20010401","20120930","01429 267573","","","","0","","","","4",""
"A81050","NO NAME HELD","Y01","QDP","THE SURGERY","12 HARRIS STREET","MIDDLESBROUGH","","","TS1 5EF","19740401","19981227","C","Z","","","","01642 246261","","","","0","","","","0",""
"A81055","DR BK LAL'S PRACTICE","Y51","Q30","THE HEALTH CENTRE","COATHAM ROAD","REDCAR","CLEVELAND","","TS10 1RP","19740401","20120930","C","B","5QR","20061001","20120930","01642 483806","","","","0","","","","0",""
"A81059","NO NAME HELD","Y01","QDP","THE SURGERY","7 BRIERTON LANE SHOPS","HARTLEPOOL","CLEVELAND","","TS25 4BX","19740401","19910531","C","Z","","","","","","","","0","","","","0",""
"A81061","HAQUE SAZMI","Y51","Q30","THE HEALTH CENTRE","LAWSON STREET","STOCKTON-ON-TEES","CLEVELAND","","TS18 1HU","19740401","20120930","C","B","5E1","20010401","20120930","01642 607435","","","","0","","","","0",""
"A81062","NO NAME HELD","Y01","QDP","THE MEDICAL CENTRE","HALL CLOSE","MARSKE BY THE SEA","REDCAR","","TS11 6BW","19740401","19960531","C","Z","","","","01642 486321","","","","0","","","","0",""
"A81068","GRANGE HOUSE SURGERY","Y51","Q30","GRANGE HOUSE SURGERY","22 GRANGE ROAD","HARTLEPOOL","","","TS26 8JB","19850819","20120930","C","B","5D9","20010401","20120930","01429 272679","","","","0","","","","4",""
"A81071","MILLENNIUM SURGERY","Y51","Q30","MILLENNIUM SURGERY","WEST VIEW ROAD","HARTLEPOOL","","","TS24 9LJ","20000207","20120930","C","B","5D9","20010401","20120930","01429 869911","","","","0","","","","4",""
"A81601","NO NAME HELD","Y01","QDP","201 NORMANBY ROAD","SOUTH BANK","MIDDLESBROUGH","","","TS6 6SR","19740401","19960331","C","Z","","","","01642 454888","","","","0","","","","0",""
"A81603","NO NAME HELD","Y01","QDP","PARKWAY SURGERY","PARKWAY CENTRE","COULBY NEWHAM","MIDDLESBROUGH","","TS8 0TJ","19860303","19980630","C","Z","","","","01642 590401","","","","0","","","","0",""
"A81606","NO NAME HELD","Y01","Q30","433 NORTON ROAD","NORTON","STOCKTON","CLEVELAND","","TS20 2QQ","19740401","20000229","C","B","","20021001","20021001","01642 533616","","","","0","","","","0",""
"A81607","NO NAME HELD","Y01","QDP","2 NOLAN HOUSE","QUEENS PARK","STOCKTON","CLEVELAND","","TS18 2AX","19740401","19951002","C","Z","","","","01642607939","","","","0","","","","0",""
"A81615","NO NAME HELD","Y01","QDP","109 PARK ROAD","HARTLEPOOL","CLEVELAND","","","TS26 9HR","19880601","19980228","C","Z","","","","01429 861213","","","","0","","","","0",""
"A81616","DR C PARKASH'S PRACTICE","Y51","Q30","CLEVELAND HOUSE","8 VICTORIA ROAD","HARTLEPOOL","CLEVELAND","","TS24 7SD","19880815","20120930","C","B","","20021001","20120930","01429 272735","","","","0","","","","0",""
"A81617","NO NAME HELD","Y01","QDP","180 HIGH STREET","MARSKE-BY-THE-SEA","REDCAR","CLEVELAND","","TS11 7NB","19880906","19911028","C","Z","","","","","","","","0","","","","0",""
"A81619","NO NAME HELD","Y01","QDP","THE HEALTH CENTRE","QUEENSWAY","BILLINGHAM","CLEVELAND","","TS23 2LA","19881001","19910701","C","Z","","","","","","","","0","","","","0",""
"A81620","DR CHOUDHURY","Y51","Q30","THE HEALTH CENTRE","QUEENSWAY","BILLINGHAM","CLEVELAND","","TS23 2LA","19881001","20120930","C","B","5E1","20010401","20120930","01642 532003","","","","0","","","","4",""
"A81624","NO NAME HELD","Y01","QDP","83A PENRITH ROAD","PARK END","MIDDLESBOROUGH","","","TS3 7JA","19910218","19960831","C","Z","","","","01642 300645","","","","0","","","","0",""
"A81625","ERIMUS PRACTICE","Y51","Q30","QUEENS COURT SURGERY","7 HARRIS STREET","MIDDLESBROUGH","","","TS1 5EF","19911201","20120930","C","B","5KM","20020401","20120930","01642 253234","","","","0","","","","0",""
"A81626","NO NAME HELD","Y01","QDP","25 BRIDGE ROAD","STOCKTON","CLEVELAND","","","TS18 3AB","19920201","19960201","C","Z","","","","01642 607238","","","","0","","","","0",""
"A81627","BARLEY FIELDS MEDICAL CENTRE","Y51","Q30","BARLEY FIELDS MEDICAL CTR","30 MYTON ROAD","INGLEBY BARWICK","STOCKTON ON TEES","","TS17 0WG","19940101","20120930","C","B","5E1","20010401","20120930","01642 765789","","","","0","","","","4",""
"A81628","NO NAME HELD","Y01","QDP","254 BIRCHINGTON AVENUE","WHALEHILL,ESTON","MIDDLESBROUGH","","","TS6 8BL","19971117","19980622","C","Z","","","","01642 461337","","","","0","","","","0",""
"A82001","ATKINSON HEALTH CENTRE (MANGAL)","Y51","Q31","ATKINSON HEALTH CENTRE","MARKET STREET","BARROW IN FURNESS","CUMBRIA","","LA14 2LR","19740401","20120930","C","B","5NE","20061001","20120930","01229 821556","","","","0","","","","0",""
"A82042","FLATT WALKS SURGERY","Y51","Q31","FLATT WALKS SURG,3 CASTLE","MEADOWS,CATHERINE ST","WHITEHAVEN","CUMBRIA","","CA28 7QE","19740401","20120930","C","B","5NE","20061001","20120930","01946 692173","","","","0","","","","4",""
"A82056","THE LAKES MEDICAL PRACTICE 2","Y51","Q31","PENRITH HEALTH CENTRE","BRIDGE LANE","PENRITH","CUMBRIA","","CA11 8HW","19740401","20120930","C","B","5NE","20061001","20120930","01768 214345","","","","0","","","","0",""
"A82061","PARKSTILE SURGERY","Y51","Q31","PARKSTILE SURGERY","CHURCH STREET","BROUGHTON-IN-FURNESS","CUMBRIA","","LA20 6HL","19740401","20120930","C","B","5NE","20061001","20120930","01229 716337","","","","0","","","","0",""
"A82069","NO NAME HELD","Y01","QDK","THE HEALTH CENTRE","SILVER STREET","KIRKBY STEPHEN","CUMBRIA","","CA17 4RB","19740401","19940630","C","Z","","","","","","","","0","","","","0",""
"A82500","NO NAME HELD","Y01","QDK","THE SHIEL","4 SOUTH LIDDLE STREET","NEWCASTLETON","ROXBURGHSHIRE","","TD9 0RN","19740401","19920331","C","Z","","","","","","","","0","","","","0",""
"A82502","DR CGM FERNIE'S PRACTICE","Y51","Q31","THE SURGERY","BOWHOLM","CANONBIE","","","DG14 0UX","19910114","20120930","C","B","5NE","20061001","20120930","013873 71313","","","","0","","","","0",""
"A82607","FITZ ROAD SURGERY","Y51","Q31","FITZ ROAD SURGERY","COCKERMOUTH HPL,ISEL ROAD","COCKERMOUTH","CUMBRIA","","CA13 9HT","19740401","20120930","C","B","5NE","20061001","20120930","01900 705780","","","","0","","","","0",""
"A82609","DR GW STITT'S PRACTICE","Y51","Q31","6 WARWICK SQUARE","CARLISLE","","CUMBRIA","","CA1 1LB","19740401","20120930","C","B","5NE","20061001","20120930","01228 25041","","","","0","","","","4",""
"A82614","SOLWAY VIEW PRACTICE","Y51","Q31","WEST STREET HEALTH CENTRE","WEST STREET","ASPATRIA","CUMBRIA","","CA7 3HH","19740401","20120930","C","B","5NE","20061001","20120930","01697 320224","","","","0","","","","4",""
"A82615","SEDBERGH HEALTH CENTRE (LOCUM)","Y51","Q31","THE HEALTH CENTRE","LOFTUS HILL","SEDBERGH","CUMBRIA","","LA10 5RX","19740401","20120930","C","B","5NE","20061001","20120930","01539 620239","","","","0","","","","0",""
"A82616","ULVERSTON","Y51","Q31","THE HEALTH CENTRE","VICTORIA ROAD","ULVERSTON","CUMBRIA","","LA12 0EW","19740401","20120930","C","B","5NE","20061001","20120930","01229 583238","","","","0","","","","0",""
"A82618","LONGTOWN MEDICAL CENTRE","Y51","Q31","THE SURGERY","LONGTOWN MEDICAL CENTRE","MOOR ROAD, LONGTOWN","","","CA6 5XA","19740401","20120930","C","B","5NE","20061001","20120930","01228 791328","","","","0","","","","0",""
"A82622","SEDBERGH SCHOOL MED CTR","Y51","Q31","SEDBERGH SCHOOL MED CTR","SEDBERGH","CUMBRIA","","","LA10 5SQ","19740401","20120930","C","B","5NE","20061001","20120930","01539 622224","","","","0","","","","4",""
"A82624","WINDERMERE HEALTH CENTRE","Y51","Q31","WINDERMERE HEALTH CENTRE","GOODLEY DALE","WINDERMERE","CUMBRIA","","LA23 2EG","19740401","20120930","C","B","5NE","20061001","20120930","01539442496","","","","0","","","","0",""
"A82625","PENNY BRIDGE SURGERY","Y51","Q31","THE CROFT","PENNY BRIDGE","NR. ULVERSTON","CUMBRIA","","LA12 7TD","19740401","20120930","C","B","5NE","20061001","20120930","01229 861249","","","","0","","","","4",""
"A82627","RAWLINSON STREET SURGERY","Y51","Q31","128 RAWLINSON STREET","BARROW-IN-FURNESS","CUMBRIA","","","LA14 2DG","19740401","20120930","C","B","5NE","20061001","20120930","01229 820221","","","","0","","","","0",""
"A82630","ATKINSON HEALTH CENTRE (RATHI)","Y51","Q31","ATKINSON HEALTH CENTRE","MARKET STREET","BARROW IN FURNESS","CUMBRIA","","LA14 2LR","19740401","20120930","C","B","5NE","20061001","20120930","01229 821030","","","","0","","","","0",""
"A82632","WARWICK ROAD SURGERY","Y51","Q31","GROSVENOR HOUSE SURGERY","GROSVENOR HS, WARWICK SQR","CARLISLE","","","CA1 1LB","19740401","20120930","C","B","5NE","20061001","20120930","01228 536561","","","","0","","","","4",""
"A82634","NO NAME HELD","Y08","QC4","ATKINSON HEALTH CENTRE","MARKET STREET","BARROW IN FURNESS","CUMBRIA","","LA14 2LR","19740401","19920930","C","Z","","","","","","","","0","","","","0",""
"A82636","OUTGANG BARN SURGERY","Y51","Q31","OUTGANG BARN SURGERY","OUTGANG ROAD, ASPATRIA","WIGTON","CUMBRIA","","CA7 3HW","19870116","20120930","C","B","5NE","20061001","20120930","01697 320367","","","","0","","","","0",""
"A82644","NO NAME HELD","Y08","QC4","ST MARY'S HOSP.IN FURNESS","FORD PARK","ULVERSTON","CUMBRIA","","LA15 8AB","19890601","19931130","C","Z","","","","0229 53072","","","","0","","","","0",""
"A82645","THE SURGERY (KARAMCHANDANI)","Y51","Q31","28-30 HARTINGTON STREET","BARROW-IN-FURNESS","CUMBRIA","","","LA14 5SL","19890410","20120930","C","B","5NE","20061001","20120930","01229 870170","","","","0","","","","0",""
"A82648","ANN BURROW THOMAS HTH CTR","Y51","Q31","ANN BURROW THOMAS HTH CTR","SOUTH WILLIAM STREET","WORKINGTON","CUMBRIA","","CA14 2ED","19910201","20120930","C","B","5NE","20061001","20120930","01900 605258","","","","0","","","","0",""
"A82649","HOAD VIEW SURGERY LTD","Y51","Q31","ULVERSTON COMM.HEALTH CTR","STANLEY STREET","ULVERSTON","CUMBRIA","","LA12 7BT","19910501","20120930","C","B","5NE","20061001","20120930","01229 484070","","","","0","","","","0",""
"A82652","ATKINSON HEALTH CENTRE (PAI)","Y51","Q31","ATKINSON HEALTH CENTRE","MARKET STREET","BARROW IN FURNESS","CUMBRIA","","LA14 2LR","19940215","20120930","C","B","5NE","20061001","20120930","01229 821669","","","","0","","","","0",""
"A82653","NO NAME HELD","Y08","QC4","OUR LADIES HIGH SCHOOL","MORECAMBE ROAD","LANCASTER","","","LA1 2RX","19971224","19980102","C","Z","","","","","","","","0","","","","0",""
"A83056","DR AK BHAGAT'S PRACTICE","Y51","Q30","THE SURGERY","CIVIC CENTRE PLACE","SHILDON","CO.DURHAM","","DL4 1AH","19740401","20120930","C","B","","20021001","20120930","01388 772408","","","","0","","","","0",""
"A83059","TRIMDON PRACTICE","Y51","Q30","GROSVENOR HOUSE MED.PRACT","GROSVENOR TERRACE","TRIMDON COLLIERY","CO DURHAM","","TS29 6DH","19740401","20120930","C","B","5ND","20061001","20120930","01429 880284","","","","0","","","","0",""
"A83090","WILKINSON M","Y01","QDJ","63 GROSVENOR WAY","CHAPEL PARK","","NEWCASTLE UPON TYNE","TYNE AND WEAR","NE5 1RU","19910401","19990402","C","B","4DP19","19990401","19990402","","","","","1","","","","0",""
"A83607","NO NAME HELD","Y01","QDE","PARKGATE HEALTH CENTRE","PARK PLACE","DARLINGTON","COUNTY DURHAM","","DL1 5LW","19850101","19961031","C","Z","","","","0325 359585","","","","0","","","","0",""
"A83608","DR AK BANERJEE'S PRACTICE","Y51","Q30","RED HOUSE","4 WHEATBOTTOM","CROOK","CO.DURHAM","","DL15 9HB","19740401","20120930","C","B","5ND","20061001","20120930","01388 762537","","","","0","","","","0",""
"A83609","CRAGHEAD MEDICAL CENTRE","Y51","Q30","CRAGHEAD MEDICAL CENTRE","THE MIDDLES, CRAGHEAD","STANLEY","COUNTY DURHAM","","DH9 6AN","19740401","20120930","C","B","5ND","20061001","20120930","01207 232698","","","","0","","","","0",""
"A83613","FAMILY PLANNING WILLINGTON","Y51","Q30","WILLINGTON HEALTH CENTRE","CHAPEL STREET","WILLINGTON,CROOK","CO. DURHAM","","DL15 0EQ","19740401","20120930","C","B","5ND","20061001","20120930","01388 746468","","","","0","","","","0",""
"A83614","NO NAME HELD","Y01","QDE","15 DENE VIEW","BURNOPFIELD","NEWCASTLE UPON TYNE","","","NE16 6QA","19740401","19980331","C","Z","","","","01207 70215","","","","0","","","","0",""
"A83621","DR PRACTICE DARLINGTON PCT","Y51","Q30","THE CIVIC SURGERY","PARKGATE HEALTH CENTRE","PARK PLACE, DARLINGTON","CO. DURHAM","","DL1 5LW","19740401","20120930","C","B","5J9","20020401","20120930","01325 359585","","","","0","","","","0",""
"A83625","NO NAME HELD","Y01","QDE","4 CHURCH STREET","WINGATE","CO.DURHAM","","","TS28 5AQ","19880101","19930630","C","Z","","","","0429 838217","","","","0","","","","0",""
"A83631","DR JW CHARTERS' PRACTICE","Y51","Q30","UNIVERSITY OF DURHAM","STUDENT HEALTH CENTRE","42 OLD ELVET","DURHAM","","DH1 3JF","19910701","20120930","C","B","","20021001","20120930","0191 3865081","","","","0","","","","0",""
"A83633","DR SR CHOUDHARY'S PRACTICE","Y51","Q30","BLACKHILLS SURGERY","16 BLACKHILLS ROAD","HORDEN, PETERLEE","CO.DURHAM","","SR8 4DW","19920801","20120930","C","B","5ND","20061001","20120930","0191 5183646","","","","0","","","","0",""
"A83639","DRS PARTHASARATHY & PARTHASARATHY","Y51","Q30","16 FRONT STREET","ANNFIELD PLAIN","STANLEY","COUNTY DURHAM","","DH9 8HY","19980401","20120930","C","B","5ND","20061001","20120930","01207 214849","","","","0","","","","0",""
"A83640","DR JM RICHMOND'S PRACTICE","Y51","Q30","102 CHAYTOR ROAD","BRIDGEHILL","CONSETT","CO.DURHAM","","DH8 8QU","20000406","20120930","C","B","5ND","20061001","20120930","01733 210255","","","","0","","","","0",""
"A83646","DURHAM DALES MEDICAL PRACTICE","Y51","Q30","DURHAM DALES MED PRACTICE","178 NEWGATE STREET","BISHOP AUCKLAND","CO.DURHAM","","DL14 7EJ","20021001","20120930","C","B","5ND","20061001","20120930","01388 609876","","","","0","","","","0",""
"A84001","BONDICAR MEDICAL PRACTICE","Y51","Q30","THE HEALTH CENTRE","THOROTON STREET","BLYTH","NORTHUMBERLAND","","NE24 1DX","19740401","20120930","C","B","TAC","20020401","20120930","01670 396500","","","","0","","","","0",""
"A84004","DUNELM","Y51","Q30","DUNELM","1 DELAVAL AVENUE","SEATON DELAVAL","WHITLEY BAY,TYNE & WEAR","","NE25 0EF","19740401","20120930","C","B","TAC","20020401","20120930","0191 2371148","","","","0","","","","0",""
"A84010","DR I CRAFT'S PRACTICE","Y51","Q30","13 ALBION TERRACE","LYNEMOUTH","MORPETH","NORTHUMBERLAND","","NE61 5SY","19740401","20120930","C","B","TAC","20020401","20120930","01670 860212","","","","0","","","","0",""
"A84019","NEWBIGGIN HEALTH CENTRE","Y51","Q30","NEWBIGGIN HEALTH CENTRE","BUTELAND TERRACE","NEWBIGGIN BY THE SEA","NORTHUMBERLAND","","NE64 6NS","19740401","20120930","C","B","TAC","20020401","20120930","01670 816921","","","","0","","","","0",""
"A84046","CRAMLINGTON HEALTH CENTRE","Y51","Q30","CRAMLINGTON HEALTH CENTRE","FORUM WAY,CIVIC PRECINCT","CRAMLINGTON","NORTHUMBERLAND","","NE23 6QN","19740401","20120930","C","B","TAC","20020401","20120930","01670 714581","","","","0","","","","0",""
"A84049","NURSERY PARK MED. GROUP","Y51","Q30","NURSERY PARK MED. GROUP","NURSERY PARK ROAD","ASHINGTON","NORTHUMBERLAND","","NE63 0HP","19990401","20120930","C","B","TAC","20020401","20120930","01670 528100","","","","0","","","","0",""
"A84603","NO NAME HELD","Y01","QDM","THE HEALTH CENTRE","ALLENDALE","HEXHAM","NORTHUMBERLAND","","NE48 2DE","19740401","19970331","C","Z","","","","01434 683280","","","","0","","","","0",""
"A84606","NURSERY PARK MED. GROUP","Y51","Q30","THE HEALTH CENTRE","BUTELAND TERRACE","NEWBIGGIN BY THE SEA","NORTHUMBERLAND","","NE64 6NS","19740401","20120930","C","B","TAC","20020401","20120930","01670 816996","","","","0","","","","0",""
"A84612","NO NAME HELD","Y01","Q30","CRAMLINGTON HEALTH CENTRE","FORUM WAY,CIVIC PRECINCT","CRAMLINGTON","NORTHUMBERLAND","","NE23 6QN","19900301","19970405","C","B","","20021001","20021001","01670 712210","","","","0","","","","0",""
"A84615","NO NAME HELD","Y01","Q30","WESTBOURNE MEDICAL CENTRE","WESTBOURNE TERRACE","SEATON DELAVAL","WHITLEY BAY","","NE25 0BE","19920101","20000831","C","B","TAC","20021001","20021001","0191 2372244","","","","0","","","","0",""
"A84616","NO NAME HELD","Y01","QDM","CRAMLINGTON HEALTH CENTRE","FORUM WAY, CIVIC PRECINCT","CRAMLINGTON","NORTHUMBERLAND","","NE23 6QN","19931001","19970331","C","Z","","","","01670 736593","","","","0","","","","0",""
"A84617","THE HARBOUR SUITE","Y51","Q30","THE HARBOUR SUITE","BLYTH COMMUNITY HOSPITAL","THOROTON STREET,BLYTH","NORTHUMBERLAND","","NE24 1DX","19970701","20120930","C","B","TAC","20020401","20120930","01670 396550","","","","0","","","","0",""
"A85606","NO NAME HELD","Y01","QDG","CHIRTON HOUSE","RAVENSWORTH ROAD","DUNSTON, GATESHEAD","TYNE & WEAR","","NE11 9AD","19740401","19930731","C","Z","","","","091 4604148","","","","0","","","","0",""
"A85607","NO NAME HELD","Y01","QDG","12 NORTH STREET","WINLATON","TYNE & WEAR","","","NE21 6BX","19740401","19961103","C","Z","","","","0191 4148874","","","","0","","","","0",""
"A85613","NO NAME HELD","Y01","QDG","4 HAVELOCK TERRACE","BENSHAM","GATESHEAD","TYNE & WEAR","","NE8 1QU","19871212","19970131","C","Z","","","","01914772824","","","","0","","","","0",""
"A85615","DR MTA CHANDNANI'S PRACTICE","Y51","Q30","GATESHEAD HEALTH CENTRE","PRINCE CONSORT ROAD","GATESHEAD","TYNE & WEAR","","NE8 1NB","19901101","20120930","C","B","","20021001","20120930","01914783550","","","","0","","","","0",""
"A85618","BEDE GP PRACTICE","Y51","Q30","THE BEDE CENTRE","OLD FOLD ROAD","GATESHEAD","","","NE10 0DJ","20021101","20120930","C","B","5KF","20021101","20120930","0191 4335800","","","","0","","","","0",""
"A86001","SHIELDFIELD HEALTH CENTRE","Y51","Q30","SHIELDFIELD HEALTH CENTRE","STODDART STREET","SHIELDFIELD","NEWCASTLE UPON TYNE","","NE2 1AL","19740401","20120930","C","B","5D7","20010401","20120930","0191 2324872","","","","0","","","","0",""
"A86014","NO NAME HELD","Y01","QDJ","THE ELSWICK HEALTH CENTRE","MELDON STREET","NEWCASTLE","","","NE4 6SH","19740401","19920228","C","Z","","","","","","","","0","","","","0",""
"A86019","NO NAME HELD","Y01","QDJ","MEDICAL CENTRE","495 WELBECK ROAD","WALKER","NEWCASTLE","","NE6 2PB","19740401","19970930","C","Z","","","","01912656393","","","","0","","","","0",""
"A86032","GRAINGER MEDICAL GROUP","Y51","Q30","ELSWICK HEALTH CENTRE","MELDON STREET, ELSWICK","NEWCASTLE UPON TYNE","TYNE & WEAR","","NE4 6SH","19740401","20120930","C","B","5D7","20010401","20120930","0191 2986060","","","","0","","","","0",""
"A86034","ARMSTRONG ROAD HEALTH CENTRE","Y51","Q30","ARMSTRONG ROAD HEALTH CTR","460 ARMSTRONG ROAD","NEWCASTLE-UPON-TYNE","","","NE15 6BY","19740401","20120930","C","B","5D7","20010401","20120930","0191 2280960","","","","0","","","","0",""
"A86604","NO NAME HELD","Y01","QDJ","24 HAWTHORN ROAD","NEWCASTLE","","","","NE3 4DE","19740401","19980906","C","Z","","","","0191 2859904","","","","0","","","","0",""
"A86605","NO NAME HELD","Y01","Q30","THE SURGERY","1 WALNUT PLACE","MONTAGU ESTATE","NEWCASTLE","","NE3 4QS","19740401","19980331","C","B","","20021001","20021001","0191 2853816","","","","0","","","","0",""
"A86606","DR SK RAJ'S PRACTICE","Y51","Q30","55 UNION HALL ROAD","LEMINGTON","NEWCASTLE","","","NE15 8BP","19740401","20120930","C","B","","20021001","20120930","0191 2674894","","","","0","","","","0",""
"A86607","ELSWICK HEALTH CENTRE","Y51","Q30","ELSWICK SURGERY","ELSWICK CLINIC","MELDON STREET, ELSWICK","NEWCASTLE-UPON-TYNE","","NE4 6SH","19740401","20120930","C","B","5D7","20010401","20120930","0191 2734102","","","","0","","","","0",""
"A86608","DR JD MOOR'S PRACTICE","Y51","Q30","6 WINGROVE ROAD","NEWCASTLE","","","","NE4 9BQ","19870701","20120930","C","B","","20021001","20120930","0191 2731418","","","","0","","","","0",""
"A86609","NO NAME HELD","Y01","QDJ","BLAKELAW HEALTH CLINIC","SPRINGFIELD ROAD","BLAKELAW","NEWCASTLE","","NE5 3DS","19740401","19960229","C","Z","","","","0191 2863038","","","","0","","","","0",""
"A86610","NO NAME HELD","Y01","QDJ","55 EDGEFIELD AVENUE","FAWDON","NEWCASTLE","","","NE3 3AA","19740401","19940630","C","Z","","","","091 2852039","","","","0","","","","0",""
"A86612","REGNARD CFB","Y51","Q30","ST. OSWALDS HOSPICE","REGENT AVENUE","GOSFORTH","NEWCASTLE","","NE3 1EE","19860701","20120930","C","B","5D7","20020401","20120930","0191 2850063","","","","0","","","","0",""
"A86614","NO NAME HELD","Y01","QDJ","452 DENTON ROAD","","NEWCASTLE","","","NE15 7HD","19740401","19930331","C","Z","","","","","","","","0","","","","0",""
"A86616","NO NAME HELD","Y01","QDJ","5 ROTHBURY TERRACE","HEATON","NEWCASTLE-UPON-TYNE","","","NE6 5YP","19910701","19960731","C","Z","","","","0191 2655089","","","","0","","","","0",""
"A86617","HEALTH AUTHORITY LOCUM","Y51","Q30","CHAPEL PARK MEDICAL CTR.","HARTBURN DRIVE","CHAPEL PARK ESTATE","NEWCASTLE UPON TYNE","","NE5 1TD","19941001","20120930","C","B","5D7","20010401","20120930","0191 2671416","","","","0","","","","0",""
"A86618","WELBECK ROAD MEDICAL CENTRE","Y51","Q30","MEDICAL CENTRE","495 WELBECK ROAD","WALKER","NEWCASTLE UPON TYNE","","NE6 2PB","19950201","20120930","C","B","5D7","20010401","20120930","0191 2243794","","","","0","","","","0",""
"A86619","SCEPTRE COURT SURGERY","Y51","Q30","SCEPTRE COURT SURGERY","ELSWICK HEALTH CENTRE","SCEPTRE COURT, ELSWICK","NEWCASTLE UPON TYNE","","NE4 6SH","20020325","20120930","C","B","5D7","20020325","20120930","0191 2195760","","","","0","","","","0",""
"A87001","NO NAME HELD","Y01","QDJ","THE HEALTH CENTRE","SPRING TERRACE","NORTH SHIELDS","TYNE & WEAR","","NE29 0HQ","19740401","19970131","C","Z","","","","0191 2961880","","","","0","","","","0",""
"A87010","HA LOCUM","Y51","Q30","12 CHURCHILL STREET","WALLSEND","TYNE AND WEAR","","","NE28 7SZ","19740401","20120930","C","B","5D8","20010401","20120930","0191 2623379","","","","0","","","","0",""
"A87018","THE TIWARI AND MALIK PRACTICE","Y51","Q30","NELSON HEALTH CENTRE","CECIL STREET","NORTH SHIELDS","TYNE & WEAR","","NE29 0DZ","19740401","20120930","C","B","5D8","20010401","20120930","0191 2571191","","","","0","","","","0",""
"A87021","HA LOCUM","Y51","Q30","23 NORTHUMBERLAND SQUARE","NORTH SHIELDS","TYNE & WEAR","","","NE30 1PW","19740401","20120930","C","B","5D8","20010401","20120930","0191 2580085","","","","0","","","","0",""
"A87025","NO NAME HELD","Y01","Q30","THE HEALTH CENTRE","CITADEL EAST","KILLINGWORTH","NEWCASTLE UPON TYNE","","NE12 0UR","19740401","19910630","C","B","","20021001","20021001","","","","","0","","","","0",""
"A87028","SHIELINGS MEDICAL PRACT.","Y51","Q30","SHIELINGS MEDICAL PRACT.","THE HEALTH CENTRE","SPRING TERRACE","NORTH SHIELDS","","NE29 0HQ","19740401","20120930","C","B","5D8","20010401","20120930","0191 2961366","","","","0","","","","0",""
"A87603","NO NAME HELD","Y01","QDJ","THE HEALTH CENTRE","CITADEL EAST","KILLINGWORTH","NEWCASTLE UPON TYNE","","NE12 0UR","19860401","19930331","C","Z","","","","","","","","0","","","","0",""
"A87604","DR AGGARWAL PRACTICE","Y51","Q30","WALLSEND HEALTH CENTRE","THE GREEN","WALLSEND","TYNE & WEAR","","NE28 7PD","19740401","20120930","C","B","5D8","20010401","20120930","0191 2202208","","","","0","","","","0",""
"A87606","NO NAME HELD","Y01","QDJ","THE HEALTH CENTRE","CITADEL EAST","KILLINGWORTH","TYNE & WEAR","","NE12 0UR","19740401","19960331","C","Z","","","","0191 2680875","","","","0","","","","0",""
"A87608","FRIARSLEIGH HEALTH CENTRE","Y51","Q30","FIRST FLOOR,OXFORD CENTRE","WEST FARM AVENUE","LONGBENTON","NEWCASTLE UPON TYNE","","NE12 8LT","19850901","20120930","C","B","5D8","20010401","20120930","0191 2666711","","","","0","","","","0",""
"A87611","NEW YORK SURGERY","Y51","Q30","NEW YORK SURGERY","BROOKLAND TERRACE","NEW YORK, NORTH SHIELDS","TYNE & WEAR","","NE29 8EA","19880901","20120930","C","B","5D8","20010401","20120930","0191 2585316","","","","0","","","","0",""
"A87614","NO NAME HELD","Y01","QDJ","HOWDON HEALTH CENTRE","WINDSOR CLOSE,HOWDON","WALLSEND","TYNE & WEAR","","NE28 0PW","19900401","19950630","C","Z","","","","","","","","0","","","","0",""
"A87616","NO NAME HELD","Y01","QDJ","SHIREMOOR HEALTH CENTRE","BRENKLEY AVENUE","SHIREMOOR","NEWCASTLE UPON TYNE","","NE27 0PR","19910220","19911231","C","Z","","","","","","","","0","","","","0",""
"A87617","TRANSITIONAL CARE PRACTICE","Y51","Q30","WALLSEND HEALTH CENTRE","THE GREEN","WALLSEND","TYNE & WEAR","","NE28 7PD","20010401","20120930","C","B","5D8","20010401","20120930","0191 2205969","","","","0","","","","0",""
"A88018","CORONATION STREET SURGERY","Y51","Q30","6A CORONATION STREET","SOUTH SHIELDS","TYNE & WEAR","","","NE33 1AZ","19740401","20120930","C","B","5KG","20020401","20120930","0191 4562856","","","","0","","","","0",""
"A88019","NO NAME HELD","Y01","QDG","2 BROUGHTON ROAD","","SOUTH SHIELDS","TYNE & WEAR","","NE33 2SR","19740401","19960531","C","Z","","","","0191 4563329","","","","0","","","","0",""
"A88600","NO NAME HELD","Y01","QDG","54 CHICHESTER ROAD","","SOUTH SHIELDS","TYNE & WEAR","","NE33 4HW","19740401","19931031","C","Z","","","","","","","","0","","","","0",""
"A88602","NO NAME HELD","Y01","QDG","4 CORONATION STREET","SOUTH SHIELDS","TYNE & WEAR","","","NE33 1BA","19740401","19910617","C","Z","","","","","","","","0","","","","0",""
"A88605","NO NAME HELD","Y01","QDG","FLAGG COURT HEALTH CENTRE","FLAGG COURT","SOUTH SHIELDS TYNE & WEAR","","","NE33 2PG","19740401","19990331","C","Z","","","","0191 4562612","","","","0","","","","0",""
"A88607","EAST WING - DR MS HUSSAIN","Y51","Q30","1 CONCORDE WAY","JARROW","TYNE AND WEAR","","","NE32 5BB","19740401","20120930","C","B","5KG","20020401","20120930","0191 4897232","","","","0","","","","0",""
"A88612","PHOENIX HOUSE PRACTICE","Y51","Q30","PHOENIX HOUSE","WESTOE DRIVE","SOUTH SHIELDS","TYNE & WEAR","","NE33 3EW","19931002","20120930","C","B","5KG","20020401","20120930","0191 4554621","","","","0","","","","0",""
"A88615","FLAGG COURT (DR H S KOR)","Y51","Q30","FLAGG COURT HEALTH CENTRE","DALE STREET","SOUTH SHIELDS","TYNE & WEAR","","NE33 2PG","20010813","20120930","C","B","5KG","20020401","20120930","0191 2832030","","","","0","","","","4",""
"A88616","A/E DEPARTMENT","Y51","Q30","A/E DEPARTMENT","S.TYNESIDE H/CARE TRUST","HARTON LANE","SOUTH SHIELDS","","NE34 0PL","20020603","20130331","C","B","5KG","20020603","20130331","0191 4548888","","","","0","","","","0",""
"A89033","DR AK GHOSH'S PRACTICE","Y51","Q30","HEALTH CENTRE","RYHOPE","SUNDERLAND","","","SR2 0RY","19740401","20120930","C","B","5KL","20020401","20120930","0191 5210220","","","","0","","","","0",""
"A89039","PAPPACHAN VJ","Y51","Q30","FENCEHOUSES SURGERY","GILL CRESCENT NORTH","FENCEHOUSES","HOUGHTON-LE-SPRING","","DH4 6AW","19740401","20120930","C","B","5KL","20020401","20120930","0191 3852508","","","","0","","","","0",""
"A89601","NO NAME HELD","Y01","QDN","PALLION HEALTH CENTRE","HYLTON ROAD","SUNDERLAND","","","SR4 7XF","19740401","19910407","C","Z","","","","","","","","0","","","","0",""
"A89607","DR CV DEEN'S PRACTICE","Y51","Q30","THE SURGERY","VICTORIA ROAD","WASHINGTON","","","NE37 2PU","19740401","20120930","C","B","","20021001","20120930","0191 4168567","","","","0","","","","0",""
"A89608","NO NAME HELD","Y01","QDN","PALLION HEALTH CENTRE","HYLTON ROAD","SUNDERLAND","","","SR4 7XF","19740401","19960402","C","Z","","","","0191 5658846","","","","0","","","","0",""
"A89609","PAPPACHAN V","Y51","Q30","FENCEHOUSES SURGERY","GILL CRESCENT NORTH","FENCEHOUSES","HOUGHTON-LE-SPRING","","DH4 6AW","19860701","20120930","C","B","5KL","20020401","20120930","0191 3852508","","","","0","","","","0",""
"A89615","DR SP BAGCHI'S PRACTICE","Y51","Q30","PALLION HEALTH CENTRE","HYLTON ROAD","SUNDERLAND","","","SR4 7XF","19880509","20120930","C","B","5KL","20020401","20120930","0191 5672995","","","","0","","","","0",""
"A89619","BANGLADESHI FAMILY CLINIC","Y51","Q30","HENDON HEALTH CENTRE","MEABURN TERRACE","HENDON,SUNDERLAND","","","SR1 2LR","19950330","20120930","C","B","5KL","20020401","20120930","01915678911","","","","0","","","","0",""
"A89622","HEALTH AUTHORITY LOCUM","Y51","Q30","ASHBURN MEDICAL CENTRE","74/75 TOWARD RD, HENDON","SUNDERLAND","","","SR2 8JG","19990201","20120930","C","B","5KL","20020401","20120930","0191 5673255","","","","0","","","","0",""
"A89626","DR S P BAGCHI","Y51","Q30","PALLION HEALTH CENTRE","HYLTON ROAD","SUNDERLAND","","","SR4 7XF","20020101","20120930","C","B","5KL","20020401","20120930","0844 5769058","","","","0","","","","4",""
"A89627","SUNDERLAND P/CARE DERMAT.SERV.","Y51","Q30","AREA 1","GALLERIES HEALTH CENTRE","WASHINGTON","","","NE38 7NQ","20020201","20120930","C","B","5KL","20020401","20120930","0191 4187272","","","","0","","","","0",""
"A89628","SUNDERLAND P/CARE DERMAT.SERV.","Y51","Q30","AREA 2(SOUTH),3RD FLOOR","GALLERIES HEALTH CENTRE","WASHINGTON","","","NE38 7NQ","20020201","20120930","C","B","5KL","20020401","20120930","0191 4187272","","","","0","","","","0",""
"A89629","SUNDERLAND P/CARE DERMAT.SERV.","Y51","Q30","AREA 3(NORTH),3RD FLOOR","GALLERIES HEALTH CENTRE","WASHINGTON","","","NE38 7NQ","20020201","20120930","C","B","5KL","20020401","20120930","0191 4187272","","","","0","","","","0",""
"A89630","BEM G","Y51","Q30","STOP SMOKING SUNDERLAND","TOBACCO CONTROL","DURHAM ROAD","SUNDERLAND","","SR3 4AF","20020601","20120930","C","B","5KL","20020601","20120930","0191 5656256","","","","0","","","","0",""
"A89631","DAY-CARE","Y51","Q30","ST BENEDICTS HOSPICE","MONKWEARMOUTH HOSPITAL","NEWCASTLE ROAD","SUNDERLAND","","SR5 1NB","20020829","20120930","C","B","5KL","20020829","20120930","0191 5656256","","","","0","","","","0",""
"A89633","JOSHI NA","Y51","Q30","FARNBOROUGH COURT","   REHABILITATION UNIT","BRENTFORD AVENUE","TOWN END FARM,SUNDERLAND","","SR5 4EU","20020901","20120930","C","B","5KL","20020901","20120930","0191 5536925","","","","0","","","","0",""
"A91069","INNSWORTH","Y52","Q39","THE MEDICAL CENTRE","BUILDING 527","INNSWORTH","GLOUCESTER","GLOUCESTERSHIRE","GL3 1EZ","20101001","20101002","C","B","5QH","20101001","20101002","","","","","0","","","","0",""
"A91074","SETT MEDICAL CENTRE","Y52","Q38","FORT BLOCKHOUSE","HASLAR ROAD","","GOSPORT","HAMPSHIRE","PO12 2AB","20101001","20101002","C","B","5QC","20101001","20101002","","","","","0","","","","0",""
"A91075","FORT BLOCKHOUSE","Y52","Q38","THE MEDICAL CENTRE","FORT BLOCKHOUSE, HASLAR ROAD","","GOSPORT","HAMPSHIRE","PO12 2AB","20101001","20101002","C","B","5QC","20101001","20101002","","","","","0","","","","0",""
"B81001","DR AE OGUNBA AND PARTNERS","Y51","Q32","PARK HEALTH CENTRE","700 HOLDERNESS ROAD","KINGSTON UPON HULL","","","HU9 3JA","19740401","20120930","C","B","5NX","20061001","20120930","01482 711112","","","","0","","","","0",""
"B81033","NO NAME HELD","Y02","QDL","113 MARY STREET","SCUNTHORPE","SOUTH HUMBERSIDE","","","DN15 6LA","19740401","19960404","C","Z","","","","01724271877","","","","0","","","","0",""
"B81067","NO NAME HELD","Y01","QDF","THE HEALTH CENTRE","BARTHOLOMEW AVENUE","GOOLE","NORTH HUMBERSIDE","","DN14 6AW","19740401","19971231","C","Z","","","","01405 767711","","","","0","","","","0",""
"B81076","NO NAME HELD","Y01","QDF","139 BOOTHFERRY ROAD","","KINGSTON UPON HULL","","","HU4 6EX","19740401","19930824","C","Z","","","","","","","","0","","","","0",""
"B81078","NO NAME HELD","Y01","QDF","ORCHARD PARK HTH. CTR.","250 ELLERBURN AVENUE","KINGSTON UPON HULL","","","HU6 9RR","19740401","19990228","C","Z","","","","01482 804555","","","","0","","","","0",""
"B81083","HUNTER IKC","Y51","Q32","1 ISAACS HILL","CLEETHORPES","NORTH EAST LINCOLNSHIRE","","","DN35 8JU","19740401","20130331","C","B","TAN","20000401","20130331","01472 691040","","","","0","","","","0",""
"B81096","BASU DK","Y51","Q32","27 COMFORTS AVENUE","SCUNTHORPE","SOUTH HUMBERSIDE","","","DN15 6PN","19740401","20130331","C","B","5EF","20010401","20130331","01724 842377","","","","0","","","","0",""
"B81102","BANERJEE S","Y51","Q32","PILGRIM PRIMARY CARE CTR","PELHAM ROAD","IMMINGHAM","","","DN40 1JW","19740401","20120930","C","B","TAN","20000401","20120930","01469 574197","","","","0","","","","0",""
"B81103","NO NAME HELD","Y02","QDL","SANDRINGHAM ROAD SURGERY","","CLEETHORPES","","","DN35 9HB","19740401","19930331","C","Z","","","","","","","","0","","","","0",""
"B81110","VEDUTLA RDP","Y51","Q32","1 ISAACS HILL","CLEETHORPES","N E LINCOLNSHIRE","","","DN35 8JX","19740401","20120930","C","B","TAN","20000401","20120930","01472 691162","","","","0","","","","0",""
"B81114","NO NAME HELD","Y02","QDL","373 HAINTON AVENUE","GRIMSBY","SOUTH HUMBERSIDE","","","DN32 9QP","19740401","19940430","C","Z","","","","","","","","0","","","","0",""
"B81116","NO NAME HELD","Y01","Q32","18-20 GRIMSBY ROAD","CLEETHORPES","","","","DN35 7AB","19740401","20000131","C","B","TAN","20021001","20021001","01472 342859","","","","0","","","","0",""
"B81117","REISS SH","Y51","Q32","561 ANLABY ROAD","","KINGSTON UPON HULL","","","HU3 6SH","19740401","20120930","C","B","5NX","20061001","20120930","01482 352981","","","","0","","","","0",""
"B81600","NO NAME HELD","Y01","QDF","10 WEST END","SWANLAND","HUMBERSIDE","","","HU14 3PE","19740401","19940409","C","Z","","","","0482 633570","","","","0","","","","0",""
"B81604","NO NAME HELD","Y01","QDF","215 ANLABY ROAD","","KINGSTON UPON HULL","","","HU3 2PG","19740401","19951126","C","Z","","","","01482225643","","","","0","","","","0",""
"B81607","NO NAME HELD","Y02","QDL","264 WELLINGTON STREET","GRIMSBY","SOUTH HUMBERSIDE","","","DN32 7JP","19740401","19910401","C","Z","","","","","","","","0","","","","0",""
"B81609","DR JH PRICE'S PRACTICE","Y51","Q32","THE LAWNS MEDICAL CENTRE","31 DUDLEY STREET","GRIMSBY","SOUTH HUMBERSIDE","","DN31 2AW","19740401","20120930","C","B","TAN","20000401","20120930","01472 251444","","","","0","","","","0",""
"B81610","NO NAME HELD","Y01","Q32","31-33 LACEBY ROAD","GRIMSBY","","","","DN34 5BH","19740401","20000331","C","B","TAN","20021001","20021001","01472 879529","","","","0","","","","0",""
"B81612","NO NAME HELD","Y02","QDL","PINFOLD SURGERY","STATION ROAD","OWSTON FERRY, DONCASTER","SOUTH YORKSHIRE","","DN9 1AW","19740401","19970331","C","Z","","","","01427 72443","","","","0","","","","0",""
"B81615","GRAY PLT","Y51","Q32","226 RUTLAND STREET","GRIMSBY","N E LINCOLNSHIRE","","","DN32 7LT","19740401","20120930","C","B","TAN","20000401","20120930","01472 342349","","","","0","","","","0",""
"B81618","KUTTE KJ","Y51","Q32","415 BEVERLEY ROAD","HULL","","","","HU5 1LX","19740401","20120930","C","B","5NX","20061001","20120930","01482 342808","","","","0","","","","0",""
"B81621","NO NAME HELD","Y02","QDL","20 HENEAGE ROAD","GRIMSBY","SOUTH HUMBERSIDE","","","DN35 9DY","19740401","19911231","C","Z","","","","","","","","0","","","","0",""
"B81623","NO NAME HELD","Y01","QDF","BRANSHOLME SOUTH HTH CTR","GOODHART RD, BRANSHOLME","KINGSTON-UPON-HULL","","","HU7 4DW","19740401","19950331","C","Z","","","","","","","","0","","","","0",""
"B81624","DR KS RAJASEKHARA'S PRACTICE","Y51","Q32","259 HAINTON AVENUE","GRIMSBY","SOUTH HUMBERSIDE","","","DN32 9JX","19740401","20120930","C","B","TAN","20000401","20120930","01472 342570","","","","0","","","","0",""
"B81625","NO NAME HELD","Y01","QDF","THE SURGERY","RECTORY ROAD","ROOS, HULL","NORTH HUMBERSIDE","","HU12 0LA","19740401","19980802","C","Z","","","","01964 670466","","","","0","","","","0",""
"B81626","SINGH RSP","Y51","Q32","CRAIKHILL SURGERY","CRAIKHILL AVENUE","IMMINGHAM","N E LINCOLNSHIRE","","DN40 1LP","19740401","20120930","C","B","TAN","20000401","20120930","01469 573837","","","","0","","","","0",""
"B81627","NO NAME HELD","Y01","Q32","7 JARRATT STREET","","KINGSTON UPON HULL","","","HU1 3HB","19740401","19980531","C","B","","20021001","20021001","01482 320292","","","","0","","","","0",""
"B81629","DR VB ANIKHINDI'S PRACTICE","Y51","Q32","BRANSHOLME SOUTH HTH CTR","GOODHART RD, BRANSHOLME","KINGSTON-UPON-HULL","","","HU7 4DW","19740401","20120930","C","B","5NX","20061001","20120930","01482 836811","","","","0","","","","0",""
"B81630","HAYES GJ","Y51","Q32","ASHBY CLINIC","COLLUM LANE","SCUNTHORPE","","","DN16 2SZ","19841001","20120930","C","B","5EF","20010401","20120930","01724 742400","","","","0","","","","4",""
"B81632","DR AK MAJUMDER","Y51","Q32","WEELSBY VIEW HEALTH CTR","LADYSMITH ROAD","GRIMSBY","","","DN32 9EF","19740401","20120930","C","B","TAN","20000401","20120930","01472 255222","","","","0","","","","0",""
"B81633","DAS BR","Y51","Q32","276 BEVERLEY ROAD","","KINGSTON UPON HULL","","","HU5 1AN","19740401","20120930","C","B","5NX","20061001","20120930","01482 445360","","","","0","","","","0",""
"B81636","DR K GOSWAMI'S PRACTICE","Y51","Q32","675 HOLDERNESS ROAD","HULL","","","","HU8 9AN","19740401","20120930","C","B","5NX","20061001","20120930","01482 711333","","","","0","","","","0",""
"B81637","NO NAME HELD","Y02","QDL","11 ROSALIND AVENUE","GRIMSBY","SOUTH HUMBERSIDE","","","DN34 4PH","19740401","19920229","C","Z","","","","","","","","0","","","","0",""
"B81638","NO NAME HELD","Y02","QDL","CROSBY HEALTH CENTRE","PARKINSON AVENUE","SCUNTHORPE","SOUTH HUMBERSIDE","","DN15 7JY","19740401","19980802","C","Z","","","","01724 294800","","","","0","","","","0",""
"B81639","MATHEW J","Y51","Q32","SHELLEY HOUSE","KING EDWARD STREET","BELTON, DONCASTER","SOUTH HUMBERSIDE","","DN9 1QN","19851001","20120930","C","B","5EF","20010401","20120930","01427 872757","","","","0","","","","0",""
"B81640","NO NAME HELD","Y02","QDL","20 HENEAGE ROAD","GRIMSBY","SOUTH HUMBERSIDE","","","DN32 9DY","19740401","19990331","C","Z","","","","01472 342549","","","","0","","","","0",""
"B81641","NO NAME HELD","Y02","QDL","500 CROMWELL ROAD","GRIMSBY","SOUTH HUMBERSIDE","","","DN37 9JY","19740401","19970406","C","Z","","","","01472 280284","","","","0","","","","0",""
"B81646","DR J AUSTIN'S PRACTICE","Y51","Q32","LONGHILL HEALTH CARE CTR.","162-164 SHANNON ROAD","KINGSTON UPON HULL","","","HU8 9RW","19740401","20120930","C","B","5NX","20061001","20120930","01482 336966","","","","0","","","","0",""
"B81650","DAVID NI","Y51","Q32","39 OSWALD ROAD","SCUNTHORPE","SOUTH HUMBERSIDE","","","DN15 7PN","19880201","20120930","C","B","5EF","20010401","20120930","01724 863631","","","","0","","","","0",""
"B81651","NO NAME HELD","Y01","Q32","THE HEALTH CENTRE","BARTHOLOMEW AVENUE","GOOLE","","","DN14 6AW","19740401","19991231","C","B","","20021001","20021001","01405 767711","","","","0","","","","0",""
"B81654","NO NAME HELD","Y01","QDF","THE SURGERY","2A BOOTHFERRY ROAD","HESSLE","NORTH HUMBERSIDE","","HU13 9AY","19880229","19950831","C","Z","","","","01482641550","","","","0","","","","0",""
"B81657","NO NAME HELD","Y01","QDF","ORCHARD PARK HEALTH CTR.","250 ELLERBURN AVENUE","KINGSTON UPON HULL","","","HU6 9RR","19881001","19950930","C","Z","","","","","","","","0","","","","0",""
"B81660","NO NAME HELD","Y02","QDL","SANDRINGHAM ROAD SURGERY","","CLEETHORPES","","","DN35 9HB","19890717","19920331","C","Z","","","","","","","","0","","","","0",""
"B81662","MIZZEN ROAD PRACTICE","Y51","Q32","MIZZEN ROAD SURGERY","5 MIZZEN ROAD","HULL","","","HU6 7AG","19891002","20120930","C","B","5NX","20061001","20120930","01482 344910","","","","0","","","","0",""
"B81668","STRYJAKIEWICZ EG","Y51","Q32","THE CALVERT CENTRE","110A CALVERT LANE","KINGSTON UPON HULL","","","HU4 6BH","19900502","20120930","C","B","5NX","20061001","20120930","01482 335580","","","","0","","","","0",""
"B81669","SINGH KP","Y51","Q32","307 LACEBY ROAD","GRIMSBY","","","","DN34 5LP","19900706","20120930","C","B","TAN","20000401","20120930","01472 877978","","","","0","","","","0",""
"B81670","HOPKINS EN","Y51","Q32","30 DUDLEY STREET","GRIMSBY","N E LINCOLNSHIRE","","","DN31 2AB","19900701","20120930","C","B","TAN","20000401","20120930","01472 356832","","","","0","","","","0",""
"B81672","NO NAME HELD","Y01","Q32","VICTORIA SURGERY","VICTORIA DOCK","GARRISON ROAD","HULL","","HU9 1TP","19901001","19920729","C","B","","20021001","20021001","","","","","0","","","","0",""
"B81673","NO NAME HELD","Y02","QDL","26 DUDLEY STREET","GRIMSBY","","","","DN31 2AB","19910101","19970331","C","Z","","","","01472 362507","","","","0","","","","0",""
"B81676","JONES PN","Y51","Q32","138 COTTINGHAM ROAD","","KINGSTON UPON HULL","","","HU6 7RY","19930410","20120930","C","B","5NX","20061001","20120930","01482 335555","","","","0","","","","0",""
"B81678","NO NAME HELD","Y02","QDL","FIVEWAYS","167 PARK STREET","CLEETHORPES","SOUTH HUMBERSIDE","","DN35 7LX","19930719","19940701","C","Z","","","","0472 355479","","","","0","","","","0",""
"B81680","NO NAME HELD","Y02","QDL","6 DUDLEY STREET","GRIMSBY","SOUTH HUMBERSIDE","","","DN31 2AB","19940328","19980331","C","Z","","","","01472 268241","","","","0","","","","0",""
"B81684","NO NAME HELD","Y02","QDL","ASHBY CLINIC","COLLUM LANE","SCUNTHORPE","SOUTH HUMBERSIDE","","DN16 2SZ","19970101","19980308","C","Z","","","","01724 271877","","","","0","","","","0",""
"B81687","NO NAME HELD","Y02","QDL","HEALTH PLACE","WRAWBY ROAD","BRIGG","","","DN20 8GS","19980401","19990331","C","Z","","","","01652 659659","","","","0","","","","0",""
"B81691","TRAVELLING FAMILIES","Y51","Q32","C/O EAST RIDING HA","GRANGE PARK LANE","WILLERBY","EAST YORKSHIRE","","HU10 6DT","20000601","20120930","C","B","","20021001","20120930","","","","","0","","","","0",""
"B81694","DR PJ CALDWELL'S PRACTICE","Y51","Q32","THE HEALTH CENTRE","BARTHOLOMEW AVENUE","GOOLE","","","DN14 6AW","20020401","20120930","C","B","5NW","20061001","20120930","01405 767711","","","","0","","","","0",""
"B82009","HAMILTON","Y51","Q32","PARKVIEW SURGERY","28 MILLFIELD AVENUE","HULL ROAD","YORK","","YO10 3AB","19740401","20120930","C","B","5NV","20061001","20120930","01904 413644","","","","0","","","","0",""
"B82039","ALEXANDRA ROAD SURGERY","Y51","Q32","ALEXANDRA ROAD SURGERY","9 ALEXANDRA ROAD","HARROGATE","","","HG1 5JS","19740401","20120930","C","B","5NV","20061001","20120930","01423 503218","","","","0","","","","0",""
"B82040","NO NAME HELD","Y01","QDR","THE DOCTORS HOUSE","AYSGARTH","LEYBURN","","","DL8 3AB","19740401","19960406","C","Z","","","","01969 663222","","","","0","","","","0",""
"B82052","NO NAME HELD","Y01","QDR","JULIAN BURRAS HEALTH CTR","ARUNDALE","BIRSTWITH","HARROGATE","","HG3 2JA","19740401","19910930","C","Z","","","","","","","","0","","","","0",""
"B82065","DR GP SAUNDERS' PRACTICE","Y51","Q32","THE SURGERY","7 SEVERUS AVENUE","ACOMB, YORK","","","YO24 4LX","19740401","20120930","C","B","5NV","20061001","20120930","01904 791848","","","","0","","","","0",""
"B82087","SOUTH CLIFF SURGERY","Y51","Q32","SOUTH CLIFF SURGERY","56 ESPLANADE ROAD","SCARBOROUGH","NORTH YORKSHIRE","","YO11 2AU","19740401","20120930","C","B","5NV","20061001","20120930","08444 772485","","","","0","","","","0",""
"B82090","DR AJ DENT'S PRACTICE","Y51","Q32","FULFORD SURGERY","2 FULFORD PARK","FULFORD, YORK","","","YO10 4QE","19740401","20120930","C","B","5NV","20061001","20120930","01904 625566","","","","0","","","","0",""
"B82102","HUTTON-RUDBY SURGERY","Y51","Q32","7-8 EAST SIDE","HUTTON-RUDBY","YARM","CLEVELAND","","TS15 0DB","19860401","20120930","C","B","5NV","20061001","20120930","0844 4993998","","","","0","","","","0",""
"B82601","NO NAME HELD","Y01","QDR","5 NEW WALK TERRACE","FISHERGATE","YORK","","","YO1 4BG","19740401","19961012","C","Z","","","","01904 654025","","","","0","","","","0",""
"B82604","NO NAME HELD","Y01","QDR","CENTRAL SURGERY","13 PAVILION SQUARE","SCARBOROUGH","","","YO11 2JN","19740401","19940131","C","Z","","","","0723 362493","","","","0","","","","0",""
"B82605","NO NAME HELD","Y01","QDR","LARCHFIELD SCHOOL","","HARROGATE","","","HG2 9NN","19740401","19920622","C","Z","","","","","","","","0","","","","0",""
"B82606","SANDSEND SURGERY","Y51","Q32","THE SURGERY","EAST ROW","SANDSEND","WHITBY","","YO21 3SU","19740401","20120930","C","B","5NV","20061001","20120930","0844 4773718","","","","0","","","","0",""
"B82607","NO NAME HELD","Y01","QDR","10 BECKFIELD LANE","ACOMB","YORK","","","YO2 5RL","19740401","19920221","C","Z","","","","","","","","0","","","","0",""
"B82612","DR RJ CUNNINGHAM'S PRACTICE","Y51","Q32","THE FAMILY MEDICAL CENTRE","THE GROUNDS, URRARD HOUSE","HOVINGHAM","YORK","","YO31 7HE","19740401","20120930","C","B","5NV","20061001","20120930","01653 628203","","","","0","","","","0",""
"B82613","HARTLEY DC","Y51","Q32","THE SURGERY","6 EAST MOUNT ROAD","YORK","","","YO24 1BD","19740401","20120930","C","B","5NV","20061001","20120930","01904 646509","","","","0","","","","0",""
"B82614","ANDERSON","Y51","Q32","ST. LEONARD'S HOSPICE","185 TADCASTER ROAD","YORK","","","YO24 1QL","19740401","20120930","C","B","5NV","20061001","20120930","01904 708553","","","","0","","","","0",""
"B82616","NO NAME HELD","Y01","Q32","THE SURGERY","52 MAIN STREET","CROSSHILLS","KEIGHLEY","","BD20 8SN","19740401","19980228","C","B","","20021001","20021001","01535 632303","","","","0","","","","0",""
"B82617","COXWOLD SURGERY","Y51","Q32","THE SURGERY","COXWOLD","YORK","","","YO61 4BB","19740401","20120930","C","B","5NV","20061001","20120930","01347 868426","","","","0","","","","0",""
"B82618","WATSON GD","Y51","Q32","1 ALMSFORD HOUSE","BECKFIELD LANE","ACOMB","YORK","","YO26 5PA","19860501","20120930","C","B","5NV","20061001","20120930","01904 799000","","","","0","","","","0",""
"B82620","HEALTH AUTHORITY LOCUM","Y51","Q32","PROSPECT SURGERY","HUNGATE LANE","HUNMANBY","","","YO14 0NN","19740401","20120930","C","B","5NV","20061001","20120930","01723 891076","","","","0","","","","0",""
"B82621","NO NAME HELD","Y01","QDR","2A HILLSIDE ROAD","PANNAL","HARROGATE","","","HG3 1JP","19840709","19990331","C","Z","","","","01423 873053","","","","0","","","","0",""
"B82623","DR ID PITTS' PRACTICE","Y51","Q32","QUEENS' CORNER SURGERY","1 NEW QUEEN STREET","SCARBOROUGH","","","YO12 7HL","19740401","20120930","C","B","5NV","20061001","20120930","01723 378078","","","","0","","","","0",""
"B82624","JULIAN TR","Y51","Q32","167 HOLGATE ROAD","YORK","","","","YO24 4DF","19831106","20120930","C","B","5NV","20061001","20120930","01904 791915","","","","0","","","","0",""
"B82626","NO NAME HELD","Y01","QDR","122 ACOMB ROAD","","YORK","","","YO2 4EY","19740401","19920110","C","Z","","","","","","","","0","","","","0",""
"B82631","NO NAME HELD","Y01","QDR","JULIAN BURRAS HEALTH CTR","ARUNDALE","BIRSTWITH","HARROGATE","","HG3 2JA","19910601","19920201","C","Z","","","","","","","","0","","","","0",""
"B82632","COMPASS YORK","Y51","Q32","6-7 BRIDGE STREET","YORK","","","","YO1 6DD","19940201","20120930","C","B","5NV","20061001","20120930","01904 637121","","","","0","","","","0",""
"B82633","NO NAME HELD","Y01","QDR","THE HAXBY/WIGGINTON HT CT","2 THE VILLAGE","WIGGINTON","YORK","","YO3 3PL","19960501","19990331","C","Z","","","","01904 760125","","","","0","","","","0",""
"B82637","SUBST MISUSE-RICHMOND","Y51","Q32","THE FRIARY HOSPITAL","QUEENS ROAD","RICHMOND","NORTH YORKSHIRE","","DL10 4UJ","19990701","20120930","C","B","5NV","20061001","20120930","01609 763267","","","","0","","","","0",""
"B82641","NO NAME HELD","Y01","QDR","TOOKAY CAMP SITE","RIPLEY CASTLE","RIPLEY","HARROGATE","","HG3 3AY","20000728","20000806","C","Z","","","","01422 349209","","","","0","","","","0",""
"B82642","WALK IN CENTRE","Y51","Q32","31 MONKGATE","YORK","","","","YO31 7WA","20000424","20120930","C","B","5NV","20061001","20120930","01904 674557","","","","0","","","","1",""
"B82643","UNREGISTERED PATIENTS","Y51","Q32","13 YORKERSGATE","MALTON","NORTH YORKSHIRE","","","YO17 7AA","20010401","20120930","C","B","5NV","20061001","20120930","01653 602900","","","","0","","","","0",""
"B82644","ARREST REFERRAL/DTTO","Y51","Q32","COMPASS DDC","70 THE MOUNT","YORK","","","YO24 1AR","20010901","20120930","C","B","5NV","20061001","20120930","01904 637121","","","","0","","","","0",""
"B82645","COMPASS DTTO S/BORO","Y51","Q32","65 FALSGRAVE ROAD","SCARBOROUGH","NORTH YORKSHIRE","","","YO12 5EA","20011201","20120930","C","B","5NV","20061001","20120930","01723 503920","","","","0","","","","0",""
"B82646","DR D VASEY'S PRACTICE","Y51","Q32","13 YORKERSGATE","MALTON","NORTH YORKSHIRE","","","YO17 7AA","20020801","20120930","C","B","5NV","20061001","20120930","01947 820888","","","","0","","","","0",""
"B82647","DR MJ ABRINES' PRACTICE","Y51","Q32","DANES DYKE SURGERY","463A SCALBY ROAD","NEWBY","SCARBOROUGH","","YO12 6UB","20030201","20120930","C","B","5NV","20061001","20120930","01723 375343","","","","0","","","","0",""
"B82648","DR DJ KNOWELDEN'S PRACTICE","Y51","Q32","CLAREMONT SURGERY","56-60 CASTLE ROAD","SCARBOROUGH","","","YO11 1XE","20030201","20120930","C","B","5NV","20061001","20120930","01723 375050","","","","0","","","","0",""
"B83001","DR K HICKEY'S PRACTICE","Y51","Q32","SHIPLEY HEALTH CENTRE","ALEXANDRA ROAD","SHIPLEY","","","BD18 3EG","19740401","20120930","C","B","5NY","20061001","20120930","01274 589160","","","","0","","","","0",""
"B83003","DR ABBAS","Y51","Q32","668-670 HALIFAX ROAD","BUTTERSHAW","BRADFORD","","","BD6 2HD","19740401","20120930","C","B","5NY","20061001","20120930","01274 690658","","","","0","","","","0",""
"B83047","NO NAME HELD","Y01","QDD","135 SKIPTON ROAD","KEIGHLEY","","","","BD21 3AU","19740401","19970331","C","Z","","","","01535 662801","","","","0","","","","0",""
"B83048","NO NAME HELD","Y01","QDD","WROSE HEALTH CENTRE","KINGS ROAD","BRADFORD","","","BD2 1QG","19740401","19950402","C","Z","","","","0274 638353","","","","0","","","","0",""
"B83053","NO NAME HELD","Y01","QDD","95 GREAT HORTON ROAD","","BRADFORD","","","BD7 1PR","19740401","19930131","C","Z","","","","0274 721737","","","","0","","","","0",""
"B83057","DRS SHEARD AND HARGREAVES","Y51","Q32","ILKLEY MOOR DOCTORS GROUP","SPRINGS MEDICAL CENTRE","SPRINGS LANE","ILKLEY","","LS29 8TH","19740401","20120930","C","B","5NY","20061001","20120930","01943 604999","","","","0","","","","0",""
"B83066","DRS JENNINGS AND ROBSON","Y51","Q32","THE HEALTH CENTRE","MYRTLE PLACE","BINGLEY","","","BD16 2TL","19740401","20120930","C","B","5NY","20061001","20120930","01274 562760","","","","0","","","","0",""
"B83603","NO NAME HELD","Y01","QDD","8-10 DARFIELD STREET","","BRADFORD","","","BD1 3RY","19740401","19920229","C","Z","","","","","","","","0","","","","0",""
"B83605","DR M FRENCH'S PRACTICE","Y51","Q32","ILKLEY HEALTH CENTRE","SPRINGS LANE","ILKLEY","","","LS29 8TH","19740401","20120930","C","B","","20021001","20120930","01943 602255","","","","0","","","","0",""
"B83615","NO NAME HELD","Y01","QDD","BARKEREND HEALTH CENTRE","","BRADFORD","","","BD3 8QH","19740401","19950503","C","Z","","","","0274 664464","","","","0","","","","0",""
"B83616","DR MR SPIERS' PRACTICE","Y51","Q32","23 HARROGATE ROAD","","BRADFORD","","","BD2 3DY","19740401","20120930","C","B","5NY","20061001","20120930","01274 639857","","","","0","","","","0",""
"B83618","SMITH LANE MEDICAL PRACTICE","Y51","Q32","WHETLEY MEDICAL CENTRE","2 SAPLIN STREET","BRADFORD","","","BD8 9DW","19740401","20120930","C","B","5NY","20061001","20120930","01274 256141","","","","0","","","","0",""
"B83619","SAI MEDICAL CENTRE","Y51","Q32","WESTBOURNE GRN COM H/CARE","50 HEATON ROAD","BRADFORD","WEST YORKSHIRE","","BD8 8RA","19740401","20120930","C","B","5NY","20061001","20120930","01274 202490","","","","0","","","","0",""
"B83623","BECKSIDE ROAD","Y51","Q32","HORTON PARK SURGERY","99 HORTON PARK AVENUE","BRADFORD","","","BD7 3EG","19740401","20120930","C","B","5NY","20061001","20120930","01274 576035","","","","0","","","","0",""
"B83625","ROOLEY LANE MEDICAL CTR.","Y51","Q32","ROOLEY LANE MEDICAL CTR.","ROOLEY LANE","BRADFORD","","","BD4 7SS","19740401","20120930","C","B","5NY","20061001","20120930","01274 223118","","","","0","","","","0",""
"B83630","HANSON PLACE SURGERY","Y51","Q32","5 HANSON PLACE","WYKE","BRADFORD","","","BD12 8JQ","19860701","20120930","C","B","5NY","20061001","20120930","01274 322600","","","","0","","","","0",""
"B83633","NO NAME HELD","Y01","QDD","1 WALKER AVENUE","SCHOLEMOOR","BRADFORD","","","BD7 2PT","19861126","19921231","C","Z","","","","0274 571073","","","","0","","","","0",""
"B83636","OTLEY ROAD MC - LOCUMS","Y51","Q32","OTLEY ROAD MEDICAL CTR.","179 OTLEY ROAD","BRADFORD","","","BD3 0JH","19871106","20120930","C","B","5NY","20061001","20120930","01274 632723","","","","0","","","","0",""
"B83637","OTLEY ROAD MC - DAS","Y51","Q32","OTLEY ROAD MEDICAL CENTRE","179 OTLEY ROAD","BRADFORD","","","BD3 0HX","19871106","20120930","C","B","5NY","20061001","20120930","01274 636434","","","","0","","","","0",""
"B83640","NO NAME HELD","Y01","QDD","THE HEALTH CENTRE","SPRINGS LANE","ILKLEY","","","LS29 8TH","19880201","19980930","C","Z","","","","01943 602255","","","","0","","","","0",""
"B83643","ST PAULS ROAD - ISLAM","Y51","Q32","MANNINGHAM CLINIC","LUMB LANE","BRADFORD","","","BD8 7SY","19880801","20120930","C","B","5NY","20061001","20120930","01274 725118","","","","0","","","","0",""
"B83644","LITTLE HORTON LANE SURGERY","Y51","Q32","LITTLE HORTON LANE SURG","407 LITTLE HORTON LANE","BRADFORD","","","BD5 0LG","19881207","20120930","C","B","5NY","20061001","20120930","01274 740400","","","","0","","","","0",""
"B83645","NO NAME HELD","Y01","Q32","NEW CROSS STREET MED.CTR.","","BRADFORD","","","BD5 7AW","19890101","19960930","C","B","","20021001","20021001","01274 391513","","","","0","","","","0",""
"B83646","MYRTLE PLACE PRACTICE","Y51","Q32","BINGLEY HEALTH CENTRE","MYRTLE PLACE","BINGLEY","","","BD16 2TL","19890101","20120930","C","B","5NY","20061001","20120930","01274 565144","","","","0","","","","0",""
"B83647","BEACON RD SURGERY","Y51","Q32","71 BEACON ROAD","WIBSEY","BRADFORD","","","BD6 3ET","19890401","20120930","C","B","5NY","20061001","20120930","01274 690008","","","","0","","","","0",""
"B83649","NO NAME HELD","Y01","QDD","MARIE CURIE CENTRE","QUEENS DRIVE","ILKLEY","","","LS29 9QW","19901101","19920229","C","Z","","","","","","","","0","","","","0",""
"B83650","NO NAME HELD","Y01","QDD","MANORLANDS","OXENHOPE","KEIGHLEY","","","BD22 9HJ","19910401","19930531","C","Z","","","","0535 642308","","","","0","","","","0",""
"B83651","NO NAME HELD","Y01","QDD","MANORLANDS","OXENHOPE","KEIGHLEY","","","BD22 9HJ","19910401","19930531","C","Z","","","","0535 642308","","","","0","","","","0",""
"B83652","NO NAME HELD","Y01","QDD","MANORLANDS","OXENHOPE","KEIGHLEY","","","BD22 9HJ","19910401","19930531","C","Z","","","","0535 642308","","","","0","","","","0",""
"B83654","BIRCH LANE MEDICAL CENTRE","Y51","Q32","BIRCH LANE MEDICAL CENTRE","BIRCH LANE","BRADFORD","","","BD5 8BH","19921201","20120930","C","B","5NY","20061001","20120930","01274 393392","","","","0","","","","0",""
"B83655","DR G AMBEPITIYA'S PRACTICE","Y51","Q32","HOLME WOOD CLINIC","DULVERTON GROVE","BRADFORD","","","BD4 9EJ","19930601","20120930","C","B","5NY","20061001","20120930","01274 653365","","","","0","","","","0",""
"B83658","ROYDS HEALTHY LIVING CTRE","Y51","Q32","ROYDS HEALTHY LIVING CTRE","20 RIDINGS WAY","OFF THE CRESCENT","BRADFORD","","BD6 3UD","19940423","20120930","C","B","5NY","20061001","20120930","01274 321888","","","","0","","","","0",""
"B83663","SATELLITE DIABETIC CLINIC 1","Y51","Q32","NEW MILL","VICTORIA ROAD","SALTAIRE, SHIPLEY","WEST YORKSHIRE","","BD18 3LD","19980401","20120930","C","B","5NY","20061001","20120930","01274 366007","","","","0","","","","0",""
"B83665","DRUG DEPENDENCY - AKAM HOUSE","Y51","Q32","THE HALLORAN MEDICAL CTR","1 BILTON PLACE","BRADFORD","","","BD8 8JT","19990701","20120930","C","B","5NY","20061001","20120930","01274 782843","","","","0","","","","0",""
"B83669","PARK ROAD MEDICAL CENTRE - HALSTEAD","Y51","Q32","PARK ROAD MEDICAL CENTRE","PARK ROAD","BRADFORD","","","BD5 0SG","20001101","20120930","C","B","5NY","20061001","20120930","01274 721924","","","","0","","","","0",""
"B83670","NEW CROSS STREET HC - HALSTEAD","Y51","Q32","NEW CROSS STREET HLTH CTR","","BRADFORD","","","BD5 7AW","20001101","20120930","C","B","5NY","20061001","20120930","01274 733232","","","","0","","","","0",""
"B83671","SAI MEDICAL CENTRE - ASIF","Y51","Q32","SAI MEDICAL CENTRE","59 ST. PAUL'S ROAD","BRADFORD","","","BD8 7LS","20001101","20120930","C","B","5NY","20061001","20120930","01274 543464","","","","0","","","","0",""
"B83672","KENSINGTON STREET HC - ASIF","Y51","Q32","KENSINGTON STREET HTH.CTR","WHITEFIELD PLACE","BRADFORD","WEST YORKSHIRE","","BD8 9LB","20001101","20120930","C","B","5NY","20061001","20120930","01274 499209","","","","0","","","","0",""
"B83673","ASHWELL MEDICAL CENTRE - RAFAQUAT","Y51","Q32","ASHWELL MEDICAL CENTRE","ASHWELL ROAD","MANNINGHAM","BRADFORD","","BD8 9DP","20001101","20120930","C","B","5NY","20061001","20120930","01274 490409","","","","0","","","","0",""
"B83674","OTLEY ROAD MEDICAL CENTRE - REYNOLDS","Y51","Q32","308 KILLINGHALL ROAD","","BRADFORD","","","BD2 4SE","20001101","20120930","C","B","5NY","20061001","20120930","01274 637115","","","","0","","","","0",""
"B83675","HORTON PARK SURGERY - PREKOW","Y51","Q32","HORTON PARK SURGERY","99 HORTON PARK AVENUE","BRADFORD","","","BD7 3EG","20001101","20120930","C","B","5NY","20061001","20120930","01274 394277","","","","0","","","","0",""
"B83676","BRADFORD MOOR PRACTICE - PREKOW","Y51","Q32","THE DAFFODIL BUILDING","BARKEREND HEALTH CENTRE","BARKEREND ROAD","BRADFORD","","BD3 8QH","20001101","20120930","C","B","5NY","20061001","20120930","01274 663321","","","","0","","","","0",""
"B83677","AVICENNA MEDICAL CENTRE - BROWN","Y51","Q32","THE SURGERY","14 INSTITUTE ROAD","ECCLESHILL","BRADFORD","","BD2 2HX","20001101","20120930","C","B","5NY","20061001","20120930","01274 637417","","","","0","","","","0",""
"B83678","KENSINGTON STREET HC - ENGLAND","Y51","Q32","KENSINGTON STREET HTH.CTR","WHITEFIELD PLACE","BRADFORD","WEST YORKSHIRE","","BD8 9LB","20001101","20120930","C","B","5NY","20061001","20120930","01274 496433","","","","0","","","","0",""
"B83679","BARKEREND HEALTH CENTRE - BROWN","Y51","Q32","THE BLUEBELL BUILDING","BARKEREND HEALTH CENTRE","BRADFORD","","","BD3 8QH","20001101","20120930","C","B","5NY","20061001","20120930","01274 778400","","","","0","","","","0",""
"B83680","NEW CROSS STREET HC - LONGFIELD","Y51","Q32","NEW CROSS STREET HTH.CTR.","NEW CROSS STREET","BRADFORD","","","BD5 7AW","20001101","20120930","C","B","5NY","20061001","20120930","01274 728909","","","","0","","","","0",""
"B83681","PEEL PARK SURGERY - HUYTON","Y51","Q32","PEEL PARK SURGERY","3 AIREDALE ROAD","BRADFORD","","","BD3 0LR","20001101","20120930","C","B","5NY","20061001","20120930","01274 634989","","","","0","","","","0",""
"B83682","FARROW MEDICAL CENTRE - HUYTON","Y51","Q32","FARROW MEDICAL CENTRE","177 OTLEY ROAD","BRADFORD","","","BD3 0HX","20001101","20120930","C","B","5NY","20061001","20120930","01274 637031","","","","0","","","","0",""
"B83683","WILSDEN MEDICAL PRACTICE","Y51","Q32","WILSDEN HEALTH CENTRE","2 LING BOB COURT","WILSDEN","BRADFORD","","BD15 0LP","20001101","20120930","C","B","5NY","20061001","20120930","01535 273227","","","","0","","","","0",""
"B83684","DR ENGLAND","Y51","Q32","THORNTON MEDICAL CENTRE","4 CRAVEN AVENUE","THORNTON","BRADFORD","","BD13 3LF","20001101","20120930","C","B","5NY","20061001","20120930","01274 834387","","","","0","","","","0",""
"B83685","WESTWOOD PARK OPHTHALMOLOGY CLINIC","Y51","Q32","SWIFT DRIVE","OFF COOPER LANE","BRADFORD","WEST YORKSHIRE","","BD6 3NL","20010801","20130331","C","B","5NY","20061001","20130331","01274 425990","","","","0","","","","0",""
"B83686","KENSINGTON STREET HC - STOUT","Y51","Q32","KENSINGTON ST HEALTH CTR","WHITEFIELD PLACE","BRADFORD","WEST YORKSHIRE","","BD8 9LB","20011101","20120930","C","B","5NY","20061001","20120930","01274 499209","","","","0","","","","0",""
"B83687","LITTLE HORTON LANE SURGERY - STOUT","Y51","Q32","THE MEDICAL CENTRE","407 LITTLE HORTON LANE","BRADFORD","","","BD5 0LG","20011101","20120930","C","B","5NY","20061001","20120930","01274 740400","","","","0","","","","0",""
"B83688","NEW CROSS STREET HC - RIMMER","Y51","Q32","NEW CROSS STREET H/C","PARKSIDE ROAD","BRADFORD","","","BD5 7AW","20011101","20120930","C","B","5NY","20061001","20120930","01274 733232","","","","0","","","","0",""
"B83689","BARKEREND HEALTH CENTRE - REYNOLDS","Y51","Q32","THE BLUEBELL BUILDING","BARKEREND HEALTH CENTRE","BARKEREND","BRADFORD","","BD3 8QH","20011101","20120930","C","B","5NY","20061001","20120930","01274 778400","","","","0","","","","0",""
"B83691","BRADFORD DTTO SERVICE","Y51","Q32","BRADFORD DTTO SERVICE","TURNING POINT, LG FLOOR","CHEAPSIDE CHAMBERS","43 CHEAPSIDE, BRADFORD","","BD1 4HP","20011101","20120930","C","B","5NY","20061001","20120930","01274 777210","","","","0","","","","0",""
"B83692","DR STAINTON","Y51","Q32","ROYDS HEALTHY LIVING CTR","20 RIDINGS WAY","THE CRESCENT","BRADFORD","","BD6 3LP","20011201","20120930","C","B","5NY","20061001","20120930","01274 321888","","","","0","","","","0",""
"B83694","EPCS NEUROLOGY - WESTBOURNE GREEN","Y51","Q32","WESTBOURNE GREEN COMM H/C","50 HEATON ROAD","BRADFORD","WEST YORKSHIRE","","BD8 8RA","20020401","20130331","C","B","5NY","20061001","20130331","01274 202485","","","","0","","","","0",""
"B83697","DR SIDRA","Y51","Q32","HIGHFIELD HEALTH CENTRE","2 PORCTOR STREET TONG ST","BRADFORD","WEST YORKSHIRE","","BD4 9QA","20020801","20120930","C","B","5NY","20061001","20120930","01274 321936","","","","0","","","","0",""
"B84600","WOODSIDE SURGERY","Y51","Q32","BOOTHTOWN MEDICAL CENTRE","WOODSIDE ROAD","HALIFAX","","","HX3 6EL","19740401","20120930","C","B","5J6","20020401","20120930","0844 4773630","","","","0","","","","0",""
"B84601","OVERGATE HOSPICE","Y51","Q32","OVERGATE HOSPICE","30 HULLEN EDGE ROAD","ELLAND","WEST YORKSHIRE","","HX5 0QY","19740401","20120930","C","B","5J6","20020401","20120930","01422 379151","","","","0","","","","0",""
"B84605","NO NAME HELD","Y01","QDT","17 RHODES STREET","","HALIFAX","WEST YORKSHIRE","","HX1 5ET","19740401","19931130","C","Z","","","","0422 349502","","","","0","","","","0",""
"B84606","GREENUPS TERRACE SURGERY","Y51","Q32","THE SURGERY","GREENUPS TERRACE","TOWERHILL, SOWERBY BRIDGE","WEST YORKSHIRE","","HX6 2QH","19740401","20120930","C","B","5J6","20020401","20120930","01422 831045","","","","0","","","","0",""
"B84607","NO NAME HELD","Y01","Q32","17-21 RYBURN BUILDINGS","","SOWERBY BRIDGE","WEST YORKSHIRE","","HX6 3AH","19740401","20000229","C","B","","20021001","20021001","01422 831924","","","","0","","","","0",""
"B84608","CALDER COMMUNITY PRACTICE","Y51","Q32","C/O TODMORDEN HEALTH CTRE","LOWER GEORGE STREET","TODMORDEN","","","OL14 5RN","19850724","20120930","C","B","5J6","20020401","20120930","01706 817121","","","","0","","","","4",""
"B84609","STANNARY HOUSE","Y51","Q32","3 VICTORIA STREET","GREETLAND","HALIFAX","WEST YORKSHIRE","","HX4 8DF","19740401","20120930","C","B","5J6","20020401","20120930","01422 372355","","","","0","","","","0",""
"B84616","NO NAME HELD","Y01","QDT","20 WOODLANDS AVENUE","TODMORDEN","LANCASHIRE","","","OL14 5LT","19740401","19950813","C","Z","","","","01706844259","","","","0","","","","0",""
"B84617","NO NAME HELD","Y01","QDT","4 BOOTHTOWN ROAD","BOOTHTOWN","HALIFAX","WEST YORKSHIRE","","HX3 6HG","19740401","19920331","C","Z","","","","","","","","0","","","","0",""
"B84620","NO NAME HELD","Y01","Q32","SHELF HEALTH CENTRE","SHELF MOOR ROAD","SHELF, HALIFAX","WEST YORKSHIRE","","HX3 7PQ","19871229","20000531","C","B","5J6","20021001","20021001","01274 602088","","","","0","","","","0",""
"B84621","SHELF HEALTH CENTRE","Y51","Q32","SHELF HEALTH CENTRE","SHELF MOOR ROAD","SHELF, HALIFAX","WEST YORKSHIRE","","HX3 7PQ","19740401","20120930","C","B","5J6","20020401","20120930","01274 691159","","","","0","","","","0",""
"B84625","NURSERY LANE MEDICAL CENTRE","Y51","Q32","NURSERY LANE MEDICAL CTR","NURSERY LANE","OVENDEN","HALIFAX","","HX3 5TE","19971201","20120930","C","B","5J6","20020401","20120930","01422 355535","","","","0","","","","4",""
"B85007","NO NAME HELD","Y01","QDT","ELMWOOD HEALTH CENTRE","HUDDERSFIELD ROAD","HOLMFIRTH, HUDDERSFIELD","WEST YORKSHIRE","","HD7 2TT","19740401","19950806","C","Z","","","","01484683138","","","","0","","","","0",""
"B85013","THORNHILL LEES SURGERY","Y51","Q32","38 THE TOWN","THORNHILL","DEWSBURY","WEST YORKSHIRE","","WF12 0QY","19740401","20120930","C","B","5N2","20061001","20120930","01924 430386","","","","0","","","","0",""
"B85040","DR TAYLOR & PARTNERS","Y51","Q32","CROSLAND MOOR PRACTICE","11 PARK ROAD WEST","HUDDERSFIELD","WEST YORKSHIRE","","HD4 5RX","19740401","20120930","C","B","5N2","20061001","20120930","01484 642020","","","","0","","","","4",""
"B85043","KELDREGATE SURGERY","Y51","Q32","268 KELDREGATE","DEIGHTON","HUDDERSFIELD","WEST YORKSHIRE","","HD2 1LE","19740401","20120930","C","B","5N2","20061001","20120930","01484 532399","","","","0","","","","0",""
"B85045","ALBION STREET SURGERY","Y51","Q32","THE SURGERY","47 ALBION STREET","DEWSBURY","WEST YORKSHIRE","","WF13 2AJ","19740401","20120930","C","B","5N2","20061001","20120930","01924 450303","","","","0","","","","0",""
"B85046","NO NAME HELD","Y01","QDT","1 STONEFIELD STREET","OFF HALIFAX ROAD","DEWSBURY","WEST YORKSHIRE","","WF13 2BW","19740401","19920630","C","Z","","","","","","","","0","","","","0",""
"B85049","NOOK SURGERY","Y51","Q32","NOOK SURGERY","144 MOOR HILL ROAD","SALENDINE NOOK","HUDDERSFIELD,WEST YORKS","","HD3 3XA","19740401","20120930","C","B","5N2","20061001","20120930","01484 644956","","","","0","","","","0",""
"B85604","NO NAME HELD","Y01","QDT","CROFT HOUSE","81 HUDDERSFIELD ROAD","MELTHAM, HUDDERSFIELD","WEST YORKSHIRE","","HD7 3AF","19740401","19910831","C","Z","","","","","","","","0","","","","0",""
"B85605","NO NAME HELD","Y01","QDT","FARTOWN HEALTH CENTRE","SPAINES ROAD","FARTOWN, HUDDERSFIELD","WEST YORKSHIRE","","HD2 2QA","19740401","19950305","C","Z","","","","01484 531575","","","","0","","","","0",""
"B85607","NO NAME HELD","Y01","QDT","70 BRADFORD ROAD","DEWSBURY","WEST YORKSHIRE","","","WF13 2DU","19740401","19940331","C","Z","","","","","","","","0","","","","0",""
"B85608","DR DUTT","Y51","Q32","FARTOWN HEALTH CENTRE","SPAINES ROAD","FARTOWN,HUDDERSFIELD","WEST YORKSHIRE","","HD2 2QA","19740401","20120930","C","B","5N2","20061001","20120930","01484 533314","","","","0","","","","0",""
"B85609","NO NAME HELD","Y01","QDT","584 WAKEFIELD ROAD","GREENSIDE","HUDDERSFIELD","WEST YORKSHIRE","","HD5 8PY","19740401","19910407","C","Z","","","","","","","","0","","","","0",""
"B85613","DR BHUYAN","Y51","Q32","FARTOWN HEALTH CENTRE","SPAINES ROAD","FARTOWN,HUDDERSFIELD","WEST YORKSHIRE","","HD2 2QA","19740401","20120930","C","B","5N2","20061001","20120930","01484 530358","","","","0","","","","0",""
"B85615","DR ALI & PARTNER","Y51","Q32","31 SCAR LANE","MILNSBRIDGE","HUDDERSFIELD","WEST YORKSHIRE","","HD3 4QH","19740401","20120930","C","B","5N2","20061001","20120930","01484 654108","","","","0","","","","0",""
"B85616","NO NAME HELD","Y01","Q32","140 SLAITHWAITE ROAD","THORNHILL LEES","DEWSBURY","WEST YORKSHIRE","","WF12 9DW","19871101","19990331","C","B","","20021001","20021001","01924 461369","","","","0","","","","0",""
"B85617","DR BHASIN","Y51","Q32","21 NEW STREET","MILNSBRIDGE","HUDDERSFIELD","WEST YORKSHIRE","","HD3 4LB","19740401","20120930","C","B","5N2","20061001","20120930","01484 651622","","","","0","","","","0",""
"B85624","VALLEY ROAD MEDICAL CENTRE","Y51","Q32","LIVERSEDGE HEALTH CENTRE","VALLEY ROAD","LIVERSEDGE","WEST YORKSHIRE","","WF15 6DF","19740401","20120930","C","B","5N2","20061001","20120930","01924 404900","","","","0","","","","0",""
"B85626","DR JACOBS PRACTICE","Y51","Q32","15 LISTER STREET","MOLDGREEN","HUDDERSFIELD","WEST YORKSHIRE","","HD5 8BA","19740401","20120930","C","B","5N2","20061001","20120930","01484 544194","","","","0","","","","0",""
"B85627","IBNE-SEENA MEDICAL CENTRE","Y51","Q32","37 WARREN STREET","SAVILE TOWN","DEWSBURY","WEST YORKSHIRE","","WF12 9LX","19740401","20120930","C","B","5N2","20061001","20120930","01924 468686","","","","0","","","","0",""
"B85639","DR PP CASSIDY'S PRACTICE","Y51","Q32","THE HEALTH CENTRE","COMMERCIAL ROAD","SKELMANTHORPE","HUDDERSFIELD, W.YORKSHIRE","","HD8 9DA","19890502","20120930","C","B","5N2","20061001","20120930","01484 863542","","","","0","","","","0",""
"B85642","NO NAME HELD","Y01","QDT","KIRKWOOD HOSPICE","21 ALBANY ROAD","DALTON","HUDDERSFIELD","","HD5 9UY","19910213","19981031","C","Z","","","","01484 512101","","","","0","","","","0",""
"B85643","NO NAME HELD","Y01","QDT","DALTON SURGERY","60 BROAD LANE","DALTON, HUDDERSFIELD","WEST YORKSHIRE","","HD5 9BY","19910401","19970413","C","Z","","","","01484 545044","","","","0","","","","0",""
"B85647","KIRKWOOD HOSPICE","Y51","Q32","KIRKWOOD HOSPICE","21 ALBANY ROAD","DALTON","HUDDERSFIELD","","HD5 9UY","19930310","20120930","C","B","5N2","20061001","20120930","01484 512101","","","","0","","","","0",""
"B85648","NO NAME HELD","Y01","QDT","ST LUKES HOUSE","BLACKMOORFOOT ROAD","CROSLAND MOOR","HUDDERSFIELD","","HD4 5RH","19930401","19960531","C","Z","","","","01484 540141","","","","0","","","","0",""
"B85649","NO NAME HELD","Y01","QDT","UNIT 51","WESTGATE","HUDDERSFIELD","","","HD1 1NU","19930623","19940223","C","Z","","","","0484 510826","","","","0","","","","0",""
"B85651","NO NAME HELD","Y01","QDT","UNIT 51","36 PORTLAND STREET","HUDDERSFIELD","","","HD1 1NU","19950213","19970331","C","Z","","","","01484510826","","","","0","","","","0",""
"B85654","NO NAME HELD","Y01","QDT","ST.LUKE'S HOUSE","BLACKMOORFOOT HOUSE","CROSLAND MOOR","HUDDERSFIELD","","HD4 5RH","19950721","19970304","C","Z","","","","01484 466000","","","","0","","","","0",""
"B85661","GROVE HOUSE SURGERY","Y51","Q32","GROVE HOUSE SURGERY","SOOTHILL LANE","BATLEY","WEST YORKSHIRE","","WF17 5SS","20030201","20120930","C","B","5N2","20061001","20120930","01924 476363","","","","0","","","","0",""
"B86040","DR IWANTSCHAK & PTRS","Y51","Q32","PARKSIDE COMMUNITY CENTRE","311 DEWSBURY ROAD","LEEDS","","","LS11 5LQ","19740401","20120930","C","B","5N1","20061001","20120930","0113 2704754","","","","0","","","","0",""
"B86083","NO NAME HELD","Y01","QDH","1 BURLEY WOOD LANE","","LEEDS","","","LS4 2SU","19740401","19920229","C","Z","","","","","","","","0","","","","0",""
"B86084","NO NAME HELD","Y01","Q32","42 ARMLEY RIDGE ROAD","","LEEDS","","","LS12 3NP","19740401","19990630","C","B","","20021001","20021001","01132638603","","","","0","","","","0",""
"B86088","NO NAME HELD","Y01","QDH","40 COMMERICAL STREET","ROTHWELL","LEEDS","","","LS26 0AW","19740401","19931219","C","Z","","","","0113 2823390","","","","0","","","","0",""
"B86091","DR ASN KHAN'S PRACTICE","Y51","Q32","8 THORPE ROAD","MIDDLETON","LEEDS","","","LS10 4BA","19740401","20120930","C","B","5N1","20061001","20120930","0113 2705221","","","","0","","","","0",""
"B86098","DR IUD QAZI'S PRACTICE","Y51","Q32","DRIGHLINGTON MEDICAL CTR","STATION ROAD,DRIGHLINGTON","BRADFORD","","","BD11 1JU","19740401","20120930","C","B","5N1","20061001","20120930","0113 2954680","","","","0","","","","0",""
"B86105","WOODSLEY ROAD","Y51","Q32","144 WOODSLEY ROAD","","LEEDS","","","LS2 9LZ","19870701","20120930","C","B","5N1","20061001","20120930","0113 2454038","","","","0","","","","0",""
"B86603","NO NAME HELD","Y01","QDH","116 STAINBECK LANE","","LEEDS","","","LS7 3QS","19740401","19910930","C","Z","","","","","","","","0","","","","0",""
"B86604","WEST LEEDS MEDICAL PRACTICE","Y51","Q32","WEST LEEDS MEDICAL PRACT.","289 LOWER WORTLEY ROAD","LEEDS","","","LS12 4PZ","19740401","20120930","C","B","5N1","20061001","20120930","0113 2799190","","","","0","","","","0",""
"B86606","NO NAME HELD","Y01","QDH","12 DEVONSHIRE AVENUE","","LEEDS","","","LS8 1AY","19860701","19981130","C","Z","","","","01132661012","","","","0","","","","0",""
"B86609","SHAW LANE SURGERY","Y51","Q32","SHAW HOUSE","11 SHAW LANE","LEEDS","","","LS6 4DH","19860721","20120930","C","B","5N1","20061001","20120930","01132784914","","","","0","","","","0",""
"B86616","NO NAME HELD","Y01","QDH","ST GEMMA'S HOSPICE","329 HARROGATE ROAD","MOORTOWN","","","LS17 6QN","19740401","19920630","C","Z","","","","","","","","0","","","","0",""
"B86617","NO NAME HELD","Y01","QDH","514 SCOTT HALL ROAD","","LEEDS","","","LS7 3RA","19870601","19980322","C","Z","","","","01132620780","","","","0","","","","0",""
"B86620","DR JR SHERWIN'S PRACTICE","Y51","Q32","282 HAREHILLS LANE","","LEEDS","","","LS9 7BD","19740401","20120930","C","B","","20021001","20120930","01132490534","","","","0","","","","0",""
"B86622","NO NAME HELD","Y01","QDH","64 RAYNVILLE ROAD","","LEEDS","","","LS13 2RG","19740401","19940807","C","Z","","","","0113 2752659","","","","0","","","","0",""
"B86624","NO NAME HELD","Y01","QDH","PUDSEY HEALTH CENTRE","18 MULBERRY STREET","LEEDS","","","LS28 7XP","19740401","19971231","C","Z","","","","01132550330","","","","0","","","","0",""
"B86627","MARKET CROSS SURGERY","Y51","Q32","103 COMMERCIAL STREET","ROTHWELL","LEEDS","","","LS26 0QD","19740401","20120930","C","B","5N1","20061001","20120930","0113 2822119","","","","0","","","","0",""
"B86628","NEW ROAD SIDE","Y51","Q32","127 NEW ROAD SIDE","HORSFORTH","LEEDS","","","LS18 4QD","19740401","20120930","C","B","5N1","20061001","20120930","0113 2953322","","","","0","","","","0",""
"B86629","NO NAME HELD","Y01","QDH","3 CAVENDISH ROAD","","LEEDS","","","LS1 3EN","19740401","19940331","C","Z","","","","","","","","0","","","","0",""
"B86630","DR B PRASAD'S PRACTICE","Y51","Q32","BELLE ISLE MEDICAL CENTRE","MIDDLETON ROAD","LEEDS","","","LS10 3DZ","19740401","20120930","C","B","5N1","20061001","20120930","01132709139","","","","0","","","","0",""
"B86631","NO NAME HELD","Y01","QDH","UNIVERSITY HEALTH SERVICE","3-5 CAVENDISH ROAD","LEEDS","","","LS1 3EN","19740401","19930831","C","Z","","","","0113 2332990","","","","0","","","","0",""
"B86634","SPENCER PLACE MEDICAL PRACTICE","Y51","Q32","CHAPELTOWN HEALTH CENTRE","SPENCER PLACE","LEEDS","","","LS7 4BB","19870401","20120930","C","B","5N1","20061001","20120930","01132409090","","","","0","","","","0",""
"B86635","NO NAME HELD","Y01","Q32","COTTINGLEY COMMUNITY","HEALTH CENTRE","115 COTTINGLEY APPROACH","LEEDS","","LS11 0HJ","19740401","19940131","C","B","","20021001","20021001","0113 2700804","","","","0","","","","0",""
"B86637","NO NAME HELD","Y01","QDH","56 ARMLEY RIDGE ROAD","","LEEDS","","","LS12 3NP","19740401","19960331","C","Z","","","","01132450271","","","","0","","","","0",""
"B86640","HILTON ROAD SURGERY","Y51","Q32","47 AVENUE CRESCENT","","LEEDS","","","LS8 4HD","19740401","20120930","C","B","5N1","20061001","20120930","0113 2624630","","","","0","","","","0",""
"B86641","SOUTH LEEDS PCT PRACTICE","Y51","Q32","THE SHAFTESBURY MED CTR","482A HAREHILLS LANE","LEEDS","","","LS9 6DE","19740401","20120930","C","B","5N1","20061001","20120930","0113 2480392","","","","0","","","","0",""
"B86644","JEFFERY JR","Y51","Q32","1 LYNTON AVENUE","BOSTON SPA","LEEDS","","","LS23 6BL","19740401","20120930","C","B","5N1","20061001","20120930","01937842115","","","","0","","","","0",""
"B86645","MUKHERJEE B","Y51","Q32","3 GRAFTON VILLAS","STANKS","LEEDS","","","LS15 8SH","19740401","20120930","C","B","5N1","20061001","20120930","01132646550","","","","0","","","","0",""
"B86647","NO NAME HELD","Y01","QDH","150A TOWN STREET","ARMLEY","LEEDS","","","LS12 3JG","19740401","19950312","C","Z","","","","0113 2791697","","","","0","","","","0",""
"B86649","NO NAME HELD","Y01","QDH","UNIVERSITY HEALTH CENTRE","3-5 CAVENDISH ROAD","LEEDS","","","LS1 3EN","19740401","19940331","C","Z","","","","","","","","0","","","","0",""
"B86650","DR PRASAD'S SURGERY","Y51","Q32","9 STRATFORD STREET","LEEDS","","","","LS11 6JP","19740401","20120930","C","B","5N1","20061001","20120930","0113 2953945","","","","0","","","","0",""
"B86652","DIXON LANE MEDICAL CENTRE","Y51","Q32","DIXON LANE MEDICAL CENTRE","102 DIXON LANE","LOWER WORTLEY","LEEDS","","LS12 4AD","19740401","20120930","C","B","5N1","20061001","20120930","0113 2797234","","","","0","","","","4",""
"B86656","NO NAME HELD","Y01","QDH","3 CAVENDISH ROAD","","LEEDS","","","LS1 3EN","19740401","19940331","C","Z","","","","","","","","0","","","","0",""
"B86664","NO NAME HELD","Y01","QDH","3 CAVENDISH ROAD","","LEEDS","","","LS1 3EN","19900917","19940331","C","Z","","","","","","","","0","","","","0",""
"B86665","NO NAME HELD","Y01","QDH","HOMELESS & ROOTLESS","SHAFTESBURY HOUSE","BEESTON ROAD","LEEDS","","LS11 6SH","19910115","19920814","C","Z","","","","","","","","0","","","","0",""
"B86668","NO NAME HELD","Y01","QDH","CHAPELTOWN HEALTH CENTRE","SPENCER PLACE","LEEDS","","","LS7 4BB","19920701","19921231","C","Z","","","","","","","","0","","","","0",""
"B86671","NO NAME HELD","Y01","QDH","UNIVERSITY HEALTH SERVICE","3-5 CAVENDISH ROAD","LEEDS","","","LS1 3EN","19940110","19940331","C","Z","","","","","","","","0","","","","0",""
"B86676","TRAVELLING FAMILIES","Y51","Q32","BRUNSWICK COURT","BRIDGE STREET","LEEDS","","","LS2 7RJ","20000401","20120930","C","B","5N1","20061001","20120930","0113 2952500","","","","0","","","","0",""
"B86677","LINDSAY PJ","Y51","Q32","THE GABLES SURGERY","231 SWINNOW ROAD","PUDSEY","LEEDS","","LS28 9AP","20010122","20120930","C","B","5N1","20061001","20120930","0113 2566464","","","","0","","","","0",""
"B86679","HEALTH ACCESS TEAM FOR ASYLUM SEEKERS","Y51","Q32","HEALTH ACCESS TEAM","BUSHBERRY HS, 4 LAUREL MT","LEEDS","","","LS7 3JX","20020401","20120930","C","B","5N1","20061001","20120930","0113 2952740","","","","0","","","","4",""
"B86680","WYMAS ALTERNATIVE RESPONSE","Y51","Q32","WYMAS NHS TRUST","THREELANDS","BRADFORD ROAD,BIRKENSHAW","BRADFORD","","BD11 2AH","20020801","20120930","C","B","5N1","20061001","20120930","01274 707369","","","","0","","","","0",""
"B86683","DR B PRASAD'S PRACTICE","Y51","Q32","BELLE ISLE MEDICAL CENTRE","MIDDLETON ROAD","LEEDS","","","LS10 3DZ","20021201","20120930","C","B","5N1","20061001","20120930","01132709139","","","","0","","","","0",""
"B87014","GREENVIEW","Y51","Q32","GREENVIEW MEDICAL CENTRE","WAGGON LANE","UPTON","PONTEFRACT","","WF9 1JS","19740401","20120930","C","B","5N3","20061001","20120930","01977 647521","","","","0","","","","0",""
"B87024","RYCROFT","Y51","Q32","RYCROFT PRIMARY CARE CTR","MADELEY ROAD","HAVERCROFT","WAKEFIELD","","WF4 2QG","19740401","20120930","C","B","5N3","20061001","20120930","01226 725555","","","","0","","","","0",""
"B87038","NO NAME HELD","Y01","Q32","THE GROVE SURGERY","TRINITY MEDICAL CENTRE","THORNHILL STREET","WAKEFIELD","","WF1 1PL","19740401","19990731","C","B","","20021001","20021001","01924 398000","","","","0","","","","0",""
"B87043","DR RR KANANI'S PRACTICE","Y51","Q32","THE SURGERY","1 HIGHFIELD ROAD","HEMSWORTH, PONTEFRACT","WEST YORKSHIRE","","WF9 4DP","19740401","20120930","C","B","5N3","20061001","20120930","01977 610926","","","","0","","","","0",""
"B87601","NO NAME HELD","Y01","QDQ","ALVERTHORPE SURGERY","BALNE LANE","WAKEFIELD","WEST YORKSHIRE","","WF2 0DP","19740401","19941130","C","Z","","","","0924 383710","","","","0","","","","0",""
"B87605","AGBRIGG","Y51","Q32","AGBRIGG SURGERY","46 MONTAGUE STREET","WAKEFIELD","WEST YORKSHIRE","","WF1 5BB","19890401","20120930","C","B","5N3","20061001","20120930","01924 251811","","","","0","","","","0",""
"B87607","NO NAME HELD","Y01","QDQ","BATLEY ROAD CLINIC","68 BATLEY ROAD","ALVERTHORPE","WAKEFIELD","","WF2 0AD","19901012","19960331","C","Z","","","","01924 200146","","","","0","","","","0",""
"B87608","NO NAME HELD","Y01","QDQ","PRINCE OF WALES HOSPICE","HALFPENNY LANE","PONTEFRACT","","","WF8 4BG","19901203","19991008","C","Z","","","","01977 708868","","","","0","","","","0",""
"B87609","NO NAME HELD","Y01","QDQ","NORMANTON HEALTH CENTRE","177 CHURCH LANE","NORMANTON","WEST YORKSHIRE","","WF6 2EZ","19910501","19931031","C","Z","","","","","","","","0","","","","0",""
"B87610","WAKEFIELD HOSPICE","Y51","Q32","THE WAKEFIELD HOSPICE","ABERFORD ROAD","WAKEFIELD","WEST YORKSHIRE","","WF1 4TS","19900404","20120930","C","B","5N3","20061001","20120930","01924 213900","","","","0","","","","0",""
"B87611","DR JM RAJGOPAL'S PRACTICE","Y51","Q32","SOUTHMOOR SURGERY","SOUTHMOOR ROAD","HEMSWORTH, PONTEFRACT","WEST YORKSHIRE","","WF9 4DP","19920501","20120930","C","B","5N3","20061001","20120930","01977 615153","","","","0","","","","0",""
"B87612","NO NAME HELD","Y01","QDQ","GENERAL MANAGER","5 ST.JOHN'S NORTH","WAKEFIELD","","","WF1 3QD","19920701","19920702","C","Z","","","","","","","","0","","","","0",""
"B87613","NO NAME HELD","Y01","QDQ","ORCHARD CROFT MEDICAL CTR","CLUNTERGATE, HORBURY","WAKEFIELD","WEST YORKSHIRE","","WF4 5BY","19980701","19990310","C","Z","","","","01924 271016","","","","0","","","","0",""
"B87615","PONTEFRACT HOSPICE","Y51","Q32","PRINCE OF WALES HOSPICE","HALFPENNY LANE","PONTEFRACT","","","WF8 4BG","20011005","20120930","C","B","5N3","20061001","20120930","01977 708868","","","","0","","","","0",""
"C81085","DR PS CROWTHER'S PRACTICE","Y51","Q33","THE MEDICAL CENTRE","1 TENNYSON AVENUE","CHESTERFIELD","DERBYSHIRE","","S40 4SN","19740401","20120930","C","B","5N6","20061001","20120930","01246 270505","","","","0","","","","0",""
"C81093","DIMPLE HEAD SURGERY","Y51","Q33","THE MEDICAL CENTRE","DIMPLE HEAD, CRICH","MATLOCK","DERBYSHIRE","","DE4 5BQ","19740401","20120930","C","B","5N6","20061001","20120930","01773 852035","","","","0","","","","0",""
"C81098","DR BK SHRESTHA'S PRACTICE","Y51","Q33","THE MAPLES","BARNFIELD CLOSE","STAVELEY","CHESTERFIELD","","S43 3UL","19740401","20120930","C","B","5N6","20061001","20120930","01246 472309","","","","0","","","","0",""
"C81102","MEDICAL CENTRE MATLOCK","Y51","Q33","LIME GROVE MEDICAL CENTRE","LIME GROVE WALK","MATLOCK","DERBYSHIRE","","DE4 3FD","19740401","20120930","C","B","5N6","20061001","20120930","01629 582107","","","","0","","","","0",""
"C81103","NO NAME HELD","Y02","QCJ","185 LADYBANK ROAD","MICKLEOVER","DERBY","","","DE3 5QL","19740401","19940306","C","Z","","","","0332 518918","","","","0","","","","0",""
"C81105","THE POPLARS","Y51","Q33","THE POPLARS,13 LINTON RD.","CASTLE GRESLEY","BURTON-ON-TRENT","STAFFORDSHIRE","","DE11 9HU","19740401","20120930","C","B","5N6","20061001","20120930","01283 217592","","","","0","","","","0",""
"C81107","DALE MEDICAL CENTRE","Y51","Q33","DALE MEDICAL CENTRE","30 LOWER DALE ROAD","DERBY","","","DE23 6WY","19740401","20120930","C","B","5N7","20061001","20120930","01332 346226","","","","0","","","","0",""
"C81109","CHESTERFIELD PCT LOCUM","Y51","Q33","LEYFIELD SURGERY","2 ECKINGTON ROAD","STAVELEY, CHESTERFIELD","DERBYSHIRE","","S43 3XZ","19740401","20120930","C","B","5N6","20061001","20120930","01246 473321","","","","0","","","","0",""
"C81111","ALVASTON FAMILY MEDICAL CENTRE","Y51","Q33","LONDON ROAD","ALVASTON","DERBY","DERBYSHIRE","","DE24 8QF","19740401","20120930","C","B","5N7","20061001","20120930","01332 571344","","","","0","","","","0",""
"C81112","LITTLEOVER MEDICAL CENTRE","Y51","Q33","LITTLEOVER MEDICAL CENTRE","640 BURTON ROAD","LITTLEOVER","DERBY","","DE23 6EL","19740401","20120930","C","B","5N7","20061001","20120930","01332 207100","","","","0","","","","0",""
"C81602","NO NAME HELD","Y02","QCM","HADFIELD MEDICAL CENTRE","82 BROSSCROFT, HADFIELD","GLOSSOP","DERBYSHIRE","","SK13 1DS","19740401","19921101","C","Z","","","","","","","","0","","","","0",""
"C81608","NO NAME HELD","Y02","QCJ","37 MARKET PLACE","MELBOURNE","DERBY","","","DE7 1DS","19740401","19940819","C","Z","","","","0332 862253","","","","0","","","","0",""
"C81610","NO NAME HELD","Y02","QCH","HOLFORD HOUSE","BACK ROCK STREET","NEW MILLS,STOCKPORT","CHESHIRE","","SK12 4BY","19740401","19950131","C","Z","","","","0663 744852","","","","0","","","","0",""
"C81612","NO NAME HELD","Y08","QC9","LOCH MARIE","2 NORTH ROAD","GLOSSOP","DERBYSHIRE","","SK13 9AT","19740401","19930310","C","Z","","","","0457 852075","","","","0","","","","0",""
"C81614","NO NAME HELD","Y02","QCJ","100 DOUGLAS STREET","","DERBY","","","DE3 8JL","19740401","19970531","C","Z","","","","01332 44020","","","","0","","","","0",""
"C81618","NO NAME HELD","Y02","QCJ","THE SURGERY","EAST STREET","ILKESTON","DERBYSHIRE","","DE7 5JB","19740401","19970630","C","Z","","","","0115 9322429","","","","0","","","","0",""
"C81619","HOLLYMOUNT SURGERY CLOSED 15/6/2003","Y51","Q31","MANOR HOUSE SURGERY","MANOR STREET","GLOSSOP","DERBYSHIRE","","SK13 8PS","19740401","20120930","C","B","5LH","20020401","20120930","01457 860860","","","","0","","","","0",""
"C81620","DR MI KHAN'S PRACTICE","Y51","Q33","THE SURGERY","219 BURTON ROAD","DERBY","DERBYSHIRE","","DE23 6AE","19740401","20120930","C","B","5N7","20061001","20120930","01332 346227","","","","0","","","","0",""
"C81621","DR SM ALLSOP'S PRACTICE","Y51","Q33","18 GREEN LANE","DRONFIELD","SHEFFIELD","","","S18 6LJ","19740401","20120930","C","B","5N6","20061001","20120930","01246 412332","","","","0","","","","0",""
"C81622","NO NAME HELD","Y02","QCJ","THE BROOK MEDICAL CENTRE","183 KEDLESTON ROAD","DERBY","DERBYSHIRE","","DE22 1FT","19740401","19990331","C","Z","","","","01332 340576","","","","0","","","","0",""
"C81623","CHELLASTON MEDICAL CENTRE","Y51","Q33","17 DERBY ROAD","CHELLASTON","DERBY","","","DE73 1SA","19740401","20120930","C","B","5N7","20061001","20120930","01332 700309","","","","0","","","","0",""
"C81624","DR AJ KAY'S PRACTICE","Y51","Q33","EASTWOOD HOUSE SURGERY","10 MILL STREET","CLOWNE,CHESTERFIELD","DERBYSHIRE","","S43 4JN","19740401","20120930","C","B","5N6","20061001","20120930","01246 810303","","","","0","","","","0",""
"C81625","NO NAME HELD","Y02","QCH","BROWN DYKE SURGERY","WELBECK ROAD","BOLSOVER,CHESTERFIELD","DERBYSHIRE","","S44 6DE","19740401","19970731","C","Z","","","","01246 822100","","","","0","","","","0",""
"C81626","NORMANTON MEDICAL CENTRE","Y51","Q33","NORMANTON MEDICAL CENTRE","151 ST.THOMAS ROAD","NORMANTON","DERBY","","DE23 8RH","19740401","20120930","C","B","5N7","20061001","20120930","01332 765100","","","","0","","","","0",""
"C81630","JAY BEE MEDICAL CENTRE","Y51","Q33","JAY BEE MEDICAL CENTRE","25 CHARNWOOD STREET","DERBY","","","DE1 2GU","19740401","20120930","C","B","5N7","20061001","20120930","01332 342711","","","","0","","","","0",""
"C81631","HA LOCUM 1","Y51","Q33","CLOWNE HEALTH CENTRE","CRESWELL ROAD","CLOWNE","DERBYSHIRE","","S43 4LU","19740401","20120930","C","B","5N6","20061001","20120930","01246 819444","","","","0","","","","0",""
"C81632","NO NAME HELD","Y02","Q33","15 LEOPOLD STREET","","DERBY","","","DE1 2HE","19740401","19990930","C","B","5N7","20061001","20061001","01332 369402","","","","0","","","","0",""
"C81639","HEMA MEDICAL CENTRE","Y51","Q33","HEMA MEDICAL CENTRE","KELDHOLME LANE","ALVASTON","DERBY","","DE24 0RY","19740401","20120930","C","B","5N7","20061001","20120930","01332 571677","","","","0","","","","4",""
"C81643","NO NAME HELD","Y02","QCH","2 BIRCHWOOD LANE","SOUTH NORMANTON","","","","DE55 3DA","19851202","19940331","C","Z","","","","","","","","0","","","","0",""
"C81644","DR P VINAYAGAMOORTHY'S PRACTICE","Y51","Q33","THE MEDICAL CENTRE","2 BIRCHWOOD LANE","SOUTH NORMANTON","","","DE55 3DA","19740401","20120930","C","B","5N6","20061001","20120930","01773 862907","","","","0","","","","0",""
"C81645","NO NAME HELD","Y02","QCJ","120 SWANWICK ROAD","LEABROOKS","DERBY","","","DE55 1LL","19860901","19921231","C","Z","","","","","","","","0","","","","0",""
"C81646","THE CHARLTON HOUSE PRACTICE","Y51","Q33","LONG EATON HEALTH CENTRE","MIDLAND ST, LONG EATON","NOTTINGHAM","","","NG10 1RY","19860702","20120930","C","B","5N6","20061001","20120930","0844 4150109","","","","0","","","","0",""
"C81651","VIDYA MEDICAL CENTRE","Y51","Q33","VIDYA MEDICAL CENTRE","12 CHARNWOOD STREET","DERBY","DERBYSHIRE","","DE1 2GT","19880201","20120930","C","B","5N7","20061001","20120930","01332 345406","","","","0","","","","0",""
"C81656","NO NAME HELD","Y02","QCH","2 GOLDHILL COTTAGES","GOLDHILL","TANSLEY, NR.MATLOCK","DERBYSHIRE","","DE4 5FG","19901216","19950331","C","Z","","","","","","","","0","","","","0",""
"C81657","NORTH STREET SURGERY","Y51","Q33","NORTH STREET SURGERY","2 NORTH STREET","LITTLEOVER","DERBY","","DE23 6BJ","19901210","20120930","C","B","5N7","20061001","20120930","01332 346622","","","","0","","","","0",""
"C81659","NO NAME HELD","Y02","QCJ","THE CAVENDISH SURGERY","7/9 VINCENT STREET","DERBY","","","DE3 7JB","19911101","19970331","C","Z","","","","01332 271415","","","","0","","","","0",""
"C81664","DR B BANERJEE'S PRACTICE","Y51","Q31","GROUP PRACTICE CENTRE","HOWARD STREET","GLOSSOP","DERBYSHIRE","","SK13 7DE","19980716","20120930","C","B","5LH","20020401","20120930","01457 854321","","","","0","","","","0",""
"C81666","HARTINGTON HOUSE","Y51","Q33","HARTINGTON HOUSE","HARTINGTON STREET","DERBY","","","DE23 8EA","20001001","20120930","C","B","5N7","20061001","20120930","01332 203898","","","","0","","","","0",""
"C81669","BRIMINGTON CLINIC","Y51","Q33","CHURCH STREET","BRIMINGTON","CHESTERFIELD","","","S43 1JG","20010801","20130331","C","B","5N6","20061001","20130331","01246 514900","","","","0","","","","0",""
"C81670","THE SAI MEDICAL CENTRE","Y51","Q33","THE SAI MEDICAL CENTRE","60-62 SALE STREET","DERBY","","","DE23 8GD","20020801","20120930","C","B","5N7","20061001","20120930","01332 344771","","","","0","","","","0",""
"C81671","BRUNEL UNIT","Y51","Q33","MARKET STREET","CLAY CROSS","CHESTERFIELD","","","S45 9LX","20021001","20120930","C","B","5N6","20061001","20120930","01246 231255","","","","0","","","","0",""
"C81675","FOUNTAIN PRIMARY CARE SERVICE","Y51","Q33","60-62 SALE STREET","","","DERBY","","DE23 8GD","20030314","20120930","C","B","5N7","20061001","20120930","01332 546660","","","","0","","","","0",""
"C81677","ECKINGTON CLINIC","Y51","Q33","GPSI SUB MISUSE SERVICE","BAYHEATH HOUSE","ROSE HILL W. CHESTERFIELD","","","S40 1JF","20030401","20120930","C","B","5N6","20061001","20120930","01246 277388","","","","0","","","","0",""
"C82006","NO NAME HELD","Y02","QCL","ST.PETER'S HEALTH CENTRE","SPARKENHOE STREET","LEICESTER","","","LE2 0TA","19740401","19940101","C","Z","","","","0116 2629427","","","","0","","","","0",""
"C82090","STEWART AVE","Y51","Q33","17 STEWART AVENUE","NARBOROUGH","LEICESTER","","","LE19 5LN","19740401","20120930","C","B","5PA","20061001","20120930","0116 2866088","","","","0","","","","0",""
"C82101","DR TV RAIVADERA'S PRACTICE","Y51","Q33","21 HARROWGATE DRIVE","BIRSTALL","LEICESTER","","","LE4 3GQ","19740401","20120930","C","B","5PA","20061001","20120930","0116 2676433","","","","0","","","","0",""
"C82104","ELMP-CHARNWOOD","Y51","Q33","MERLYN VAZ HEALTH CENTRE","1 SPINNEY HILL ROAD","LEICESTER","","","LE5 3GH","19740401","20120930","C","B","5PC","20061001","20120930","0116 2943100","","","","0","","","","0",""
"C82110","NO NAME HELD","Y02","QCL","8 SAXBY STREET","","LEICESTER","","","LE2 0ND","19740401","19910701","C","Z","","","","","","","","0","","","","0",""
"C82113","NO NAME HELD","Y02","QCL","26 COLWELL ROAD","","LEICESTER","","","LE3 9AX","19740401","19920410","C","Z","","","","","","","","0","","","","0",""
"C82115","DR MJ REUBEN'S PRACTICE","Y51","Q33","WESTCOTES HEALTH CENTRE","FOSSE ROAD SOUTH","LEICESTER","LEICESTERSHIRE","","LE3 0LP","19740401","20120930","C","B","5PC","20061001","20120930","0116 2541800","","","","0","","","","0",""
"C82601","NO NAME HELD","Y02","QCL","30 EVINGTON LANE","","LEICESTER","","","LE5 5PN","19740401","19931122","C","Z","","","","0116 2736249","","","","0","","","","0",""
"C82605","NO NAME HELD","Y02","QCL","11 IMPERIAL AVENUE","","LEICESTER","","","LE3 1AG","19740401","19950201","C","Z","","","","0116 2825654","","","","0","","","","0",""
"C82609","NO NAME HELD","Y02","Q33","46-48-UPPINGHAM ROAD","","LEICESTER","","","LE5 0QD","19740401","20000131","C","B","5PC","20061001","20061001","0116 2767133","","","","0","","","","0",""
"C82612","BARCLAY STREET","Y51","Q33","36 BARCLAY STREET","","LEICESTER","","","LE3 0JA","19740401","20120930","C","B","5PC","20061001","20120930","0116 2547684","","","","0","","","","0",""
"C82615","HIGHFIELDS - CLOSED","Y51","Q33","63 MELBOURNE ROAD","","LEICESTER","","","LE2 0GU","19740401","20120930","C","B","5PC","20061001","20120930","0116 2545301","","","","0","","","","0",""
"C82616","NO NAME HELD","Y02","QCL","QUEENS ROAD SURGERY","108 QUEENS ROAD","LEICESTER","","","LE2 3FL","19861201","19950331","C","Z","","","","0116 2707067","","","","0","","","","0",""
"C82617","NO NAME HELD","Y02","QCL","440 EAST PARK ROAD","","LEICESTER","","","LE5 5HH","19740401","19980701","C","Z","","","","0116 2730816","","","","0","","","","0",""
"C82619","DR R G BUCK","Y51","Q33","72A LUTTERWORTH ROAD","","LEICESTER","","","LE2 8PG","19740401","20120930","C","B","5PC","20061001","20120930","0116 2440010","","","","0","","","","0",""
"C82622","NO NAME HELD","Y02","QCL","25 BULLER ROAD","","LEICESTER","","","LE4 5GB","19740401","19910401","C","Z","","","","","","","","0","","","","0",""
"C82630","NO NAME HELD","Y02","QCL","WESTCOTES HEALTH CENTRE","FOSSE ROAD SOUTH","LEICESTER","LEICESTERSHIRE","","LE3 0LP","19761017","19960630","C","Z","","","","0116 2547905","","","","0","","","","0",""
"C82633","NO NAME HELD","Y02","QCL","111-113 NETHERHALL ROAD","","LEICESTER","","","LE5 1DR","19860317","19970415","C","Z","","","","0116 2432077","","","","0","","","","0",""
"C82635","MALABAR ROAD - CLOSED","Y51","Q33","MALABAR ROAD MEDICAL CTR","MALABAR ROAD","LEICESTER","","","LE1 2PU","19860701","20120930","C","B","5PC","20061001","20120930","0116 2518047","","","","0","","","","0",""
"C82638","LIMELEIGH MEDICAL CENTRE","Y51","Q33","169 NARBOROUGH ROAD","","LEICESTER","","","LE3 0PE","19740401","20120930","C","B","5PC","20061001","20120930","0116 2552688","","","","0","","","","0",""
"C82640","NO NAME HELD","Y02","QCL","ENKALON HOUSE","92 REGENT ROAD","LEICESTER","","","LE1 7PE","19870701","19940916","C","Z","","","","0116 2543535","","","","0","","","","0",""
"C82645","NO NAME HELD","Y02","QCL","BIRSTALL MEDICAL CENTRE","4 WHILES LANE","BIRSTALL","LEICESTER","","LE4 4EE","19880815","19950331","C","Z","","","","","","","","0","","","","0",""
"C82646","DR REA DZIEWANOWSKI'S PRACTICE","Y51","Q33","THE PARKS MEDICAL CENTRE","340 AIKMAN AVENUE","LEICESTER","","","LE3 9PW","19890402","20120930","C","B","5PC","20061001","20120930","0116 2871230","","","","0","","","","0",""
"C82647","NO NAME HELD","Y02","QCL","PRACTICE A","HEALTH CENTRE,HILL STREET","HINCKLEY","LEICESTERSHIRE","","LE10 1DS","19900401","19940313","C","Z","","","","0455 636191","","","","0","","","","0",""
"C82648","HOLLYCROFT MEDICAL CENTRE","Y51","Q33","CLIFTON WAY","HOLLYCROFT","HINCKLEY","LEICESTERSHIRE","","LE10 0XN","19910715","20120930","C","B","5PA","20061001","20120930","01455 234414","","","","0","","","","4",""
"C82652","TOWN SURGERY","Y51","Q33","TOWN SURGERY","BAXTERGATE","LOUGHBOROUGH","LEICESTERSHIRE","","LE11 1TT","19911201","20120930","C","B","5PA","20061001","20120930","01509 568840","","","","0","","","","0",""
"C82654","SOMERBY SURGERY","Y51","Q33","SOMERBY SURGERY","54 HIGH STREET","SOMERBY, MELTON MOWBRAY","LEICESTERSHIRE","","LE14 2PZ","19921001","20120930","C","B","5PA","20061001","20120930","01664 454204","","","","0","","","","0",""
"C82658","NO NAME HELD","Y02","QCL","3 GROVE ROAD","WHETSTONE","LEICESTERSHIRE","","","LE8 6LN","19940704","19971214","C","Z","","","","0116 2861818","","","","0","","","","0",""
"C82661","NO NAME HELD","Y02","Q33","Y.A.S.C.","7 POCKLINGTONS WALK","LEICESTER","","","LE1 6BT","19960401","20000324","C","B","5PC","20061001","20061001","0116 2620325","","","","0","","","","0",""
"C82665","DR PD GREEN'S PRACTICE","Y51","Q33","LOUGHBOROUGH HEALTH CTR.","PINFOLD GATE","LOUGHBOROUGH, LEICESTER","","","LE11 1DQ","19970801","20120930","C","B","5PA","20061001","20120930","01509 260000","","","","0","","","","0",""
"C82666","DR MD MYINT'S PRACTICE","Y51","Q33","OAKTREE SURGERY","231 C0SSINGTON ROAD","SILEBY","LEICESTERSHIRE","","LE12 7RR","19971001","20120930","C","B","5PA","20061001","20120930","01509 816822","","","","0","","","","0",""
"C82668","DR SK DEY'S PRACTICE","Y51","Q33","ST.PETER'S HEALTH CENTRE","SPARKENHOE STREET","LEICESTER","","","LE2 0TA","19980917","20120930","C","B","5PC","20061001","20120930","0116 2538847","","","","0","","","","0",""
"C82672","TRAVELLING FAMILIES","Y51","Q33","LEICESTER HLTH AUTHORITY","GWENDOLEN ROAD","LEICESTER","","","LE5 4QF","20000401","20120930","C","B","","20021001","20120930","0116 2731173","","","","0","","","","0",""
"C82673","HEALTH AUTHORITY LOCUM","Y51","Q33","101 NETHERHALL ROAD","LEICESTER","","","","LE5 1DR","20000901","20120930","C","B","5PC","20061001","20120930","0116 2432532","","","","0","","","","0",""
"C82674","HEALTH AUTHORITY LOCUM","Y51","Q33","BEAUMONT LEYS HEALTH CTR","1 LITTLEWOOD CLOSE","BEAUMONT LEYS","LEICESTER","","LE4 0UZ","20000901","20120930","C","B","5PC","20061001","20120930","0116 2352293","","","","0","","","","0",""
"C82675","HEALTH AUTHORITY LOCUM","Y51","Q33","154 ROTHLEY ROAD","MOUNTSORREL","LEICESTER","","","LE12 7JX","20000901","20120930","C","B","5PA","20061001","20120930","0116 2303642","","","","0","","","","0",""
"C82677","DVT SPECIALIST SERVICE","Y51","Q33","DVT SPECIALIST SERVICE","GROUND FLOOR, MANSION HSE","41 GUILDHALL LANE","LEICESTER","","LE1 5FR","20010901","20120930","C","B","5PC","20061001","20120930","0116 2951100","","","","0","","","","0",""
"C82679","MRH PCT OOH","Y51","Q33","ST MARY'S HOSPITAL","THORPE ROAD","MELTON MOWBRAY","LEICESTERSHIRE","","LE13 1SJ","20020801","20120930","C","B","5PA","20061001","20120930","01664 855073","","","","0","","","","2",""
"C82681","THE RAWLINS PROJECT","Y51","Q33","WOODGATE","LOUGHBOROUGH","","","","LE11 2TZ","20030201","20120930","C","B","5PA","20061001","20120930","01509 567740","","","","0","","","","0",""
"C82682","LOUGHBOROUGH ROAD MEDICAL CENTRE","Y51","Q33","30-32 LOUGHBOROUGH ROAD","","LEICESTER","","","LE4 5LD","20030310","20120930","C","B","5PC","20061001","20120930","0844 4773509","","","","0","","","","0",""
"C83012","BILLINGBOROUGH SURGERY","Y51","Q33","THE SURGERY","SPRINGWELLS","BILLINGBOROUGH","LINCOLNSHIRE","","NG34 0QQ","19740401","20120930","C","B","5N9","20061001","20120930","01529 240234","","","","0","","","","0",""
"C83034","THE FAMILY PRACTICE CONINGSBY","Y51","Q33","THE SURGERY","SILVER STREET","CONINGSBY","LINCOLN","","LN4 4SG","19740401","20120930","C","B","5N9","20061001","20120930","01526 342348","","","","0","","","","0",""
"C83069","FERGUSON SURGERY","Y51","Q33","153 MONKS ROAD","","LINCOLN","","","LN2 5JJ","19740401","20120930","C","B","5N9","20061001","20120930","01522523995","","","","0","","","","0",""
"C83070","NO NAME HELD","Y02","QCM","603 NEWARK ROAD","","LINCOLN","","","LN6 8RY","19740401","19931202","C","Z","","","","0522 681100","","","","0","","","","0",""
"C83076","NO NAME HELD","Y02","QCM","MARSH MEDICAL PRACTICE","MANBY","LOUTH","LINCOLNSHIRE","","LN11 8EB","19740401","19960630","C","Z","","","","01507 328877","","","","0","","","","0",""
"C83077","NO NAME HELD","Y02","QCM","THE SURGERY","ANCASTER AVENUE","CHAPEL ST.LEONARDS","SKEGNESS, LINCOLNSHIRE","","PE24 5SL","19740401","19980331","C","Z","","","","01754 872541","","","","0","","","","0",""
"C83084","NO NAME HELD","Y02","QCM","BELVOIR VALE SURGERY","17A WALFORD CLOSE","BOTTESFORD","NOTTINGHAM","","NG13 0AN","19940701","19940731","C","Z","","","","","","","","0","","","","0",""
"C83606","MARISCO MEDICAL PRACTICE (IMC)","Y51","Q33","BROADWAY MEDICAL CENTRE","THE BROADWAY","SUTTON-ON-SEA","MABLETHORPE,LINCOLNSHIRE","","LN12 2JN","19740401","20120930","C","B","5N9","20061001","20120930","01507 441245","","","","0","","","","0",""
"C83608","NO NAME HELD","Y02","QCM","THE SURGERY","SCHOOL LANE","WASHINGBOROUGH","LINCOLNSHIRE","","LN4 1BN","19861231","19920605","C","Z","","","","","","","","0","","","","0",""
"C83609","NO NAME HELD","Y02","QCM","THE HEALTH CENTRE","34 NEWLAND","LINCOLN","","","LN1 1XP","19740401","19930630","C","Z","","","","","","","","0","","","","0",""
"C83610","HAWTHORN MEDICAL PRACTICE","Y51","Q33","THE SURGERY","WAINFLEET ROAD","BURGH-LE-MARSH","SKEGNESS, LINCOLNSHIRE","","PE24 5ED","19740401","20120930","C","B","5N9","20061001","20120930","01754 810205","","","","0","","","","0",""
"C83618","NO NAME HELD","Y02","QCM","59 ST.CATHERINES","","LINCOLN","","","LN5 8LR","19740401","19950312","C","Z","","","","0522 536363","","","","0","","","","0",""
"C83619","NO NAME HELD","Y02","QCM","THE SURGERY","SILVER STREET","WRAGBY","LINCOLN","","LN3 5PJ","19740401","19960201","C","Z","","","","01673 858206","","","","0","","","","0",""
"C83620","DR SK BASU'S PRACTICE","Y51","Q33","78 WELLINGTON ROAD","MABLETHORPE","LINCOLNSHIRE","","","LN12 1HT","19740401","20120930","C","B","5N9","20061001","20120930","01507 472409","","","","0","","","","0",""
"C83621","NO NAME HELD","Y02","QCM","CROWLAND HEALTH CENTRE","THORNEY ROAD","CROWLAND","PETERBOROUGH","","PE6 0AL","19740401","19920916","C","Z","","","","","","","","0","","","","0",""
"C83623","NO NAME HELD","Y02","QCM","THE BASSINGHAM SURGERY","TORGATE LANE","BASSINGHAM","LINCOLN","","LN5 9HF","19740401","19990131","C","Z","","","","01522 788250","","","","0","","","","0",""
"C83624","NO NAME HELD","Y02","QCM","CAISTOR HEALTH CENTRE","DALE VIEW","CAISTOR","LINCOLNSHIRE","","LN7 6NX","19740401","19970731","C","Z","","","","01472 851495","","","","0","","","","0",""
"C83625","NO NAME HELD","Y02","QCM","THE HEALTH CLINIC","MANOR CLOSE","BARDNEY","LINCOLN","","LN3 5ST","19740401","19970331","C","Z","","","","01526 398494","","","","0","","","","0",""
"C83629","DR RA CATTERALL'S PRACTICE","Y51","Q33","ST.BARNABAS HOSPICE","36 NETTLEHAM ROAD","LINCOLN","","","LN2 1RE","19740401","20120930","C","B","","20021001","20120930","01522 511566","","","","0","","","","0",""
"C83632","NO NAME HELD","Y02","Q33","BURTON ROAD SURGERY","140 BURTON ROAD","LINCOLN","","","LN1 3LW","19880201","19990703","C","B","","20021001","20021001","01522 520155","","","","0","","","","0",""
"C83639","NO NAME HELD","Y02","QCM","THE HEALTH CENTRE","MOOR LANE","NORTH HYKEHAM","LINCOLN","","LN6 9BA","19880509","19940405","C","Z","","","","","","","","0","","","","0",""
"C83640","NO NAME HELD","Y02","QCM","MANBY MIDDLEGATE SURGERY","MANBY","LOUTH","LINCOLNSHIRE","","LN11 8EB","19880401","19960407","C","Z","","","","01507 328877","","","","0","","","","0",""
"C83645","NO NAME HELD","Y02","QCM","PARK LANE SURGERY","2 HARROW CLOSE","WASHINGBOROUGH","LINCOLN","","LN4 1DG","19920901","19980430","C","Z","","","","01522 792509","","","","0","","","","0",""
"C83646","NO NAME HELD","Y02","Q33","CROWLAND HEALTH CENTRE","THORNEY ROAD","CROWLAND","PETERBOROUGH","","PE6 0AL","19921101","19991031","C","B","","20021001","20021001","01733 210231","","","","0","","","","0",""
"C83647","NO NAME HELD","Y02","QCM","THE SURGERY","30 MORTON TERRACE","GAINSBOROUGH","LINCOLNSHIRE","","DN21 2RQ","19940401","19941016","C","Z","","","","","","","","0","","","","0",""
"C83648","MILLVIEW MEDICAL PRACTICE","Y51","Q33","THE FAMILY PRACTICE","HANDLEY STREET","SLEAFORD","LINCOLNSHIRE","","NG34 7TQ","19951127","20120930","C","B","5N9","20061001","20120930","01529 305595","","","","0","","","","0",""
"C83651","NO NAME HELD","Y02","QCM","C/O LINCOLNSHIRE H.A.","CROSS O'CLIFF","BRACEBRIDGE HEATH,LINCOLN","","","LN4 2HN","19990401","20000229","C","Z","","","","01522 515320","","","","0","","","","0",""
"C83654","WAR MEMORIAL CENTRE","Y51","Q33","WAR MEMORIAL CENTRE","NORTH STREET","HORNCASTLE","LINCOLNSHIRE","","LN9 5DX","20010312","20120930","C","B","5N9","20061001","20120930","01507 527444","","","","0","","","","0",""
"C84050","NO NAME HELD","Y02","Q33","LAKESIDE SURGERY","CHURCH STREET","LANGOLD, WORKSOP","NOTTINGHAMSHIRE","","S81 9NW","19740401","19990401","C","B","5ET","20021001","20021001","01909 540488","","","","0","","","","0",""
"C84054","PORTLAND MEDICAL PRACTICE","Y51","Q33","PORTLAND MEDICAL PRACTICE","THE HEALTH CTR, CURTIS ST","HUCKNALL","NOTTINGHAM","","NG15 7JE","19740401","20120930","C","B","5N8","20061001","20120930","0115 9632535","","","","0","","","","0",""
"C84083","DR EMERY HEALTH CENTRE","Y51","Q33","THE HEALTH CENTRE","NEWGATE STREET","WORKSOP","NOTTINGHAMSHIRE","","S80 1HP","19740401","20120930","C","B","5ET","20010401","20120930","01909 500288","","","","0","","","","0",""
"C84108","SNEINTON HEALTH CENTRE (SCOTT)","Y51","Q33","THE BEAUMONT PRACTICE","SNEINTON HEALTH CENTRE","BEAUMONT STREET,SNEINTON","NOTTINGHAM","","NG2 4PJ","19740401","20120930","C","B","5EM","20010401","20120930","0115 9501941","","","","0","","","","0",""
"C84109","THE PHOENIX PRACTICE","Y51","Q33","VALLEY HOUSE MEDICAL CTR.","ST. ANN'S WELL ROAD","NOTTINGHAM","","","NG3 3PX","19740401","20120930","C","B","5EM","20010401","20120930","0115 9502703","","","","0","","","","0",""
"C84119","NO NAME HELD","Y02","Q33","BESTWOOD PARK HEALTH CTR.","PEDMORE VALLEY","BESTWOOD ESTATE","NOTTINGHAM","","NG5 3NN","19740401","20000229","C","B","5EM","20021001","20021001","0115 9208781","","","","0","","","","0",""
"C84128","BARUAH J","Y51","Q33","THE HEALTH CENTRE","CHURCH STREET, WARSOP","MANSFIELD","NOTTINGHAMSHIRE","","NG20 0BP","19740401","20120930","C","B","5N8","20061001","20120930","01623843521","","","","0","","","","0",""
"C84132","NO NAME HELD","Y02","QCP","ST.ANN'S HEALTH CENTRE","ST.ANN'S WELL ROAD","NOTTINGHAM","","","NG3 3PX","19740401","19940930","C","Z","","","","","","","","0","","","","0",""
"C84134","NO NAME HELD","Y02","QCN","THE KHAN MEDICAL CENTRE","107 SCROOBY ROAD","BIRCOTES, DONCASTER","SOUTH YORKSHIRE","","DN11 8JN","19740401","19960630","C","Z","","","","01302742202","","","","0","","","","0",""
"C84137","CARLTON MEDICAL PRACTICE","Y51","Q33","303 CARLTON HILL","CARLTON","NOTTINGHAM","","","NG4 1GP","19740401","20120930","C","B","5N8","20061001","20120930","0115 9873275","","","","0","","","","0",""
"C84148","THE SURGERY","Y51","Q33","THE SURGERY","CHURCH WALK, EASTWOOD","NOTTINGHAM","","","NG16 3BH","19900601","20120930","C","B","5N8","20061001","20120930","01773 534160","","","","0","","","","0",""
"C84604","NO NAME HELD","Y02","QCP","404 MANSFIELD ROAD","","NOTTINGHAM","","","NG5 2EJ","19740401","19931003","C","Z","","","","0115 2605606","","","","0","","","","0",""
"C84611","NO NAME HELD","Y02","QCP","1 LIME TREE AVENUE","CINDERHILL","NOTTINGHAM","","","NG8 6AB","19740401","19910519","C","Z","","","","","","","","0","","","","0",""
"C84615","NO NAME HELD","Y02","QCP","BARCLAYS BANK CHAMBERS","TUDOR SQUARE","WEST BRIDGFORD","NOTTINGHAM","","NG2 6BT","19740401","19940531","C","Z","","","","0115 2811654","","","","0","","","","0",""
"C84617","NO NAME HELD","Y02","QCP","11 HADDON CRESCENT","CHILWELL","NOTTINGHAM","","","NG9 5JU","19740401","19940704","C","Z","","","","0115 2254053","","","","0","","","","0",""
"C84620","NO NAME HELD","Y02","QCP","319 WESTDALE LANE","MAPPERLEY","NOTTINGHAM","","","NG3 6EW","19740401","19911110","C","Z","","","","","","","","0","","","","0",""
"C84622","DR BP COLLINS' PRACTICE","Y51","Q33","SHERWOOD HEALTH CENTRE","ELMSWOOD GDNS, SHERWOOD","NOTTINGHAM","","","NG5 4AD","19740401","20120930","C","B","5EM","20010401","20120930","01159604678","","","","0","","","","0",""
"C84625","NO NAME HELD","Y02","QCP","ST.ANN'S HEALTH CENTRE","ST.ANN'S WELL ROAD","NOTTINGHAM","","","NG3 3PX","19740401","19960531","C","Z","","","","0115 2505455","","","","0","","","","0",""
"C84626","NO NAME HELD","Y02","QCP","86 ROTHLEY ROAD","MOUNTSORREL","LOUGHBOROUGH","LEICESTERSHIRE","","LE12 7JU","19740401","19951231","C","Z","","","","01602527880","","","","0","","","","0",""
"C84627","NO NAME HELD","Y02","QCP","SNEINTON HEALTH CENTRE","BEAUMONT STREET","SNEINTON","NOTTINGHAM","","NG2 4PJ","19740401","19911211","C","Z","","","","","","","","0","","","","0",""
"C84638","WOLLATON VALE HC (PATHAK)","Y51","Q33","WOLLATON VALE HTH. CTR.","WOLLATON VALE","NOTTINGHAM","","","NG8 2GR","19740401","20120930","C","B","5EM","20010401","20120930","0115 9281151","","","","0","","","","0",""
"C84640","NO NAME HELD","Y02","QCP","STRELLEY HEALTH CENTRE","116 STRELLEY ROAD","STRELLEY","NOTTINGHAM","","NG8 6LN","19740401","19911209","C","Z","","","","","","","","0","","","","0",""
"C84641","NO NAME HELD","Y02","Q33","COUNTY HEALTH CLINIC","CHURCH CIRCLE","NEW OLLERTON, NEWARK","NOTTINGHAMSHIRE","","NG22 9SZ","19740401","19931217","C","B","","20021001","20021001","0623 860969","","","","0","","","","0",""
"C84642","NO NAME HELD","Y02","QCP","THE RIVERMEAD BUNGALOW","28 WILFORD LANE","WEST BRIDGFORD","NOTTINGHAM","","NG2 7QX","19740401","19940930","C","Z","","","","0115 2814910","","","","0","","","","0",""
"C84643","NO NAME HELD","Y02","QCH","SANDY LANE SURGERY","77 SANDY LANE","MANSFIELD","NOTTINGHAMSHIRE","","NG18 2LT","19860430","19930405","C","Z","","","","0623 659188","","","","0","","","","0",""
"C84645","KIMBERLEY MEDICAL CENTRE","Y51","Q33","14 REGENT STREET","KIMBERLEY","NOTTINGHAM","","","NG16 2LW","19740401","20120930","C","B","5N8","20061001","20120930","0115 9384453","","","","0","","","","0",""
"C84649","SNAPEWOOD MEDICAL CENTRE","Y51","Q33","SNAPEWOOD MEDICAL CENTRE","SNAPEWOOD ROAD","NOTTINGHAM","","","NG6 7GH","19740401","20120930","C","B","5EM","20010401","20120930","0115 9752810","","","","0","","","","0",""
"C84651","UNDERWOOD SURGERY (BRANCH)","Y51","Q33","THE SURGERY","1 HANKIN AVENUE","UNDERWOOD","NOTTIINGHAMSHIRE","","NG16 5FU","19740401","20120930","C","B","5N8","20061001","20120930","01773 764444","","","","0","","","","0",""
"C84655","BISWAS A","Y51","Q33","SANDY HILLS PRACTICE","77 SANDY LANE","MANSFIELD","NOTTINGHAMSHIRE","","NG18 2LT","19860430","20120930","C","B","5N8","20061001","20120930","01623 659229","","","","0","","","","0",""
"C84657","NO NAME HELD","Y02","QCP","ARDEN HOUSE","123 WESTDALE LANE ESTATE","CARLTON","NOTTINGHAM","","NG4 3NW","19740401","19920702","C","Z","","","","","","","","0","","","","0",""
"C84659","NO NAME HELD","Y02","QCN","VILLAGE SURGERY","LONG LANE","CARLTON-IN-LINDRICK","NOTTINGHAMSHIRE","","S81 9AR","19740401","19970331","C","Z","","","","01909 732933","","","","0","","","","0",""
"C84661","WATSON ROAD SURGERY","Y51","Q33","WATSON ROAD SURGERY","48 WATSON ROAD","WORKSOP","","","S80 2BH","19740401","20120930","C","B","5ET","20010401","20120930","01909 480554","","","","0","","","","0",""
"C84663","BONINGTON MEDICAL PRACTICE","Y51","Q33","BONINGTON MEDICAL PRACT.","10 CHAPEL LANE","ARNOLD","NOTTINGHAM","","NG5 7DR","19740401","20120930","C","B","5N8","20061001","20120930","0115 9207988","","","","0","","","","0",""
"C84665","BILBOROUGH SURGERY","Y51","Q33","38 COCKINGTON ROAD","BILBOROUGH","NOTTINGHAM","","","NG8 4BZ","19860201","20120930","C","B","5EM","20010401","20120930","0115 9282231","","","","0","","","","0",""
"C84669","NO NAME HELD","Y02","QCP","CORNER HOUSE SURGERY","81 SOUTH ROAD","WEST BRIDGFORD","NOTTINGHAMSHIRE","","NG2 7AH","19861001","19950731","C","Z","","","","","","","","0","","","","0",""
"C84681","NO NAME HELD","Y02","QCN","HEALTH CENTRE","ST.JOHN STREET","MANSFIELD","NOTTINGHAMSHIRE","","NG18 1RH","19880401","19940702","C","Z","","","","0623 22541","","","","0","","","","0",""
"C84685","EAST LEAKE MEDICAL GROUP","Y51","Q33","CHURCH HOUSE SURGERY","SHAW STREET","RUDDINGTON","NOTTINGHAM","","NG11 6HF","19880901","20120930","C","B","5N8","20061001","20120930","0115 9847101","","","","0","","","","0",""
"C84687","NO NAME HELD","Y02","QCP","32A THE ROPEWALK","","NOTTINGHAM","","","NG1 5DW","19890401","19961219","C","Z","","","","0115 9472631","","","","0","","","","0",""
"C84689","NO NAME HELD","Y02","QCN","THE HEALTH CENTRE","NEW STREET","SUTTON-IN-ASHFIELD","NOTTINGHAMSHIRE","","NG17 1BW","19890331","19930318","C","Z","","","","0623 517291","","","","0","","","","0",""
"C84697","COLWICK VALE SURGERY","Y51","Q33","COLWICK VALE SURGERY","RECTORY ROAD","COLWICK","NOTTINGHAM","","NG4 2DU","19920101","20120930","C","B","5N8","20061001","20120930","0115 9404989","","","","0","","","","4",""
"C84699","NO NAME HELD","Y02","QCN","THE VILLAGE SURGERY","LONG LANE","CARLTON-IN-LINDRICK","NOTTINGHAMSHIRE","","S81 9AR","19930101","19930701","C","Z","","","","0909 540365","","","","0","","","","0",""
"C84701","LADYBAY SURGERY","Y51","Q33","LADYBAY SURGERY","195A TRENT BOULEVARD","WEST BRIDGFORD","NOTTINGHAM","","NG2 5BX","19930801","20120930","C","B","5N8","20061001","20120930","0115 9816100","","","","0","","","","0",""
"C84707","THE LAKESIDE SURGERY","Y51","Q33","CHURCH STREET","LANGOLD","NOTTINGHAMSHIRE","","","S81 9NW","19970401","20120930","C","B","5ET","20010401","20120930","01909 540060","","","","0","","","","0",""
"C84708","OAKLEAF SURGERY","Y51","Q33","HARWORTH PRIMARY CARE CTR","SCROOBY ROAD","HARWORTH","","","DN11 8JT","19980401","20120930","C","B","5ET","20010401","20120930","01302 741820","","","","0","","","","0",""
"C84711","GP LOCUM 178-180 CANAL STREET","Y51","Q33","178-180 CANAL STREET","NOTTINGHAM","","","","NG1 7HG","19991101","20120930","C","B","5EM","20020401","20120930","0115 9123344","","","","0","","","","0",""
"C84713","CONSULTANT COMMUNTIY PAEDIATRICIAN","Y51","Q33","CONSULTANT COMM. PAED.","CARLTON HEALTH CLINIC","61 BURTON ROAD","CARLTON","","NG4 3DQ","20000601","20120930","C","B","5N8","20061001","20120930","0115 9617616","","","","0","","","","0",""
"C84716","PENNANT SURGERY-(PARRY)","Y51","Q33","FANUM HOUSE","484 DERBY ROAD","NOTTINGHAM","","","NG7 2GT","20001201","20120930","C","B","5EM","20010401","20120930","","","","","0","","","","0",""
"C85011","DR S MITRA & PARTNERS","Y51","Q32","1A GOLD STREET","BARNSLEY","","SOUTH YORKSHIRE","","S70 1TT","19740401","20120930","C","B","5JE","20020401","20120930","0845 1222376","","","","0","","","","0",""
"C85021","DR SH MOHAMMED ISMAIL KADAR SHA & PRTNRS","Y51","Q32","THE GOLDTHORPE CENTRE","GOLDTHORPE GRN,GOLDTHORPE","ROTHERHAM","SOUTH YORKSHIRE","","S63 9EH","19740401","20120930","C","B","5JE","20020401","20120930","0845 1244378","","","","0","","","","0",""
"C85025","GALTEE MORE PRACTICE","Y51","Q32","GALTEE MORE","164 DONCASTER ROAD","BARNSLEY","SOUTH YORKSHIRE","","S70 1UD","19740401","20120930","C","B","5JE","20020401","20120930","01226 282813","","","","0","","","","0",""
"C85031","HOUGHTON ROAD MEDICAL CENTRE","Y51","Q32","HOUGHTON ROAD MEDICAL CTR","WELFARE ROAD","THURNSCOE","ROTHERHAM","","S63 0JZ","19850801","20120930","C","B","5JE","20020401","20120930","01709 894653","","","","0","","","","0",""
"C85032","NO NAME HELD","Y02","QCG","GOLDTHORPE MEDICAL CENTRE","96 BARNSLEY ROAD","GOLDTHORPE","ROTHERHAM","","S63 9AB","19880407","19930607","C","Z","","","","0709 892222","","","","0","","","","0",""
"C85603","NO NAME HELD","Y02","QCG","4 OLD MILL LANE","","BARNSLEY","","","S70 2LA","19740401","19980614","C","Z","","","","01226 284641","","","","0","","","","0",""
"C85604","NO NAME HELD","Y02","QCG","THE MEDICAL CENTRE","SCHOOL STREET","DARFIELD","BARNSLEY","","S73 8HU","19740401","19981231","C","Z","","","","01226 752839","","","","0","","","","0",""
"C85607","FIRST DUKE STREET HEALTH CENTRE PRACTICE","Y51","Q32","THE HOYLAND CENTRE","HIGH CROFT, HOYLAND","BARNSLEY","SOUTH YORKSHIRE","","S74 9AF","19870331","20120930","C","B","5JE","20020401","20120930","01226 355800","","","","0","","","","0",""
"C85608","NO NAME HELD","Y02","QCG","132 MIDLAND ROAD","ROYSTON","BARNSLEY","","","S71 4QT","19740401","19971231","C","Z","","","","01226 722508","","","","0","","","","0",""
"C85612","NO NAME HELD","Y02","QCG","THE SURGERY","CHURCH STREET","WOMBWELL","BARNSLEY","","S73 0DQ","19870706","19911219","C","Z","","","","","","","","0","","","","0",""
"C85615","NO NAME HELD","Y02","QCG","13 CHURCH STREET","JUMP","","BARNSLEY","","S74 0HZ","19891001","19910801","C","Z","","","","","","","","0","","","","0",""
"C85616","NO NAME HELD","Y02","QCG","THE HEALTH CENTRE","276 DARTON LANE","MAPPLEWELL","BARNSLEY","","S75 6AJ","19910201","19910502","C","Z","","","","","","","","0","","","","0",""
"C85618","HEALTH HORIZONS PMS PRACTICE","Y51","Q32","THE HEALTH CENTRE","HIGH CROFT, HOYLAND","BARNSLEY","SOUTH YORKSHIRE","","S74 9AF","19910617","20120930","C","B","5JE","20020401","20120930","01226 355800","","","","0","","","","0",""
"C85620","BARNSLEY PCT MEDICAL PRACTICE","Y51","Q32","170A SHEFFIELD ROAD","BARNSLEY","","SOUTH YORKSHIRE","","S70 4NW","19930201","20120930","C","B","5JE","20020401","20120930","0845 1226745","","","","0","","","","0",""
"C85621","GOLDTHORPE FIRST PMS PRACTICE","Y51","Q32","THE GOLDTHORPE CENTRE","GOLDTHORPE GRN,GOLDTHORPE","ROTHERHAM","SOUTH YORKSHIRE","","S63 9EH","19930101","20120930","C","B","5JE","20020401","20120930","01709 886354","","","","0","","","","0",""
"C85625","SCOUT DIKE PRACTICE","Y51","Q32","C/O 49-51 GAWBER ROAD","BARNSLEY","","","","S75 2PY","19990601","20120930","C","B","5JE","20020401","20120930","01226 779922","","","","0","","","","0",""
"C85626","THE BELMONT PRACTICE","Y51","Q32","C/O HILDER HOUSE","49-51 GAWBER ROAD","BARNSLEY","","","S75 2PY","19990601","20120930","C","B","5JE","20020401","20120930","01226 730054","","","","0","","","","0",""
"C86010","DR D SAVAGE'S PRACTICE","Y51","Q32","ST VINCENT MEDICAL CENTRE","77 THORNE ROAD","DONCASTER","SOUTH YORKSHIRE","","DN1 2ET","19740401","20120930","C","B","5N5","20061001","20120930","01302 361318","","","","0","","","","0",""
"C86028","NO NAME HELD","Y02","QCK","8-9 REGENT SQUARE","","DONCASTER","","","DN1 2DS","19740401","19950331","C","Z","","","","","","","","0","","","","0",""
"C86035","NO NAME HELD","Y02","QCK","ADWICK ROAD SURGERY","24 ADWICK ROAD","MEXBOROUGH","DONCASTER","","S64 0DB","19740401","19930630","C","Z","","","","","","","","0","","","","0",""
"C86036","LOCUM FOR DR MS HAQ","Y51","Q32","THE HEALTH CENTRE","GARDENS LANE","CONISBROUGH","DONCASTER","","DN12 3JW","19740401","20120930","C","B","5N5","20061001","20120930","","","","","0","","","","0",""
"C86040","LOCUM FOR DONCASTER WEST PCT","Y51","Q32","ADWICK ROAD SURGERY","24 ADWICK ROAD","MEXBOROUGH","DONCASTER","","S64 0DB","19940401","20120930","C","B","5N5","20061001","20120930","01709 514443","","","","0","","","","0",""
"C86601","NO NAME HELD","Y02","QCK","HOLLY BUSH LANE HTH. CTR.","CHURCH BALK","EDENTHORPE","DONCASTER","","DN3 2PP","19740401","19920701","C","Z","","","","","","","","0","","","","0",""
"C86602","LOCUM DOCTOR","Y51","Q32","THE CLINIC","CHURCH ROAD","DENABY MAIN","DONCASTER","","DN12 4AB","19740401","20120930","C","B","5N5","20061001","20120930","01709 863302","","","","0","","","","0",""
"C86603","LYNDHURST","Y51","Q32","LYNDHURST","CHURCH ROAD","STAINFORTH","DONCASTER","","DN7 5PW","19740401","20120930","C","B","5N5","20061001","20120930","01302 841507","","","","0","","","","0",""
"C86604","DR RA GONI'S PRACTICE","Y51","Q32","THE HEALTH CENTRE","GARDENS LANE","CONISBROUGH","DONCASTER","","DN12 3JW","19740401","20120930","C","B","5N5","20061001","20120930","01709 863443","","","","0","","","","0",""
"C86607","NO NAME HELD","Y02","QCK","THE HEALTH CENTRE","ASKERN ROAD","BENTLEY","DONCASTER","","DN5 0JX","19740401","19940105","C","Z","","","","0302 872572","","","","0","","","","0",""
"C86608","LOCUM TO DR FARUQI","Y51","Q32","REAR OF GOLDSMITHS CENTRE","SPROTBROUGH ROAD","DONCASTER","","","DN5 8BP","19740401","20120930","C","B","5N5","20061001","20120930","01302 787909","","","","0","","","","0",""
"C86615","LOCUM TO DR KRISHNATHASAN","Y51","Q32","THE HEALTH CENTRE","ADWICK ROAD","MEXBOROUGH","","","S64 0BY","19890701","20120930","C","B","5N5","20061001","20120930","01709 590231","","","","0","","","","0",""
"C86617","LOCUM TO DR GIBSON","Y51","Q32","WOODSIDE SURGERY","WOODSIDE ROAD","WOODLANDS","DONCASTER","","DN6 7JR","19921001","20120930","C","B","5N5","20061001","20120930","01302 330212","","","","0","","","","0",""
"C86618","NO NAME HELD","Y02","QCK","NORTHSTEAD","DONCASTER ROAD","BAWTRY","DONCASTER","","DN10 6NE","19931002","19940228","C","Z","","","","","","","","0","","","","0",""
"C86619","LOCUM FOR DR GILBERT","Y51","Q32","THE HEALTH CENTRE","GARDENS LANE","CONISBROUGH","DONCASTER","","DN12 3JW","19940401","20120930","C","B","5N5","20061001","20120930","01709 861652","","","","0","","","","0",""
"C86620","NO NAME HELD","Y02","QCK","MANOR MEDICAL CENTRE","133 HARLINGTON ROAD","MEXBOROUGH","","","S63 7RF","19940701","19980111","C","Z","","","","01709 590337","","","","0","","","","0",""
"C86622","LOCUM DOCTOR","Y51","Q32","THE HEALTH CENTRE","OFF STATION ROAD","ASKERN","DONCASTER","","DN6 0JB","19970406","20120930","C","B","5N5","20061001","20120930","01302 707380","","","","0","","","","0",""
"C86624","THE HEYFORD PRACTICE","Y51","Q32","C/O DONCASTER HEALTH AUTH","WHITE ROSE HOUSE","TEN POUND WALK","DONCASTER","","DN4 5DJ","19990601","20120930","C","B","","20021001","20120930","01302 320111","","","","0","","","","0",""
"C86627","THORNE SUBSTANCE MISUSE PROJECT","Y51","Q32","THE BUNGALOW PROJECT","THE CIRCLE","MOORENDS","DONCASTER","","DN8 4LN","20010701","20120930","C","B","5N5","20061001","20120930","01405 741601","","","","0","","","","0",""
"C86628","HEALTH INEQUALITIES TEAM","Y51","Q32","BIRCHWOOD HOUSE","28 NETHERALL ROAD","DONCASTER","","","DN1 2PW","20010801","20120930","C","B","5N5","20061001","20120930","01302 739547","","","","0","","","","0",""
"C86629","THE DOVE PRIMARY CARE CTR","Y51","Q32","DEVONSHIRE HOUSE","CAVENDISH COURT","SOUTH PARADE, DONCASTER","","","DN1 2DJ","20021001","20120930","C","B","5N5","20061001","20120930","01302 762110","","","","0","","","","0",""
"C87021","NO NAME HELD","Y01","Q32","THE HEALTH CENTRE","BRAITHWELL ROAD","MALTBY","ROTHERHAM","","S66 8JE","19740401","20000331","C","B","5H8","20021001","20021001","01709 790076","","","","0","","","","0",""
"C87028","DR EB AMADI'S PRACTICE","Y51","Q32","KILNHURST SURGERY","HIGHTHORNE ROAD","KILNHURST","ROTHERHAM","","S62 5UT","19740401","20120930","C","B","5H8","20020401","20120930","","","","","0","","","","0",""
"C87601","WEST HOUSE PRACTICE RCHS","Y51","Q32","WATH HEALTH CENTRE","35 CHURCH STREET","WATH ON DEARNE, ROTHERHAM","","","S63 7RF","19740401","20120930","C","B","5H8","20020401","20120930","01709 302446","","","","0","","","","0",""
"C87602","DR B KAPUR'S PRACTICE","Y51","Q32","THE HEALTH CENTRE","BRAITHWELL ROAD","MALTBY","ROTHERHAM","","S66 8JE","19740401","20120930","C","B","5H8","20020401","20120930","01709 812615","","","","0","","","","0",""
"C87605","LOCUM FOR DR.G HALDAR","Y51","Q32","2A BERNE SQUARE","DINNINGTON ROAD","WOODSETTS","WORKSOP","","S81 8RJ","19740401","20120930","C","B","","20021001","20120930","01909 567342","","","","0","","","","0",""
"C87613","NO NAME HELD","Y02","QCQ","BARBERS AVENUE CLINIC","BARBERS AVENUE","RAWMARSH","ROTHERHAM","","S62 6AD","19890601","19950228","C","Z","","","","","","","","0","","","","0",""
"C87615","DR CS KEAR'S PRACTICE","Y51","Q32","THE SURGERY","SOUGH HALL AVENUE","THORPE HESLEY","ROTHERHAM","","S61 2QP","19911102","20120930","C","B","5H8","20020401","20120930","01709 877886","","","","0","","","","0",""
"C87618","DR MB ZUBAIRU'S PRACTICE","Y51","Q32","MALTBY SERVICES CENTRE","BRAITHWELL RD, MALTBY","ROTHERHAM","","","S66 8LE","19931018","20120930","C","B","5H8","20020401","20120930","0845 1219932","","","","0","","","","0",""
"C87619","DR JP CRONLY'S PRACTICE","Y51","Q32","THE SURGERY","HIGH STREET","RAWMARSH","ROTHERHAM","","S62 6LW","20000101","20120930","C","B","5H8","20020401","20120930","01709 522888","","","","0","","","","0",""
"C88012","LOWEDGES SURGERY","Y51","Q32","LOWEDGES SURGERY","127A LOWEDGES ROAD","SHEFFIELD","","","S8 7LE","19740401","20120930","C","B","5N4","20061001","20120930","0845 1236889","","","","0","","","","0",""
"C88029","NO NAME HELD","Y02","QCR","31 MIDLAND STREET","","SHEFFIELD","","","S1 4SZ","19740401","19960408","C","Z","","","","","","","","0","","","","0",""
"C88063","GRANVILLE ROAD SURGERY","Y51","Q32","GRANVILLE ROAD SURGERY","296 GRANVILLE ROAD","","SHEFFIELD","","S2 2RT","19740401","20120930","C","B","5N4","20061001","20120930","0114 2723638","","","","0","","","","0",""
"C88067","FITZALAN ROAD MEDICAL CENTRE","Y51","Q32","FITZALAN ROAD MEDICAL CTR","1 FITZALAN ROAD","SHEFFIELD","","","S13 9AW","19740401","20120930","C","B","5N4","20061001","20120930","0845 1223031","","","","0","","","","0",""
"C88080","DARNALL HEALTH CENTRE (RAMSAY)","Y51","Q32","DARNALL HEALTH CENTRE","2 YORK ROAD, DARNALL","SHEFFIELD","","","S9 5DH","19740401","20120930","C","B","5N4","20061001","20120930","0845 1222381","","","","0","","","","0",""
"C88081","DR SK CHUGH'S PRACTICE","Y51","Q32","WALKLEY HOUSE MEDICAL CTR","23 GREENHOW STREET","SHEFFIELD","","","S6 3TN","19740401","20120930","C","B","5N4","20061001","20120930","0114 2343716","","","","0","","","","0",""
"C88089","WOODHOUSE MC (MITCHELL)","Y51","Q32","WOODHOUSE MEDICAL CENTRE","7 SKELTON LANE","WOODHOUSE","SHEFFIELD","","S13 7LY","19740401","20120930","C","B","5N4","20061001","20120930","0844 8151992","","","","0","","","","0",""
"C88094","HIGHGATE  SURGERY","Y51","Q32","THE SURGERY","HIGHGATE, TINSLEY","SHEFFIELD","SOUTH YORKSHIRE","","S9 1WN","19890703","20120930","C","B","5N4","20061001","20120930","0845 1222249","","","","0","","","","0",""
"C88600","NO NAME HELD","Y02","QCR","ENDFIELD HOUSE","4 BEIGHTON ROAD","WOODHOUSE","SHEFFIELD","","S13 7PR","19740401","19911231","C","Z","","","","","","","","0","","","","0",""
"C88607","NO NAME HELD","Y02","QCR","29 BLACKSTOCK ROAD","","SHEFFIELD","","","S14 1AB","19740401","19960331","C","Z","","","","01142585077","","","","0","","","","0",""
"C88609","NO NAME HELD","Y02","QCR","11 NEWMAN ROAD","","SHEFFIELD","","","S9 1LP","19740401","19931212","C","Z","","","","0114 2426527","","","","0","","","","0",""
"C88611","NO NAME HELD","Y02","QCR","396 ECCLESALL ROAD","","SHEFFIELD","","","S11 8PJ","19740401","19920930","C","Z","","","","","","","","0","","","","0",""
"C88613","NO NAME HELD","Y02","QCR","THE STANNINGTON HTH. CTR.","UPPERGATE ROAD","STANNINGTON","SHEFFIELD","","S6 6BX","19740401","19921031","C","Z","","","","","","","","0","","","","0",""
"C88616","NO NAME HELD","Y02","QCR","UNIVERSITY HEALTH SERVICE","2 CLAREMONT PLACE","SHEFFIELD","","","S10 2TB","19740401","19980930","C","Z","","","","0114 2769447","","","","0","","","","0",""
"C88617","NO NAME HELD","Y02","QCR","180 BASLOW ROAD","SHEFFIELD","","","","S17 4DS","19740401","19980331","C","Z","","","","0114 2360890","","","","0","","","","0",""
"C88618","NO NAME HELD","Y01","Q32","160 FIRTH PARK ROAD","","","SHEFFIELD","","S5 6WP","19740401","19970210","C","B","","20021001","20021001","0114 2426553","","","","0","","","","0",""
"C88619","NO NAME HELD","Y02","QCR","MONTGOMERY HOUSE MED. CTR","83 INFIRMARY ROAD","SHEFFIELD","","","S6 3BZ","19740401","19940630","C","Z","","","","0114 2725244","","","","0","","","","0",""
"C88623","NO NAME HELD","Y02","QCR","46 MAIN ROAD","","SHEFFIELD","","","S9 5HN","19841102","19910407","C","Z","","","","","","","","0","","","","0",""
"C88625","NO NAME HELD","Y02","QCR","MANOR TOP MEDICAL CENTRE","ROSEHEARTY, RIDGEWAY ROAD","SHEFFIELD","","","S12 2SS","19740401","19961110","C","Z","","","","0114 2398324","","","","0","","","","0",""
"C88628","LOCUM TO DR CHAUHDRY","Y51","Q32","11 SOUTHEY HILL","","SHEFFIELD","","","S5 8BB","19740401","20120930","C","B","5N4","20061001","20120930","0114 2326420","","","","0","","","","0",""
"C88629","NO NAME HELD","Y02","QCR","HALIFAX HOUSE","1 BROWNING ROAD","SHEFFIELD","","","S6 1DA","19870101","19920831","C","Z","","","","","","","","0","","","","0",""
"C88630","ABBEYDALE ROAD SURGERY","Y51","Q32","267 ABBEYDALE ROAD","","SHEFFIELD","","","S7 1FJ","19740401","20120930","C","B","5N4","20061001","20120930","0114 2550383","","","","0","","","","0",""
"C88633","NO NAME HELD","Y02","QCR","130 WADSLEY LANE","","SHEFFIELD","","","S6 4ED","19870101","19930911","C","Z","","","","","","","","0","","","","0",""
"C88634","NO NAME HELD","Y02","QCR","UNIVERSITY HEALTH SERVICE","2 CLAREMONT PLACE","SHEFFIELD","","","S10 2TB","19740401","19980930","C","Z","","","","0114 2769447","","","","0","","","","0",""
"C88635","MONTGOMERY HOUSE MEDICAL CENTRE","Y51","Q32","MONTGOMERY HOUSE MED. CTR","83 INFIRMARY ROAD","SHEFFIELD","","","S6 3BZ","19740401","20120930","C","B","5N4","20061001","20120930","0114 2725244","","","","0","","","","0",""
"C88636","NO NAME HELD","Y01","Q32","SHEFFIELD MEDICAL CENTRE","21 SPITAL STREET","SHEFFIELD","","","S3 9LB","19740401","19980831","C","B","","20021001","20021001","0114 2726245","","","","0","","","","0",""
"C88637","DR JW MILSOM'S PRACTICE","Y51","Q32","MONTGOMERY HOUSE MED. CTR","83 INFIRMARY ROAD","SHEFFIELD","","","S6 3BZ","19740401","20120930","C","B","5N4","20061001","20120930","0114 2725244","","","","0","","","","0",""
"C88639","NO NAME HELD","Y02","QCR","222 ABBEY LANE","SHEFFIELD","","","","S8 0BW","19740401","19960709","C","Z","","","","0114 2350790","","","","0","","","","0",""
"C88642","NO NAME HELD","Y02","QCR","UNIVERSITY HEALTH SERVICE","2 CLAREMONT PLACE","SHEFFIELD","","","S10 2TB","19740401","19980930","C","Z","","","","0114 2769447","","","","0","","","","0",""
"C88649","NO NAME HELD","Y02","QCR","THE UNIVERSITY HTH SERV.","2 CLAREMONT PLACE","SHEFFIELD","","","S10 2TB","19881001","19980930","C","Z","","","","0114 2769447","","","","0","","","","0",""
"C88650","NO NAME HELD","Y02","QCR","GREENHILL HEALTH CENTRE","482 LUPTON ROAD","SHEFFIELD","","","S8 7NQ","19890401","19960630","C","Z","","","","0114 2372961","","","","0","","","","0",""
"C88651","NO NAME HELD","Y02","QCR","UNIVERSITY HEALTH SERVICE","2 CLAREMONT PLACE","SHEFFIELD","","","S10 2TB","19900401","19980930","C","Z","","","","0114 2769447","","","","0","","","","0",""
"C88654","NO NAME HELD","Y02","QCR","ST.LUKES HOSPICE","LITTLE COMMON LANE","OFF ABBEY LANE","SHEFFIELD","","S11 9NE","19910101","19940930","C","Z","","","","0114 2369911","","","","0","","","","0",""
"C88657","NO NAME HELD","Y02","QCR","UNIVERSITY HEALTH SERVICE","2 CLAREMONT PLACE","SHEFFIELD","","","S10 2TB","19940401","19980930","C","Z","","","","01142769447","","","","0","","","","0",""
"C88658","NO NAME HELD","Y02","QCR","UNIVERSITY HEALTH SERVICE","2 CLAREMONT PLACE","SHEFFIELD","","","S10 2TB","19970401","19980930","C","Z","","","","0114 2769447","","","","0","","","","0",""
"C88659","SHEFFIELD NHS WALK IN CENTRE","Y51","Q32","75 BROAD LANE","SHEFFIELD","SOUTH YORKSHIRE","","","S1 3PB","20010101","20120930","C","B","5N4","20061001","20120930","0114 2412700","","","","0","","","","1",""
"C88660","LOWEDGES PROJECT","Y51","Q32","7 LOWEDGES","SHEFFIELD","","","","S8 8LW","20010401","20120930","C","B","5N4","20061001","20120930","0845 1240737","","","","0","","","","0",""
"C88661","ORTHOPAEDIC PRIMARY CARE CLINIC","Y51","Q32","FAR LANE MED CTR","1 FAR LANE","SHEFFIELD","","","S6 4FA","20010401","20130331","C","B","5N4","20061001","20130331","0114 2343229","","","","0","","","","0",""
"C88663","MULBERRY PRACTICE","Y51","Q32","CENTRAL HEALTH CLINIC","1 MULBERRY STREET","SHEFFIELD","","","S1 2PJ","20020923","20120930","C","B","5N4","20061001","20120930","0114 3054050","","","","0","","","","0",""
"D81067","THE LAURELS","Y51","Q35","THE LAURELS","20 NEWMARKET ROAD","CAMBRIDGE","","","CB5 8DT","19740401","20120930","C","B","5PP","20061001","20120930","01223 350513","","","","0","","","","0",""
"D81068","NEW ENGLAND SURGERY","Y51","Q35","NEW ENGLAND SURGERY","673 LINCOLN ROAD","PETERBOROUGH","CAMBRIDGESHIRE","","PE1 3HA","19740401","20120930","C","B","5PN","20061001","20120930","01733 562092","","","","0","","","","0",""
"D81069","NO NAME HELD","Y09","QER","32 NEWMARKET ROAD","CAMBRIDGE","CAMBRIDGESHIRE","","","CB5 8DT","19740401","19911231","C","Z","","","","","","","","0","","","","0",""
"D81075","BRETTON HEALTH CENTRE","Y51","Q35","BRETTON HEALTH CENTRE","PETERBOROUGH","CAMBRIDGESHIRE","","","PE3 8DT","19740401","20120930","C","B","5PN","20061001","20120930","01733 265481","","","","0","","","","0",""
"D81077","NO NAME HELD","Y09","QCD","6 THISTLEMOOR ROAD","PETERBOROUGH","CAMBRIDGESHIRE","","","PE1 3HP","19740401","19940501","C","Z","","","","0733 51988","","","","0","","","","0",""
"D81083","MILLFIELD SURGERY","Y51","Q35","MILLFIELD SURGERY","10 SEARJEANT STREET","PETERBOROUGH","CAMBRIDGESHIRE","","PE1 2LR","19740401","20120930","C","B","5PN","20061001","20120930","01733 563051","","","","0","","","","0",""
"D81088","ORTON MEDICAL PRACTICE","Y51","Q35","ORTON CENTRE","ORTON GOLDHAY","PETERBOROUGH","","","PE2 5RQ","19970201","20120930","C","B","5PN","20061001","20120930","01733 391022","","","","0","","","","0",""
"D81608","HACKMAN","Y51","Q35","45 HIGH STREET","SAWTRY","HUNTINGDON","CAMBRIDGESHIRE","","PE17 5SU","19740401","20120930","C","B","5PP","20061001","20120930","01487 830340","","","","0","","","","0",""
"D81609","OLD GRAMMAR SCHOOL","Y51","Q35","OLD GRAMMAR SCHOOL","RAMSEY ROAD","ST. IVES, HUNTINGDON","CAMBRIDGESHIRE","","PE27 5BZ","19740401","20120930","C","B","5PP","20061001","20120930","01480 466466","","","","0","","","","0",""
"D81610","79 LONDON ROAD","Y51","Q35","79 LONDON ROAD","PETERBOROUGH","CAMBRIDGESHIRE","","","PE2 9BS","19740401","20120930","C","B","5PN","20061001","20120930","01733 343139","","","","0","","","","0",""
"D81613","ROMAN GATE SURGERY","Y51","Q35","THE ROMAN GATE SURGERY","1A PINFOLD LANE","GODMANCHESTER","HUNTINGDON, CAMBS","","PE29 2JH","19740401","20120930","C","B","5PP","20061001","20120930","01480 410180","","","","0","","","","0",""
"D81614","LITTLE PAXTON SURGERY","Y51","Q35","THE SURGERY, HIGH STREET","JUBILEE CLOSE","LITTLE PAXTON, HUNTINGDON","CAMBRIDGESHIRE","","PE19 4QG","19740401","20120930","C","B","5PP","20061001","20120930","01480 219060","","","","0","","","","0",""
"D81626","THE WOODLANDS SURGERY","Y51","Q35","THE BEECHWOOD PRACTICE","41 HILLS ROAD","CAMBRIDGE","","","CB2 1NT","19950317","20120930","C","B","5PP","20061001","20120930","01223 315541","","","","0","","","","0",""
"D81627","NO NAME HELD","Y09","QER","THE SURGERY","1 DRING'S CLOSE","OVER","CAMBRIDGESHIRE","","CB4 5NZ","19961231","19970630","C","Z","","","","01954 231550","","","","0","","","","0",""
"D81628","THE BUS PROJECT PMS","Y51","Q35","MILL HOUSE","BROOKFIELDS HOSPITAL","MILL ROAD","CAMBRIDGE","","CB1 3DF","19970601","20120930","C","B","5PP","20061001","20120930","01223 723030","","","","0","","","","0",""
"D81635","GPSI ENT SERVICE CAMBRIDGE","Y51","Q35","GP ENT CLINIC","HERON COURT, BLOCK 23","IDA DARWIN","CAMBRIDGESHIRE","","CB1 5EE","20001101","20120930","C","B","5PP","20061001","20120930","01223 885700","","","","0","","","","0",""
"D81640","HOMEOPATHY PILOT SCHEME","Y51","Q35","THE ACORN SURGERY","CALIFORNIA ROAD","HUNTINGDON","CAMBRIDGESHIRE","","PE29 1BJ","20010901","20120930","C","B","5PP","20061001","20120930","01480 483100","","","","0","","","","0",""
"D81642","PMS SUBSTANCE MISUSE CLINIC","Y51","Q35","62 LINCOLN ROAD","PETERBOROUGH","","","","PE1 2SN","20020121","20120930","C","B","5PN","20061001","20120930","01733 898385","","","","0","","","","0",""
"D81644","HUNTS PCT PAEDIATRICS","Y51","Q35","HUNTINGDON PCT","THE COMMUNITY P.E.CLINIC","PRIMROSE LANE","HUNTINGDON","","PE29 1WG","20020701","20120930","C","B","5PP","20061001","20120930","01480 415211","","","","0","","","","0",""
"D81648","CCS NEWTOWN HLTH & FAMILY PLANNING SERV","Y51","Q35","FAMILY PLANNING SERVICE","HINCHINGBROOKE HOSPITAL","HUNTINGDON","CAMBRIDGESHIRE","","PE29 6NT","20021001","20130331","C","B","5PP","20061001","20130331","01480 415290","","","","0","","","","0",""
"D82014","NO NAME HELD","Y09","QET","12 ALL SAINTS GREEN","NORWICH","NORFOLK","","","NR1 3NA","19740401","19911231","C","Z","","","","","","","","0","","","","0",""
"D82033","ST JOHNS SURGERY","Y51","Q35","ST.JOHN'S SURGERY","MAIN ROAD","TERRINGTON ST JOHN","WISBECH, CAMBRIDGESHIRE","","PE14 7RR","19740401","20120930","C","B","5PQ","20061001","20120930","01945 880471","","","","0","","","","4",""
"D82052","NO NAME HELD","Y09","QET","THE HOLT MEDICAL PRACTICE","HOLT SURGERY","JACOBS PLACE, HIGH STREET","HOLT, NORFOLK","","NR25 6BH","19740401","19960331","C","Z","","","","01263 712461","","","","0","","","","0",""
"D82061","ST STEPHEN'S GATE M/PRACT","Y51","Q35","THE HEALTH CENTRE","WEST POTTERGATE","EARLHAM ROAD,NORWICH","","","NR2 4BX","19740401","20120930","C","B","5PQ","20061001","20120930","01603 628705","","","","0","","","","0",""
"D82083","HARLESTON MEDICAL CENTRE","Y51","Q35","HARLESTON MEDICAL CENTRE","PADDOCK ROAD","HARLESTON","NORFOLK","","IP20 9AR","19740401","20120930","C","B","5PQ","20061001","20120930","01379 852213","","","","0","","","","0",""
"D82089","ST STEPHEN'S GATE M/PRACT","Y51","Q35","UNTHANK ROAD SURGERY","38 UNTHANK ROAD","NORWICH","","","NR2 2RB","19740401","20120930","C","B","5PQ","20061001","20120930","01603 624715","","","","0","","","","0",""
"D82090","NO NAME HELD","Y09","QET","ADELAIDE ST.HEALTH CENTRE","19 ADELAIDE STREET","NORWICH","","","NR2 4JL","19740401","19980331","C","Z","","","","01603 628515","","","","0","","","","0",""
"D82091","NO NAME HELD","Y09","QET","THE HEALTH CENTRE","LAWSON ROAD","NORWICH","","","NR3 4LE","19740401","19930331","C","Z","","","","","","","","0","","","","0",""
"D82092","WILLOW WOOD SURGERY","Y51","Q35","WILLOW WOOD SURGERY","ASLAKE CLOSE, SPROWSTON","NORWICH","","","NR7 8TT","19740401","20120930","C","B","5PQ","20061001","20120930","01603 427153","","","","0","","","","4",""
"D82095","DR MDJ ROSSAGE'S PRACTICE","Y51","Q35","KITTY WITCHES SURGERY","KITTY WITCHES ROW","156 KING STREET","GREAT YARMOUTH, NORFOLK","","NR30 2PA","19740401","20120930","C","B","","20021001","20120930","01493 857027","","","","0","","","","0",""
"D82097","NO NAME HELD","Y09","QET","THE HEALTH CENTRE","ST WILLIAMS WAY","THORPE ST ANDREW","NORWICH","","NR7 0AJ","19740401","19950630","C","Z","","","","","","","","0","","","","0",""
"D82603","NO NAME HELD","Y09","QET","THE SURGERY","DOCTORS CORNER","ALDBOROUGH","NORFOLK","","NR11 7NR","19740401","19920106","C","Z","","","","","","","","0","","","","0",""
"D82605","NO NAME HELD","Y09","QET","THE SURGERY","23 WITARD ROAD","HEARTSEASE ESTATE","NORWICH","","NR7 9XD","19740401","19960331","C","Z","","","","01603 434189","","","","0","","","","0",""
"D82606","DR MA SATTAR'S PRACTICE","Y51","Q35","THE SURGERY","HIGH GREEN","BROOKE","NORWICH","","NR15 1JD","19740401","20120930","C","B","5PQ","20061001","20120930","01508 550204","","","","0","","","","0",""
"D82614","DR RYR KHWAJA'S PRACTICE","Y51","Q35","THE SURGERY","103 VAUXHALL STREET","NORWICH","","","NR2 2SD","19740401","20120930","C","B","","20021001","20120930","01603 622986","","","","0","","","","0",""
"D82616","NO NAME HELD","Y09","QCD","THE HEALTH CENTRE","TOWNLEY CLOSE","UPWELL","NORFOLK","","PE14 9BT","19740401","19970531","C","Z","","","","01945 773671","","","","0","","","","0",""
"D82617","NO NAME HELD","Y09","QCF","THE SURGERY","MARKET STREET","EAST HARLING","NORFOLK","","NR16 2AD","19740401","19911006","C","Z","","","","","","","","0","","","","0",""
"D82623","DR S SAMBANDAN'S PRACTICE","Y51","Q35","BOWTHORPE HEALTH CENTRE","WENDENE","BOWTHORPE","NORWICH","","NR5 9HA","19900101","20120930","C","B","5PQ","20061001","20120930","01603 748255","","","","0","","","","0",""
"D82625","DR VE ANNANDALE'S PRACTICE","Y51","Q35","CTRL.FAMILY PLANN.CLINIC","ST.STEVENS ROAD","NORWICH","","","NR1 3RE","19900401","20120930","C","B","5PQ","20061001","20120930","01603 621872","","","","0","","","","0",""
"D82626","DR CM NASH'S PRACTICE","Y51","Q35","CTRL.FAMILY PLANN.CLINIC","ST.STEVENS ROAD","NORWICH","","","NR1 3RE","19900601","20120930","C","B","5PQ","20061001","20120930","01603 621872","","","","0","","","","0",""
"D82627","CANADA ROAD SURGERY","Y51","Q35","CANADA ROAD SURGERY","7 CANADA ROAD","CROMER","NORFOLK","","NR27 9AH","19901113","20120930","C","B","5PQ","20061001","20120930","01263 512157","","","","0","","","","0",""
"D82630","LOCUM GP","Y51","Q35","LEONARD LEY SURGERY","NATHANIEL FISH ROW","43 KING STREET","GREAT YARMOUTH,NORFOLK","","NR30 2PN","19961001","20120930","C","B","5PR","20061001","20120930","01493 330338","","","","0","","","","0",""
"D82631","HORSFORD FAMILY MEDICAL PRACTICE","Y51","Q35","HORSFORD FAMILY MED PRACT","77 HOLT ROAD","HORSFORD","NORWICH","","NR10 3AB","19970103","20120930","C","B","5PQ","20061001","20120930","01603 891122","","","","0","","","","0",""
"D82633","FERRY CROSS","Y51","Q35","SUBSTANCE MISUSE","     RESOURCE CENTRE","22-24 COLEGATE","NORWICH","","NR3 1BQ","20000901","20120930","C","B","5PQ","20061001","20120930","01603 619397","","","","0","","","","0",""
"D82635","NORDOC PRACTICE(MORTON)","Y51","Q35","PRIMARY CARE CENTRE","NORWICH COMM. HOSPITAL","BOWTHORPE ROAD","NORWICH","","NR2 3TU","20011001","20120930","C","B","5PQ","20061001","20120930","01603 776787","","","","0","","","","0",""
"D82637","YARDOC","Y51","Q35","GP OUT OF HOURS CENTRE","ASTLEY COOPER HOUSE","ESTCOURT ROAD","GREAT YARMOUTH","","NR30 4JH","20020201","20120930","C","B","5PR","20061001","20120930","01845 4647","","","","0","","","","0",""
"D82638","THURLOW HOUSE","Y51","Q35","THURLOW HOUSE","GOODWINS ROAD","KING'S LYNN","NORFOLK","","PE30 5PD","20020401","20120930","C","B","5PQ","20061001","20120930","01553 815161","","","","0","","","","0",""
"D82640","COMM PAED ST JAMES","Y51","Q35","ST JAMES","EXTONS ROAD","KING'S LYNN","","","PE30 5NU","20020401","20130331","C","B","5PQ","20061001","20130331","01553 668500","","","","0","","","","0",""
"D82644","HEACHAM PRACTICE","Y51","Q35","HEACHAM SURGERY","45 STATION ROAD","HEACHAM, KINGS LYNN","NORFOLK","","PE31 7EX","20030201","20120930","C","B","5PQ","20061001","20120930","01485 572769","","","","0","","","","0",""
"D83025","HATFIELD ROAD SURGERY","Y51","Q35","THE SURGERY","70 HATFIELD ROAD","IPSWICH","","","IP3 9AG","19740401","20120930","C","B","5PT","20061001","20120930","01473 272828","","","","0","","","","0",""
"D83031","NO NAME HELD","Y09","QCF","ORCHARD STREET HTH.CTR.","ORCHARD STREET","IPSWICH","","","IP4 2PU","19740401","19980630","C","Z","","","","01473 213261","","","","0","","","","0",""
"D83032","CLOSED/HARDWICKE","Y51","Q35","THE CORNARD SURGERY","67 POT KILN ROAD","GREAT CORNARD,SUDBURY","SUFFOLK","","CO10 0DH","19740401","20120930","C","B","5PT","20061001","20120930","01787 880337","","","","0","","","","0",""
"D83042","NO NAME HELD","Y09","Q35","12 BURLINGTON ROAD","IPSWICH","SUFFOLK","","","IP1 2EU","19740401","19920331","C","B","","20021001","20021001","","","","","0","","","","0",""
"D83066","THE RAVENSWOOD SURGERY","Y51","Q35","THE RAVENSWOOD SURGERY","FRESTON ROAD","IPSWICH","","","IP3 9UJ","19740401","20120930","C","B","5PT","20061001","20120930","01473 274495","","","","0","","","","0",""
"D83068","DR PRT HEWETSON'S PRACTICE","Y51","Q35","65 FONNEREAU ROAD","","IPSWICH","","","IP1 3JN","19740401","20120930","C","B","5PT","20061001","20120930","01473253384","","","","0","","","","0",""
"D83077","CLOSED/CLEMENTS SURGERY","Y51","Q35","CLEMENTS SURGERY","GREENFIELDS WAY","HAVERHILL","SUFFOLK","","CB9 8LU","19740401","20120930","C","B","5PT","20061001","20120930","01440 702462","","","","0","","","","0",""
"D83083","BEACH ROAD SURGERY","Y51","Q35","BEACH ROAD SURGERY","15 BEACH ROAD","LOWESTOFT","SUFFOLK","","NR32 1EA","19970930","20120930","C","B","5PR","20061001","20120930","01502 572000","","","","0","","","","0",""
"D83085","CLOSED/ELBOURNE","Y51","Q35","ELBOURNE SURGERY","31 HIGH STREET","BRANDON","SUFFOLK","","IP27 0AQ","20020401","20120930","C","B","5PT","20061001","20120930","01842 810388","","","","0","","","","0",""
"D83601","NO NAME HELD","Y09","QCF","CLEMENTS SURGERY","GREENFIELDS WAY","HAVERHILL","","","CB9 8LU","19740401","19920331","C","Z","","","","","","","","0","","","","0",""
"D83603","NO NAME HELD","Y09","QCF","3 BANK BUILDINGS","OFF STATION ROAD","SUDBURY","SUFFOLK","","CO10 6SX","19740401","19970331","C","Z","","","","01787372054","","","","0","","","","0",""
"D83604","ALEXANDRA RD SURGERY","Y51","Q35","45/47 MILTON ROAD EAST","LOWESTOFT","SUFFOLK","","","NR32 1NU","19740401","20120930","C","B","5PR","20061001","20120930","01502572938","","","","0","","","","0",""
"D83605","NO NAME HELD","Y09","QCF","66 HIGH ROAD","TRIMLEY ST. MARY","IPSWICH","","","IP10 0SY","19740401","19920501","C","Z","","","","","","","","0","","","","0",""
"D83607","ORCHARD STREET MEDICAL PRACTICE - YELLOW","Y51","Q35","ORCHARD STREET HEALTH CTR","ORCHARD STREET","IPSWICH","","","IP4 2PU","19850701","20120930","C","B","5PT","20061001","20120930","01473 213261","","","","0","","","","0",""
"D83611","THE GUILDHALL AND BARROW SURGERY","Y51","Q35","GUILDHALL & BARROW SURG","BARROW","BURY ST. EDMUNDS","SUFFOLK","","IP29 5DX","19900202","20120930","C","B","5PT","20061001","20120930","0844 4773921","","","","0","","","","0",""
"D83613","DR ABM LEEPER'S PRACTICE","Y51","Q35","STONEHALL SURGERY","NETHERGATE STREET","CLARE, NR.SUDBURY","SUFFOLK","","CO10 8NP","19920701","20120930","C","B","","20021001","20120930","01787278999","","","","0","","","","0",""
"D83616","BUTCHERS LANE SURGERY","Y51","Q35","BUTCHERS LANE SURGERY","BUTCHERS LANE","BOXFORD","COLCHESTER","","CO10 5DZ","19931116","20120930","C","B","5PT","20061001","20120930","01787211821","","","","0","","","","0",""
"D83617","DR K SARDA'S PRACTICE","Y51","Q35","LITTLE ROSEWORTHY","20-22 MEADOW LANE","SUDBURY","SUFFOLK","","CO10 6TD","19940401","20120930","C","B","5PT","20061001","20120930","01787310000","","","","0","","","","0",""
"E81039","OLD: NAWAL SURGERY","Y51","Q35","12 GOLDINGTON ROAD","","BEDFORD","","","MK40 3NE","19740401","20120930","C","B","5P2","20061001","20120930","01234 270422","","","","0","","","","0",""
"E81051","BUSHMEAD AVENUE DR PRIOR","Y51","Q35","21 BUSHMEAD AVENUE","BEDFORD","","","","MK40 3QJ","19740401","20120930","C","B","5P2","20061001","20120930","01234 267797","","","","0","","","","0",""
"E81058","DR MA JABBAR'S PRACTICE","Y51","Q35","16 LEAGRAVE ROAD","LUTON","BEDFORDSHIRE","","","LU4 8HZ","19740401","20120930","C","B","5GC","20010401","20120930","01582 413331","","","","0","","","","4",""
"E81066","DR MA FOLEY'S PRACTICE","Y51","Q35","BUTE HOUSE MEDICAL CENTRE","GROVE ROAD","LUTON","","","LU1 1QJ","19740401","20120930","C","B","5GC","20010401","20120930","01582 725740","","","","0","","","","0",""
"E81068","DR EVERSHED","Y51","Q35","THE SURGERY","30 MENTMORE ROAD","LINSLADE,LEIGHTON BUZZARD","BEDFORDSHIRE","","LU7 7NZ","19740401","20120930","C","B","5P2","20061001","20120930","01525383202","","","","0","","","","0",""
"E81600","NO NAME HELD","Y09","QA6","36 DROVE ROAD","BIGGLESWADE","BEDFORDSHIRE","","","SG18 8HD","19740401","19931001","C","Z","","","","0767 312135","","","","0","","","","0",""
"E81601","NO NAME HELD","Y09","QA6","118 OLD BEDFORD ROAD","LUTON","BEDFORDSHIRE","","","LU2 7PD","19740401","19930331","C","Z","","","","","","","","0","","","","0",""
"E81602","NO NAME HELD","Y09","QA6","3 GRANGE FARM CLOSE","ABBOTSLEY","ST.NEOTS, HUNTINGDON","CAMBRIDGESHIRE","","PE19 4XA","19740401","19940309","C","Z","","","","0767 77062","","","","0","","","","0",""
"E81603","NO NAME HELD","Y09","Q35","ROTHSAY SURGERY","14 ROTHSAY PLACE","BEDFORD","","","MK40 3PX","19851012","19990430","C","B","","20021001","20021001","01234 352077","","","","0","","","","0",""
"E81604","GROUND FLOOR BUTE HOUSE MC","Y51","Q35","THE MEDICI MEDICAL PRACT","37 CASTLE STREET","LUTON","BEDFORDSHIRE","","LU1 3AG","19740401","20120930","C","B","5GC","20010401","20120930","01582 726123","","","","0","","","","4",""
"E81605","DR MY KHAN'S PRACTICE","Y51","Q35","MARSH FARM HEALTH CENTRE","THE PURLEY CENTRE","THE MOAKES, LUTON","BEDFORDSHIRE","","LU3 3SR","19740401","20120930","C","B","5GC","20010401","20120930","01582 502336","","","","0","","","","0",""
"E81606","DR ND DHABUWALA'S PRACTICE","Y51","Q35","31 THE CROSSWAY","FARLEY HILL","LUTON","BEDFORDSHIRE","","LU1 5LY","19740401","20120930","C","B","5GC","20010401","20120930","01582 728826","","","","0","","","","0",""
"E81608","DR M NASIM'S PRACTICE","Y51","Q35","MARSH FARM HEALTH CENTRE","THE PURLEY CENTRE","THE MOAKES, LUTON","BEDFORDSHIRE","","LU3 3SR","19740401","20120930","C","B","5GC","20010401","20120930","01582 507050","","","","0","","","","0",""
"E81609","NO NAME HELD","Y09","QA6","FAIRFIELD HOUSE","STOTFOLD","HITCHIN","HERTFORDSHIRE","","SG5 4AA","19740401","19980611","C","Z","","","","01462730123","","","","0","","","","0",""
"E81610","LAKE HOUSE SURGERY","Y51","Q35","LAKE HOUSE SURGERY","20-22 LAKE STREET","LEIGHTON BUZZARD","BEDFORDSHIRE","","LU7 1RX","19740401","20120930","C","B","5P2","20061001","20120930","01525 851995","","","","0","","","","0",""
"E81613","NO NAME HELD","Y09","Q35","108 HIGH STREET NORTH","DUNSTABLE","BEDFORDSHIRE","","","LU6 1LN","19841101","19990331","C","B","","20021001","20021001","01582 608420","","","","0","","","","0",""
"E81614","DR ORFALI","Y51","Q35","THE SURGERY","10 MATTHEW STREET","DUNSTABLE","BEDFORDSHIRE","","LU6 1SD","19860930","20120930","C","B","5P2","20061001","20120930","01582 666660","","","","0","","","","0",""
"E81619","DR DONALD","Y51","Q35","47 HIGH STREET SOUTH","DUNSTABLE","BEDFORDSHIRE","","","LU6 3RZ","19860401","20120930","C","B","5P2","20061001","20120930","01582 663406","","","","0","","","","0",""
"E81621","DR G SUKHANI'S PRACTICE","Y51","Q35","177 BISCOT ROAD","LUTON","BEDFORDSHIRE","","","LU3 1AP","19740401","20120930","C","B","5GC","20010401","20120930","01582 737917","","","","0","","","","0",""
"E81623","DR KD SHAH'S PRACTICE","Y51","Q35","170 ASHCROFT ROAD","STOPSLEY GREEN","LUTON","BEDFORDSHIRE","","LU2 9AY","19861101","20120930","C","B","5GC","20010401","20120930","01582 727192","","","","0","","","","4",""
"E81624","NO NAME HELD","Y09","QA6","GOOSEBERRY HILL CLINIC","GOOSEBERRY HILL","LUTON","BEDFORDSHIRE","","LU3 2LB","19740401","19950531","C","Z","","","","0582 594607","","","","0","","","","0",""
"E81625","DR N SHANKAR'S PRACTICE","Y51","Q35","WIGMORE LANE HEALTH CTR.","WIGMORE LANE","LUTON","BEDFORDSHIRE","","LU2 8BG","19900212","20120930","C","B","5GC","20010401","20120930","01582 481301","","","","0","","","","0",""
"E81627","BUSHMEAD AVE DR JACKSON","Y51","Q35","21 BUSHMEAD AVENUE","BEDFORD","","","","MK40 3QJ","19901001","20120930","C","B","5P2","20061001","20120930","01234 349191","","","","0","","","","0",""
"E81628","NO NAME HELD","Y09","QA6","GOOSEBERRY HILL CLINIC","GOOSEBERRY HILL","LUTON","BEDFORDSHIRE","","LU3 2LB","19910801","19920702","C","Z","","","","","","","","0","","","","0",""
"E81629","NO NAME HELD","Y09","QA6","THE HEALTH CENTRE","84-86 LONDON ROAD","BEDFORD","BEDFORDSHIRE","","MK42 0NT","19911201","19911202","C","Z","","","","0234 266851","","","","0","","","","0",""
"E81630","DR SKM REDDY (SANDY)","Y51","Q35","12 ST NEOT'S ROAD","SANDY","BEDFORDSHIRE","","","SG19 1LB","19920104","20120930","C","B","5P2","20061001","20120930","01767 683322","","","","0","","","","0",""
"E81634","NO NAME HELD","Y09","QA6","SANDY HEALTH CENTRE","NORTHCROFT","SANDY","BEDFORDSHIRE","","SG19 1JQ","19950301","19950731","C","Z","","","","01767682805","","","","0","","","","0",""
"E81638","HHAT (BEDFORDSHIRE HEARTLANDS)","Y51","Q35","THE LODGE","4 GEORGE STREET WEST","LUTON","","","LU1 2BJ","20011201","20120930","C","B","5P2","20061001","20120930","01582 511000","","","","0","","","","0",""
"E81640","OLD: TRAVELLERS","Y51","Q35","LONDON ROAD HEALTH CENTRE","84-86 LONDON ROAD","BEDFORD","","","MK42 0NT","20020701","20120930","C","B","5P2","20061001","20120930","01234 266851","","","","0","","","","0",""
"E82016","THE SURGERY - DR KUZEL","Y51","Q35","THE SURGERY","1 HICKS ROAD","MARKYATE","HERTFORDSHIRE","","AL3 8LJ","19740401","20120930","C","B","5QV","20100401","20120930","01582 840988","","","","0","","","","0",""
"E82029","COUNTY HEALTH CENTRE","Y51","Q35","COUNTY HEALTH CENTRE","NEVELLS ROAD","LETCHWORTH","HERTFORDSHIRE","","SG6 4TS","19740401","20120930","C","B","5QV","20100401","20120930","01462 684334","","","","0","","","","0",""
"E82065","MALTINGS SURGERY (NO 10 - SKELTON)","Y51","Q35","THE MALTINGS SURGERY","10 VICTORIA STREET","ST. ALBANS","HERTFORDSHIRE","","AL1 3JB","19740401","20120930","C","B","5QV","20100401","20120930","01727 853296","","","","0","","","","0",""
"E82087","NO NAME HELD","Y09","QEP","161 TURNERS HILL","CHESHUNT","HERTFORDSHIRE","","","EN8 9BH","19740401","19990331","C","Z","","","","01992 624696","","","","0","","","","0",""
"E82097","THE HEATH SURGERY","Y51","Q35","THE HEATH SURGERY","104A HIGH ROAD","BUSHEY HEATH","HERTFORDSHIRE","","WD23 1GE","19740401","20120930","C","B","5QV","20100401","20120930","020 89501285","","","","0","","","","0",""
"E82103","HELMSFORD HOUSE SURGERY","Y51","Q35","HELMSFORD HOUSE SURGERY","283 HIGH STREET","LONDON COLNEY,ST.ALBANS","HERTFORDSHIRE","","AL2 1EU","19740401","20120930","C","B","5QV","20100401","20120930","01727 823245","","","","0","","","","0",""
"E82112","259 PRESTWICK ROAD SURGERY","Y51","Q35","259 PRESTWICK ROAD","OXHEY","WATFORD","HERTFORDSHIRE","","WD1 6XU","19740401","20120930","C","B","5QV","20100401","20120930","020 84282432","","","","0","","","","0",""
"E82125","THE OLD FORGE SURGERY","Y51","Q35","THE SURGERY,OLD FORGE","HIGH STREET","TRING","HERTFORDSHIRE","","HP23 5AG","19740401","20120930","C","B","5QV","20100401","20120930","0144282 3668","","","","0","","","","0",""
"E82127","DR SM LOWETH'S PRACTICE","Y51","Q35","3 THOMPSON CLOSE","HARPENDEN","HERTFORDSHIRE","","","AL5 4ES","19740401","20120930","C","B","5QV","20100401","20120930","01582 765266","","","","0","","","","0",""
"E82128","NO NAME HELD","Y09","QEQ","ST.PETERS HOUSE","MARKET PLACE,HIGH STREET","TRING","HERTFORDSHIRE","","HP23 5AE","19740401","19930630","C","Z","","","","","","","","0","","","","0",""
"E82134","DR. C. SCHOLES","Y51","Q35","DACORUM PCT","THE ISBISTER CENTRE","CHAULDEN HOUSE GARDENS","HEMEL HEMPSTEAD, HERTS","","HP1 2BW","20010701","20120930","C","B","5QV","20100401","20120930","01442 211047","","","","0","","","","0",""
"E82605","NO NAME HELD","Y09","QEQ","THE SURGERY","CHURCH LANE,SARRATT","RICKMANSWORTH","HERTFORDSHIRE","","WD3 6HL","19740401","19930630","C","Z","","","","","","","","0","","","","0",""
"E82607","NO NAME HELD","Y09","QEQ","7 MARLBOROUGH GATE","ST. ALBANS","HERTFORDSHIRE","","","AL1 3TX","19740401","19980731","C","Z","","","","01727 854114","","","","0","","","","0",""
"E82608","NO NAME HELD","Y09","QEP","4 NORTH ROAD","HERTFORD","HERTFORDSHIRE","","","SG14 1LR","19740401","19941001","C","Z","","","","0992 558381","","","","0","","","","0",""
"E82609","NO NAME HELD","Y09","Q35","106 HALDENS","WELWYN GARDEN CITY","HERTFORDSHIRE","","","AL7 1DF","19740401","19990731","C","B","","20021001","20021001","01707 323045","","","","0","","","","0",""
"E82611","NO NAME HELD","Y09","QEP","127 TUDOR WAY","SELE FARM","HERTFORD","HERTFORDSHIRE","","SG14 2DH","19740401","19950331","C","Z","","","","0992 551300","","","","0","","","","0",""
"E82614","8 LETCHMORE ROAD","Y51","Q35","8 LETCHMORE ROAD","RADLETT","HERTFORDSHIRE","","","WD7 8HT","19740401","20120930","C","B","5QV","20100401","20120930","01923 856017","","","","0","","","","0",""
"E82615","NO NAME HELD","Y09","QEQ","RED & WHITE HOUSE","113/115 HIGH STREET","BERKHAMSTED","HERTFORDSHIRE","","HP4 2DJ","19740401","19920331","C","Z","","","","","","","","0","","","","0",""
"E82617","NO NAME HELD","Y09","QEP","THE RED HOUSE","BELL STREET","SAWBRIDGEWORTH","HERTFORDSHIRE","","CM21 9AR","19740401","19950429","C","Z","","","","01279722307","","","","0","","","","0",""
"E82618","GROOM ROAD","Y51","Q35","THE SURGERY","GROOM ROAD,TURNFORD","BROXBOURNE","HERTFORDSHIRE","","EN10 6BW","19740401","20120930","C","B","5QV","20100401","20120930","01992 444203","","","","0","","","","0",""
"E82621","NO NAME HELD","Y09","QEQ","THE HOSPICE OF ST.FRANCIS","27 SHRUBLANDS ROAD","BERKHAMSTED","HERTFORDSHIRE","","HP4 3HX","19860910","19970101","C","Z","","","","01442 862960","","","","0","","","","0",""
"E82622","NO NAME HELD","Y09","Q35","24 RUNCORN CRESCENT","HEMEL HEMPSTEAD","HERTFORDSHIRE","","","HP2 6DG","19850722","19921031","C","B","","20021001","20021001","","","","","0","","","","0",""
"E82623","DR GV KUMAR'S PRACTICE","Y51","Q35","27 HIGH ROAD","WORMLEY","BROXBOURNE","HERTFORDSHIRE","","EN10 6HT","19740401","20120930","C","B","5QV","20100401","20120930","01992 440877","","","","0","","","","0",""
"E82625","NO NAME HELD","Y10","QAH","19 LANCASTER AVE","HITCHIN","HERTFORDSHIRE","","","SG5 1PA","19740401","19921001","C","Z","","","","","","","","0","","","","0",""
"E82628","NO NAME HELD","Y09","Q35","THORLEY HEALTH CENTRE","VILLIERS-SUR-MARNE","THORLEY PARK","BISHOPS STORTFORD, HERTS.","","CM23 4EG","19830401","19970331","C","B","","20021001","20021001","01279506610","","","","0","","","","0",""
"E82631","CASSIO SURGERY - E82631","Y51","Q35","CASSIO SURGERY","62-68 MERTON ROAD","WATFORD","HERTFORDSHIRE","","WD18 0WL","19840424","20120930","C","B","5QV","20100401","20120930","01923 226011","","","","0","","","","0",""
"E82632","NO NAME HELD","Y09","QEP","3A KENILWORTH CLOSE","BRAGBURY END","STEVENAGE","HERTFORDSHIRE","","SG2 8TB","19841001","19920714","C","Z","","","","","","","","0","","","","0",""
"E82633","NO NAME HELD","Y09","QEQ","15 YORK ROAD","ST. ALBANS","HERTFORDSHIRE","","","AL1 4PL","19860707","19980831","C","Z","","","","01727 31049","","","","0","","","","0",""
"E82646","NO NAME HELD","Y09","QEQ","6 OLD ORCHARD","HAWFIELD GARDENS","PARK STREET","ST.ALBANS","","AL2 2QB","19891101","19970930","C","Z","","","","01727 74397","","","","0","","","","0",""
"E82647","NO NAME HELD","Y09","QEP","BISHOP'S PARK HEALTH CTR","LANCASTER WAY","BISHOPS STORTFORD","HERTFORDSHIRE","","CM23 4DA","19900901","19990331","C","Z","","","","01279755057","","","","0","","","","0",""
"E82648","MANOR WAY SURGERY","Y51","Q35","MANOR WAY SURGERY","27 MANOR WAY","BOREHAMWOOD","HERTFORDSHIRE","","WD6 1QJ","19910101","20120930","C","B","5QV","20100401","20120930","020 89533095","","","","0","","","","0",""
"E82649","NO NAME HELD","Y10","QAQ","22 HALLOWES CRESCENT","SOUTH OXHEY","WATFORD","","","WD1 6NT","19910101","19910531","C","Z","","","","","","","","0","","","","0",""
"E82650","NO NAME HELD","Y09","QEP","NORTH PARK HOUSE SURGERY","THE PRECINCT,HIGH ROAD","BROXBOURNE","HERTFORDSHIRE","","EN10 7HY","19910420","19981231","C","Z","","","","01992 451777","","","","0","","","","0",""
"E82651","NO NAME HELD","Y09","QEP","THE HEALTH CENTRE","UNIV. OF HERTFORDSHIRE","COLLEGE LANE","HATFIELD, HERTFORDSHIRE","","AL9 7QL","19910701","19941210","C","Z","","","","0707 278444","","","","0","","","","0",""
"E82659","NO NAME HELD","Y09","QEQ","HOLLYHEDGE FAMILY PRACT.","COPMANS WICK","CHORLEYWOOD","HERTFORDSHIRE","","WD3 5JN","19960624","19961027","C","Z","","","","01923 284888","","","","0","","","","0",""
"E82660","NO NAME HELD","Y09","QEQ","NORTH BUSHEY SURGERY","122 PARK AVENUE","NORTH BUSHEY","HERTFORDSHIRE","","WD2 2BB","19960717","19970131","C","Z","","","","01923 226446","","","","0","","","","0",""
"E82662","GATEWAYS GP SURGERY","Y51","Q35","GATEWAYS GP SURGERY","PORTERS PARK DRIVE","SHENLEY","HERTFORDSHIRE","","WD7 9LP","19980401","20120930","C","B","5QV","20100401","20120930","01923 857146","","","","0","","","","0",""
"E82664","BRIDGE COTTAGE DERMATOLOGY CLINIC","Y51","Q35","BRIDGE COTTAGE","41 HIGH STREET","WELWYN","HERTFORDSHIRE","","AL6 9EF","20000401","20120930","C","B","5QV","20100401","20120930","01438 715044","","","","0","","","","0",""
"E82665","HALL GROVE DERMATOLOGY CLINIC","Y51","Q35","4 HALL GROVE","WELWYN GARDEN CITY","HERTFORDSHIRE","","","AL7 4PL","20000401","20120930","C","B","5QV","20100401","20120930","01707 328528","","","","0","","","","0",""
"E82666","NURSING FOR THE HOMELESS","Y51","Q35","PRINCIPAL HEALTH CENTRE","CIVIC CLOSE","ST ALBANS","HERTFORDSHIRE","","AL1 3LA","20010501","20120930","C","B","5QV","20100401","20120930","01727 867184","","","","0","","","","0",""
"E82668","PEARTREE DERMATOLOGY CLINIC","Y51","Q35","PEARTREE SURGERY","110 PEARTREE LANE","WELWYN GARDEN CITY","HERTFORDSHIRE","","AL7 3UJ","20011008","20120930","C","B","5QV","20100401","20120930","01707 329292","","","","0","","","","0",""
"E82669","WELWYN HATFIELD PRIMARY CARE CENTRE 1","Y51","Q35","A&E DEPARTMENT","LISTER HOSPITAL","COREYS MILL LANE","STEVENAGE HERTS","","SG1 4AB","20020801","20120930","C","B","5QV","20100401","20120930","01438 314333","","","","0","","","","0",""
"E82670","WELWYN HATFIELD PRIMARY CARE CENTRE 2","Y51","Q35","141 HOLLYBUSH LANE","WELWYN GARDEN CITY","HERTS","","","AL7 4JS","20020801","20120930","C","B","5QV","20100401","20120930","01707 328323","","","","0","","","","0",""
"E82671","VALLEY VIEW HEALTH CENTRE","Y51","Q35","VALLEY VIEW HEALTH CENTRE","VALLEY VIEW","GOFFS OAK","HERTFORDSHIRE","","EN7 5ET","20030102","20120930","C","B","5QV","20100401","20120930","01707 875223","","","","0","","","","0",""
"E83014","BRIGGS BHJ-LANE END MEDICAL GROUP","Y53","Q36","LANE END MEDICAL GROUP","2 PENSHURST GARDENS","EDGWARE","MIDDLESEX","","HA8 9GJ","19740401","20120930","C","B","5A9","20010401","20120930","020 89584233","","","","0","","","","0",""
"E83015","GUGGENHEIM PS-WOODCROFT MEDICAL CENTRE","Y53","Q36","WOODCROFT MEDICAL CENTRE","GERVASE ROAD","BURNT OAK, EDGWARE","MIDDLESEX","","HA8 0NR","19740401","20120930","C","B","5A9","20010401","20120930","020 82011812","","","","0","","","","0",""
"E83022","STATION ROAD SURGERY","Y53","Q36","42 STATION ROAD","HENDON","LONDON","","","NW4 3SU","19740401","20120930","C","B","5A9","20010401","20120930","0844 4778570","","","","0","","","","0",""
"E83023","DR SELWYN - RETIRED","Y53","Q36","HOLLY PARK CLINIC","HOLLY PARK ROAD","FRIERN BARNET","LONDON","","N11 3HB","19740401","20120930","C","B","5A9","20010401","20120930","020 83687626","","","","0","","","","0",""
"E83029","DR KASHI - RETIRED","Y53","Q36","57 BOYNE AVENUE","HENDON","LONDON","","","NW4 2JL","19740401","20120930","C","B","5A9","20010401","20120930","020 82032230","","","","0","","","","0",""
"E83051","THE SURGERY-DR RAY","Y53","Q36","2 BEAUFORT GARDENS","","LONDON","","","NW4 3QP","19740401","20120930","C","B","5A9","20010401","20120930","020 82021990","","","","0","","","","0",""
"E83052","DR ADAMSON","Y53","Q36","BRUNSWICK PARK HTH.CTR.","BRUNSWICK PARK ROAD","NEW SOUTHGATE","LONDON","","N11 1EY","19740401","20120930","C","B","5A9","20010401","20120930","020 83680813","","","","0","","","","0",""
"E83603","NO NAME HELD","Y10","QAQ","PARK LODGE","269 EAST END ROAD","EAST FINCHLEY","LONDON","","N2 8AY","19740401","19941231","C","Z","","","","081 8832655","","","","0","","","","0",""
"E83608","NO NAME HELD","Y10","QAQ","276 CRICKLEWOOD LANE","","LONDON","","","NW2 2PU","19740401","19910401","C","Z","","","","","","","","0","","","","0",""
"E83611","NO NAME HELD","Y10","QAQ","4 HILL CRESCENT","WHETSTONE","LONDON","","","N20 8HD","19740401","19970218","C","Z","","","","0181 4458280","","","","0","","","","0",""
"E83617","NO NAME HELD","Y10","QAQ","ELLERN MEDE NURSING HOME","31 TOTTERIDGE COMMON","TOTTERIDGE","LONDON","","N20 8LR","19740401","19920331","C","Z","","","","","","","","0","","","","0",""
"E83623","NO NAME HELD","Y10","QAQ","203 HALE LANE","EDGWARE","MIDDLESEX","","","HA8 9QH","19740401","19960404","C","Z","","","","0181 9593003","","","","0","","","","0",""
"E83626","HARVERD LB-THE SURGERY","Y53","Q36","TEMPLE FORTUNE HLTH CTR","23 TEMPLE FORTUNE LANE","LONDON","","","NW11 7TE","19740401","20120930","C","B","5A9","20010401","20120930","020 84584431","","","","0","","","","0",""
"E83627","DR J GUGENHEIN RETIRED","Y53","Q36","BURNASTON","HEDDON COURT AVENUE","COCKFOSTERS, NEW BARNET","HERTFORDSHIRE","","EN4 9NB","19740401","20120930","C","B","5A9","20010401","20120930","020 84494221","","","","0","","","","0",""
"E83628","EBHC DR A TROYACK","Y53","Q36","EAST BARNET HEALTH CENTRE","149 EAST BARNET ROAD","NEW BARNET","HERTFORDSHIRE","","EN4 8QZ","19740401","20120930","C","B","5A9","20010401","20120930","020 84407417","","","","0","","","","0",""
"E83630","ROSE N-THE SURGERY","Y53","Q36","41 NORTHWAY","GOLDERS GREEN","LONDON","","","NW11 6PB","19740401","20120930","C","B","5A9","20010401","20120930","020 84582751","","","","0","","","","0",""
"E83634","DR MAXWELL RETIRED","Y53","Q36","OAKLEIGH ROAD HEALTH CTR.","OAKLEIGH ROAD NORTH","WHETSTONE","LONDON","","N20 0SG","19740401","20120930","C","B","5A9","20010401","20120930","020 83611996","","","","0","","","","0",""
"E83635","DR J.C. SHAH","Y53","Q36","90 THE DRIVE","GOLDERS GREEN","LONDON","","","NW11 9UL","19740401","20120930","C","B","5A9","20010401","20120930","020 84555901","","","","0","","","","0",""
"E83636","DR GUINDI","Y53","Q36","16 NETHER STREET","NORTH FINCHLEY","LONDON","","","N12 7NL","19740401","20120930","C","B","5A9","20010401","20120930","020 84456582","","","","0","","","","0",""
"E83641","NO NAME HELD","Y10","QAQ","2 BEAUFORT GARDENS","","LONDON","","","NW4 3QP","19861201","19960717","C","Z","","","","0181 2021990","","","","0","","","","0",""
"E83647","NO NAME HELD","Y10","QAQ","AGNEW HOUSE O.A.P.H.","6 HEATHER GARDENS","LONDON","","","NW11","19890719","19910401","C","Z","","","","","","","","0","","","","0",""
"E83648","DR E MUKHERJEE'S PRACTICE","Y53","Q36","999 FINCHLEY ROAD","GOLDERS GREEN","LONDON","","","NW11 7HB","19900401","20120930","C","B","5A9","20010401","20120930","020 84585708","","","","0","","","","0",""
"E83660","THE PHOENIX SURGERY","Y53","Q36","CLARE HOUSE","MANOR PARK CRESCENT","EDGWARE","MIDDLESEX","","HA8 7LU","19930726","20120930","C","B","5A9","20010401","20120930","020 89520004","","","","0","","","","0",""
"E83661","DR S.A. PATEL","Y53","Q36","86 AUDLEY ROAD","HENDON","LONDON","","","NW4 3HB","19930901","20120930","C","B","5A9","20010401","20120930","020 82035150","","","","0","","","","0",""
"E83662","DR J OFORI RETIRED","Y53","Q36","THE SURGERY","79 FRIERN BARNET ROAD","NEW SOUTHGATE","LONDON","","N11 3EH","19950701","20120930","C","B","5A9","20010401","20120930","020 83689874","","","","0","","","","0",""
"E83663","NO NAME HELD","Y10","QAQ","EAST BARNET HEALTH CENTRE","149 EAST BARNET ROAD","NEW BARNET","HERTFORDSHIRE","","EN4 8RB","19960301","19961002","C","Z","","","","0181 4407417","","","","0","","","","0",""
"E83669","CRICKLEWOOD HEALTH CENTRE","Y53","Q36","CRICKLEWOOD HEALTH CENTRE","","GARTH ROAD","LONDON","","NW2 2NJ","20021001","20120930","C","B","5A9","20021001","20120930","020 82090477","","","","0","","","","0",""
"E84010","NO NAME HELD","Y10","QAR","173 CASTLE ROAD","NORTHOLT","MIDDLESEX","","","UB5 4SQ","19740401","19920930","C","Z","","","","081 8644437","","","","0","","","","0",""
"E84019","THE VILLAGE SURGERY","Y53","Q36","PINN MEDICAL CENTRE","37 LOVE LANE","PINNER","MIDDLESEX","","HA5 3EE","19740401","20120930","C","B","5K6","20020401","20120930","020 88665766","","","","0","","","","4",""
"E84045","NO NAME HELD","Y10","QAR","131 DARTMOUTH ROAD","CRICKLEWOOD","LONDON","","","NW2 4ES","19740401","19971001","C","Z","","","","01814521095","","","","0","","","","0",""
"E84050","THE CLARENCE MEDICAL CENTRE","Y53","Q36","THE MEDICAL CENTRE","17-19 CLARENCE ROAD","LONDON","","","NW6 7TG","19740401","20120930","C","B","5K5","20020401","20120930","020 76241345","","","","0","","","","0",""
"E84054","NO NAME HELD","Y10","QAR","1 WILLOWS TERRACE","RUCKLIDGE AVENUE","HARLESDEN","LONDON","","NW10 4PT","19740401","19940930","C","Z","","","","081 9654131","","","","0","","","","0",""
"E84071","THE RED PRACTICE","Y53","Q36","77 BURNLEY ROAD","","LONDON","","","NW10 1EE","19740401","20120930","C","B","5K5","20020401","20120930","020 84527689","","","","0","","","","0",""
"E84072","DR A KASIREDDY'S PRACTICE","Y53","Q36","123 UXBRIDGE ROAD","HARROW","WEALD","MIDDLESEX","","HA3 6DJ","19740401","20120930","C","B","5K6","20020401","20120930","020 89540173","","","","0","","","","0",""
"E84079","THE ELMCROFT SURGERY","Y53","Q36","THE ELMCROFT SURGERY","5 ELMCROFT CRESCENT","NORTH HARROW","MIDDLESEX","","HA2 6HL","19740401","20120930","C","B","5K6","20020401","20120930","020 88631337","","","","0","","","","4",""
"E84082","NO NAME HELD","Y10","QAR","54 PARK PARADE","HARLESDON","LONDON","","","NW10 4JB","19740401","19980430","C","Z","","","","0181 9655093","","","","0","","","","0",""
"E84600","NO NAME HELD","Y10","QAR","268 EALING ROAD","ALPERTON","WEMBLEY","MIDDLESEX","","HA0 4LL","19740401","19930630","C","Z","","","","081 9020116","","","","0","","","","0",""
"E84605","ST GABRIELS PRACTICE","Y53","Q36","55 ST.GABRIELS ROAD","CRICKLEWOOD","LONDON","","","NW2 4DT","19740401","20120930","C","B","5K5","20020401","20120930","020 84525900","","","","0","","","","0",""
"E84613","DR KPB SAMARASINGHE'S PRACTICE","Y53","Q36","18 ANSON ROAD","CRICKLEWOOD","LONDON","","","NW2 3UU","19740401","20120930","C","B","5K5","20020401","20120930","020 84522611","","","","0","","","","0",""
"E84619","NO NAME HELD","Y10","Q36","52 ORCHARD GROVE","KENTON","HARROW","MIDDLESEX","","HA3 9QS","19740401","19990531","C","B","5K5","20021001","20021001","0181 2043131","","","","0","","","","0",""
"E84623","NO NAME HELD","Y10","QAR","THREEWAYS","120 PRESTON HILL","KENTON","HARROW, MIDDLESEX","","HA3 9SJ","19740401","19980531","C","Z","","","","0181 2041894","","","","0","","","","0",""
"E84627","DUKES MEDICAL CENTRE","Y53","Q36","DUKES MEDICAL CENTRE","1 LANKERS DRIVE","RAYNERS LANE","NORTH HARROW, MIDDLESEX","","HA2 7PA","19740401","20120930","C","B","5K6","20020401","20120930","020 88685268","","","","0","","","","4",""
"E84631","NO NAME HELD","Y10","QAR","1 DAUPHINE COURT","SPENCER ROAD","WEALDSTONE, HARROW","MIDDLESEX","","HA3 7AS","19740401","19940930","C","Z","","","","081 4270136","","","","0","","","","0",""
"E84632","NO NAME HELD","Y10","Q36","THE CLINIC","146 WALM LANE","LONDON","","","NW2 4RU","19740401","19990703","C","B","","20021001","20021001","0181 4523003","","","","0","","","","0",""
"E84633","NO NAME HELD","Y10","QAR","45 ST. JOHNS AVENUE","","LONDON","","","NW10 4ED","19740401","19980430","C","Z","","","","0181 9654347","","","","0","","","","0",""
"E84634","NO NAME HELD","Y10","QAR","88 COLLEGE ROAD","KENSAL GREEN","LONDON","","","NW10 5HL","19740401","19970225","C","Z","","","","0181 9600414","","","","0","","","","0",""
"E84636","THE GREEN SURGERY","Y53","Q36","99 HIGH ROAD","WILLESDEN GREEN","LONDON","","","NW10 2SL","19740401","20120930","C","B","5K5","20020401","20120930","020 84590579","","","","0","","","","0",""
"E84639","NO NAME HELD","Y10","Q36","1 CHALK HILL ROAD","BLACKBIRD HILL","WEMBLEY","MIDDX","","HA9 9DS","19740401","20000305","C","B","","20021001","20021001","0181 4505405","","","","0","","","","0",""
"E84640","NO NAME HELD","Y10","QAR","10 CHALFONT AVENUE","WEMBLEY","MIDDLESEX","","","HA9 6NS","19740401","19960227","C","Z","","","","0181 9031524","","","","0","","","","0",""
"E84641","NO NAME HELD","Y10","QAR","THE SURGERY","338 KILBURN HIGH ROAD","LONDON","","","NW6 2QN","19740401","19930219","C","Z","","","","071 3280099","","","","0","","","","0",""
"E84642","NO NAME HELD","Y10","QAR","148 CHURCH LANE","KINGSBURY","LONDON","","","NW9 8SR","19740401","19970430","C","Z","","","","0181 2056747","","","","0","","","","0",""
"E84643","NO NAME HELD","Y10","QAR","THE SURGERY","883 HARROW ROAD","SUDBURY, WEMBLEY","MIDDLESEX","","HA0 2RH","19740401","19930712","C","Z","","","","081 9046911","","","","0","","","","0",""
"E84644","NO NAME HELD","Y10","QAR","CRAVEN PARK HEALTH CENTRE","SHAKESPEARE CRESCENT","LONDON","","","NW10 8XW","19740401","19941231","C","Z","","","","081 9650151","","","","0","","","","0",""
"E84648","NO NAME HELD","Y10","QAR","CRAWFORD AVENUE HTH. CTR.","CRAWFORD AVENUE","WEMBLEY","MIDDLESEX","","HA0 2HX","19740401","19940302","C","Z","","","","081 9036411","","","","0","","","","0",""
"E84650","GREENHILL PARK MEDICAL CENTRE","Y53","Q36","GREENHILL PARK MED.CTR.","GREENHILL PARK","HARLESDEN","","","NW10 9AR","19740401","20120930","C","B","5K5","20020401","20120930","020 89657128","","","","0","","","","0",""
"E84652","NO NAME HELD","Y10","QAR","24 HONEYPOT LANE","KINGSBURY","LONDON","","","NW9 9QL","19740401","19980731","C","Z","","","","0181 2049644","","","","0","","","","0",""
"E84655","GRASMERE SURGERY","Y53","Q36","95 GRASMERE AVENUE","WEMBLEY","MIDDLESEX","","","HA9 8TF","19740401","20120930","C","B","5K5","20020401","20120930","020 89048045","","","","0","","","","0",""
"E84659","OAKINGTON MEDICAL CENTRE","Y53","Q36","OAKINGTON MEDICAL CENTRE","41 OAKINGTON AVENUE","WEMBLEY PARK","MIDDLESEX","","HA9 8HX","19740401","20120930","C","B","5K5","20020401","20120930","020 89043021","","","","0","","","","0",""
"E84660","DR NNV OSULLIVAN'S PRACTICE","Y53","Q36","ELM PARK CLINIC","69 ELM PARK","STANMORE","MIDDLESEX","","HA7 4AU","19740401","20120930","C","B","5K6","20020401","20120930","020 89548181","","","","0","","","","0",""
"E84662","THE GIRTON PRACTICE","Y53","Q36","46 GIRTON AVENUE","KINGSBURY","LONDON","","","NW9 9SU","19740401","20120930","C","B","5K5","20020401","20120930","020 82061490","","","","0","","","","4",""
"E84666","NO NAME HELD","Y10","QAR","NORTHWICK PARK HOSPITAL","WATFORD ROAD","HARROW","MIDDLESEX","","HA1 3UJ","19740401","19930930","C","Z","","","","081 8643232","","","","0","","","","0",""
"E84671","NO NAME HELD","Y10","QAR","THE SURGERY","91 ST.RAPHAELS WAY","NEASDEN","LONDON","","NW10 0NU","19740401","19980228","C","Z","","","","0181 4595986","","","","0","","","","0",""
"E84672","NO NAME HELD","Y10","QAR","W/LONDON OCC.HTH.SERV.LTD","249 ACTON LANE","LONDON","","","NW10 7NR","19740401","19960630","C","Z","","","","0181 9655134","","","","0","","","","0",""
"E84682","DR RE ALEXANDER'S PRACTICE","Y53","Q36","168A UXBRIDGE ROAD","HATCH END","PINNER","MIDDLESEX","","HA5 4DR","19890913","20120930","C","B","5K6","20020401","20120930","020 84213277","","","","0","","","","0",""
"E84686","THE BUCKINGHAM ROAD MED CTR","Y53","Q36","82 CHANDOS CRESCENT","","EDGWARE","MIDDLESEX","","HA8 6HL","19900401","20120930","C","B","5K6","20020401","20120930","020 89527662","","","","0","","","","4",""
"E84687","CRAVEN SURGERY","Y53","Q36","CRAVEN PARK HEALTH CENTRE","SHAKESPEARE CRESCENT","LONDON","","","NW10 8XW","19891001","20120930","C","B","5K5","20020401","20120930","020 89650151","","","","0","","","","0",""
"E84691","DR R BATHOOL'S PRACTICE","Y53","Q36","121 PRESTON HILL","KENTON","HARROW","","","HA3 9SN","19910513","20120930","C","B","5K5","20020401","20120930","020 89050894","","","","0","","","","0",""
"E84692","NO NAME HELD","Y10","QAR","1 LANDSEER CLOSE","EDGEWARE","MIDDLESEX","","","HA8 5SB","19911001","19941031","C","Z","","","","","","","","0","","","","0",""
"E84695","DR M AHMAD'S PRACTICE","Y53","Q36","THE HAROLD MACMILLAN","MEDICAL CENTRE","43 BUTLER AVENUE","WEST HARROW, MIDDLESEX","","HA1 4EJ","19930807","20120930","C","B","5K6","20020401","20120930","020 84236644","","","","0","","","","0",""
"E84697","THE DARTMOUTH SURGERY","Y53","Q36","131 DARTMOUTH ROAD","CRICKLEWOOD","LONDON","","","NW2 4ES","19950101","20120930","C","B","5K5","20020401","20120930","020 84500403","","","","0","","","","0",""
"E84698","NO NAME HELD","Y10","QAR","FREUCHEN MEDICAL CENTRE","190 HIGH STREET","HARLESDEN","LONDON","","NW10 4ST","19960401","19960531","C","Z","","","","0181 9655174","","","","0","","","","0",""
"E84700","NO NAME HELD","Y10","QAR","ALEXANDRA AVENUE CLINIC","267 ALEXANDRA AVENUE","SOUTH HARROW","MIDDLESEX","","HA2 9DX","19961001","19970331","C","Z","","","","0181 4265354","","","","0","","","","0",""
"E84703","THE JUNCTION PROJECT","Y53","Q36","27 STATION ROAD","HARLESDEN","","","","NW10 4UP","19980401","20120930","C","B","5K5","20020401","20120930","020 89617007","","","","0","","","","0",""
"E84710","MILNE END MEDICAL CENTRE","Y53","Q36","168A UXBRIDGE ROAD","HATCH END","PINNER","MIDDLESEX","","HA5 4DR","20010901","20120930","C","B","5K6","20020401","20120930","020 84213277","","","","0","","","","0",""
"E84711","HOMELESS PATIENTS","Y53","Q36","BRENT & HARROW HA","GRACE HOUSE","HARROVIAN BUSINESS VILLAG","BESSBOROUGH ROAD, HARROW","","HA1 3EX","20020301","20120930","C","B","5K6","20020401","20120930","020 89661123","","","","0","","","","0",""
"E84712","CRICKLEWOOD HOMELESS CONCERN","Y53","Q36","HOMELESS DAY CENTRE","RESETTLEMENT PROJECT","60 ASHFORD ROAD","LONDON","","NW2 6TU","20020501","20120930","C","B","5K5","20020501","20120930","020 87956000","","","","0","","","","0",""
"E84714","STATION MEDICAL CENTRE","Y53","Q36","ROYAL AIR FORCE","BENTLEY PRIORY","STANMORE","","","HA7 3HH","20021113","20120930","C","B","5K6","20021113","20120930","020 88387676","","","","0","","","","0",""
"E85009","ROCHESTER PRACTICE","Y53","Q36","FELTHAM CENTRE FOR HEALTH","3RD FLOOR, THE CENTRE","FELTHAM","MIDDLESEX","","TW13 4GU","19740401","20120930","C","B","5HY","20020401","20120930","020 86301540","","","","0","","","","0",""
"E85010","NO NAME HELD","Y10","QAV","66 CROWN ROAD","TWICKENHAM","MIDDLESEX","","","TW1 3ER","19740401","19911231","C","Z","","","","","","","","0","","","","0",""
"E85011","NO NAME HELD","Y10","QAV","186 MUNSTER ROAD","FULHAM","LONDON","","","SW6 6AU","19740401","19971130","C","Z","","","","01717368712","","","","0","","","","0",""
"E85017","FISHERS LANE PRACTICE","Y53","Q36","CHISWICK HEALTH CENTRE","FISHERS LANE","CHISWICK","LONDON","","W4 1RX","19740401","20120930","C","B","5HY","20020401","20120930","020 89944482","","","","0","","","","0",""
"E85022","DR BK DHAR","Y53","Q36","3 SHEPHERDS BUSH ROAD","HAMMERSMITH","LONDON","","","W6 7NA","19740401","20120930","C","B","5H1","20020401","20120930","020 76104292","","","","0","","","","4",""
"E85031","PETTS HILL SURGERY","Y53","Q36","38 PETTS HILL","NORTHOLT","MIDDLESEX","","","UB5 4NL","19740401","20120930","C","B","5HX","20020401","20120930","020 84226113","","","","0","","","","0",""
"E85036","MILSON ROAD HEALTH CENTRE","Y53","Q36","MILSON ROAD HEALTH CENTRE","1-13 MILSON ROAD","WEST KENSINGTON","","","W14 0LJ","19740401","20120930","C","B","5H1","20020401","20120930","020 76034131","","","","0","","","","0",""
"E85037","DR UPPAL & PARTNERS","Y53","Q36","WHITE CITY HEALTH CENTRE","AUSTRALIA ROAD","SHEPHERDS BUSH","LONDON","","W12 7PH","19740401","20120930","C","B","5H1","20020401","20120930","020 87494145","","","","0","","","","0",""
"E85039","GREENBROOK BROADWALK","Y53","Q36","CHINCHILLA CTR FOR HEALTH","CHINCHILLA DRIVE","HOUNSLOW","MIDDLESEX","","TW4 7NN","19740401","20120930","C","B","5HY","20020401","20120930","020 86301370","","","","0","","","","4",""
"E85067","DR DUNWOODY","Y53","Q36","510 FULHAM PALACE ROAD","FULHAM","LONDON","","","SW6 6JD","19740401","20120930","C","B","5H1","20020401","20120930","020 77365334","","","","0","","","","0",""
"E85072","MATTOCK LANE HEALTH CTR.","Y53","Q36","MATTOCK LANE HEALTH CTR.","78 MATTOCK LANE","WEST EALING","LONDON","","W13 9NZ","19740401","20120930","C","B","5HX","20020401","20120930","020 85671121","","","","0","","","","0",""
"E85079","NO NAME HELD","Y10","QAV","THE WELLESLEY RD SURGERY","7 WELLESLEY ROAD","CHISWICK","LONDON","","W4 4BJ","19740401","19940930","C","Z","","","","081 9940838","","","","0","","","","0",""
"E85093","RUTLAND ROAD SURGERY","Y53","Q36","59 RUTLAND ROAD","SOUTHALL","MIDDLESEX","","","UB1 2UR","19740401","20120930","C","B","5HX","20020401","20120930","020 85788255","","","","0","","","","0",""
"E85101","DR IR ROSS' PRACTICE","Y53","Q36","PORTLAND HOUSE SURGERY","75 MORNINGTON ROAD","GREENFORD","MIDDLESEX","","UB6 9HN","19740401","20120930","C","B","","20021001","20120930","0181 5781730","","","","0","","","","0",""
"E85106","NO NAME HELD","Y10","Q36","THE SURGERY","13 OLLGAR CLOSE","ASKEW ESTATE,UXBRIDGE RD.","LONDON","","W12 0NF","19740401","19980101","C","B","","20021001","20021001","01817434541","","","","0","","","","0",""
"E85606","NO NAME HELD","Y10","QAV","124 UXBRIDGE ROAD","SHEPHERDS BUSH GREEN","LONDON","","","W12 8AE","19740401","19920725","C","Z","","","","","","","","0","","","","0",""
"E85607","NO NAME HELD","Y10","QAV","40 LEXDEN ROAD","ACTON","LONDON","","","W3 9NZ","19740401","19930712","C","Z","","","","081 9921101","","","","0","","","","0",""
"E85609","NO NAME HELD","Y10","QAV","SOUTH MIDDLESEX HOSPITAL","MOGDEN LANE","ISLEWORTH","MIDDLESEX","","TW7 7LN","19740401","19911003","C","Z","","","","","","","","0","","","","0",""
"E85616","DR KR PASZKOWSKA'S PRACTICE","Y53","Q36","29 NETHERAVON ROAD","CHISWICK","LONDON","","","W4 2NA","19740401","20120930","C","B","5HY","20020401","20120930","020 89942506","","","","0","","","","0",""
"E85618","NO NAME HELD","Y10","QAV","1268 GREENFORD ROAD","GREENFORD","MIDDLESEX","","","UB6 0HJ","19740401","19970131","C","Z","","","","01814226440","","","","0","","","","0",""
"E85622","DR JASL BROWN'S PRACTICE","Y53","Q36","1268 GREENFORD ROAD","GREENFORD","MIDDLESEX","","","UB6 0HJ","19740401","20120930","C","B","5HX","20020401","20120930","020 84227970","","","","0","","","","0",""
"E85626","NO NAME HELD","Y10","QAV","ST.GEORGES MEDICAL CTR.","276 LADY MARGARET ROAD","SOUTHALL","MIDDLESEX","","UB1 2RX","19740401","19990331","C","Z","","","","01815782421","","","","0","","","","0",""
"E85631","NO NAME HELD","Y10","QAV","168 COLDERSHAW ROAD","WEST EALING","LONDON","","","W13 9DT","19740401","19980430","C","Z","","","","01815670970","","","","0","","","","0",""
"E85632","NO NAME HELD","Y10","QAV","38 ST. JAMES AVENUE","WEST EALING","LONDON","","","W13 9DJ","19740401","19970225","C","Z","","","","01815676781","","","","0","","","","0",""
"E85637","FAMILY DOCTOR UNIT","Y53","Q36","FAMILY DOCTOR UNIT","HOUNSLOW HEALTH CENTRE","92 BATH ROAD","HOUNSLOW, MIDDLESEX","","TW3 3LN","19740401","20120930","C","B","5HY","20020401","20120930","020 85705908","","","","0","","","","0",""
"E85638","NO NAME HELD","Y10","Q36","18 FRITHVILLE GARDENS","SHEPHERDS BUSH","LONDON","","","W12 7JN","19740401","19990531","C","B","","20021001","20021001","01817490402","","","","0","","","","0",""
"E85639","NO NAME HELD","Y10","QAV","4 BOLLO LANE","CHISWICK","LONDON","","","W4 5LP","19740401","19960716","C","Z","","","","01819951743","","","","0","","","","0",""
"E85641","NO NAME HELD","Y10","QAV","464 GREAT WEST ROAD","HOUNSLOW","MIDDLESEX","","","TW5 0PD","19870123","19931231","C","Z","","","","081 5704033","","","","0","","","","0",""
"E85644","JUBILEE GARDENS MEDICAL CENTRE","Y53","Q36","JUBILEE GARDENS MED CTR","JUBILEE GARDENS","SOUTHALL","MIDDLESEX","","UB1 2TJ","19740401","20120930","C","B","5HX","20020401","20120930","020 33137806","","","","0","","","","4",""
"E85645","GREENFORD AVE SURGERY","Y53","Q36","161 GREENFORD AVENUE","HANWELL","LONDON","","","W7 1HA","19740401","20120930","C","B","5HX","20020401","20120930","020 85671497","","","","0","","","","0",""
"E85646","LOCUM FOR DR SPS VERMA","Y53","Q36","MILSON ROAD HEALTH CENTRE","1-13 MILSON ROAD","WEST KENSINGTON","LONDON","","W14 0LJ","19860701","20120930","C","B","5H1","20020401","20120930","020 76034223","","","","0","","","","0",""
"E85647","LOCUM FOR DR RN SRIVASTAVA","Y53","Q36","1 HAMMERSMITH BRIDGE ROAD","HAMMERSMITH","LONDON","","","W6 9DU","19740401","20120930","C","B","5H1","20020401","20120930","020 87485246","","","","0","","","","0",""
"E85648","NO NAME HELD","Y10","QAV","280B STAINES ROAD","HOUNSLOW","MIDDLESEX","","","TW3 3LX","19851001","19990228","C","Z","","","","0181 5701950","","","","0","","","","0",""
"E85650","EALING PARK HEALTH CENTRE","Y53","Q36","EALING PARK HEALTH CENTRE","195A SOUTH EALING ROAD","EALING","LONDON","","W5 4RH","19860607","20120930","C","B","5HX","20020401","20120930","020 87580570","","","","0","","","","0",""
"E85651","NO NAME HELD","Y10","QAV","195 BATH ROAD","HOUNSLOW","MIDDLESEX","","","TW3 3BU","19851001","19910516","C","Z","","","","","","","","0","","","","0",""
"E85652","BABER BRIDGE PRACTICE","Y53","Q36","158 HOUNSLOW ROAD","FELTHAM","MIDDLESEX","","","TW14 0BA","19740401","20120930","C","B","5HY","20020401","20120930","020 88909376","","","","0","","","","0",""
"E85653","NO NAME HELD","Y10","QAV","123 WADHAM GARDENS","GREENFORD","MIDDLESEX","","","UB6 0BS","19740401","19970731","C","Z","","","","01818642177","","","","0","","","","0",""
"E85654","PARKLANDS SURGERY","Y53","Q36","4 PARKLANDS PARADE","BATH ROAD","HOUNSLOW","MIDDLESEX","","TW5 9AX","19740401","20120930","C","B","5HY","20020401","20120930","020 85704408","","","","0","","","","0",""
"E85655","HARVARD ROAD PRACTICE","Y53","Q36","19 HARVARD ROAD","ISLEWORTH","MIDDLESEX","","","TW7 4PA","19740401","20120930","C","B","5HY","20020401","20120930","020 85604841","","","","0","","","","0",""
"E85660","THE JUNCTION ROAD SURGERY","Y53","Q36","20 JUNCTION ROAD","EALING","LONDON","","","W5 4XL","19740401","20120930","C","B","5HX","20020401","20120930","020 85608529","","","","0","","","","0",""
"E85665","NO NAME HELD","Y10","QAV","228 SOUTH EALING ROAD","EALING","LONDON","","","W5 4RP","19860706","19960630","C","Z","","","","0181 8472831","","","","0","","","","0",""
"E85666","NO NAME HELD","Y10","QAV","71 TIVERTON ROAD","HOUNSLOW EAST","MIDDLESEX","","","TW3 4JE","19870122","19921005","C","Z","","","","081 5701109","","","","0","","","","0",""
"E85667","NO NAME HELD","Y10","QAV","2 NORTHCOTE AVENUE","SOUTHALL","MIDDLESEX","","","UB1 2AX","19740401","19920630","C","Z","","","","","","","","0","","","","0",""
"E85669","NO NAME HELD","Y10","QAV","50 WYNDHAM ROAD","WEST EALING","","LONDON","","W13 9TE","19740401","19911201","C","Z","","","","","","","","0","","","","0",""
"E85670","NO NAME HELD","Y10","QAV","108 HIBERNIAN ROAD","HOUNSLOW","MIDDLESEX","","","TW3 3RN","19740401","19911012","C","Z","","","","","","","","0","","","","0",""
"E85671","THE COLDERSHAW ROAD SURGERY","Y53","Q36","55 COLDERSHAW ROAD","WEST EALING","LONDON","","","W13 9EA","19860331","20120930","C","B","5HX","20020401","20120930","020 88401757","","","","0","","","","4",""
"E85675","29 WANDSWORTH BRIDGE ROAD","Y53","Q36","29 WANDSWORTH BRIDGE ROAD","FULHAM","LONDON","","","SW6 2TA","19740401","20120930","C","B","5H1","20020401","20120930","020 77369341","","","","0","","","","0",""
"E85676","NO NAME HELD","Y10","QAV","THE CHISWICK HEALTH CTR","FISHERS LANE","CHISWICK","LONDON","","W4 1RX","19860331","19930630","C","Z","","","","","","","","0","","","","0",""
"E85679","GWR SURGERY","Y53","Q36","222 GREAT WEST ROAD","HESTON","MIDDLESEX","","","TW5 9AW","19740401","20120930","C","B","5HY","20020401","20120930","020 85726859","","","","0","","","","0",""
"E85690","NO NAME HELD","Y10","QAV","219 NEW KINGS ROAD","PARSONS GREEN","FULHAM","LONDON","","SW6 4XF","19740401","19931231","C","Z","","","","071 7361777","","","","0","","","","0",""
"E85691","CROSSLEY HOUSE SURGERY","Y53","Q36","CROSSLEY HOUSE SURGERY","SUTTON LANE NORTH","CHISWICK","LONDON","","W4 4HF","19740401","20120930","C","B","5HY","20020401","20120930","0844 4778694","","","","0","","","","4",""
"E85698","ELM ROAD PRACTICE","Y53","Q36","2 ELM ROAD","BEDFONT","FELTHAM","MIDDLESEX","","TW14 8EW","19880101","20120930","C","B","5HY","20020401","20120930","020 88907397","","","","0","","","","0",""
"E85702","NO NAME HELD","Y10","Q36","72 HESTON ROAD","HESTON","MIDDLESEX","","","TW5 0QP","19881215","20000424","C","B","5HY","20021001","20021001","020 85723915","","","","0","","","","0",""
"E85703","LOCUM FOR DR JB GOSSAIN","Y53","Q36","THE MEDICAL CENTRE","292 MUNSTER ROAD","FULHAM","LONDON","","SW6 6BQ","19890227","20120930","C","B","5H1","20020401","20120930","020 73851965","","","","0","","","","0",""
"E85704","NO NAME HELD","Y10","QAV","NORWOOD ROAD SURGERY","70 NORWOOD ROAD","SOUTHALL","MIDDLESEX","","UB2 4EY","19880201","19981031","C","Z","","","","01815712182","","","","0","","","","0",""
"E85709","CLEVES SURGERY","Y53","Q36","FELTHAM CENTRE FOR HEALTH","THIRD FLOOR","FELTHAM CENTRE","FELTHAM, MIDDX","","TW13 4GU","19910202","20120930","C","B","5HY","20020401","20120930","020 86301520","","","","0","","","","0",""
"E85710","NO NAME HELD","Y10","QAV","250 COLDHARBOUR LANE","HAYES","MIDDLESEX","","","UB3 3HH","19910401","19910930","C","Z","","","","","","","","0","","","","0",""
"E85711","PARKFIELD PRACTICE","Y53","Q36","109 HIGH STREET","FELTHAM","MIDDLESEX","","","TW13 4HG","19910602","20120930","C","B","5HY","20020401","20120930","020 87513394","","","","0","","","","0",""
"E85717","THE WESTERN ROAD SURGERY","Y53","Q36","243 WESTERN ROAD","SOUTHALL","MIDDLESEX","","","UB2 5HS","19920128","20120930","C","B","5HX","20020401","20120930","020 85715094","","","","0","","","","4",""
"E85720","NO NAME HELD","Y10","QAV","JERSEY PARADE","484 GREAT WEST ROAD","HOUNSLOW","MIDDLESEX","","TW5 0TA","19930101","19940430","C","Z","","","","","","","","0","","","","0",""
"E85722","NO NAME HELD","Y10","QAV","ARTS EDUCATIONAL SCHOOL","CONE RYMAN HOUSE","14 BATH ROAD","LONDON","","W4 1LY","19920901","19931231","C","Z","","","","","","","","0","","","","0",""
"E85729","DR ATKINSON'S PRACTICE","Y53","Q36","34A HURLINGHAM ROAD","FULHAM","LONDON","","","SW6 3RF","19940401","20120930","C","B","5H1","20020401","20120930","020 77360095","","","","0","","","","0",""
"E85737","NO NAME HELD","Y10","QAV","7 WELLESLEY ROAD","","LONDON","","","W4 4BJ","19950401","19960930","C","Z","","","","01819954396","","","","0","","","","0",""
"E85738","NO NAME HELD","Y10","QAV","280B STAINES ROAD","HOUNSLOW","MIDDLESEX","","","TW3 3LX","19960501","19970831","C","Z","","","","","","","","0","","","","0",""
"E85741","NO NAME HELD","Y10","QAV","57 LADY MARGARET ROAD","SOUTHALL","MIDDLESEX","","","UB1 2PH","19971001","19980331","C","Z","","","","0181 5745186","","","","0","","","","0",""
"E85742","DR MULLIGAN'S PRACTICE","Y53","Q36","34 RAVENSCOURT ROAD","","LONDON","","","W6 0UG","19971001","20120930","C","B","5H1","20020401","20120930","020 87484842","","","","0","","","","0",""
"E85747","DR JB O'CONNOR'S PRACTICE","Y53","Q36","MANOR HOUSE HEALTH CENTRE","MANOR LANE","FELTHAM","MIDDLESEX","","TW13 4JQ","19991101","20120930","C","B","5HY","20020401","20120930","020 83213748","","","","0","","","","0",""
"E85749","PARSONS GREEN CENTRE, WIC","Y53","Q36","5-7 PARSONS GREEN","","LONDON","","","SW6 4UL","20000601","20130331","C","B","5H1","20020401","20130331","020 88466758","","","","0","","","","1",""
"E85751","THE OLD OAK SURGERY","Y53","Q36","WHITE CITY HEALTH CENTRE","AUSTRALIA ROAD","SHEPHERDS BUSH","LONDON","","W12 7PH","20010601","20120930","C","B","5H1","20020401","20120930","020 88466407","","","","0","","","","0",""
"E85752","PARSONS GREEN CENTRE, HOMELESS TEAM","Y53","Q36","PARSONS GREEN CENTRE","5-7 PARSONS GREEN","FULHAM","LONDON","","SW6 4UL","20011001","20130331","C","B","5H1","20020401","20130331","020 88467835","","","","0","","","","0",""
"E85753","HOMELESS TEAM","Y53","Q36","SOVEREIGN COURT","15-21 STAINES ROAD","HOUNSLOW","MIDDLESEX","","TW3 3HR","20011001","20120930","C","B","5HY","20020401","20120930","020 83212211","","","","0","","","","0",""
"E85754","THE OASIS MEDICAL CENTRE","Y53","Q36","BROOKWOOD CTR FOR HEALTH","BROOKWOOD ROAD","HOUNSLOW","","","TW3 3HD","20020114","20120930","C","B","5HY","20020401","20120930","020 86301101","","","","0","","","","0",""
"E85756","ENT SPECIALIST","Y53","Q36","64 SOMERSET ROAD","SOUTHALL","MIDDLESEX","","","UB1 2TS","20021001","20120930","C","B","5HX","20021001","20120930","020 85781903","","","","0","","","","0",""
"E86008","NO NAME HELD","Y10","QA2","LANSDOWNE HOUSE","ST PETER'S WAY,HARLINGTON","HAYES","MIDDLESEX","","UB3 5AB","19740401","19990101","C","Z","","","","0181 7599577","","","","0","","","","0",""
"E86023","THE MEDICAL CENTRE","Y53","Q36","6 THE GREEN","WEST DRAYTON","MIDDLESEX","","","UB7 7PJ","19740401","20120930","C","B","5AT","20000401","20120930","01895 442926","","","","0","","","","0",""
"E86039","NO NAME HELD","Y10","QA2","15-16 STATION APPROACH","NORTHWOOD","MIDDLESEX","","","HA6 2XN","19740401","19911130","C","Z","","","","","","","","0","","","","0",""
"E86606","NO NAME HELD","Y10","QA2","12 THE FAIRWAY","SOUTH RUISLIP","MIDDLESEX","","","HA4 0RT","19740401","19940331","C","Z","","","","","","","","0","","","","0",""
"E86608","NO NAME HELD","Y10","QA2","WOODSIDE","85 LONG LANE","HILLINGDON","MIDDLESEX","","UB10 0AW","19740401","19980930","C","Z","","","","01895 238881","","","","0","","","","0",""
"E86611","NO NAME HELD","Y10","QA2","1A BUSHEY ROAD","HAYES","MIDDLESEX","","","UB3 4AS","19740401","19950227","C","Z","","","","081 8489358","","","","0","","","","0",""
"E86613","NO NAME HELD","Y10","QA2","10A TUDOR ROAD","HAYES END","MIDDLESEX","","","UB3 2QU","19740401","19950831","C","Z","","","","01815730165","","","","0","","","","0",""
"E86614","NO NAME HELD","Y10","QA2","93 SWAKELEYS ROAD","ICKENHAM","UXBRIDGE","MIDDLESEX","","UB10 8DQ","19740401","19960229","C","Z","","","","01895632114","","","","0","","","","0",""
"E86616","ELERS ROAD SURGERY","Y53","Q36","ELERS ROAD HEALTH CLINIC","ELERS ROAD","HAYES","MIDDLESEX","","UB3 1NY","19740401","20120930","C","B","5AT","20000401","20120930","020 85614473","","","","0","","","","0",""
"E86617","CAREPOINT PRACTICE","Y53","Q36","NORTHWOOD HEALTH CENTRE","NEAL CLOSE, ACRE WAY","NORTHWOOD","MIDDLESEX","","HA6 1TQ","19740401","20120930","C","B","5AT","20000401","20120930","01923 821821","","","","0","","","","0",""
"E86621","DR AG GANDHI'S PRACTICE","Y53","Q36","35 NORWICH ROAD","NORTHWOOD HILLS","MIDDLESEX","","","HA6 1ND","19740401","20120930","C","B","5AT","20000401","20120930","019238 20770","","","","0","","","","0",""
"E86623","NO NAME HELD","Y10","QA2","10 CORNWALL ROAD","RUISLIP","MIDDLESEX","","","HA4 6AL","19740401","19931231","C","Z","","","","","","","","0","","","","0",""
"E86633","DR AYE NAING'S PRACTICE","Y53","Q36","234 COLDHARBOUR LANE","HAYES","MIDDLESEX","","","UB3 3HH","19911001","20120930","C","B","5AT","20000401","20120930","020 85739101","","","","0","","","","0",""
"E86634","NO NAME HELD","Y10","QA2","121 ROYAL LANE","HILLINGDON","MIDDLESEX","","","UB8 3QS","19920401","19950331","C","Z","","","","0895 233335","","","","0","","","","0",""
"E86636","DR H DAILY-JONES' PRACTICE","Y53","Q36","THE TIMBERS SURGERY","ST LAURENCE CHURCH HALL","SHEPHERDS CLOSE","COWLEY,   UXBRIDGE","","UB8 2EZ","19960124","20120930","C","B","5AT","20000401","20120930","01895 234585","","","","0","","","","0",""
"E86638","THE PRACTICE DUNEDIN WAY","Y53","Q36","346 YEADING LANE","HAYES","MIDDLESEX","","","UB4 9AY","19961001","20120930","C","B","5AT","20000401","20120930","020 81040791","","","","0","","","","0",""
"E86639","DR M AKIN-TAYLOR'S PRACTICE","Y53","Q36","BROOKSIDE MEDICAL CENTRE","BROOKSIDE ROAD","HAYES","MIDDLESEX","","UB4 0PG","20000601","20120930","C","B","5AT","20000601","20120930","020 88484262","","","","0","","","","0",""
"E87032","NO NAME HELD","Y10","QA3","14 HORNTON STREET","HIGH STREET","KENSINGTON","","","W8 4NR","19740401","19980331","C","Z","","","","0171 9379520","","","","0","","","","0",""
"E87039","NO NAME HELD","Y10","QA3","THE SURGERY","UNIT 5","1-31 ELKSTONE ROAD","LONDON","","W10 5AX","19740401","19940529","C","Z","","","","081 9605620","","","","0","","","","0",""
"E87041","THE COURTFIELD MEDICAL CENTRE","Y53","Q36","THE COURTFIELD MED. CTR.","73 COURTFIELD GARDENS","LONDON","","","SW5 0NL","19740401","20120930","C","B","5LA","20020401","20120930","020 73702453","","","","0","","","","4",""
"E87049","DR J CAVANAGH'S PRACTICE","Y53","Q36","4 DRAYTON GARDENS","","LONDON","","","SW10 9SA","19740401","20120930","C","B","5LA","20020401","20120930","020 73733356","","","","0","","","","0",""
"E87059","DR H GHADIMI'S PRACTICE","Y53","Q36","45 ROSARY GARDENS","LONDON","","","","SW7 4NQ","19740401","20120930","C","B","5LA","20020401","20120930","020 73736557","","","","0","","","","0",""
"E87062","THE MAYFAIR MEDICAL CENTRE","Y53","Q36","3-5 WEIGHHOUSE STREET","LONDON","","","","W1K 5LS","19740401","20120930","C","B","5LC","20020401","20120930","020 76364311","","","","0","","","","0",""
"E87068","THE SURGERY","Y53","Q36","BARLBY ROAD SURGERY","81 BARLBY ROAD","LONDON","","","W10 6AZ","19880401","20120930","C","B","5LA","20020401","20120930","020 89602972","","","","0","","","","0",""
"E87604","NO NAME HELD","Y10","QA3","38 ROLAND WAY","","LONDON","","","SW7 3RE","19740401","19910401","C","Z","","","","","","","","0","","","","0",""
"E87607","NO NAME HELD","Y10","QA3","55 WIMPOLE STREET","","LONDON","","","W1M 7DF","19740401","19941221","C","Z","","","","071 4864646","","","","0","","","","0",""
"E87608","NO NAME HELD","Y10","QA3","1 GREAT WESTERN ROAD","","LONDON","","","W9 3NW","19740401","19941016","C","Z","","","","071 2869697","","","","0","","","","0",""
"E87610","NO NAME HELD","Y10","QA3","12 THURLOE STREET","","LONDON","","","SW7 2ST","19740401","19910822","C","Z","","","","","","","","0","","","","0",""
"E87624","NO NAME HELD","Y10","QA3","17 CADOGAN PLACE","","LONDON","","","SW1","19740401","19910401","C","Z","","","","","","","","0","","","","0",""
"E87627","NO NAME HELD","Y10","QA3","4 PORCHESTER TERRACE","","LONDON","","","W2 3TL","19740401","19910401","C","Z","","","","","","","","0","","","","0",""
"E87629","NO NAME HELD","Y10","QA3","37 ST. LAWRENCE TERRACE","","LONDON","","","W10 5SR","19740401","19910531","C","Z","","","","","","","","0","","","","0",""
"E87634","NO NAME HELD","Y10","QA3","REGENTS PALACE HOTEL","PICCADILLY CIRCUS","LONDON","","","W1A 4BZ","19740401","19980228","C","Z","","","","","","","","0","","","","0",""
"E87638","NO NAME HELD","Y10","QA3","109 EBURY STREET","","LONDON","","","SW1W 9QU","19740401","19950418","C","Z","","","","071 7304805","","","","0","","","","0",""
"E87639","NO NAME HELD","Y10","QA3","5 NEVILLE COURT","GROVE END ROAD","LONDON","","","NW8 9DD","19740401","19910401","C","Z","","","","","","","","0","","","","0",""
"E87644","NO NAME HELD","Y10","QA3","14 FERNSHAW ROAD","","LONDON","","","SW10 0TF","19740401","19960630","C","Z","","","","0171 3521755","","","","0","","","","0",""
"E87646","NO NAME HELD","Y10","QA3","40 HARLEY STREET","","LONDON","","","W1N 1AB","19740401","19910401","C","Z","","","","","","","","0","","","","0",""
"E87647","NO NAME HELD","Y10","QA3","75 GLOUCESTER PLACE","","LONDON","","","W1H 3PF","19740401","19960331","C","Z","","","","0171 9354153","","","","0","","","","0",""
"E87650","NO NAME HELD","Y10","QA3","14 LADBROKE WALK","","LONDON","","","W11 3PW","19740401","19910401","C","Z","","","","","","","","0","","","","0",""
"E87651","NO NAME HELD","Y10","QA3","LISSON GROVE HEALTH CTR.","GATEFORTH STREET","LONDON","","","NW8 8EH","19740401","19920930","C","Z","","","","071 7230231","","","","0","","","","0",""
"E87655","NO NAME HELD","Y10","QA3","783 CHELSEA CLOISTERS","","LONDON","","","SW3","19740401","19910401","C","Z","","","","","","","","0","","","","0",""
"E87657","NO NAME HELD","Y10","QA3","1 SUSSEX GARDENS","","LONDON","","","W2 2SE","19740401","19920410","C","Z","","","","","","","","0","","","","0",""
"E87658","LOCUM FOR DR J COWEN","Y53","Q36","THE BELGRAVIA SURGERY","24-26 ECCLESTON STREET","BELGRAVIA","LONDON","","SW1W 9PY","19740401","20120930","C","B","5LA","20020401","20120930","020 75908000","","","","0","","","","0",""
"E87660","NO NAME HELD","Y10","QA3","THE SURGERY","LOWER WAITING HALL","PALACE OF WESTMINSTER","","","SW1","19740401","19910401","C","Z","","","","","","","","0","","","","0",""
"E87664","NO NAME HELD","Y10","QA3","WORLDS END HEALTH CENTRE","529 KINGS ROAD","LONDON","","","SW10 0UD","19740401","19920922","C","Z","","","","071 3528839","","","","0","","","","0",""
"E87666","NO NAME HELD","Y10","QA3","ROYAL GARDEN HOTEL","2-24 KENSINGTON HIGH ST.","LONDON","","","W8 4PT","19740401","19960401","C","Z","","","","","","","","0","","","","0",""
"E87667","NO NAME HELD","Y10","QA3","75 PORCHESTER TERRACE","","LONDON","","","W2 3TT","19740401","19910401","C","Z","","","","","","","","0","","","","0",""
"E87668","LATIMER SURGERY","Y53","Q36","LATIMER SURGERY","EXMOOR STREET","LONDON","","","W10 6DZ","19740401","20120930","C","B","5LA","20020401","20120930","020 89625155","","","","0","","","","0",""
"E87669","NO NAME HELD","Y10","QA3","43 GLOUCESTER PLACE","PORTMAN SQUARE","LONDON","","","W1H 3PD","19740401","19960216","C","Z","","","","0171 9354797","","","","0","","","","0",""
"E87671","THE ATKINSON PRACTICE","Y53","Q36","22 WOODS MEWS","PARK LANE","LONDON","","","W1K 7DS","19740401","20120930","C","B","5LC","20020401","20120930","020 74991338","","","","0","","","","0",""
"E87672","NO NAME HELD","Y10","QA3","SALVATION ARMY","             MENS HOSTEL","1 ST. ANNS STREET","LONDON","","SW1P 2DE","19740401","19930630","C","Z","","","","071 2221546","","","","0","","","","0",""
"E87676","NO NAME HELD","Y10","QA3","2 LAVINGTON","24 GRENVILLE PLACE","LONDON","","","NW6 5JU","19740401","19940131","C","Z","","","","071 3285757","","","","0","","","","0",""
"E87678","DAWCLIFFE HALL","Y53","Q36","DAWCLIFFE HALL","2 CHELSEA EMBANKMENT","LONDON","","","SW3 4LG","19740401","20120930","C","B","5LA","20020401","20120930","020 73521545","","","","0","","","","0",""
"E87679","NO NAME HELD","Y10","QA3","42 DRAYTON GARDENS","","LONDON","","","SW10 9SA","19740401","19980331","C","Z","","","","0171 3732254","","","","0","","","","0",""
"E87680","NO NAME HELD","Y10","QA3","9 GLOUCESTER WALK","","LONDON","","","W8 4HZ","19740401","19930701","C","Z","","","","071 9379290","","","","0","","","","0",""
"E87683","NO NAME HELD","Y10","QA3","25 KENSINGTON GATE","","LONDON","","","W8","19740401","19910401","C","Z","","","","","","","","0","","","","0",""
"E87684","JAH MUIR BELGRAVIA SURGERY","Y53","Q36","THE BELGRAVIA SURGERY","24-26 ECCLESTON STREET","BELGRAVIA","LONDON","","SW1W 9PY","19740401","20120930","C","B","5LC","20020401","20120930","020 75908000","","","","0","","","","0",""
"E87688","NO NAME HELD","Y10","QA3","23 PADDINGTON STREET","","LONDON","","","W1M 3RF","19740401","19990319","C","Z","","","","0171 9359794","","","","0","","","","0",""
"E87689","NO NAME HELD","Y10","QA3","65 MARLOES ROAD","","LONDON","","","W8 6LE","19740401","19930601","C","Z","","","","071 9376160","","","","0","","","","0",""
"E87692","EMPEROR'S GATE CENTRE FOR HEALTH","Y53","Q36","THE SURGERY, 1ST.FLOOR","EMPEROR'S GATE CENTRE FOR","HEALTH","49 EMPEROR'S GATE","","SW7 4HJ","19740401","20120930","C","B","5LA","20020401","20120930","020 72446265","","","","0","","","","0",""
"E87693","HIRSH RANDOLPH SURGERY","Y53","Q36","THE RANDOLPH SURGERY","235A ELGIN AVENUE","LONDON","","","W9 1NH","19740401","20120930","C","B","5LC","20020401","20120930","","","","","0","","","","0",""
"E87697","BASEMENT FLAT GLOUCESTER TCE","Y53","Q36","BASEMENT FLAT","160 GLOUCESTER TERRACE","LONDON","","","W2 6HR","19740401","20120930","C","B","5LC","20020401","20120930","020 77062504","","","","0","","","","0",""
"E87698","THE SURGERY","Y53","Q36","29 THURLOE STREET","","LONDON","","","SW7 2LQ","19740401","20120930","C","B","5LA","20020401","20120930","020 75846771","","","","0","","","","0",""
"E87708","LOCUM FOR DR A VINCENT","Y53","Q36","11 SLOANE COURT WEST","","LONDON","","","SW3 4TD","19740401","20120930","C","B","5LA","20020401","20120930","020 77301142","","","","0","","","","0",""
"E87709","NO NAME HELD","Y10","Q36","61 ROYAL HOSPITAL ROAD","","LONDON","","","SW3 4HS","19740401","19980331","C","B","","20021001","20021001","0171 3522322","","","","0","","","","0",""
"E87712","NO NAME HELD","Y10","QA3","33 WEYMOUTH STREET","","LONDON","","","W1N 3FL","19740401","19941221","C","Z","","","","0171 5804693","","","","0","","","","0",""
"E87724","NO NAME HELD","Y10","QA3","LONDON LIGHTHOUSE HOSPICE","111-117 LANCASTER ROAD","LONDON","","","W11 1QT","19881101","19990131","C","Z","","","","0171 7921200","","","","0","","","","0",""
"E87725","ROYAL HPL OF ST JOHNS & ST ELIZABETH","Y53","Q36","HOSPITAL OF ST.JOHN & ST.","ELIZABETH","60 GROVE END ROAD","LONDON","","NW8 9NH","19881111","20120930","C","B","5LC","20020401","20120930","020 72865126","","","","0","","","","0",""
"E87729","NO NAME HELD","Y10","QA3","94 BEDFORD COURT MANSIONS","","LONDON","","","WC1B 3AE","19881019","19910401","C","Z","","","","","","","","0","","","","0",""
"E87731","THE PORTLAND ROAD PRACTICE","Y53","Q36","THE PORTLAND ROAD PRACT","16 PORTLAND ROAD","LONDON","","","W11 4LA","19881107","20120930","C","B","5LA","20020401","20120930","020 77277711","","","","0","","","","0",""
"E87734","CHIPPENHAM GARDENS SURGERY","Y53","Q36","THE SURGERY","CHIPPENHAM GARDENS","4 MALVERN ROAD","LONDON","","NW6 5PP","19900401","20120930","C","B","5LC","20020401","20120930","020 73283836","","","","0","","","","0",""
"E87743","WIMPOLE STREET SURGERY","Y53","Q36","55 WIMPOLE STREET","LONDON","","","","W1M 7DF","19920201","20120930","C","B","5LC","20020401","20120930","020 79359795","","","","0","","","","0",""
"E87744","NO NAME HELD","Y10","QA3","THE GRIFFIN PROJECT","6 PENYWERN ROAD","LONDON","","","SW5 9ST","19920318","19940430","C","Z","","","","","","","","0","","","","0",""
"E87747","NO NAME HELD","Y10","QA3","COVENT GARDEN HEALTH CTR","8-12 NEAL STREET","LONDON","","","WC2H 9LZ","19921122","19940701","C","Z","","","","071 2406300","","","","0","","","","0",""
"E87748","NO NAME HELD","Y10","QA3","COVENT GARDEN HEALTH CTR","8-12 NEAL STREET","LONDON","","","WC2H 9LZ","19921120","19960531","C","Z","","","","0171 2406300","","","","0","","","","0",""
"E87752","NO NAME HELD","Y10","QA3","81 WESTBOURNE GROVE","","LONDON","","","W2 4UL","19930501","19950630","C","Z","","","","","","","","0","","","","0",""
"E87757","THE GRIFFIN PROJECT","Y53","Q36","CONTINUING CARE UNIT","BARRY RICHARDS HOUSE","6 PENYWERN ROAD","LONDON","","SW5 9ST","19940711","20120930","C","B","5LA","20020401","20120930","020 73739826","","","","0","","","","0",""
"E87758","LUPUS STREET SURGERY","Y53","Q36","141-143 LUPUS STREET","LONDON","","","","SW1V 3HQ","19950401","20120930","C","B","5LC","20020401","20120930","020 78289252","","","","0","","","","0",""
"E87760","NO NAME HELD","Y10","QA3","ST.QUINTIN HEALTH CENTRE","ST.QUINTIN AVENUE","LONDON","","","W10 6NX","19960101","19960303","C","Z","","","","0181 9681802","","","","0","","","","0",""
"E87761","PADDINGTON SURGERY","Y53","Q36","PADDINGTON SURGERY","11 PRAED STREET","LONDON","","","W2 1NJ","19961119","20120930","C","B","5LC","20020401","20120930","020 72624123","","","","0","","","","0",""
"E87763","NO NAME HELD","Y10","QA3","THE REDCLIFFE SURGERY","10 REDCLIFFE STREET","LONDON","","","SW10 9DT","19970804","19980331","C","Z","","","","0171 4602222","","","","0","","","","0",""
"E87764","HANWAY PLACE SURGERY","Y53","Q36","THE SURGERY","2 HANWAY PLACE","LONDON","","","W1P 9DF","19980401","20120930","C","B","5LC","20020401","20120930","020 73230760","","","","0","","","","0",""
"E87767","DR KL ARORA'S PRACTICE","Y53","Q36","SHORTS GARDENS MED CTRE","47 SHORTS GARDENS","LONDON","","","WC2H 9AA","20000401","20120930","C","B","5LC","20020401","20120930","020 72400999","","","","0","","","","0",""
"E87769","RIVERSIDE CHT HOMELESS","Y53","Q36","PARSONS GREEN CENTRE","5-7 PARSONS GREEN","","","","SW6 4UL","20020401","20130331","C","B","5H1","20020401","20130331","020 88467835","","","","1","","","","0",""
"E87770","PARKSIDE HOMELESS TEAM","Y53","Q36","ST CHARLES HOSPITAL","EXMOOR STREET","","","","W10 6DZ","20020401","20130331","C","B","5LA","20020401","20130331","020 89624384","","","","1","","","","0",""
"E87771","DERMATOLOGY SURGERY","Y53","Q36","GP SPECIALIST DERMATOLOGY","WESTMINSTER PCG, SOHO CTR","FOR HEALTH&CARE, 1ST FLR","1 FRITH STREET, LONDON","","W1D 3HZ","20011201","20120930","C","B","5LC","20020401","20120930","020 75346575","","","","0","","","","0",""
"E87773","ST MARTIN IN THE FIELDS SURGERY","Y53","Q36","THE SURGERY","ST MARTIN IN THE FIELDS","SOCIAL CARE UNIT","6 ST MARTIN'S PL, LONDON","","WC2N 4JJ","20021001","20120930","C","B","5LC","20021001","20120930","020 77665544","","","","0","","","","0",""
"F81002","FARM HILL ROAD","Y51","Q35","THE SURGERY","61 FARM HILL ROAD","WALTHAM ABBEY","ESSEX","","EN9 1NG","19740401","20120930","C","B","5PV","20061001","20120930","01992 713891","","","","0","","","","0",""
"F81039","PMS DIPPLE MEDICAL CENTRE","Y51","Q35","DIPPLE MED CTR, WEST WING","WICKFORD AVENUE, PITSEA","BASILDON","ESSEX","","SS13 3HQ","19740401","20120930","C","B","5PY","20061001","20120930","01268 553622","","","","0","","","","0",""
"F81058","DR RJ BELL'S PRACTICE","Y51","Q35","WEST WING","DIPPLE MEDICAL CENTRE","WICKFORD AVENUE,PITSEA","BASILDON, ESSEX","","SS13 3HQ","19740401","20120930","C","B","5PY","20061001","20120930","0844 5769136","","","","0","","","","0",""
"F81059","NO NAME HELD","Y09","QAX","THE CHAPEL SURGERY","CHURCH STREET","COGGESHALL","ESSEX","","CO6 1TX","19740401","19931231","C","Z","","","","0376 563377","","","","0","","","","0",""
"F81064","ADDISON HOUSE - KHIMJI PRACTICE","Y51","Q35","ADDISON HOUSE HEALTH CTR.","HAMSTEL ROAD","HARLOW","ESSEX","","CM20 1DS","19740401","20120930","C","B","5PV","20061001","20120930","01279 692780","","","","0","","","","0",""
"F81107","HAYTER NP","Y51","Q35","1809 LONDON ROAD","LEIGH-ON-SEA","ESSEX","","","SS9 2ST","19740401","20120930","C","B","5P1","20061001","20120930","01702 559415","","","","0","","","","0",""
"F81143","LOCUM-ONGAR","Y51","Q35","THE ONGAR SURGERY","HIGH STREET","ONGAR","ESSEX","","CM5 9AA","19740401","20120930","C","B","5PV","20061001","20120930","01277 364277","","","","0","","","","0",""
"F81145","NO NAME HELD","Y09","QAX","1 TRAPS HILL","LOUGHTON","ESSEX","","","IG10 1SZ","19740401","19920401","C","Z","","","","","","","","0","","","","0",""
"F81146","NO NAME HELD","Y09","QAY","2 LOVELACE GARDENS","SOUTHEND-ON-SEA","ESSEX","","","SS2 4NU","19740401","19920630","C","Z","","","","","","","","0","","","","0",""
"F81154","GROVE LODGE","Y51","Q35","GROVE LODGE","72 QUEENSWAY","HOLLAND-ON-SEA","ESSEX","","CO15 5LW","19740401","20120930","C","B","5PW","20061001","20120930","01255 815550","","","","0","","","","0",""
"F81161","NO NAME HELD","Y09","QAX","SYDENHAM HOUSE","MONSWICK ROAD, LONG LEY","HARLOW","ESSEX","","CM20 3NT","19740401","19971231","C","Z","","","","01279 422525","","","","0","","","","0",""
"F81171","DR S ZAIDI'S PRACTICE","Y51","Q35","EASTWOOD SURGERY","348 RAYLEIGH ROAD","EASTWOOD, LEIGH-ON-SEA","ESSEX","","SS9 5PU","19740401","20120930","C","B","5P1","20061001","20120930","01702 525289","","","","0","","","","0",""
"F81178","DR KG PATEL'S PRACTICE","Y51","Q35","THE SURGERY","28 CHAMPIONS WAY","SOUTH WOODHAM FERRERS","CHELMSFORD, ESSEX","","CM3 5NJ","19740401","20120930","C","B","5PX","20061001","20120930","01245 320466","","","","0","","","","0",""
"F81182","ELIZABETH COURTAULD SURGERY","Y51","Q35","ELIZABETH COURTAULD SURG","FACTORY LANE WEST","HALSTEAD","ESSEX","","CO9 1EX","19740401","20120930","C","B","5PX","20061001","20120930","01787 475944","","","","0","","","","0",""
"F81199","LOCUM FOR DR KL CHATTERJEE","Y51","Q35","BILLERICAY HEALTH CENTRE","STOCK ROAD","BILLERICAY","ESSEX","","CM12 0BJ","19850901","20120930","C","B","","20021001","20120930","01277 658071","","","","0","","","","0",""
"F81204","TRIANGLE MEDICAL CENTRE","Y51","Q35","TRIANGLE MEDICAL CENTRE","148 ROCHFORD WAY","FRINTON ON SEA","ESSEX","","CO13 0AZ","19740401","20120930","C","B","5PW","20061001","20120930","01255 851663","","","","0","","","","0",""
"F81208","EDWARD HOUSE","Y51","Q35","EDWARD HOUSE","252 BROOMFIELD ROAD","CHELMSFORD","ESSEX","","CM1 4DY","19870701","20120930","C","B","5PX","20061001","20120930","01245 355460","","","","0","","","","0",""
"F81217","NO NAME HELD","Y09","QAX","20 BOADECIA WAY","COLCHESTER","ESSEX","","","CO3 3AG","19910801","19951031","C","Z","","","","01206766682","","","","0","","","","0",""
"F81220","THE SURGERY","Y51","Q35","31 PRESTON ROAD","WESTCLIFF-ON-SEA","ESSEX","","","SS0 7ND","19961116","20120930","C","B","5P1","20061001","20120930","01702 343140","","","","0","","","","0",""
"F81600","NO NAME HELD","Y09","QAY","MIRAMAR","1A TRINITY AVENUE","WESTCLIFF-ON-SEA","ESSEX","","SS0 7PU","19740401","19910630","C","Z","","","","","","","","0","","","","0",""
"F81602","NO NAME HELD","Y09","QAY","62 SUTTON ROAD","SOUTHEND-ON-SEA","ESSEX","","","SS2 5EW","19740401","19951022","C","Z","","","","01702 467832","","","","0","","","","0",""
"F81604","NO NAME HELD","Y09","QAX","1 BRAEMAR AVENUE","CHELMSFORD","ESSEX","","","CM2 9PN","19740401","19930331","C","Z","","","","0245 353029","","","","0","","","","0",""
"F81605","NO NAME HELD","Y09","QAY","THE HEALTH CENTRE","DARENTH LANE","SOUTH OCKENDON","ESSEX","","RM15 5LP","19740401","19930627","C","Z","","","","","","","","0","","","","0",""
"F81607","NO NAME HELD","Y09","QAX","73 PYRLES LANE","LOUGHTON","ESSEX","","","IG10 2NL","19740401","19910930","C","Z","","","","","","","","0","","","","0",""
"F81609","NO NAME HELD","Y09","QAX","SICK BAY","ST.MARGARET'S HOSPITAL","EPPING","ESSEX","","CM16 6TN","19740401","19931122","C","Z","","","","0279 444455","","","","0","","","","0",""
"F81610","NO NAME HELD","Y09","QAY","THE HEALTH CENTRE","LONDON ROAD","TILBURY","ESSEX","","RM18 8EB","19740401","19910519","C","Z","","","","","","","","0","","","","0",""
"F81614","NO NAME HELD","Y09","QAY","PARKSTONE HOUSE","108 THE BROADWAY","THORPE BAY","ESSEX","","SS1 3HH","19740401","19951001","C","Z","","","","01702 588458","","","","0","","","","0",""
"F81616","NO NAME HELD","Y09","QAY","GRAYS HEALTH CENTRE","BROOKE ROAD","GRAYS","ESSEX","","RM17 5BY","19740401","19920630","C","Z","","","","","","","","0","","","","0",""
"F81621","DR AB SARKER'S PRACTICE","Y51","Q35","THE SURGERY","70 LODGE LANE","GRAYS","ESSEX","","RM16 2YH","19740401","20120930","C","B","","20021001","20120930","01375 372432","","","","0","","","","0",""
"F81624","RECTORY LANE CLINIC","Y51","Q35","RECTORY LANE HEALTH CTR.","RECTORY LANE","LOUGHTON","ESSEX","","IG10 3RU","19740401","20120930","C","B","5PV","20061001","20120930","020 82724650","","","","0","","","","0",""
"F81625","NO NAME HELD","Y09","QAY","WICKFORD HEALTH CENTRE","2 MARKET ROAD","WICKFORD","ESSEX","","SS12 0AG","19740401","19980428","C","Z","","","","01268 766222","","","","0","","","","0",""
"F81626","NO NAME HELD","Y09","QAX","MISTLEY HEALTH CLINIC","MISTLEY","ESSEX","","","CO11 1ER","19740401","19940731","C","Z","","","","","","","","0","","","","0",""
"F81627","NO NAME HELD","Y09","QAX","THE SURGERY","281 BUCKHURST WAY","BUCKHURST HILL","ESSEX","","IG9 6JE","19740401","19970331","C","Z","","","","0181 5043881","","","","0","","","","0",""
"F81628","CAMPFIELD RD-THE HEALTH CENTRE","Y51","Q35","THE HEALTH CENTRE","CAMPFIELD ROAD","SHOEBURYNESS","ESSEX","","SS3 9BX","19740401","20120930","C","B","5P1","20061001","20120930","01702 295298","","","","0","","","","0",""
"F81629","NO NAME HELD","Y09","QAY","RAPHAEL HOUSE","OLD SHIP LANE","ROCHFORD","ESSEX","","SS4 1DD","19740401","19910630","C","Z","","","","","","","","0","","","","0",""
"F81630","ALRESFORD SURGERY","Y51","Q35","1 COACH ROAD","ALRESFORD","","","","CO7 8EA","19860216","20120930","C","B","5PW","20061001","20120930","01206 305577","","","","0","","","","0",""
"F81631","THE RIVERSIDE HEALTH CTR","Y51","Q35","THE RIVERSIDE HEALTH CTR","STATION ROAD","MANNINGTREE","ESSEX","","CO11 1AA","19740401","20120930","C","B","5PW","20061001","20120930","01206 397070","","","","0","","","","0",""
"F81637","NO NAME HELD","Y09","QAX","10 MANOR ROAD","WALTHAM ABBEY","ESSEX","","","EN9 1NF","19740401","19920901","C","Z","","","","","","","","0","","","","0",""
"F81642","LOCUM FOR DR.AHMED","Y51","Q35","THE HEALTH CENTRE","DARENTH LANE","SOUTH OCKENDON","ESSEX","","RM15 5LP","19740401","20120930","C","B","5PY","20061001","20120930","01708 853113","","","","0","","","","0",""
"F81646","NO NAME HELD","Y09","QAX","1 IRETON ROAD","COLCHESTER","ESSEX","","","CO3 3AT","19740401","19911231","C","Z","","","","","","","","0","","","","0",""
"F81647","DR BN PATEL'S PRACTICE","Y51","Q35","7 THE SORRELLS","STANFORD-LE-HOPE","ESSEX","","","SS17 7DZ","19740401","20120930","C","B","5PY","20061001","20120930","01375 671344","","","","0","","","","0",""
"F81653","DR HH SHAH","Y51","Q35","6A ROCHFORD ROAD","","SOUTHEND-ON-SEA","ESSEX","","SS2 6SP","19870101","20120930","C","B","5P1","20061001","20120930","01702 346615","","","","0","","","","0",""
"F81658","DR AHMED WITHAM HEALTH CENTRE","Y51","Q35","WITHAM HEALTH CENTRE","4 MAYLAND ROAD","WITHAM","ESSEX","","CM8 2UX","19740401","20120930","C","B","5PX","20061001","20120930","01376 302746","","","","0","","","","4",""
"F81660","WICKFORD HEALTH CENTRE PRACTICE","Y51","Q35","WICKFORD HEALTH CTR PRACT","2 MARKET ROAD","WICKFORD","ESSEX","","SS12 0AG","19740401","20120930","C","B","5PY","20061001","20120930","01268 766222","","","","0","","","","0",""
"F81662","NO NAME HELD","Y09","QAY","THE SURGERY","20 NELSON ROAD","LEIGH-ON-SEA","ESSEX","","SS9 3HU","19740401","19910630","C","Z","","","","","","","","0","","","","0",""
"F81668","DR RK SINGH'S PRACTICE","Y51","Q35","GISELLE","MAYPOLE ROAD","TIPTREE","ESSEX","","CO5 0EN","19740401","20120930","C","B","5PW","20061001","20120930","01621 816119","","","","0","","","","0",""
"F81671","DR JAYAPRAKASAM","Y51","Q35","404 WESTBOROUGH ROAD","WESTCLIFF-ON-SEA","ESSEX","","","SS0 9TH","19740401","20120930","C","B","5P1","20061001","20120930","01702 344671","","","","0","","","","0",""
"F81673","NO NAME HELD","Y09","Q35","ADDISON HOUSE","FOURTH AVENUE","HARLOW","ESSEX","","CM20 1DS","19861013","19961212","C","B","","20021001","20021001","01279 435888","","","","0","","","","0",""
"F81682","SUN STREET SURGERY","Y51","Q35","34 SUN STREET","WALTHAM ABBEY","ESSEX","","","EN9 1EJ","19870224","20120930","C","B","5PV","20061001","20120930","01992 718711","","","","0","","","","0",""
"F81686","DR ALAWI","Y51","Q35","THE ELM SURGERY","84 ELM ROAD","LEIGH-ON-SEA","ESSEX","","SS9 1SJ","19740401","20130331","C","B","5P1","20061001","20130331","01702 711559","","","","0","","","","0",""
"F81692","HOPPIT SURGERY","Y51","Q35","THE HOPPIT","BUTTS LANE","DANBURY","ESSEX","","CM3 4NP","19860701","20120930","C","B","5PX","20061001","20120930","01245 222518","","","","0","","","","0",""
"F81702","NO NAME HELD","Y09","QAX","CHELMSFORD HOSP. SERVICE","FARLEIGH","212 NEW LONDON ROAD","CHELMSFORD, ESSEX","","CM2 9AE","19880121","19970930","C","Z","","","","01245 358130","","","","0","","","","0",""
"F81705","DR PJC KERRIGAN'S PRACTICE","Y51","Q35","LAINDON HEALTH CENTRE","HIGH ROAD","LAINDON, BASILDON","ESSEX","","SS15 5TR","19880701","20120930","C","B","5PY","20061001","20120930","01268 546411","","","","0","","","","0",""
"F81709","LOWER STREET SURGERY","Y51","Q35","46 LOWER STREET","NOAK BRIDGE","BASILDON","","","SS15 4BB","19890601","20120930","C","B","5PY","20061001","20120930","01268 273436","","","","0","","","","0",""
"F81714","NO NAME HELD","Y09","QAX","241 SPRINGFIELD ROAD","CHELMSFORD","ESSEX","","","CM2 2SW","19891202","19920331","C","Z","","","","","","","","0","","","","0",""
"F81726","NO NAME HELD","Y09","QAY","ST. LUKES HOSPICE","FOBBING FARM","NETHERMAYNE","BASILDON","","SS16 5NJ","19910513","19960930","C","Z","","","","","","","","0","","","","0",""
"F81727","OLD HAWTHORN","Y51","Q35","THE HAWTHORN SURGERY","ST.EDMUNDS CENTRE","TAMARISK WAY","COLCHESTER, ESSEX","","CO4 3GW","19911001","20120930","C","B","5PW","20061001","20120930","01206 871157","","","","0","","","","0",""
"F81731","NO NAME HELD","Y09","QAY","BILLERICAY HEALTH CENTRE","STOCK ROAD","BILLERICAY","ESSEX","","CM12 0BJ","19930201","19950228","C","Z","","","","","","","","0","","","","0",""
"F81735","NO NAME HELD","Y09","QAY","CHURCHILL WARD","ST.ANDREWS HOSPITAL","BILLERICAY","ESSEX","","CM12 0BH","19951001","19960726","C","Z","","","","01277634707","","","","0","","","","0",""
"F81745","DR TBN SHEIKH'S PRACTICE","Y51","Q35","C/O NORTH ESSEX H.A.","TURNER ROAD","COLCHESTER","ESSEX","","CO4 5JR","19990501","20120930","C","B","5PW","20061001","20120930","01206 851257","","","","0","","","","0",""
"F81747","THE FAIRWAY MEDICAL CENTRE","Y51","Q35","7 THE FAIRWAY","LEIGH-ON-SEA","ESSEX","","","SS9 4QN","20000401","20120930","C","B","5P1","20061001","20120930","0844 4778938","","","","0","","","","0",""
"F81748","ONE STOP SHOP","Y51","Q35","OCCASIO HOUSE","PLAY HOUSE SQUARE","HARLOW","ESSEX","","CM20 1AP","20000731","20130331","C","B","5PV","20061001","20130331","01279 625735","","","","0","","","","0",""
"F81750","ILETT SJ","Y51","Q35","C/O NORTH ESSEX HTH AUTH.","8 COLLINGWOOD ROAD","WITHAM","ESSEX","","CM8 2TT","20001001","20120930","C","B","5PX","20061001","20120930","01376 302239","","","","0","","","","0",""
"F81752","HA LOCUM HOLLAND","Y51","Q35","THE FRINTON ROAD MED CTR","68 FRINTON ROAD","HOLLAND-ON-SEA","ESSEX","","CO15 5UW","20010508","20120930","C","B","5PW","20061001","20120930","01255 421778","","","","0","","","","0",""
"F81753","TRAVELLING FAMILIES","Y51","Q35","WARWICK HOUSE","MARKET PLACE","BRAINTREE","ESSEX","","CM7 3HQ","20010801","20120930","C","B","5PX","20061001","20120930","01376 333528","","","","0","","","","0",""
"F81759","THE CLUNY SQUARE SURGERY","Y51","Q35","19 CLUNY SQUARE","","SOUTHEND-ON-SEA","ESSEX","","SS2 4AF","20021001","20120930","C","B","5P1","20061001","20120930","01702 611505","","","","0","","","","0",""
"F81760","WALK-IN CENTRE/OOH SERVICE","Y51","Q35","SUITE B, GROUND FLOOR","THE OCTOGAN,MIDDLEBOROUGH","COLCHESTER","","","CO1 1TG","20021101","20120930","C","B","5PW","20061001","20120930","01206 744300","","","","0","","","","2",""
"F82029","NO NAME HELD","Y10","Q36","18 CHASE CROSS ROAD","ROMFORD","ESSEX","","","RM5 3PR","19740401","19940630","C","B","","20021001","20021001","","","","","0","","","","0",""
"F82032","NO NAME HELD","Y10","QAP","46 MOVERS LANE","BARKING","ESSEX","","","IG11 7UL","19740401","19920630","C","Z","","","","","","","","0","","","","0",""
"F82035","PRIMARY CLINICAL PARTNERSHIP LTD","Y53","Q36","GP SURGERY","OXLOW LANE CLINIC","DAGENHAM","ESSEX","","RM10 7YU","19740401","20120930","C","B","5C2","20010401","20120930","0844 5769262","","","","0","","","","0",""
"F82036","DR RS KALRA'S PRACTICE","Y53","Q36","THE SURGERY","61 NASEBY ROAD","DAGENHAM","","","RM10 7JR","19740401","20120930","C","B","5C2","20010401","20120930","020 85921841","","","","0","","","","0",""
"F82048","LOCUM FOR DR PAJWANI","Y53","Q36","THE SURGERY","300 RIPPLE ROAD","BARKING","ESSEX","","IG11 7RP","19740401","20120930","C","B","5C2","20010401","20120930","020 85942366","","","","0","","","","0",""
"F82054","DR S HORA'S PRACTICE","Y53","Q36","URSWICK MEDICAL CENTRE","URSWICK ROAD","DAGENHAM","ESSEX","","RM9 6EA","19740401","20120930","C","B","5C2","20010401","20120930","020 85925523","","","","0","","","","0",""
"F82615","NO NAME HELD","Y10","QAP","9 ALEXANDRA ROAD","RAINHAM","ESSEX","","","RM13 7AA","19740401","19970202","C","Z","","","","01708 553268","","","","0","","","","0",""
"F82617","NO NAME HELD","Y10","QAP","THE SURGERY","62 SOUTH END ROAD","RAINHAM","ESSEX","","RM13 7XJ","19740401","19950930","C","Z","","","","01708552510","","","","0","","","","0",""
"F82618","DR JAISWAL","Y53","Q36","38 EASEDALE DRIVE","ELM PARK","HORNCHURCH","ESSEX","","RM12 5HJ","19740401","20120930","C","B","5A4","20010401","20120930","01708 451585","","","","0","","","","4",""
"F82620","DR JK JAIN'S PRACTICE","Y53","Q36","156 SUTTONS AVENUE","HORNCHURCH","ESSEX","","","RM12 4LY","19740401","20120930","C","B","5A4","20010401","20120930","01708 443090","","","","0","","","","0",""
"F82622","LOCUM FOR DR N NYI","Y53","Q36","113 BELGRAVE AVENUE","GIDEA PARK","ROMFORD","ESSEX","","RM2 6PS","19740401","20120930","C","B","5A4","20010401","20120930","01708 740660","","","","0","","","","0",""
"F82626","LOCUM FOR DR KK ROY CLOSED","Y53","Q36","261 SOUTH STREET","ROMFORD","ESSEX","","","RM1 2BE","19740401","20120930","C","B","5A4","20010401","20120930","01708 769780","","","","0","","","","0",""
"F82631","LOCUM FOR DR PB KALAIYA","Y53","Q36","221 HIGH STREET","HORNCHURCH","ESSEX","","","RM11 3XT","19740401","20120930","C","B","5A4","20010401","20120930","01708 447747","","","","0","","","","0",""
"F82632","LOCUM FOR DR B AWAN","Y53","Q36","200A UPMINSTER ROAD SOUTH","RAINHAM","ESSEX","","","RM13 9BH","19851129","20120930","C","B","5A4","20010401","20120930","01708 552896","","","","0","","","","0",""
"F82633","NO NAME HELD","Y10","QAP","20 EASTFIELD ROAD","DAGENHAM","ESSEX","","","RM10 8PU","19740401","19960229","C","Z","","","","01815921000","","","","0","","","","0",""
"F82635","NO NAME HELD","Y10","QAP","27 BRENTWOOD ROAD","ROMFORD","ESSEX","","","RM1 2HA","19850201","19971001","C","Z","","","","01708 769966","","","","0","","","","0",""
"F82636","NO NAME HELD","Y10","QAP","69 OVAL ROAD NORTH","DAGENHAM","ESSEX","","","RM10 9ET","19740401","19980331","C","Z","","","","0181 5920606","","","","0","","","","0",""
"F82640","NO NAME HELD","Y10","QAP","87 STANLEY ROAD","HORNCHURCH","ESSEX","","","RM12 4JP","19740401","19960330","C","Z","","","","","","","","0","","","","0",""
"F82644","DR EE TONI'S PRACTICE","Y53","Q36","106 COWPER ROAD","RAINHAM","ESSEX","","","RM13 9TS","19870301","20120930","C","B","5A4","20010401","20120930","01708 550276","","","","0","","","","0",""
"F82645","DR F. ISLAM","Y53","Q36","50 GORESBROOK ROAD","DAGENHAM","ESSEX","","","RM9 6UR","19740401","20120930","C","B","5C2","20010401","20120930","020 85937141","","","","0","","","","0",""
"F82658","LOCUM FOR DR PK SUBBERWAL","Y53","Q36","30 DORIAN ROAD","HORNCHURCH","ESSEX","","","RM12 4AN","19880330","20120930","C","B","5A4","20010401","20120930","01708 470791","","","","0","","","","0",""
"F82664","DR NPS TEOTIA'S PRACTICE","Y53","Q36","MILL LANE SURGERY","135 MILL LANE","CHADWELL HEATH, ROMFORD","ESSEX","","RM6 6RS","19880504","20120930","C","B","","20021001","20120930","0181 5996835","","","","0","","","","0",""
"F82667","DR S SIVALINGAM'S PRACTICE","Y53","Q36","259 VALENCE WOOD ROAD","DAGENHAM","ESSEX","","","RM8 3AD","19881024","20120930","C","B","5C2","20010401","20120930","020 85179416","","","","0","","","","0",""
"F82669","NO NAME HELD","Y10","QAP","135 STRAIGHT ROAD","HAROLD HILL","ROMFORD","ESSEX","","RM3 7JJ","19881001","19980430","C","Z","","","","01708 372021","","","","0","","","","0",""
"F82672","NO NAME HELD","Y10","QAP","GENERAL MANAGER","117 SUTTONS LANE","HORNCHURCH","ESSEX","","RM12 6SD","19891101","19921206","C","Z","","","","","","","","0","","","","0",""
"F82673","LOCUM FOR DR G MITRA","Y53","Q36","36 DEWEY ROAD","DAGENHAM","ESSEX","","","RM10 8AR","19900108","20120930","C","B","5C2","20010401","20120930","020 85178551","","","","0","","","","0",""
"F82681","LOCUM FOR DR N NYI","Y53","Q36","ORCHARDS HEALTH & FAM CTR","GASCOIGNE ROAD","BARKING","ESSEX","","IG11 7RS","20000201","20120930","C","B","5C2","20010401","20120930","020 85941311","","","","0","","","","0",""
"F82682","REFUGEE PROGRAMME","Y53","Q36","FORD ROAD CLINIC","FORD ROAD","DAGENHAM","ESSEX","","RM10 9SS","20001001","20120930","C","B","5C2","20020401","20120930","020 85920925","","","","0","","","","0",""
"F82683","REFUGEE H/SUPP. TEAM","Y53","Q36","ABBEY MEDICAL CENTRE","2ND FLOOR, HARPOUR ROAD","BARKING","ESSEX","","IG11 8RJ","20010701","20120930","C","B","5C2","20010701","20120930","020 82767090","","","","0","","","","0",""
"F82684","LAKERISE RESIDENTIAL HOME","Y53","Q36","75 GREGORY ROAD","MARKS GATE","CHADWELL HEATH","ROMFORD","","RM6 5RU","20011001","20120930","C","B","5C2","20011001","20120930","020 82706750","","","","0","","","","0",""
"F82685","GRAY'S COURT SCHEME","Y53","Q36","GRAY'S COURT","JOHN PARKER CLOSE","HOLLIDGE ROAD","DAGENHAM","","RM10 9SR","20020101","20120930","C","B","5C2","20020101","20120930","020 82706483","","","","0","","","","0",""
"F82687","DR NS KUNWAR'S PRACTICE","Y53","Q36","CASTLEBERRY MEDICAL PRACT","178 BENNETTS CASTLE LANE","GOODMAYES, DAGENHAM","ESSEX","","RM8 3XP","20020501","20120930","C","B","5C2","20020501","20120930","0844 8151228","","","","0","","","","0",""
"F82688","PCC NON RES WINTER SCHEME","Y53","Q36","1ST FLOOR, PTS BLOCK","OLDCHURCH HOSPITAL","WATERLOO ROAD","ROMFORD","","RM7 0BE","20021224","20130331","C","B","5C2","20021224","20130331","01708 750245","","","","0","","","","0",""
"F83009","DR DESAI","Y53","Q36","80 HORNSEY ROAD","","LONDON","","","N7 7NN","19740401","20130331","C","B","5K8","20020401","20130331","020 76093488","","","","0","","","","4",""
"F83014","THE TOLLINGTON PARK PRACTICE","Y53","Q36","1 TOLLINGTON COURT","TOLLINGTON PARK","LONDON","","","N4 3QT","19740401","20120930","C","B","5K8","20020401","20120930","020 72722121","","","","0","","","","0",""
"F83016","THE ANDOVER PRACTICE(CHAUDHRI)","Y53","Q36","ANDOVER MEDICAL CENTRE","270-282 HORNSEY ROAD","LONDON","","","N7 7QZ","19740401","20120930","C","B","5K8","20020401","20120930","020 72814979","","","","0","","","","0",""
"F83024","DR CA CANTONS' PRACTICE","Y53","Q36","BELSIZE PRIORY HEALTH CTR","208 BELSIZE ROAD","KILBURN","LONDON","","NW6 4DJ","19740401","20120930","C","B","","20021001","20120930","020 76249466","","","","0","","","","0",""
"F83026","BELSIZE LANE PRACTICE","Y53","Q36","37 BELSIZE LANE","","LONDON","","","NW3 5AS","19740401","20120930","C","B","5K7","20020401","20120930","020 74352970","","","","0","","","","0",""
"F83028","NO NAME HELD","Y10","QAT","42 OFFORD ROAD","LONDON","","","","N1 1EB","19740401","19920726","C","Z","","","","","","","","0","","","","0",""
"F83029","NO NAME HELD","Y10","QAT","BATH STREET HEALTH CENTRE","60 BATH STREET","LONDON","","","EC1V 9JX","19740401","19990314","C","Z","","","","0171 2532806","","","","0","","","","0",""
"F83035","NO NAME HELD","Y10","QAT","FINSBURY HEALTH CENTRE","PINE STREET","LONDON","","","EC1R 0JH","19740401","19980117","C","Z","","","","0171 8333979","","","","0","","","","0",""
"F83036","260 FINCHLEY ROAD","Y53","Q36","260 FINCHLEY ROAD","HAMPSTEAD","LONDON","","","NW3 7AA","19740401","20120930","C","B","5K7","20020401","20120930","020 77944421","","","","0","","","","0",""
"F83037","FAIRFAX ROAD MEDICAL PRACTICE","Y53","Q36","25 FAIRFAX ROAD","","LONDON","","","NW6 4ET","19740401","20120930","C","B","5K7","20020401","20120930","020 73281300","","","","0","","","","0",""
"F83038","DR NANDI","Y53","Q36","MEDICINE HOUSE","143 SEVEN SISTERS ROAD","LONDON","","","N7 7QE","19740401","20120930","C","B","5K8","20020401","20120930","020 72722585","","","","0","","","","0",""
"F83046","CAMDEN ROAD SURGERY","Y53","Q36","142 CAMDEN ROAD","LONDON","","","","NW1 9HR","19740401","20120930","C","B","5K7","20020401","20120930","020 72840384","","","","0","","","","4",""
"F83054","CLIFF ROAD MEDICAL PRACTICE","Y53","Q36","10A CLIFF ROAD","","","LONDON","","NW1 9AN","19740401","20120930","C","B","5K7","20020401","20120930","020 74852276","","","","0","","","","0",""
"F83607","NO NAME HELD","Y10","QAT","249 HAVERSTOCK HILL","","LONDON","","","NW3 4PS","19740401","19910401","C","Z","","","","","","","","0","","","","0",""
"F83608","NO NAME HELD","Y10","QAT","206 CALEDONIAN ROAD","","LONDON","","","N1 0SG","19740401","19920410","C","Z","","","","","","","","0","","","","0",""
"F83612","NO NAME HELD","Y10","QAT","121 MALDEN ROAD","","LONDON","","","NW5 4HS","19740401","19931012","C","Z","","","","071 4851992","","","","0","","","","0",""
"F83613","NO NAME HELD","Y10","QAT","9 COSMO PLACE","QUEENS SQUARE","LONDON","","","WC1N 3AP","19740401","19910401","C","Z","","","","","","","","0","","","","0",""
"F83617","NO NAME HELD","Y10","QAT","HORNSEY RISE HEALTH CTR.","HORNSEY RISE","LONDON","","","N19 3YU","19740401","19921002","C","Z","","","","","","","","0","","","","0",""
"F83619","NO NAME HELD","Y10","QAT","31 FALKLAND ROAD","ISLINGTON","LONDON","","","NW5 2PU","19740401","19910401","C","Z","","","","","","","","0","","","","0",""
"F83621","NO NAME HELD","Y10","QAT","HIGHBURY GRANGE HLTH CTR","1-5 HIGHBURY GRANGE","LONDON","","","N5 2QB","19740401","19920429","C","Z","","","","","","","","0","","","","0",""
"F83622","NO NAME HELD","Y10","Q36","HIGHBURY GRANGE HLTH CTR","HIGHBURY GRANGE","LONDON","","","N5 2QB","19740401","20000131","C","B","","20021001","20021001","0171 2269926","","","","0","","","","0",""
"F83626","NO NAME HELD","Y10","Q36","1 LISMORE CIRCUS","","LONDON","","","NW5 4QF","19740401","19990731","C","B","","20021001","20021001","0171 4856374","","","","0","","","","0",""
"F83627","NO NAME HELD","Y10","QAT","RIVER PLACE HEALTH CTR","RIVER PLACE,ESSEX ROAD","ISLINGTON","LONDON","","N1 2TS","19740401","19960331","C","Z","","","","0171 3590324","","","","0","","","","0",""
"F83628","NO NAME HELD","Y10","QAT","98 EVERSHOLT STREET","","LONDON","","","NW1 1BP","19740401","19920331","C","Z","","","","","","","","0","","","","0",""
"F83629","NO NAME HELD","Y10","QAT","33A ELSWORTHY ROAD","","LONDON","","","NW3 3BT","19740401","19950106","C","Z","","","","071 7220746","","","","0","","","","0",""
"F83631","NO NAME HELD","Y10","Q36","CAMDEN SURGERY","71 MORNINGTON STREET","LONDON","","","NW1 7QE","19740401","19990605","C","B","","20021001","20021001","01713919130","","","","0","","","","0",""
"F83634","CROWNDALE ROAD MEDICAL PRACTICE","Y53","Q36","53 CROWNDALE ROAD","LONDON","","","","NW1 1TU","19740401","20130331","C","B","5K7","20020401","20130331","020 73877762","","","","0","","","","0",""
"F83636","DR PATEL","Y53","Q36","94 HIGHBURY PARK","","LONDON","","","N5 2XE","19740401","20130331","C","B","5K8","20020401","20130331","020 72265360","","","","0","","","","0",""
"F83638","NO NAME HELD","Y10","Q36","50 HAVERSTOCK HILL","","LONDON","","","NW3 2BH","19740401","19980720","C","B","","20021001","20021001","0171 4852773","","","","0","","","","0",""
"F83639","HEALTH AUTHORTY LOCUM","Y53","Q36","91 HEATH STREET","HAMPSTEAD","LONDON","","","NW3 6SS","19740401","20120930","C","B","5K7","20020401","20120930","020 74355055","","","","0","","","","0",""
"F83640","DR JACOBS","Y53","Q36","DRAYTON PARK MEDICAL CTR","30B DRAYTON PARK","LONDON","","","N5 1PB","19740401","20120930","C","B","5K8","20020401","20120930","020 76092692","","","","0","","","","0",""
"F83641","BELSIZE PRIORY MEDICAL PRACTICE (SINGLE)","Y53","Q36","BELSIZE PRIORY HEALTH CTR","208 BELSIZE ROAD","LONDON","","","NW6 4DJ","19740401","20120930","C","B","5K7","20020401","20120930","020 76256181","","","","0","","","","0",""
"F83642","DR RAHAMAN","Y53","Q36","510 HORNSEY ROAD","","LONDON","","","N19 3QW","19851219","20120930","C","B","5K8","20020401","20120930","020 72720765","","","","0","","","","0",""
"F83643","REGENTS PARK PRACTICE","Y53","Q36","REGENTS PARK MEDICAL CTR.","CUMBERLAND MARKET","","LONDON","","NW1 3RH","19740401","20120930","C","B","5K7","20020401","20120930","020 73873653","","","","0","","","","0",""
"F83644","DR SYED","Y53","Q36","ISLEDON ROAD MEDICAL CTR.","115 ISLEDON ROAD","LONDON","","","N7 7JJ","19740401","20120930","C","B","5K8","20020401","20120930","020 77004383","","","","0","","","","0",""
"F83645","76 CROMER STREET PRACTICE","Y53","Q36","76 CROMER STREET","","LONDON","","","WC1H 8DR","19740401","20120930","C","B","5K7","20020401","20120930","020 79164638","","","","0","","","","0",""
"F83646","NO NAME HELD","Y10","QAT","20 BROOKFIELD PARK","","LONDON","","","NW5 1ER","19740401","19981231","C","Z","","","","0171 2676291","","","","0","","","","0",""
"F83647","THE CALEDONIAN ROAD PRACTICE","Y53","Q36","337 CALEDONIAN ROAD","","LONDON","","","N1 1DW","19740401","20120930","C","B","5K8","20020401","20120930","020 76073505","","","","0","","","","0",""
"F83650","THE CITY UNIVERSITY PRACTICE","Y53","Q36","CITY UNIVERSITY HTH. CTR.","20 SEBASTIAN STREET","LONDON","","","EC1V 0JA","19740401","20120930","C","B","5K8","20020401","20120930","020 72534454","","","","0","","","","0",""
"F83651","NO NAME HELD","Y10","QAT","MED.COL.OF.ST.BARTHOLOMEW","                 HOSPITAL","CHARTER HOUSE SQUARE","LONDON","","EC1M 6BQ","19851001","19940630","C","Z","","","","071 9826057","","","","0","","","","0",""
"F83655","94 DRUMMOND STREET PRACTICE","Y53","Q36","94 DRUMMOND STREET","","LONDON","","","NW1 2HN","19740401","20120930","C","B","5K7","20020401","20120930","020 73874048","","","","0","","","","0",""
"F83656","BELSIZE LANE MEDICAL PRACTICE","Y53","Q36","37 BELSIZE LANE","BELSIZE VILLAGE","LONDON","","","NW3 5AS","19880401","20120930","C","B","5K7","20020401","20120930","020 77945787","","","","0","","","","0",""
"F83659","PCHP","Y53","Q36","2ND FLOOR","211 KINGS CROSS ROAD","LONDON","","","WC1X 9DN","19880815","20120930","C","B","5K7","20020401","20120930","020 76855920","","","","0","","","","0",""
"F83662","EVERSHOLT STREET PRACTICE","Y53","Q36","98 EVERSHOLT STREET","","LONDON","","","NW1 1BP","19900401","20120930","C","B","5K7","20020401","20120930","020 73833999","","","","0","","","","0",""
"F83667","THE ANDOVER PRACTICE (HAIKEL)","Y53","Q36","ANDOVER MEDICAL CENTRE","270-282 HORNSEY ROAD","LONDON","","","N7 7QZ","19920101","20120930","C","B","5K8","20020401","20120930","020 72728258","","","","0","","","","0",""
"F83668","HA LOCUM","Y53","Q36","SOLENT FAMILY HEALTH CTR.","9 SOLENT ROAD","LONDON","","","NW6 1TP","19920330","20120930","C","B","5K7","20020401","20120930","020 77947886","","","","0","","","","0",""
"F83669","FALKLAND ROAD SURGERY","Y53","Q36","31 FALKLAND ROAD","ISLINGTON","LONDON","","","NW5 2PU","19920401","20120930","C","B","5K7","20020401","20120930","020 74854602","","","","0","","","","0",""
"F83670","NO NAME HELD","Y10","QAT","337 CALEDONIAN ROAD","","LONDON","","","N1 1DW","19930401","19941231","C","Z","","","","","","","","0","","","","0",""
"F83675","PRIMARY CARE UNIT","Y53","Q36","PRIMARY CARE UNIT","ST.JAMES HOUSE","108 HAMPSTEAD ROAD","LONDON","","NW1 2LS","19940810","20120930","C","B","5K7","20020401","20120930","020 75303233","","","","0","","","","0",""
"F83679","KINGS CROSS PRIMARY CARE","Y53","Q36","KING'S CROSS PRIMARY CARE","264 PENTONVILLE ROAD","LONDON","","","N1 9JY","19970630","20120930","C","B","5K7","20020401","20120930","020 75305770","","","","0","","","","0",""
"F83684","SOLENT ROAD HEALTH CENTRE","Y53","Q36","SOLENT ROAD HEALTH CENTRE","9 SOLENT ROAD","LONDON","","","NW6 1TP","20001016","20120930","C","B","5K7","20020401","20120930","020 75302588","","","","0","","","","0",""
"F84007","ST PAULS WAY MEDICAL CENTRE","Y53","Q36","ST.PAUL'S WAY MEDICAL CTR","99 ST.PAUL'S WAY","BOW","LONDON","","E3 4AJ","19740401","20120930","C","B","5C4","20010401","20120930","020 79875597","","","","0","","","","0",""
"F84029","OLDHILL MEDICAL CENTRE","Y53","Q36","OLDHILL MEDICAL CENTRE","19-21 OLDHILL STREET","STAMFORD HILL","LONDON","","N16 6LD","19740401","20120930","C","B","5C3","20010401","20120930","020 88066993","","","","0","","","","0",""
"F84040","NO NAME HELD","Y10","QAW","264 BURDETT ROAD","","LONDON","","","E14 7DQ","19740401","19930731","C","Z","","","","071 5155001","","","","0","","","","0",""
"F84045","GP LOCUM PRACTICE","Y53","Q36","83 CLIFDEN ROAD","CLAPTON","LONDON","","","E5 0LJ","19740401","20120930","C","B","5C3","20010401","20120930","020 89854554","","","","0","","","","0",""
"F84048","NO NAME HELD","Y10","QAW","113 GREEN STREET","FOREST GATE","LONDON","","","E7 8JF","19740401","19981231","C","Z","","","","0181 4726663","","","","0","","","","0",""
"F84057","NO NAME HELD","Y10","QAW","61 THE QUARTERDECK","MILLWALL","ISLE OF DOGS","LONDON","","E14 8SH","19740401","19940701","C","Z","","","","071 5155551","","","","0","","","","0",""
"F84066","THE SURGERY (PITFIELD STREET)","Y53","Q36","172 PITFIELD STREET","","LONDON","","","N1 6JP","19740401","20120930","C","B","5C3","20010401","20120930","020 77396946","","","","0","","","","0",""
"F84067","DEVONS ROAD PRACTICE","Y53","Q36","1-3 BIRCHDOWN HOUSE","DEVONS ROAD","BOW","LONDON","","E3 3NS","19740401","20120930","C","B","5C4","20010401","20120930","020 89801888","","","","0","","","","0",""
"F84073","NO NAME HELD","Y10","Q36","279 KATHERINE ROAD","FOREST GATE","LONDON","","","E7 8PP","19740401","20000229","C","B","5C5","20021001","20021001","0181 4720803","","","","0","","","","0",""
"F84075","DR BOHRA","Y53","Q36","827 ROMFORD ROAD","LONDON","","","","E12 6EA","19740401","20120930","C","B","5C5","20010401","20120930","020 84784080","","","","0","","","","0",""
"F84082","NO NAME HELD","Y10","QAW","SOMERFORD GROVE HLTH.CTR.","SOMERFORD GROVE","LONDON","","","N16 7TX","19740401","19910630","C","Z","","","","","","","","0","","","","0",""
"F84085","NO NAME HELD","Y10","QAW","HEALY MEDICAL CENTRE","200 UPPER CLAPTON ROAD","LONDON","","","E5 9DH","19740401","19970331","C","Z","","","","0181 8061550","","","","0","","","","0",""
"F84090","THE PRACTICE RD2","Y53","Q36","21 EAST HAM MANOR WAY","BECKTON","","","","E6 5NA","19740401","20120930","C","B","5C5","20010401","20120930","020 74457150","","","","0","","","","0",""
"F84106","NO NAME HELD","Y10","Q36","257A-B MARE STREET","","LONDON","","","E8 3NS","19740401","19961231","C","B","","20021001","20021001","0181 9850711","","","","0","","","","0",""
"F84107","DR KHANAM","Y53","Q36","BETHNAL GREEN HEALTH CTR.","60 FLORIDA STREET","LONDON","","","E2 6LL","19740401","20120930","C","B","5C4","20010401","20120930","020 77394837","","","","0","","","","0",""
"F84108","DR JCFD O'MOORE'S PRACTICE","Y53","Q36","279 KATHERINE ROAD","FOREST GATE","LONDON","","","E7 8PP","19740401","20120930","C","B","5C5","20010401","20120930","020 84720803","","","","0","","","","0",""
"F84109","DR GILL","Y53","Q36","827 ROMFORD ROAD","LONDON","","","","E12 6EA","19740401","20120930","C","B","5C5","20010401","20120930","020 84784080","","","","0","","","","0",""
"F84112","CHURCH STREET PRACTICE","Y53","Q36","100A STOKE NEWINGTON","CHURCH STREET","LONDON","","","N16 0AP","19740401","20120930","C","B","5C3","20010401","20120930","020 72543807","","","","0","","","","0",""
"F84615","NO NAME HELD","Y10","QAW","141 BANCROFT ROAD","TOWER HAMLETS","LONDON","","","E1 4ET","19740401","19911224","C","Z","","","","","","","","0","","","","0",""
"F84617","NO NAME HELD","Y10","QAW","2 WALL SIDE","BARBICAN","LONDON","","","EC2 8BH","19860331","19920928","C","Z","","","","","","","","0","","","","0",""
"F84618","NO NAME HELD","Y10","Q36","170 LOWER CLAPTON ROAD","","LONDON","","","E5 0QA","19740401","20000101","C","B","","20021001","20021001","0181 9857255","","","","0","","","","0",""
"F84622","NAGRATH KD","Y53","Q36","21 BROWNFIELD STREET","","LONDON","","","E14 6ND","19740401","20120930","C","B","5C4","20010401","20120930","020 79872774","","","","0","","","","0",""
"F84623","DR AJ BARNABAS' PRACTICE","Y53","Q36","159 WAKEFIELD STREET","EAST HAM","LONDON","","","E6 1LG","19740401","20120930","C","B","5C5","20010401","20120930","020 84720208","","","","0","","","","0",""
"F84625","NO NAME HELD","Y10","QAW","175 CLARENCE ROAD","CLAPTON","LONDON","","","E5 8DY","19740401","19950930","C","Z","","","","081 9857096","","","","0","","","","0",""
"F84626","SURGERY 1 RUSHTON MEDICAL CENTRE","Y53","Q36","6 RUSHTON STREET","LONDON","","","","N1 5DR","19740401","20120930","C","B","5C3","20010401","20120930","020 77395164","","","","0","","","","0",""
"F84627","THE SURGERY (AMHURST PARK)","Y53","Q36","71 AMHURST PARK","","LONDON","","","N16 5DL","19740401","20120930","C","B","5C3","20010401","20120930","020 88007777","","","","0","","","","0",""
"F84628","NO NAME HELD","Y10","QAW","104 CROFTON ROAD","PLAISTOW","LONDON","","","E13 8QS","19740401","19921017","C","Z","","","","","","","","0","","","","0",""
"F84629","NO NAME HELD","Y10","QAW","2 DENBURY HOUSE","TALWIN STREET","BOW","LONDON","","E3 3JB","19740401","19960606","C","Z","","","","0181 9804386","","","","0","","","","0",""
"F84630","THE SURGERY (BROOKSBY'S WALK)","Y53","Q36","LEA SURGERY","ALFRED HEALTH CENTRE","186 HOMERTON HIGH STREET","LONDON","","E9 6AG","19860831","20120930","C","B","5C3","20010401","20120930","020 89863106","","","","0","","","","0",""
"F84633","NO NAME HELD","Y10","QAW","100 LOWER CLAPTON ROAD","","LONDON","","","E5 0QR","19740401","19980518","C","Z","","","","0181 9864952","","","","0","","","","0",""
"F84634","NO NAME HELD","Y10","QAW","21 COMMERCIAL STREET","","LONDON","","","E1 6BD","19740401","19981218","C","Z","","","","0171 2474696","","","","0","","","","0",""
"F84638","BASU SN","Y53","Q36","1 BARNARDO GARDENS","BARNARDO STREET","LONDON","","","E1 0LN","19740401","20120930","C","B","5C4","20010401","20120930","020 77911502","","","","0","","","","0",""
"F84644","DR BB CHAUDHURI'S PRACTICE","Y53","Q36","85 STOPFORD ROAD","","LONDON","","","E13 0NA","19740401","20120930","C","B","5C5","20010401","20120930","020 84723901","","","","0","","","","0",""
"F84645","NO NAME HELD","Y10","QAW","GEN.CON.OF BRITISH SHIPP","30-32 ST.MARY'S AXE","LONDON","","","EC3A 8ET","19740401","19920209","C","Z","","","","","","","","0","","","","0",""
"F84649","NO NAME HELD","Y10","Q36","40 BROOKE ROAD","LONDON","","","","N16 7LR","19740401","19990331","C","B","","20021001","20021001","0171 2545652","","","","0","","","","0",""
"F84650","DR IB SARKAR","Y53","Q36","509 BARKING ROAD","","LONDON","","","E13 8PS","19740401","20120930","C","B","5C5","20010401","20120930","020 84707448","","","","0","","","","0",""
"F84652","DR ID BARON'S PRACTICE","Y53","Q36","237 CAMPBELL ROAD","BOW","LONDON","","","E3 4DP","19740401","20120930","C","B","5C4","20010401","20120930","020 79877555","","","","0","","","","0",""
"F84662","GP LOCUM PRACTICE","Y53","Q36","APPLEBY HEALTH CENTRE","63 APPLEBY ROAD","CANNING TOWN","LONDON","","E16 1LQ","19740401","20120930","C","B","5C5","20010401","20120930","020 74457091","","","","0","","","","0",""
"F84663","THE SURGERY (8 RUSHDON STREET)","Y53","Q36","8 RUSHTON STREET","LONDON","","","","N1 5DR","19740401","20120930","C","B","5C3","20010401","20120930","020 77392226","","","","0","","","","0",""
"F84664","NO NAME HELD","Y10","QAW","17 STOPFORD ROAD","PLAISTOW","LONDON","","","E13 0LY","19740401","19941125","C","Z","","","","081 4728532","","","","0","","","","0",""
"F84665","NO NAME HELD","Y10","QAW","SALVATION ARMY H.Q.","101 QUEEN VICTORIA STREET","LONDON","","","EC4P 4EP","19740401","19921231","C","Z","","","","","","","","0","","","","0",""
"F84674","LONDON GUILDHALL UNIV. HEALTH CENTRE","Y53","Q36","LONDON GUILDHALL UNIV.","HEALTH CENTRE","CALCUTTA HOUSE","LONDON","","E1 7NT","19740401","20120930","C","B","5C4","20010401","20120930","020 73202386","","","","0","","","","0",""
"F84695","KINGSLAND MEDICAL CENTRE","Y53","Q36","414 KINGSLAND ROAD","","LONDON","","","E8 4AA","19870408","20120930","C","B","5C3","20010401","20120930","020 72498732","","","","0","","","","0",""
"F84701","NO NAME HELD","Y10","QAW","2 ASHFORD ROAD","","LONDON","","","E6 2AN","19861201","19930106","C","Z","","","","","","","","0","","","","0",""
"F84703","POPLAR MEDICAL PRACTICE","Y53","Q36","SAI MEDICAL CENTRE","12 ROBIN HOOD LANE","LONDON","","","E14 9PR","19880501","20120930","C","B","5C4","20010401","20120930","020 79873536","","","","0","","","","0",""
"F84709","MILDMAY MISSION HOSPITAL","Y53","Q36","MILDMAY MISSION HOSPITAL","HACKNEY ROAD","LONDON","","","E2 7NA","19890401","20130331","C","B","5C4","20010401","20130331","020 77392331","","","","0","","","","0",""
"F84715","POLLARD ROW SURGERY","Y53","Q36","POLLARD ROW SURGERY","47 POLLARD ROW","LONDON","","","E2 6NA","19901001","20120930","C","B","5C4","20010401","20120930","020 77297942","","","","0","","","","0",""
"F84721","NO NAME HELD","Y10","QAW","HEALY MEDICAL CENTRE","200 UPPER CLAPTON ROAD","LONDON","","","E5 9DH","19911001","19970331","C","Z","","","","0181 8061550","","","","0","","","","0",""
"F84722","HIGH STREET NORTH MEDICAL CENTRE","Y53","Q36","EAST HAM CARE CENTRE","SHREWSBURY ROAD","LONDON","","","E7 8PQ","19911010","20120930","C","B","5C5","20010401","20120930","020 84705520","","","","0","","","","0",""
"F84723","NO NAME HELD","Y10","QAW","42 CARNEGIE HOUSE","20 OSBORN STREET","LONDON","","","E1 6DT","19920401","19920402","C","Z","","","","071 2477232","","","","0","","","","0",""
"F84725","NO NAME HELD","Y10","QAW","KEIR HARDIE HEALTH","ST.LUKES SCHOOL SITE","TARLING ROAD","LONDON","","E16 1HN","19920801","19940724","C","Z","","","","071 5116644","","","","0","","","","0",""
"F84726","NEWBY PLACE CENTRE","Y53","Q36","SAI MEDICAL CENTRE","12 ROBIN HOOD LANE","LONDON","","","E14 9PR","19921201","20120930","C","B","5C4","20010401","20120930","020 79873536","","","","0","","","","0",""
"F84728","THE PRACTICE RD1","Y53","Q36","21 EAST HAM MANOR WAY","BECKTON","","","","E6 5NA","19940401","20120930","C","B","5C5","20010401","20120930","020 74457150","","","","0","","","","0",""
"F84732","BROMLEY-BY-BOW HEALTH CTR","Y53","Q36","BROMLEY-BY-BOW HEALTH CTR","ST.LEONARDS STREET","LONDON","","","E3 3BT","19960819","20120930","C","B","5C4","20010401","20120930","020 89839758","","","","0","","","","0",""
"F84738","DR RD SINGH'S PRACTICE","Y53","Q36","1 SIBLEY GROVE","LONDON","","","","E12 6SD","19990601","20120930","C","B","5C5","20010401","20120930","020 84723828","","","","0","","","","0",""
"F84745","STUDENT HEALTH CENTRE","Y53","Q36","STUDENT HEALTH CENTRE","20 SEBASTIAN STREET","","LONDON","","EC1V 0HE","20011101","20120930","C","B","5C3","20011101","20120930","020 72534454","","","","0","","","","0",""
"F84746","ALDGATE MEDICAL CENTRE","Y53","Q36","ALDGATE MEDICAL CENTRE","384-398 COMMERCIAL ROAD","","LONDON","","E1 0LR","20020101","20120930","C","B","5C4","20020101","20120930","020 77913410","","","","0","","","","0",""
"F84748","THE SANCTUARY PRACTICE (BURNETT)","Y53","Q36","THE SANCTUARY PRACTICE","JOHN SCOTT HEALTH CENTRE","GREEN LANES","","","N4 2NU","20020218","20120930","C","B","5C3","20020218","20120930","020 76834766","","","","0","","","","0",""
"F85006","QUEENSWOOD PRACTICE","Y53","Q36","151 PARK ROAD","","CROUCH END","LONDON","","N8 8JD","19740401","20120930","C","B","5C9","20010401","20120930","020 83473444","","","","0","","","","0",""
"F85012","THE GREENS MEDICAL PRACTICE","Y53","Q36","BRIDGE HOUSE HTH CARE CTR","96 UMFREVILLE ROAD","LONDON","","","N4 1TL","19740401","20120930","C","B","5C9","20010401","20120930","020 84829670","","","","0","","","","4",""
"F85018","TURNPIKE LANE (EL KINANI)","Y53","Q36","THE SURGERY","98 TURNPIKE LANE","HORNSEY","","","N8 0PH","19740401","20120930","C","B","5C9","20010401","20120930","020 88896770","","","","0","","","","4",""
"F85038","DR RK BAVISHI'S PRACTICE","Y53","Q36","60 MARKET SQUARE","EDMONTON GREEN","LONDON","","","N9 0TZ","19740401","20120930","C","B","5C1","20010401","20120930","020 88077393","","","","0","","","","0",""
"F85040","STUART CRESCENT HEALTH CENTRE (COHEN)","Y53","Q36","STUART CRESCENT HTH.CTR.","STUART CRESCENT","WOOD GREEN","LONDON","","N22 5NJ","19740401","20120930","C","B","5C9","20010401","20120930","020 88894311","","","","0","","","","0",""
"F85047","TIVERTON SURGERY","Y53","Q36","THE SURGERY","266 TIVERTON ROAD","TOTTENHAM","","","N15 6RT","19740401","20130331","C","B","5C9","20010401","20130331","020 88005326","","","","0","","","","0",""
"F85056","NO NAME HELD","Y10","QA4","215 FORE STREET","EDMONTON","LONDON","","","N9","19740401","19910401","C","Z","","","","","","","","0","","","","0",""
"F85068","THE LAURELS HEALTHY LIVING CENTRE","Y53","Q36","LAURELS HLTHY LIVING CTR","256 ST ANN'S ROAD","TOTTENHAM","LONDON","","N15 5AZ","19740401","20120930","C","B","5C9","20010401","20120930","020 84425655","","","","0","","","","0",""
"F85070","BRIDGE HOUSE HEALTHCARE CENTRE","Y53","Q36","BRIDGE HOUSE HTH CARE CTR","96 UMFREVILLE ROAD","LONDON","","","N4 1TL","19740401","20120930","C","B","5C9","20010401","20120930","020 84829670","","","","0","","","","0",""
"F85074","CROUCH END HEALTH CENTRE","Y53","Q36","CROUCH END HEALTH CENTRE","45 MIDDLE LANE","HORNSEY","","","N8 8PH","19740401","20120930","C","B","5C9","20010401","20120930","020 83403295","","","","0","","","","0",""
"F85075","NO NAME HELD","Y10","QA4","THE SURGERY","42 HARINGEY PARK","HORNSEY","","","N8 9JD","19740401","19980401","C","Z","","","","0181 3485301","","","","0","","","","0",""
"F85607","NO NAME HELD","Y10","QA4","THE SURGERY","11 WESTON PARK","HORNSEY","LONDON","","N8 9SY","19740401","19950904","C","Z","","","","01813401279","","","","0","","","","0",""
"F85609","NO NAME HELD","Y10","QA4","40 COLNEY HATCH LANE","MUSWELL HILL","LONDON","","","N10 1DX","19740401","19920630","C","Z","","","","","","","","0","","","","0",""
"F85611","NO NAME HELD","Y10","QA4","40 COLNEY HATCH LANE","MUSWELL HILL","LONDON","","","N10 1DX","19740401","19951022","C","Z","","","","0181 8835412","","","","0","","","","0",""
"F85613","NO NAME HELD","Y10","QA4","53 DYSONS ROAD","EDMONTON","LONDON","","","N18","19870901","19910531","C","Z","","","","","","","","0","","","","0",""
"F85616","NO NAME HELD","Y10","QA4","THE SURGERY","102 MUSWELL HILL ROAD","MUSWELL HILL","LONDON","","N10 3JR","19740401","19951022","C","Z","","","","01818835030","","","","0","","","","0",""
"F85617","NO NAME HELD","Y10","Q36","THE SURGERY","42 COLNEY HATCH LANE","MUSWELL HILL","","","N10 1DY","19740401","19931102","C","B","","20021001","20021001","081 8834908","","","","0","","","","0",""
"F85618","NO NAME HELD","Y10","QA4","THE SURGERY","103 STROUD GREEN ROAD","FINSBURY PARK","","","N4 3PX","19740401","19940515","C","Z","","","","071 2721983","","","","0","","","","0",""
"F85620","NO NAME HELD","Y10","QA4","48 GREEN STREET","ENFIELD HIGHWAY","MIDDLESEX","","","EN3 7HW","19740401","19910401","C","Z","","","","","","","","0","","","","0",""
"F85622","DR TD RUBRA'S PRACTICE","Y53","Q36","CROUCH END HEALTH CENTRE","45 MIDDLE LANE","CROUCH END","","","N8 8PH","19740401","20120930","C","B","5C9","20010401","20120930","020 83402529","","","","0","","","","0",""
"F85624","NO NAME HELD","Y10","QA4","THE SURGERY","78 GREAT CAMBRIDGE ROAD","TOTTENHAM","","","N17 8LT","19740401","19931004","C","Z","","","","081 8086687","","","","0","","","","0",""
"F85627","NO NAME HELD","Y10","QA4","THE SURGERY","24 HERMISTON AVENUE","CROUCH END","HORNSEY","","N8 8NL","19860401","19970930","C","Z","","","","0181 3406832","","","","0","","","","0",""
"F85629","BOUNDS GREEN HEALTH CENTRE","Y53","Q36","BOUNDS GREEN HEALTH CTRE","GORDON ROAD","BOUNDS GREEN","","","N11 2PA","19740401","20120930","C","B","5C9","20010401","20120930","020 88896065","","","","0","","","","0",""
"F85630","NO NAME HELD","Y10","QA4","THE SURGERY","52 WEST GREEN ROAD","TOTTENHAM","","","N15 5NR","19740401","19930531","C","Z","","","","","","","","0","","","","0",""
"F85631","DR S HIKMATULLAH'S PRACTICE","Y53","Q36","FOREST ROAD HEALTH CENTRE","2A FOREST ROAD","EDMONTON","","","N9 8RX","19740401","20120930","C","B","5C1","20010401","20120930","020 84433257","","","","0","","","","0",""
"F85633","NO NAME HELD","Y10","QA4","57 CURZON ROAD","","LONDON","","","N10 2RB","19740401","19910701","C","Z","","","","","","","","0","","","","0",""
"F85635","NO NAME HELD","Y10","QA4","THE HEALTH CENTRE","2A FOREST ROAD","EDMONTON","","","N9 8RX","19740401","19931102","C","Z","","","","081 4433256","","","","0","","","","0",""
"F85636","FERME PARK ROAD SURGERY","Y53","Q36","THE SURGERY","18 FERME PARK ROAD","HORNSEY","","","N4 4ED","19740401","20120930","C","B","5C9","20010401","20120930","020 83406050","","","","0","","","","0",""
"F85637","NO NAME HELD","Y10","QA4","ROCHDALE SURGERY","BROOMFIELD AVENUE","PALMERS GREEN","","","N13 4JJ","19740401","19960331","C","Z","","","","0181 8863631","","","","0","","","","0",""
"F85644","DR O'BRIEN","Y53","Q36","WOODVALE PRACT,EVERGREEN","PRIM CRE CTR,1 SMYTHE CL","EDMONTON","","","N9 0TW","19740401","20120930","C","B","5C1","20010401","20120930","020 88072176","","","","0","","","","0",""
"F85647","NO NAME HELD","Y10","QA4","THE SURGERY","79 FRIEN BARNET ROAD","NEW SOUTHGATE","LONDON","","N11 3EH","19740401","19950630","C","Z","","","","","","","","0","","","","0",""
"F85648","NO NAME HELD","Y10","QA4","172 PALMERS ROAD","ARNOS GROVE","LONDON","","","N11 1SN","19740401","19951130","C","Z","","","","01813618141","","","","0","","","","0",""
"F85649","CURZON ROAD SURGERY","Y53","Q36","THE SURGERY","57 CURZON ROAD","MUSWELL HILL","","","N10 2RB","19740401","20120930","C","B","5C9","20010401","20120930","020 88836756","","","","0","","","","0",""
"F85651","NO NAME HELD","Y10","QA4","THE SURGERY","911 HERTFORD ROAD","WALTHAM CROSS","","","EN8 7RR","19740401","19970131","C","Z","","","","01992 713754","","","","0","","","","0",""
"F85655","WILLOUGHBY SURGERY","Y53","Q36","THE SURGERY","2 WILLOUGHBY ROAD","HARINGEY","LONDON","","N8 0HR","19861015","20130331","C","B","5C9","20010401","20130331","020 83485466","","","","0","","","","0",""
"F85667","GREEN CEDARS SURGERY","Y53","Q36","THE SURGERY","159 SILVER STREET","EDMONTON","","","N18 1PY","19880502","20130331","C","B","5C1","20010401","20130331","020 88071057","","","","0","","","","0",""
"F85671","BICKLEIGH LODGE","Y53","Q36","SERENITY PRACT,EVERGREEN","PRIM CRE CTR,1 SMYTHE CL","EDMONTON","","","N9 0TW","19890112","20120930","C","B","5C1","20010401","20120930","020 88071215","","","","0","","","","0",""
"F85672","CARTERHATCH LANE SURGERY","Y53","Q36","THE SURGERY","99 CARTERHATCH LANE","ENFIELD","MIDDLESEX","","EN1 4LA","19890911","20120930","C","B","5C1","20010401","20120930","020 88045312","","","","0","","","","0",""
"F85674","HIGH ROAD SURGERY (AFGHAN)","Y53","Q36","THE SURGERY","37 HIGH ROAD","TOTTENHAM","","","N15 6DS","19891001","20120930","C","B","5C9","20010401","20120930","020 88093091","","","","0","","","","0",""
"F85677","AAROGYA MEDICAL CENTRE","Y53","Q36","270-274 WEST GREEN ROAD","TOTTENHAM","LONDON","","","N15 3QR","19900701","20120930","C","B","5C9","20010401","20120930","020 83657282","","","","0","","","","4",""
"F85685","DR MACIOLEK","Y53","Q36","THE SURGERY","939 GREEN LANES","WINCHMORE HILL","LONDON","","N21 2PB","19911001","20120930","C","B","5C1","20010401","20120930","020 83602228","","","","0","","","","0",""
"F85689","THE LAURELS HEALTH CENTRE","Y53","Q36","THE LAURELS HEALTH CENTRE","256 ST ANN'S ROAD","TOTTENHAM","LONDON","","N15 5AZ","19930206","20120930","C","B","5C9","20010401","20120930","020 88021091","","","","0","","","","0",""
"F85690","DR S NATKUNARAJAH'S PRACTICE","Y53","Q36","112 INGLETON ROAD","EDMONTON","LONDON","","","N18 2RT","19930701","20120930","C","B","5C1","20010401","20120930","020 88033507","","","","0","","","","0",""
"F85691","NO NAME HELD","Y10","QA4","STUART CRESCENT HLTH CTRE","STUART CRESCENT","WOOD GREEN","LONDON","","N22 5NJ","19931001","19940331","C","Z","","","","","","","","0","","","","0",""
"F85693","DR PG PATEL'S PRACTICE","Y53","Q36","EVERGREEN PRIMARY CRE CTR","1 SMYTHE CLOSE","EDMONTON","","","N9 0TW","19940401","20120930","C","B","5C1","20010401","20120930","020 88840541","","","","0","","","","0",""
"F85694","NO NAME HELD","Y10","QA4","COCKFOSTERS ROAD","BARNET","HERTFORDSHIRE","","","EN4 0DR","19940301","19990131","C","Z","","","","0181 4409384","","","","0","","","","0",""
"F85696","NO NAME HELD","Y10","QA4","HOLBROOK HOUSE","COCKFOSTERS ROAD","BARNET","HERTFORDSHIRE","","EN4 0DR","19951204","19970331","C","Z","","","","0181 4409384","","","","0","","","","0",""
"F85698","HEALTH AUTHORITY LOCUM","Y53","Q36","THE GREEN PRACTICE","FOREST ROAD HEALTH CENTRE","2A FOREST ROAD,EDMONTON","LONDON","","N9 8RZ","19960401","20120930","C","B","5C1","20010401","20120930","020 88040121","","","","0","","","","0",""
"F85702","NO NAME HELD","Y10","Q36","STUART CRESCENT HLTH.CTR.","8 STUART CRESCENT","WOOD GREEN","LONDON","","N22 5NJ","19980401","20000331","C","B","","20021001","20021001","020 88894311","","","","0","","","","0",""
"F85709","HOMELESS ACTION IN ENFIELD PCT","Y53","Q36","HOLBROOK HOUSE","COCKFOSTERS ROAD","BARNET","","","EN4 0DR","20011201","20130331","C","B","5C1","20011201","20130331","020 82725726","","","","0","","","","0",""
"F86015","CENTRAL SURGERY","Y53","Q36","CENTRAL SURGERY","8 CORBETT ROAD","WALTHAMSTOW","LONDON","","E17 3JZ","19740401","20120930","C","B","5NC","20030401","20120930","020 85036700","","","","0","","","","0",""
"F86016","DR IVBIJARO 2 PRACTICE","Y53","Q36","FOREST ROAD MEDICAL CTR","354-358 FOREST ROAD","WALTHAMSTOW","LONDON","","E17 5JG","19740401","20120930","C","B","5NC","20030401","20120930","020 85206060","","","","0","","","","0",""
"F86027","DR G MALLICK PRACTICE","Y53","Q36","706-708 HIGH ROAD","LEYTON","","","","E10 6JP","19740401","20120930","C","B","5NC","20030401","20120930","020 85394707","","","","0","","","","0",""
"F86029","GOODALL MEDICAL CENTRE","Y53","Q36","GOODALL MEDICAL CENTRE","2-4 GOODALL ROAD","LEYTONSTONE","","","E11 4EP","19740401","20120930","C","B","5NC","20030401","20120930","020 85395050","","","","0","","","","0",""
"F86039","LOCUM FOR AITCHISON PRACTICE","Y53","Q36","CHINGFORD HEALTH CENTRE","109 YORK ROAD","CHINGFORD","LONDON","","E4 8LA","19740401","20120930","C","B","5NC","20030401","20120930","020 85241660","","","","0","","","","0",""
"F86050","THE DOCTORS HOUSE","Y53","Q36","THE DOCTORS HOUSE","40 CAMERON ROAD","SEVEN KINGS,ILFORD","ESSEX","","IG3 8LF","19740401","20120930","C","B","5NA","20030401","20120930","020 85901134","","","","0","","","","0",""
"F86051","HAMPTON ROAD SURGERY","Y53","Q36","120-122 HAMPTON ROAD","ILFORD","ESSEX","","","IG1 1PR","19740401","20120930","C","B","5NA","20030401","20120930","020 85531774","","","","0","","","","0",""
"F86053","THE SHIELING","Y53","Q36","THE SHIELING","24 SPRATT HALL ROAD","WANSTEAD","LONDON","","E11 2RQ","19740401","20120930","C","B","5NA","20030401","20120930","020 89890585","","","","0","","","","0",""
"F86059","NO NAME HELD","Y10","QA5","NEWBURY PARK HEALTH CTR.","40 PERRYMANS FARM ROAD","NEWBURY PARK","ILFORD, ESSEX","","IG2 7LE","19740401","19970430","C","Z","","","","0181 5541094","","","","0","","","","0",""
"F86067","YORK ROAD MEDCIAL PRACTICE","Y53","Q36","CHINGFORD HEALTH CENTRE","109 YORK ROAD","CHINGFORD","LONDON","","E4 8LF","19740401","20120930","C","B","5NC","20030401","20120930","020 85291541","","","","0","","","","0",""
"F86068","THE LOXFORD PRACTICE","Y53","Q36","LOXFORD POLYCLINIC","417 ILFORD LANE","ILFORD","ESSEX","","IG1 2SN","19740401","20120930","C","B","5NA","20030401","20120930","020 88223200","","","","0","","","","0",""
"F86075","CHINGWAY MEDICAL CENTRE","Y53","Q36","CHINGWAY MEDICAL CENTRE","7 CHING WAY","CHINGFORD","LONDON","","E4 8YE","19740401","20120930","C","B","5NC","20030401","20120930","020 84307650","","","","0","","","","0",""
"F86084","THE GARDEN SURGERY","Y53","Q36","321 THE DRIVE","REDBRIDGE","ILFORD","ESSEX","","IG1 3PW","19740401","20120930","C","B","5NA","20030401","20120930","020 85544211","","","","0","","","","0",""
"F86089","REDBRIDGE PCT LOCUM PRACT 1","Y53","Q36","NEWBURY PARK HEALTH CTR","40 PERRYMANS FARM ROAD","NEWBURY PARK","ILFORD, ESSEX","","IG2 7LE","19920401","20120930","C","B","5NA","20030401","20120930","020 85182414","","","","0","","","","0",""
"F86602","FOREST ROAD LOCUM PRACTICE","Y53","Q36","FOREST ROAD MEDICAL CTR","354-358 FOREST ROAD","WALTHAMSTOW","LONDON","","E17 5JG","19740401","20120930","C","B","5NC","20030401","20120930","020 85204533","","","","0","","","","0",""
"F86615","NO NAME HELD","Y10","QA5","LANGTHORNE HEALTH CENTRE","13 LANGHTHORNE ROAD","LEYTONSTONE","","","E11 4HX","19740401","19930630","C","Z","","","","","","","","0","","","","0",""
"F86623","NO NAME HELD","Y10","QA5","LANGTHORNE HEALTH CENTRE","13 LANGTHORNE ROAD","LEYTONSTONE","LONDON","","E11 4HX","19870517","19910630","C","Z","","","","","","","","0","","","","0",""
"F86629","THE HA LOCUM PRACTICE","Y53","Q36","1 GARFIELD ROAD","CHINGFORD","LONDON","","","E4 7DG","19740401","20120930","C","B","5NC","20030601","20120930","020 85291258","","","","0","","","","0",""
"F86633","DR LOCUM SHETH PRACTICE","Y53","Q36","287 HIGH ROAD","LEYTONSTONE","LONDON","","","E11 4HH","19740401","20120930","C","B","5NC","20030401","20120930","020 85566211","","","","0","","","","0",""
"F86634","HENLEY PRACTICE","Y53","Q36","SOUTH PARK CLINIC","100 SOUTH PARK DRIVE","ILFORD","ESSEX","","IG3 9AN","19740401","20120930","C","B","5NA","20030401","20120930","020 88224080","","","","0","","","","0",""
"F86636","NO NAME HELD","Y10","QA5","266/268 FOREST ROAD","WALTHAMSTOW","LONDON","","","E17 5JN","19740401","19970430","C","Z","","","","0181 5203556","","","","0","","","","0",""
"F86640","LOCUM FOR DR ZI MALIK","Y53","Q36","COMELY BANK CLINIC","46 RAVENSWOOD ROAD","WALTHAMSTOW","LONDON","","E17 9LY","19740401","20120930","C","B","5NC","20030401","20120930","020 84307171","","","","0","","","","0",""
"F86643","DR SUBRAMANIAN PRACTICE","Y53","Q36","9 MANOR WAY","CHINGFORD","LONDON","","","E4 6NW","19740401","20120930","C","B","5NC","20030401","20120930","020 85244121","","","","0","","","","0",""
"F86645","NO NAME HELD","Y10","QA5","589 FOREST ROAD","","WALTHAMSTOW","","","E17 4PP","19740401","19920530","C","Z","","","","","","","","0","","","","0",""
"F86646","THE HAMPTON SURGERY","Y53","Q36","THE HAMPTON PRACTICE","57 HAMPTON ROAD","CHINGFORD","LONDON","","E4 8NH","19740401","20120930","C","B","5NC","20030401","20120930","020 85298588","","","","0","","","","0",""
"F86647","DR DJ KANABAR'S PRACTICE","Y53","Q36","37 KIMBERLEY ROAD","CHINGFORD","LONDON","","","E4 6DF","19740401","20120930","C","B","","20021001","20120930","0181 5298318","","","","0","","","","0",""
"F86648","NO NAME HELD","Y10","QA5","1 CAMBRIDGE ROAD","SEVEN KINGS","ILFORD","ESSEX","","IG3 8LU","19740401","19941002","C","Z","","","","081 5901177","","","","0","","","","0",""
"F86649","DR MALHOTRA PRACTICE","Y53","Q36","148 PALMERSTON ROAD","","WALTHAMSTOW","","","E17 6PY","19740401","20120930","C","B","5NC","20030401","20120930","020 85203059","","","","0","","","","0",""
"F86651","DR NS KUNWAR'S PRACTICE","Y53","Q36","THE SURGERY","178 BENNETTS CASTLE LANE","GOODMAYES, DAGENHAM","ESSEX","","RM8 3XP","19740401","20120930","C","B","5C2","20010401","20120930","020 85920499","","","","0","","","","0",""
"F86653","HARVEY ROAD SURGERY","Y53","Q36","36 HARVEY ROAD","LEYTONSTONE","LONDON","","","E11 3DB","19740401","20120930","C","B","5NC","20030401","20120930","020 85397414","","","","0","","","","0",""
"F86654","THE FULBOURNE SURGERY","Y53","Q36","117 FULBOURNE ROAD","WALTHAMSTOW","LONDON","","","E17 4HA","19740401","20120930","C","B","5NC","20030401","20120930","020 85276373","","","","0","","","","0",""
"F86656","NO NAME HELD","Y10","QA5","4 GOODALL ROAD","","LEYTONSTONE","","","E11 4EP","19740401","19910930","C","Z","","","","","","","","0","","","","0",""
"F86659","THE OLD HALL SURGERY","Y53","Q36","237 HALL LANE","CHINGFORD","LONDON","","","E4 8HX","19740401","20120930","C","B","5NC","20030401","20120930","020 85243410","","","","0","","","","0",""
"F86660","MARKS GATE HEALTH CENTRE","Y53","Q36","LAWN FARM GROVE","MARKS GATE","ROMFORD","ESSEX","","RM6 5LL","19850630","20120930","C","B","5C2","20010401","20120930","020 84653450","","","","0","","","","0",""
"F86662","THE NORTH CHINGFORD PRACTICE","Y53","Q36","93 THE RIDGEWAY","CHINGFORD","LONDON","","","E4 6QW","19740401","20120930","C","B","5NC","20030401","20120930","020 85296479","","","","0","","","","0",""
"F86663","LEYTONSTONE PMS GROUP","Y53","Q36","LEYTONSTONE PMS GROUP","226 HAINAULT ROAD","LEYTONSTONE","LONDON","","E11 1EP","19740401","20120930","C","B","5NC","20030401","20120930","020 85390261","","","","0","","","","0",""
"F86665","DR PRAKASH PRACTICE","Y53","Q36","LANGTHORNE HEALTH CENTRE","13 LANGTHORNE ROAD","LEYTONSTONE","LONDON","","E11 4HX","19870517","20120930","C","B","5NC","20030401","20120930","020 85569550","","","","0","","","","0",""
"F86667","DR MM RAHMAN'S PRACTICE","Y53","Q36","128 ST.JOHN'S ROAD","WALTHAMSTOW","LONDON","","","E17 4JJ","19740401","20120930","C","B","5NC","20030401","20120930","020 85312776","","","","0","","","","0",""
"F86669","NO NAME HELD","Y10","Q36","3 GRANVILLE ROAD","ILFORD","ESSEX","","","IG1 4JY","19740401","19920314","C","B","","20021001","20021001","","","","","0","","","","0",""
"F86671","LIME TREE & SINNOTT ROAD HEALTHCARE LTD","Y53","Q36","THE SURGERY","12B SINNOTT ROAD","WALTHAMSTOW","LONDON","","E17 5QB","19740401","20120930","C","B","5NC","20030401","20120930","0844 4770917","","","","0","","","","0",""
"F86672","NO NAME HELD","Y10","QA5","CROSSWAYS","STATION ROAD","FOREST APPROACH","CHINGFORD, LONDON","","E4 6AN","19860602","19990331","C","Z","","","","0181 5247621","","","","0","","","","0",""
"F86676","DR SIGGINS GREEN MAN MEDICAL CTR","Y53","Q36","GREEN MAN MEDICAL CENTRE","1 HANBURY DRIVE","LEYTONSTONE","LONDON","","E11 1GA","19850901","20120930","C","B","5NC","20030401","20120930","020 89892936","","","","0","","","","0",""
"F86677","BEAVIS SURGERY","Y53","Q36","4 ST BARNABAS ROAD","WOODFORD GREEN","ESSEX","","","IG8 7DA","19880201","20120930","C","B","5NA","20030401","20120930","020 85040032","","","","0","","","","0",""
"F86682","NO NAME HELD","Y10","QA5","23 ST.MARY'S AVENUE","WANSTEAD","LONDON","","","E11 2NR","19881219","19961006","C","Z","","","","0181 9892980","","","","0","","","","0",""
"F86683","NO NAME HELD","Y10","QA5","SEVEN KINGS HEALTH CENTRE","1 SALISBURY ROAD","SEVEN KINGS","ILFORD, ESSEX","","IG3 8BG","19890101","19921130","C","Z","","","","","","","","0","","","","0",""
"F86687","NO NAME HELD","Y10","QA5","GENERAL MANAGER","ILFORD CHAMBERS","11 CHAPEL ROAD","ILFORD, ESSEX","","IG1 2QU","19890401","19920828","C","Z","","","","","","","","0","","","","0",""
"F86690","NO NAME HELD","Y10","QA5","SEVEN KINGS HEALTH CENTRE","1 SALISBURY ROAD","SEVEN KINGS","ILFORD","","IG3 8BG","19890601","19930311","C","Z","","","","","","","","0","","","","0",""
"F86694","NO NAME HELD","Y10","QA5","258-260 HIGHAM HILL ROAD","","WALTHAMSTOW","LONDON","","E17 5RQ","19900604","19910425","C","Z","","","","","","","","0","","","","0",""
"F86695","NO NAME HELD","Y10","QA5","192 HIGHAM HILL ROAD","WALTHAMSTOW","LONDON","","","E17 6EJ","19900517","19910731","C","Z","","","","","","","","0","","","","0",""
"F86697","DR DEVA PRACTICE","Y53","Q36","ST.JAMES' HEALTH CENTRE","ST.JAMES' STREET","WALTHAMSTOW","LONDON","","E17 7NH","19901001","20120930","C","B","5NC","20030401","20120930","020 85209308","","","","0","","","","0",""
"F86699","DR SIDDIQUI PRACTICE","Y53","Q36","41 CARISBROOKE ROAD","WALTHAMSTOW","LONDON","","","E17 7EE","19910701","20120930","C","B","5NC","20030401","20120930","020 85208284","","","","0","","","","4",""
"F86706","WOOD STREET MEDICAL CENTRE","Y53","Q36","WOOD STREET MEDICAL CTR.","39 WOOD STREET","WALTHAMSTOW","LONDON","","E17 3JX","19940401","20120930","C","B","5NC","20030401","20120930","020 85036111","","","","0","","","","0",""
"F86711","NO NAME HELD","Y10","QA5","SOUTH WOODFORD HEALTH CTR","114 HIGH ROAD","SOUTH WOODFORD","LONDON","","E18 2QS","19970101","19980917","C","Z","","","","0181 4913310","","","","0","","","","0",""
"F86713","DR M SINGH'S PRACTICE","Y53","Q36","22 THE DRIVE","ILFORD","ESSEX","","","IG1 3HT","19990607","20120930","C","B","","20021001","20120930","020 85541961","","","","0","","","","0",""
"F86714","THE LOXFORD SURGERY","Y53","Q36","THE LOXFORD SURGERY","40 LOXFORD LANE","ILFORD","ESSEX","","IG1 2PJ","19990801","20120930","C","B","5NA","20030401","20120930","020 85533400","","","","0","","","","0",""
"F86715","UNREGISTERED PATIENTS","Y53","Q36","FOREST HEALTHCARE TRUST","WHIPPS CROSS HOPSITAL","LEYTONSTONE","","","E11 1NR","20000401","20130331","C","B","5NC","20030401","20130331","020 85356816","","","","1","","","","0",""
"F86716","UNREGISTERED PTNS RED PCT 1","Y53","Q36","REDBRIDGE HEALTHCARE TRUS","KING GEORGE HOSPITAL","BARLEY LANE","GOODMAYES","","IG3 8YB","20000401","20120930","C","B","5NA","20030401","20120930","020 89838000","","","","0","","","","0",""
"F86717","REDBRIDGE NHS DEPUTISING","Y53","Q36","BECKETTS HOUSE","2-14 ILFORD HILL","ILFORD","ESSEX","","IG1 2QX","20010401","20120930","C","B","5NA","20030401","20120930","020 89111130","","","","0","","","","0",""
"F86718","UNREGISTERED PTNS RED PCT 3","Y53","Q36","BECKETTS HOUSE","2-14 ILFORD HILL","ILFORD","ESSEX","","IG1 2QX","20010401","20120930","C","B","5NA","20030401","20120930","020 89265284","","","","0","","","","0",""
"F86719","UNREGISTERED PATIENTS","Y53","Q36","HURST ROAD HEALTH CENTRE","HURST ROAD","WALTHAMSTOW","LONDON","","E17 3BL","20010401","20120930","C","B","5NC","20030401","20120930","020 89282322","","","","0","","","","0",""
"F86720","UNIDENTIFIED PTNS PRIMECARE","Y53","Q36","BECKETTS HOUSE","2-14 ILFORD HILL","ILFORD","ESSEX","","IG1 2QX","20010401","20120930","C","B","5NA","20030401","20120930","020 89882345","","","","0","","","","0",""
"F86721","PTNS REGISTERED OUT OF AREA","Y53","Q36","BECKETTS HOUSE","2-14 ILFORD HILL","ILFORD","ESSEX","","IG1 2QX","20010401","20120930","C","B","5NA","20030401","20120930","020 89838000","","","","0","","","","0",""
"F86723","THE JOHN TELFORD PRACTICE","Y53","Q36","JOHN TELFORD CLINIC","45-59 CLEVELAND ROAD","ILFORD","ESSEX","","IG1 1EE","20010401","20120930","C","B","5NA","20030401","20120930","020 89246788","","","","0","","","","0",""
"F86724","COMMUNITY HEALTH CENTRE","Y53","Q36","COMMUNITY HC GROUND FLOOR","K/DALE HSE,7 KIRKDALE RD","LEYTONSTONE","","","E11 3QE","20010501","20120930","C","B","5NC","20030401","20120930","020 89282266","","","","0","","","","0",""
"F86725","PATIENT REG IN ELCHA","Y53","Q36","BECKETTS HOUSE","2-14 ILFORD HILL","ILFORD","ESSEX","","IG1 2QX","20010401","20130331","C","B","5NA","20030401","20130331","020 85395522","","","","1","","","","0",""
"F86726","PATIENTS REG IN ESSEX HA","Y53","Q36","BECKETTS HOUSE","2-14 ILFORD HILL","ILFORD","ESSEX","","IG1 2QX","20010401","20120930","C","B","5NC","20040801","20120930","020 85395522","","","","0","","","","0",""
"F86727","PATIENTS REGISTERED IN ELCHA","Y53","Q36","BECKETTS HOUSE","2-14 ILFORD HILL","ILFORD","ESSEX","","IG1 2QX","20010401","20120930","C","B","5NA","20030401","20120930","020 89838000","","","","0","","","","0",""
"F86728","PATIENTS REGISTERED IN ESSEX","Y53","Q36","BECKETTS HOUSE","2-14 ILFORD HILL","ILFORD","ESSEX","","IG1 2QX","20010401","20120930","C","B","5NA","20030401","20120930","020 89838000","","","","0","","","","0",""
"F86729","PATIENTS REGISTERED IN B & H","Y53","Q36","BECKETTS HOUSE","2-14 ILFORD HILL","ILFORD","ESSEX","","IG1 2QX","20010401","20120930","C","B","5NA","20030401","20120930","020 89838000","","","","0","","","","0",""
"F86730","UNREGISTERED PATIENTS","Y53","Q36","BECKETTS HOUSE","2-14 ILFORD HILL","ILFORD","ESSEX","","IG1 2QX","20010401","20130331","C","B","5NA","20030401","20130331","020 89882345","","","","1","","","","0",""
"F86732","THE WX(GP CENTRE) PRACTICE","Y53","Q36","THE GP CENTRE","WHIPPS CROSS HOSPITAL","WHIPPS CROSS ROAD","LEYTONSTONE","","E11 1NR","20020501","20120930","C","B","5NC","20030401","20120930","020 85566449","","","","0","","","","0",""
"F86733","DESAI SURGERY","Y53","Q36","59 SHELLEY AVENUE","MANOR PARK","LONDON","","","E12 6PX","20020701","20120930","C","B","5NA","20030401","20120930","020 84780555","","","","0","","","","0",""
"G81067","NO NAME HELD","Y11","QAM","4 ALBION STREET","","LEWES","","","BN7 2ND","19740401","19930408","C","Z","","","","","","","","0","","","","0",""
"G81069","NO NAME HELD","Y11","QAM","THE SURGERY","98 THE DRIVE","HOVE","EAST SUSSEX","","BN3 6GP","19740401","19940425","C","Z","","","","0273 779947","","","","0","","","","0",""
"G81079","NO NAME HELD","Y11","QAM","DEEPDENE","47 FALMER ROAD","ROTTINGDEAN","BRIGHTON","","BN2 7DA","19740401","19940630","C","Z","","","","0273 303787","","","","0","","","","0",""
"G81081","NO NAME HELD","Y11","QAM","THE SURGERY","139 BATTLE ROAD","ST. LEONARDS-ON-SEA","","","TN37 7AE","19740401","19940501","C","Z","","","","0424 425040","","","","0","","","","0",""
"G81092","NO NAME HELD","Y11","QAM","204 NEW CHURCH ROAD","","HOVE","","","BN3 4EA","19740401","19941031","C","Z","","","","","","","","0","","","","0",""
"G81101","CROSS IN HAND SURGERY","Y52","Q37","THE FIRS","CROSS-IN-HAND","HEATHFIELD","","","TN21 0LT","19740401","20120930","C","B","5P7","20061001","20120930","01435 862021","","","","0","","","","0",""
"G81604","HARTFIELD SURGERY","Y52","Q37","THE SURGERY","SNOWDENHAM","CHURCH STREET","HARTFIELD","","TN7 4AQ","19740401","20120930","C","B","5P7","20061001","20120930","01892 770402","","","","0","","","","0",""
"G81610","NO NAME HELD","Y11","QAM","THE SANATORIUM","EASTBOURNE COLLEGE","CARLISLE ROAD","EASTBOURNE","","BN21 4BT","19740401","19920731","C","Z","","","","","","","","0","","","","0",""
"G81617","NO NAME HELD","Y11","QAM","22 LEICESTER VILLAS","","HOVE","","","BN3 5SQ","19740401","19930212","C","Z","","","","","","","","0","","","","0",""
"G81624","DR EM LACEY'S PRACTICE","Y52","Q37","THE SURGERY","37 COLLINGTON AVENUE","BEXHILL-ON-SEA","","","TN39 3PX","19740401","20120930","C","B","5P8","20061001","20120930","01424 223339","","","","0","","","","0",""
"G81625","DR MG BARLEY'S PRACTICE","Y52","Q37","CHURCH SURGERY","SAUNDERS PARK RISE","LEWES ROAD","BRIGHTON","","BN2 4ES","19740401","20120930","C","B","5LQ","20020401","20120930","01273 684500","","","","0","","","","0",""
"G81626","NO NAME HELD","Y11","QAM","29 CORNWALLIS GARDENS","","HASTINGS","","","TN34 1LR","19740401","19911001","C","Z","","","","","","","","0","","","","0",""
"G81628","WILBURY ROAD SURGERY","Y52","Q37","THE SURGERY","28 WILBURY ROAD","HOVE","EAST SUSSEX","","BN3 3JP","19740401","20120930","C","B","5LQ","20020401","20120930","01273 733830","","","","0","","","","0",""
"G81630","NO NAME HELD","Y11","QAM","THE SURGERY","TRENT PLACE","EDWARD STREET","BRIGHTON","","BN2 2JX","19740401","19940331","C","Z","","","","","","","","0","","","","0",""
"G81631","DR DJE EVANS' PRACTICE","Y52","Q37","THE SURGERY","1 ONSLOW ROAD","HOVE","BRIGHTON","","BN3 6TA","19740401","20120930","C","B","5LQ","20020401","20120930","01273 502379","","","","0","","","","0",""
"G81632","PORTLAND ROAD SURGERY","Y52","Q37","THE EATON CENTRE","3 EATON GARDENS","HOVE","","","BN3 3TL","19740401","20120930","C","B","5LQ","20020401","20120930","01273 733620","","","","0","","","","0",""
"G81635","ST JAMES AVENUE SURGERY","Y52","Q37","THE SURGERY","31 ST JAMES AVENUE","BRIGHTON","EAST SUSSEX","","BN2 1QD","19740401","20120930","C","B","5LQ","20020401","20120930","01273 675252","","","","0","","","","0",""
"G81637","NO NAME HELD","Y11","QAM","THE TARNER HOME","TILBURY PLACE","BRIGHTON","","","BN2 2GY","19740401","19910830","C","Z","","","","","","","","0","","","","0",""
"G81639","NO NAME HELD","Y11","QAM","SEVEN DIALS MEDICAL CTR.","24 MONTPELIER CRESCENT","BRIGHTON","EAST SUSSEX","","BN1 3JJ","19860819","19940331","C","Z","","","","","","","","0","","","","0",""
"G81644","HIGHCROFT VILLAS MED PRAC","Y52","Q37","HIGHCROFT VILLAS MED.PRAC","35A CHATSWORTH ROAD","BRIGHTON","","","BN1 5DA","19740401","20120930","C","B","5LQ","20020401","20120930","01273 552063","","","","0","","","","0",""
"G81645","PRESTON CIRCUS SURGERY","Y52","Q37","THE SURGERY","9 BEACONSFIELD ROAD","BRIGHTON","","","BN1 4QH","19740401","20120930","C","B","5LQ","20020401","20120930","01273 698666","","","","0","","","","0",""
"G81647","NO NAME HELD","Y11","QAM","THE SURGERY","45 WELLINGTON SQUARE","HASTINGS","","","TN34 1PN","19740401","19980301","C","Z","","","","01424 722166","","","","0","","","","0",""
"G81648","ELM GROVE MEDICAL CENTRE","Y52","Q37","THE SURGERY","151 ELM GROVE","BRIGHTON","","","BN2 3ES","19740401","20120930","C","B","5LQ","20020401","20120930","0844 4773801","","","","0","","","","4",""
"G81650","ALFRISTON SURGERY","Y52","Q37","THE SURGERY","THE FURLONGS, ALFRISTON","POLEGATE","EAST SUSSEX","","BN26 5XT","19740401","20120930","C","B","5P7","20061001","20120930","01323 870244","","","","0","","","","0",""
"G81652","NO NAME HELD","Y11","QAM","THE SURGERY","179 SOUTH COAST ROAD","PEACEHAVEN","NEWHAVEN","","BN10 8NR","19740401","19980101","C","Z","","","","01273 581629","","","","0","","","","0",""
"G81653","HIGH GLADES MEDICAL CENTRE","Y52","Q37","HIGH GLADES MEDICAL CTR","9A UPPER CHURCH ROAD","ST LEONARDS ON SEA","EAST SUSSEX","","TN37 7AT","19740401","20120930","C","B","5P8","20061001","20120930","01424 754678","","","","0","","","","0",""
"G81654","NO NAME HELD","Y11","QAM","THE SURGERY","70 HIGH STREET","HAILSHAM","","","BN27 1AX","19740401","19980930","C","Z","","","","01323 844555","","","","0","","","","0",""
"G81655","NO NAME HELD","Y11","QAM","FOXHILL MEDICAL CENTRE","10-11 FOXHILL","PEACEHAVEN","NEWHAVEN","","BN9 7SE","19740401","19920331","C","Z","","","","","","","","0","","","","0",""
"G81657","ROEBUCK HOUSE - PRACTICE 2","Y52","Q37","ROEBUCK HOUSE","HIGH STREET","HASTINGS","EAST SUSSEX","","TN34 3EY","19861101","20120930","C","B","5P8","20061001","20120930","01424 420378","","","","0","","","","0",""
"G81660","BUCKHURST ROAD SURGERY","Y52","Q37","THE SURGERY","7 BUCKHURST ROAD","BEXHILL-ON-SEA","","","TN40 1QF","19740401","20120930","C","B","5P8","20061001","20120930","01424 214757","","","","0","","","","0",""
"G81664","DR K THURSTON'S PRACTICE","Y52","Q37","THE SURGERY,LYDFORD MEWS","23 HIGH STREET","EAST HOATHLY","EAST SUSSEX","","BN8 6DR","19870516","20120930","C","B","5P7","20061001","20120930","01825 840943","","","","0","","","","0",""
"G81671","NO NAME HELD","Y11","QAM","THE SURGERY","28 WILBURY ROAD","HOVE","BRIGHTON","","BN3 3JP","19850401","19970331","C","Z","","","","01273 207426","","","","0","","","","0",""
"G81672","NO NAME HELD","Y11","Q37","THE SURGERY","6 CORNWALL GARDENS","BRIGHTON","","","BN1 6RJ","19900205","19950831","C","B","","20021001","20021001","","","","","0","","","","0",""
"G81673","WELLINGTON SQUARE MEDICAL CENTRE - HH","Y52","Q37","THE SURGERY","45 WELLINGTON SQUARE","HASTINGS","","","TN34 1PN","19900101","20120930","C","B","5P8","20061001","20120930","01424 722166","","","","0","","","","0",""
"G81674","NO NAME HELD","Y11","QAM","THE SURGERY","28 WILBURY ROAD","HOVE","","","BN3 3JP","19901001","19920831","C","Z","","","","","","","","0","","","","0",""
"G81675","STONE STREET SURGERY","Y52","Q37","STATION PLAZA H/CENTRE","STATION APPROACH","HASTINGS","EAST SUSSEX","","TN34 1BA","19901101","20120930","C","B","5P8","20061001","20120930","01424 464758","","","","0","","","","4",""
"G81678","DR PL HAYS' PRACTICE","Y52","Q37","NICKI WEST MEMORIAL SURG.","THE HEALTH CENTRE","VICARAGE FIELD, HAILSHAM","EAST SUSSEX","","BN27 1BE","19911201","20120930","C","B","5P7","20061001","20120930","01323 440202","","","","0","","","","0",""
"G81679","NO NAME HELD","Y11","QAM","GENERAL MANAGER","SPRINGMAN HOUSE","8 NORTH STREET","LEWES, SUSSEX","","BN7 2PB","19920401","19920501","C","Z","","","","","","","","0","","","","0",""
"G81681","BEACON HOSPICE","Y52","Q37","BEACON HOSPICE","BEVENDEAN ROAD","BRIGHTON","","","BN2 4DE","19921118","20120930","C","B","5LQ","20020401","20120930","01273 694222","","","","0","","","","0",""
"G81683","NO NAME HELD","Y11","Q37","THE EATON GARDENS SURGERY","3 EATON GARDENS","HOVE","","","BN3 3TL","19940401","19990331","C","B","","20021001","20021001","01273 733620","","","","0","","","","0",""
"G81686","NINFIELD SURGERY","Y52","Q37","THE SURGERY","HIGH STREET","NINFIELD, NR.BATTLE","EAST SUSSEX","","TN33 9JP","19960301","20120930","C","B","5P8","20061001","20120930","01424 892569","","","","0","","","","0",""
"G81688","NO NAME HELD","Y11","QAM","THE EATON GARDENS SURGERY","3 EATON GARDENS","HOVE","","","BN3 3TL","19970601","19970630","C","Z","","","","01273 733620","","","","0","","","","0",""
"G81693","WELLINGTON SQUARE MEDICAL CENTRE - DTTO","Y52","Q37","(DTTO PROJECT)","5A TRINITY STREET","HASTINGS","","","TN34 1HG","19990601","20120930","C","B","5P8","20061001","20120930","01424 441548","","","","0","","","","0",""
"G81695","NO NAME HELD","Y11","Q37","THE EATON GARDENS SURGERY","3 EATON GARDENS","HOVE","","","BN3 3TL","19991001","20000531","C","B","5LQ","20021001","20021001","01273 733620","","","","0","","","","0",""
"G81697","BRIGHTON DTTO PROJECT","Y52","Q37","26 DITCHLING ROAD","","BRIGHTON","","","BN1 4SF","20010210","20120930","C","B","5LQ","20020401","20120930","01273 242106","","","","0","","","","0",""
"G81698","CUCKMERE SURGERY","Y52","Q37","CUCKMERE SURGERY","THE HEALTH CENTRE","VICARAGE FIELD","HAILSHAM","","BN27 1BE","20010401","20120930","C","B","5P7","20061001","20120930","01323 449567","","","","0","","","","0",""
"G81699","TRAVELLING COMMUNITY (B & H)","Y52","Q37","PRESTAMEX HOUSE","171-173 PRESTON ROAD","BRIGHTON","","","BN1 6AG","20011001","20120930","C","B","5LQ","20020401","20120930","01273 295057","","","","0","","","","0",""
"G81700","S D & W TRANSIENT RESIDENTS","Y52","Q37","COMMUNITY HEALTH SERVICES","36-38 FRIARS WALK","LEWES","","","BN7 2PB","20011101","20120930","C","B","5P7","20061001","20120930","01273 485300","","","","0","","","","0",""
"G81701","YOUNG PERSONS SMS","Y52","Q37","OVEST HOUSE","58 WEST STREET","BRIGHTON","","","BN1 2RA","20020415","20120930","C","B","5LQ","20020415","20120930","01273 293966","","","","0","","","","0",""
"G81702","CJS TREATMENT SERVICE","Y52","Q37","26 DITCHLING ROAD","","BRIGHTON","","","BN1 4SF","20020415","20120930","C","B","5LQ","20020415","20120930","01273 242172","","","","0","","","","0",""
"G82009","BALMORAL RD SURGERY","Y52","Q37","12 BALMORAL ROAD","GILLINGHAM","KENT","","","ME7 4PG","19740401","20120930","C","B","5L3","20020401","20120930","01634 854933","","","","0","","","","0",""
"G82010","GUN LANE MEDICAL CENTRE SURGERY A","Y52","Q37","THE MEDICAL CENTRE","GUN LANE SURGERY,STROOD","ROCHESTER","KENT","","ME2 4UW","19740401","20120930","C","B","5L3","20020401","20120930","01634 726555","","","","0","","","","0",""
"G82033","HEMPSTEAD OLD SURGERY","Y52","Q37","114 WOODSIDE ROAD","WIGMORE","GILLINGHAM","KENT","","ME8 0PW","19740401","20120930","C","B","5L3","20020401","20120930","01634 234131","","","","0","","","","0",""
"G82043","MARINE PARADE","Y52","Q37","ALEXANDRA VILLA","19 MARINE PARADE","SHEERNESS","KENT","","ME12 2AP","19740401","20120930","C","B","5QA","20061001","20120930","01795 585058","","","","0","","","","0",""
"G82045","HEALTH AUTHORITY LOCUM","Y52","Q37","THE MEDICAL CENTRE","GUN LANE SURGERY","ROCHESTER,STROOD","KENT","","ME2 4UW","19740401","20120930","C","B","5L3","20020401","20120930","01634 720722","","","","0","","","","0",""
"G82047","NO NAME HELD","Y11","Q37","STAFFORD HOUSE","16 EAST STREET","TONBRIDGE","KENT","","TN9 1HG","19740401","19990331","C","B","","20021001","20021001","01732 366677","","","","0","","","","0",""
"G82068","DR MW FLETCHER'S PRACTICE","Y52","Q37","THE CENTRAL SURGERY","2 SURREY GARDENS","BIRCHINGTON","KENT","","CT7 9SB","19740401","20120930","C","B","5QA","20061001","20120930","01843 841384","","","","0","","","","0",""
"G82070","DR SA LINGAM'S PRACTICE","Y52","Q37","BEAVER LANE SURGERY","49 BEAVER LANE","ASHFORD","KENT","","TN23 5NU","19740401","20120930","C","B","","20021001","20120930","01233 624917","","","","0","","","","0",""
"G82078","NO NAME HELD","Y11","QAF","THE MEDICAL CENTRE","HADLOW OLD SCHOOL","SCHOOL LANE, HADLOW","KENT","","TN11 0ET","19740401","19980930","C","Z","","","","01732 850248","","","","0","","","","0",""
"G82116","EAST CLIFF PRACTICE","Y52","Q37","MONTEFIORE MEDICAL CENTRE","DUMPTON PARK DRIVE","RAMSGATE","KENT","","CT11 8AD","19740401","20120930","C","B","5QA","20061001","20120930","01843 855800","","","","0","","","","0",""
"G82127","NO NAME HELD","Y11","QAF","BRYANT STREET MEDICAL CTR","29 BRYANT STREET","CHATHAM","KENT","","ME4 5QS","19740401","19930930","C","Z","","","","","","","","0","","","","0",""
"G82130","DR SJ WILLIAMS' PRACTICE","Y52","Q37","THE SURGERY","KINGSWOOD ROAD","TUNBRIDGE WELLS","KENT","","TN2 4UJ","19740401","20120930","C","B","5P9","20061001","20120930","01892 511833","","","","0","","","","0",""
"G82131","MOHR SUN LANE","Y52","Q37","SUN LANE SURGERY","HYTHE","5 SUN LANE","KENT","","CT21 5JX","19740401","20120930","C","B","5QA","20061001","20120930","01303 267131","","","","0","","","","0",""
"G82132","CHURCH HOUSE SURGERY","Y52","Q37","CHURCH HOUSE SURGERY","CHURCH LANE","TONBRIDGE","KENT","","TN9 1DA","19740401","20120930","C","B","5P9","20061001","20120930","01732 353225","","","","0","","","","4",""
"G82134","LORDSWOOD HTH CTR,SURGERY A","Y52","Q37","LORDSWOOD HEALTH CENTRE","SULTAN ROAD","LORDSWOOD","CHATHAM,KENT","","ME5 8TJ","19740401","20120930","C","B","5L3","20020401","20120930","01634 666996","","","","0","","","","0",""
"G82136","NO NAME HELD","Y11","QAE","ST.ANNE'S SURGERY","161 STATION ROAD","HERNE BAY","KENT","","CT6 5NF","19740401","19960331","C","Z","","","","01227742427","","","","0","","","","0",""
"G82163","MARLING WAY SURGERY","Y52","Q37","117 MARLING WAY","","GRAVESEND","KENT","","DA12 4RQ","19740401","20120930","C","B","5P9","20061001","20120930","01474 533201","","","","0","","","","0",""
"G82168","MALLING HEALTH 2","Y52","Q37","105 NELSON ROAD","","GILLINGHAM","KENT","","ME7 4LT","19740401","20120930","C","B","5L3","20020401","20120930","01634 850943","","","","0","","","","0",""
"G82169","DR MR JENNER'S PRACTICE","Y52","Q37","HILL HOUSE","CLANRICARDE ROAD","TUNBRIDGE WELLS","KENT","","TN1 1PJ","19740401","20120930","C","B","5P9","20061001","20120930","01892 543516","","","","0","","","","0",""
"G82176","WEST DRIVE SURGERY","Y52","Q37","WEST DRIVE SURGERY","WEST DRIVE","CHATHAM","KENT","","ME5 9XG","19740401","20120930","C","B","5L3","20020401","20120930","01634 867587","","","","0","","","","4",""
"G82177","LOCUM FOR DR GN LALL","Y52","Q37","8 EATON ROAD","MARGATE","KENT","","","CT9 1XE","19740401","20120930","C","B","5QA","20061001","20120930","01843 220881","","","","0","","","","0",""
"G82178","DR SWALE PCT LOCUM","Y52","Q37","9 LONDON ROAD","SITTINGBOURNE","KENT","","","ME10 1NQ","19740401","20120930","C","B","5QA","20061001","20120930","01795 472018","","","","0","","","","0",""
"G82183","GROVE GREEN","Y52","Q37","NEW GROVE GREEN MED.CTR.","UNIT 1, MINOR CENTRE","GROVE GREEN, MAIDSTONE","KENT","","ME14 5TQ","19740401","20120930","C","B","5P9","20061001","20120930","01622 734775","","","","0","","","","0",""
"G82190","YEW TREE SURGERY","Y52","Q37","8 YEW TREE ROAD","SOUTHBOROUGH","TUNBRIDGE WELLS","KENT","","TN4 0BA","19740401","20120930","C","B","5P9","20061001","20120930","01892 529601","","","","0","","","","0",""
"G82193","NO NAME HELD","Y11","Q37","THE VILLAGE HALL","PENSHURST","TONBRIDGE","KENT","","TN11 8BP","19740401","19971231","C","B","","20021001","20021001","01892870208","","","","0","","","","0",""
"G82199","DR PRA ATTWOOD'S PRACTICE","Y52","Q37","1 WICKHAM AVENUE","RAMSGATE","KENT","","","CT11 8AY","19740401","20120930","C","B","5QA","20061001","20120930","01843 593420","","","","0","","","","0",""
"G82201","AYLESHAM HEALTH CENTRE","Y52","Q37","CANTERBURY HEALTH CENTRE","26 OLD DOVER ROAD","CANTERBURY","KENT","","CT1 3JH","19740401","20120930","C","B","5QA","20061001","20120930","01227 765057","","","","0","","","","0",""
"G82214","WAYFIELD ROAD OLD SURGERY","Y52","Q37","183B WAYFIELD ROAD","CHATHAM","KENT","","","ME5 0HD","19740401","20120930","C","B","5L3","20020401","20120930","01634 845613","","","","0","","","","0",""
"G82216","QURESHI OLD SURGERY","Y52","Q37","126 NELSON ROAD","GILLINGHAM","KENT","","","ME7 4LL","19740401","20120930","C","B","5L3","20020401","20120930","01634 571740","","","","0","","","","0",""
"G82220","NO NAME HELD","Y11","QAF","35 HIGH STREET","GRAVESEND","KENT","","","DA11 0AZ","19740401","19920527","C","Z","","","","","","","","0","","","","0",""
"G82222","DR JT HAYDEN'S PRACTICE","Y52","Q37","EASTFIELD SURGERY","4 EASTFIELD STREET","BIRCHINGTON","KENT","","CT7 9RH","19740401","20120930","C","B","5QA","20061001","20120930","01843 841128","","","","0","","","","0",""
"G82223","NO NAME HELD","Y11","QAE","THE HEALTH CENTRE","MAISON DIEU ROAD","DOVER","KENT","","CT16 1RH","19740401","19911231","C","Z","","","","","","","","0","","","","0",""
"G82608","NO NAME HELD","Y11","QAE","17 ST PETER'S ROAD","BROADSTAIRS","KENT","","","CT10 2AG","19740401","19940331","C","Z","","","","","","","","0","","","","0",""
"G82611","NO NAME HELD","Y11","QAF","PINE COTTAGE","WALKHURST RD","BENENDEN","CRANBROOK, KENT","","TN17 4DR","19740401","19920630","C","Z","","","","","","","","0","","","","0",""
"G82619","NO NAME HELD","Y11","QAF","POND CLOSE","SPELDHURST ROAD","LANGTON GREEN","KENT","","TN3 0JF","19740401","19940601","C","Z","","","","0892 862005","","","","0","","","","0",""
"G82620","NO NAME HELD","Y11","Q37","THE BOWER SURGERY","HIGH STREET, STAPLEHURST","TONBRIDGE","KENT","","TN12 0BL","19740401","19990726","C","B","","20021001","20021001","01580 891395","","","","0","","","","0",""
"G82621","NO NAME HELD","Y11","QAE","PILGRIMS HOSPICE","56 LONDON ROAD","CANTERBURY","","","CT2 8IJ","19740401","19950831","C","Z","","","","01227459700","","","","0","","","","0",""
"G82623","NO NAME HELD","Y11","QAF","1 CREVEQUER CHAMBERS","35 HIGH STREET","RAINHAM","KENT","","ME8 7HS","19740401","19910830","C","Z","","","","","","","","0","","","","0",""
"G82625","NO NAME HELD","Y11","QAE","TARA","THE DROVEWAY","ST.MARGARETS BAY","DOVER, KENT","","CT15 6BT","19740401","19930430","C","Z","","","","","","","","0","","","","0",""
"G82629","DR PASOLA","Y52","Q37","31 LONDON ROAD","","SITTINGBOURNE","KENT","","ME10 1NQ","19860101","20120930","C","B","5QA","20061001","20120930","01795 472534","","","","0","","","","4",""
"G82632","DR HPBT DE SILVA'S PRACTICE","Y52","Q37","BROADSTAIRS HEALTH CENTRE","THE BROADWAY","BROADSTAIRS","KENT","","CT10 2AJ","19740401","20120930","C","B","5QA","20061001","20120930","01843 861014","","","","0","","","","0",""
"G82633","NO NAME HELD","Y11","Q37","THE CORN STORES","NARGATE STREET","LITTLEBOURNE","KENT","","CT3 1UH","19900501","19930104","C","B","","20021001","20021001","","","","","0","","","","0",""
"G82640","NO NAME HELD","Y11","QAE","67 HIGH STREET","WINGHAM","CANTERBURY","","","CT3 1AA","19740401","19940331","C","Z","","","","","","","","0","","","","0",""
"G82642","NO NAME HELD","Y11","QAF","126 LUTON ROAD","","CHATHAM","","","ME4 5AD","19740401","19910801","C","Z","","","","","","","","0","","","","0",""
"G82643","DR K NAGAPPA'S PRACTICE","Y52","Q37","41 EYTHORNE ROAD","SHEPHERDSWELL","NR. DOVER","KENT","","CT15 7PG","19740401","20120930","C","B","","20021001","20120930","01304 830846","","","","0","","","","0",""
"G82645","NO NAME HELD","Y11","QAE","123 CHERITON ROAD","FOLKESTONE","KENT","","","CT19 5HD","19740401","19950331","C","Z","","","","0303 850585","","","","0","","","","0",""
"G82646","DR BACHAN SINGH'S PRACTICE","Y52","Q37","LITTLE KNIGHTS RIDGE","59 LOWER GREEN ROAD","PEMBURY","TUNBRIDGE WELLS,KENT","","TN2 4EA","19740401","20120930","C","B","5P9","20061001","20120930","0189282 2005","","","","0","","","","0",""
"G82654","DR HP RING'S PRACTICE","Y52","Q37","SENACRE WOOD SURGERY","RECULVER WALK","SENACRE","MAIDSTONE, KENT","","ME15 8SW","19740401","20120930","C","B","5P9","20061001","20120930","01622 761963","","","","0","","","","0",""
"G82655","NO NAME HELD","Y11","QAE","23 CHERRY TREE AVENUE","DOVER","KENT","","","CT16 2NL","19740401","19940430","C","Z","","","","","","","","0","","","","0",""
"G82659","MANZOORI CLINIC","Y52","Q37","MANZOORI CLINIC","322 CLAREMONT ROAD","HEXTABLE","KENT","","BR8 7QZ","19740401","20120930","C","B","5P9","20061001","20120930","01322 668900","","","","0","","","","4",""
"G82660","QUEENS ROAD SURGERY","Y52","Q37","BROADSTAIRS HEALTH CENTRE","THE BROADWAY","BROADSTAIRS","KENT","","CT10 2AJ","19740401","20120930","C","B","5QA","20061001","20120930","01843 862648","","","","0","","","","0",""
"G82661","BRYANT STREET MEDICAL CTR SURGERY M","Y52","Q37","BRYANT STREET MEDICAL CTR","29 BRYANT STREET","CHATHAM","KENT","","ME4 5QS","19740401","20120930","C","B","5L3","20020401","20120930","01634 848913","","","","0","","","","0",""
"G82664","KIRAN VIRDEE MEDICAL CTR.","Y52","Q37","GREEN SUITE,LORDSWOOD CTR","SULTAN ROAD,LORDSWOOD","CHATHAM","KENT","","ME5 8TJ","19850805","20120930","C","B","5L3","20020401","20120930","01634 337445","","","","0","","","","0",""
"G82668","NO NAME HELD","Y11","QAE","STATION GATE SURGERY","147 HIGH STREET","BROADSTAIRS","KENT","","CT10 1NG","19740401","19970531","C","Z","","","","01843 62855","","","","0","","","","0",""
"G82672","AVICENNA","Y52","Q37","OXLEY SHAW LANE","LEYBOURNE","MAIDSTONE","KENT","","ME19 5PU","19740401","20120930","C","B","5P9","20061001","20120930","01732 841561","","","","0","","","","0",""
"G82675","NO NAME HELD","Y11","Q37","22 LIME HILL ROAD","TUNBRIDGE WELLS","KENT","","","TN1 1LL","19740401","20000131","C","B","","20021001","20021001","01892 515344","","","","0","","","","0",""
"G82676","BRYANT STREET MEDICAL CENTRE","Y52","Q37","29 BRYANT STREET","CHATHAM","KENT","","","ME4 5QS","19740401","20120930","C","B","5L3","20020401","20120930","01634 811463","","","","0","","","","4",""
"G82677","NO NAME HELD","Y11","Q37","81 WOODFIELD AVENUE","GRAVESEND","KENT","","","DA11 7QQ","19871016","19990930","C","B","","20021001","20021001","01474 533262","","","","0","","","","0",""
"G82680","DR ELSE PRACTICE","Y52","Q37","MEMORIAL MEDICAL CENTRE","BELL ROAD","SITTINGBOURNE","KENT","","ME10 4XX","19860101","20120930","C","B","5QA","20061001","20120930","01795477764","","","","0","","","","0",""
"G82683","GREEN PRACTICE, DWHC","Y52","Q37","DARTFORD WEST HTH.CTR.","TOWER ROAD","DARTFORD","","","DA1 2HA","19740401","20120930","C","B","5P9","20061001","20120930","01322 291636","","","","0","","","","0",""
"G82689","BROADSTAIRS HEALTH CENTRE","Y52","Q37","BROADSTAIRS HEALTH CENTRE","THE BROADWAY","BROADSTAIRS","KENT","","CT10 2AJ","19740401","20120930","C","B","5QA","20061001","20120930","01843 861565","","","","0","","","","0",""
"G82694","NO NAME HELD","Y11","QAF","THE HEALTH CENTRE","HOLDING STREET","RAINHAM","GILLINGHAM,KENT","","ME8 7JP","19740401","19930930","C","Z","","","","","","","","0","","","","0",""
"G82695","NO NAME HELD","Y11","QAE","19 CHERITON HIGH STREET","FOLKESTONE","KENT","","","CT19 4ES","19740401","19981231","C","Z","","","","01303 275500","","","","0","","","","0",""
"G82701","MALVERN ROAD SURGERY","Y52","Q37","90-92 MALVERN ROAD","GILLINGHAM","KENT","","","ME7 4BB","19740401","20120930","C","B","5L3","20020401","20120930","01634578333","","","","0","","","","0",""
"G82705","NO NAME HELD","Y11","Q37","PARKVIEW SURGERY","127 STATION ROAD","RAINHAM, GILLINGHAM","KENT","","ME8 7SP","19740401","20000131","C","B","","20021001","20021001","01634 268360","","","","0","","","","0",""
"G82707","NO NAME HELD","Y11","QAF","THE CLINIC","94 BOW ROAD","WATERINGBURY","MAIDSTONE,KENT","","ME18 5DS","19860327","19920401","C","Z","","","","","","","","0","","","","0",""
"G82713","NO NAME HELD","Y11","QAE","35 HIGH STREET","HYTHE","KENT","","","CT21 5AD","19740401","19951031","C","Z","","","","01303264441","","","","0","","","","0",""
"G82714","BEAN VILLAGE SURGERY","Y52","Q37","BEAN VILLAGE SURGERY","SOUTHFLEET ROAD","BEAN","KENT","","DA2 8BS","19870601","20120930","C","B","5P9","20061001","20120930","01474 707236","","","","0","","","","4",""
"G82720","NO NAME HELD","Y11","QAF","THE PARKWOOD HTH.CTR.","LONG CATLIS ROAD","PARKWOOD, RAINHAM","GILLINGHAM, KENT","","ME8 9PR","19851001","19990103","C","Z","","","","01634 233551","","","","0","","","","0",""
"G82723","HTUN OLD SURGERY","Y52","Q37","THE SURGERY","SILVER SPOT CLOSE","RAINHAM,GILLINGHAM","KENT","","ME8 8JR","19860701","20120930","C","B","5L3","20020401","20120930","01634 388986","","","","0","","","","0",""
"G82725","NO NAME HELD","Y11","QAF","CROCKENHILL VALE SURGERY","2 ST.JAMES COTTAGES","EYNSFORD ROAD","CROCKENHILL, KENT","","BR8 8JT","19870302","19970331","C","Z","","","","01322 667447","","","","0","","","","0",""
"G82731","DENMARK STREET","Y52","Q37","1 DENMARK STREET","FOLKESTONE","KENT","","","CT19 6EJ","19880401","20120930","C","B","5QA","20061001","20120930","01303 850216","","","","0","","","","4",""
"G82736","MALLING HEALTH 3","Y52","Q37","PARKWOOD HEALTH CENTRE","LONG CATLIS ROAD","PARKWOOD, RAINHAM","GILLINGHAM, KENT","","ME8 9PR","19880501","20120930","C","B","5L3","20020401","20120930","01634 337632","","","","0","","","","0",""
"G82740","WALDERSLADE MEDICAL CTR. SURGERY D","Y52","Q37","WALDERSLADE MEDICAL CTR.","PRINCES AVENUE","CHATHAM","KENT","","ME5 7PQ","19880601","20120930","C","B","5L3","20020401","20120930","01634 682611","","","","0","","","","0",""
"G82742","NO NAME HELD","Y11","QAE","DOVER HEALTH CENTRE","MAISON DIEU ROAD","DOVER","KENT","","CT16 1RH","19880701","19981031","C","Z","","","","01304 865544","","","","0","","","","0",""
"G82745","DR DG PRATT'S PRACTICE","Y52","Q37","GLEBE HOUSE","ST.STEPHENS GREEN","CANTERBURY","","","CT2 7JT","19881001","20120930","C","B","5QA","20061001","20120930","01227 454085","","","","0","","","","0",""
"G82747","GUELDER ROSE","Y52","Q37","GUELDER ROSE MEDICAL CTR.","HEADCORN ROAD","STAPLEHURST","KENT","","TN12 0BU","19890201","20120930","C","B","5P9","20061001","20120930","01580 893045","","","","0","","","","0",""
"G82749","NO NAME HELD","Y11","QAE","DEAL","KENT","","","","CT14 9UA","19890401","19960131","C","Z","","","","01304 372122","","","","0","","","","0",""
"G82750","NO NAME HELD","Y11","QAE","FAVERSHAM HEALTH CENTRE","BANK STREET","FAVERSHAM","","","ME13 8QR","19890501","19920430","C","Z","","","","","","","","0","","","","0",""
"G82759","NO NAME HELD","Y11","QAE","CASUALTY UNIT","FOLKESTONE","KENT","","","CT19 5AN","19900301","19960131","C","Z","","","","01303 850202","","","","0","","","","0",""
"G82761","NO NAME HELD","Y11","QAF","GRAVESEND & N.KENT HOSP.","BATH STREET","GRAVESEND","KENT","","DA11 0DG","19900501","19960131","C","Z","","","","01474 564333","","","","0","","","","0",""
"G82766","ROCHESTER HEALTH CENTRE  SURGERY D","Y52","Q37","ROCHESTER COM HEALTHY LIV","DELCE ROAD","ROCHESTER","KENT","","ME1 2EL","19910401","20120930","C","B","5L3","20020401","20120930","01634 334202","","","","0","","","","0",""
"G82767","DR AC GRANT'S PRACTICE","Y52","Q37","ORCHARD END SURGERY","DOROTHY AVENUE","CRANBROOK","KENT","","TN17 3AY","19910201","20120930","C","B","5P9","20061001","20120930","01580 713622","","","","0","","","","0",""
"G82770","NO NAME HELD","Y11","QAF","124 LUTON ROAD","CHATHAM","KENT","","","ME4 5AD","19910415","19921031","C","Z","","","","","","","","0","","","","0",""
"G82771","NO NAME HELD","Y11","QAF","GENERAL MANAGER","11 STATION ROAD","MAIDSTONE","KENT","","ME14 1QH","19910701","19920430","C","Z","","","","","","","","0","","","","0",""
"G82772","RODWAY AEP","Y52","Q37","CHANTREY MEDICAL PRACTICE","SOUTH PARK","SEVENOAKS","KENT","","TN13 1ED","19911001","20120930","C","B","5P9","20061001","20120930","01732 744200","","","","0","","","","0",""
"G82773","NO NAME HELD","Y11","QAE","GENERAL MANAGER","11 STATION ROAD","MAIDSTONE","KENT","","ME14 1QH","19911101","19920430","C","Z","","","","","","","","0","","","","0",""
"G82774","NO NAME HELD","Y11","QAF","THE HEART OF KENT HOSPICE","PRESTON HALL","AYLESFORD","MAIDSTONE,KENT","","ME20 7NJ","19911118","19990104","C","Z","","","","01622 792200","","","","0","","","","0",""
"G82776","NO NAME HELD","Y11","QAF","GENERAL MANAGER","11 STATION ROAD","MAIDSTONE","KENT","","ME14 1QH","19920113","19921012","C","Z","","","","","","","","0","","","","0",""
"G82778","NO NAME HELD","Y11","QAF","126 LUTON ROAD","CHATHAM","KENT","","","ME4 5AD","19920529","19921001","C","Z","","","","","","","","0","","","","0",""
"G82779","NO NAME HELD","Y11","QAF","GENERAL MANAGER","11 STATION ROAD","MAIDSTONE","KENT","","ME14 1QH","19920418","19921031","C","Z","","","","","","","","0","","","","0",""
"G82781","NO NAME HELD","Y11","QAE","31 MANOR ROAD","FOLKESTONE","KENT","","","CT20 2SE","19920701","19930930","C","Z","","","","","","","","0","","","","0",""
"G82782","NO NAME HELD","Y11","QAE","31 MANOR ROAD","FOLKESTONE","KENT","","","CT20 2SE","19920701","19930930","C","Z","","","","","","","","0","","","","0",""
"G82783","NO NAME HELD","Y11","QAE","31 MANOR ROAD","FOLKESTONE","KENT","","","CT20 2SE","19920701","19930930","C","Z","","","","","","","","0","","","","0",""
"G82784","NO NAME HELD","Y11","QAF","GENERAL MANAGER","11 STATION ROAD","MAIDSTONE","KENT","","ME14 1QH","19920201","19940130","C","Z","","","","","","","","0","","","","0",""
"G82785","NO NAME HELD","Y11","QAE","KIMBERLEY CORNER","READING STREET","BROADSTAIRS","KENT","","CT10 3DZ","19921001","19931002","C","Z","","","","0843 861884","","","","0","","","","0",""
"G82786","ABBEY PRACTICE","Y52","Q37","CRABBLE SURGERY","CRABBLE ROAD","DOVER","KENT","","CT17 0QD","19921102","20120930","C","B","5QA","20061001","20120930","01304 865704","","","","0","","","","0",""
"G82787","MOUNT EDGECUMBE HOSPICE","Y52","Q37","THE LIONS HOSPICE","COLDHARBOUR ROAD","NORTHFLEET","KENT","","DA11 7HQ","19921111","20120930","C","B","5P9","20061001","20120930","01474 320007","","","","0","","","","0",""
"G82789","LOCUM TO DR EVERED","Y52","Q37","GARLINGE SURGERY","WESTBROOK CENTRE","150 CANTERBURY RD,MARGATE","KENT","","CT9 5DD","19930101","20120930","C","B","5QA","20061001","20120930","01843 255693","","","","0","","","","0",""
"G82792","NO NAME HELD","Y11","QAF","411 MINSTER ROAD","MINSTER","ISLE OF SHEPPEY","KENT","","ME12 3NS","19931101","19940131","C","Z","","","","","","","","0","","","","0",""
"G82794","GUN LANE MERGED PRACTICE","Y52","Q37","THE MEDICAL CENTRE","GUN LANE SURGERY","ROCHESTER,STROOD","KENT","","ME2 4UW","19940101","20120930","C","B","5L3","20020401","20120930","01634 727888","","","","0","","","","0",""
"G82795","GUN LANE MEDICAL CENTRE SURGERY ST","Y52","Q37","THE MEDICAL CENTRE","GUN LANE SURGERY","ROCHESTER,STROOD","KENT","","ME2 4UW","19950401","20120930","C","B","5L3","20020401","20120930","01634 290655","","","","0","","","","0",""
"G82797","GOLF ROAD SURGERY","Y52","Q37","GOLF ROAD SURGERY","22 GOLF ROAD","DEAL","KENT","","CT14 6PY","19950801","20120930","C","B","5QA","20061001","20120930","01304 369777","","","","0","","","","4",""
"G82798","WINGHAM SURGERY","Y52","Q37","2 NORTHCOURT ROAD","WINGHAM","CANTERBURY","KENT","","CT3 1BN","19960401","20120930","C","B","5QA","20061001","20120930","01227 720205","","","","0","","","","0",""
"G82800","BRYANT STREET OLD SURGERY K","Y52","Q37","BRYANT STREET MEDICAL CTR","29 BRYANT STREET","CHATHAM","KENT","","ME4 5QS","19970206","20120930","C","B","5L3","20020401","20120930","01634 848912","","","","0","","","","0",""
"G82801","NO NAME HELD","Y11","QAE","UNIT A8","STANHOPE SQUARE","ASHFORD","KENT","","TN23 5SH","19970301","19980331","C","Z","","","","01233 661617","","","","0","","","","0",""
"G82803","BOLTON VJ","Y52","Q37","150 UPPER GROSVENOR ROAD","TUNBRIDGE WELLS","KENT","","","TN1 2ED","19980101","20120930","C","B","5P9","20061001","20120930","01892 515542","","","","0","","","","0",""
"G82804","NO NAME HELD","Y11","QAE","BROADSTAIRS HEALTH CENTRE","THE BROADWAY","BROADSTAIRS","KENT","","CT10 2AJ","19980201","19980430","C","Z","","","","01843 862304","","","","0","","","","0",""
"G82807","DOUCH G","Y52","Q37","THE RAPHAEL MEDICAL CTR.","HOLLANDEN PARK","COLD HARBOUR LANE","HILDENBOROUGH,KENT","","TN11 9LE","19990401","20120930","C","B","5P9","20061001","20120930","01732 833924","","","","0","","","","0",""
"G82811","HOMELESS AND ROOTLESS CLINIC","Y52","Q37","PRESTON HALL","AYLESFORD","KENT","","","ME20 7NJ","20001001","20120930","C","B","5QA","20061001","20120930","01622 710161","","","","0","","","","0",""
"G82814","MAIDDOC","Y52","Q37","ADMIRAL MOORE DRIVE","ROYAL BRITISH LEGION VILL","AYLESFORD","KENT","","ME20 7SE","20020401","20120930","C","B","5P9","20061001","20120930","01622 795500","","","","0","","","","0",""
"G82815","TTDOC","Y52","Q37","TONBRIDGE COTTAGE HOSP.","VAUXHALL LANE","TONBRIDGE","KENT","","TN11 0NE","20020601","20120930","C","B","5P9","20061001","20120930","01732 361999","","","","0","","","","0",""
"G82816","EKDOC","Y52","Q37","MANSTON AIRPORT","MANSTON","KENT","","","CT12 5BP","20020601","20120930","C","B","5QA","20061001","20120930","01843 821166","","","","0","","","","0",""
"G82817","TEEN HEALTH CLINIC","Y52","Q37","THE OAKS CLINIC","NIGHTINGALE WAY","SWANLEY","KENT","","BR8 7UP","20020901","20120930","C","B","5P9","20061001","20120930","01322 615914","","","","0","","","","0",""
"G82819","MORVAY L","Y52","Q37","RAPHAEL MEDICAL CENTRE","HOLLANDEN PARK","COLDHARBOUR LANE","HILDENBOROUGH, KENT","","TN11 9LE","20020801","20120930","C","B","5P9","20061001","20120930","01732 833924","","","","0","","","","0",""
"G82821","BRYANT STREET MEDICAL CTR SURGERY K","Y52","Q37","BRYANT STREET MEDICAL CTR","29 BRYANT STREET","CHATHAM","KENT","","ME4 5QS","20030102","20120930","C","B","5L3","20030102","20120930","01634 848911","","","","0","","","","4",""
"G83014","DR LE GEYT","Y53","Q36","ERITH HEALTH CENTRE","QUEEN STREET","ERITH","KENT","","DA8 1TT","19740401","20120930","C","B","TAK","20031001","20120930","01322 332838","","","","0","","","","0",""
"G83038","DR MARTIN","Y53","Q36","WYNCHAM HOUSE","136 HALFWAY HOUSE","SIDCUP","KENT","","DA5 8DB","19740401","20120930","C","B","TAK","20031001","20120930","020 83001274","","","","0","","","","0",""
"G83048","DR MANIS, ERITH HEALTH CENTRE","Y53","Q36","ERITH HEALTH CENTRE","50 PIER ROAD","ERITH","KENT","","DA8 1RQ","19740401","20120930","C","B","TAK","20031001","20120930","01322 334237","","","","0","","","","0",""
"G83050","VALENTINE PLUS PMS","Y53","Q36","APURBA HOUSE SURGERY","154A SHOOTERS HILL ROAD","BLACKHEATH","LONDON","","SE3 8RP","19740401","20120930","C","B","5A8","20010401","20120930","020 88564990","","","","0","","","","0",""
"G83055","DR MJ BROSNAN'S PRACTICE","Y53","Q36","CHESTER VILLA","58 GREENWICH SOUTH STREET","GREENWICH","","","SE10 8UN","19740401","20120930","C","B","5A8","20010401","20120930","020 86922194","","","","0","","","","0",""
"G83059","NO NAME HELD","Y10","QAA","4 KIRKHAM STREET","PLUMSTEAD","LONDON","","","SE18 2JU","19740401","19981231","C","Z","","","","0181 8543206","","","","0","","","","0",""
"G83604","NO NAME HELD","Y10","QAA","VANBURGH HILL HEALTH CTR.","VANBURGH HILL","GREENWICH","","","SE10 9HQ","19740401","19920331","C","Z","","","","","","","","0","","","","0",""
"G83615","DR MB PATEL OUT OF AREA","Y53","Q36","62 HIGH STREET","CRAYFORD","KENT","","","DA1 4EE","19740401","20120930","C","B","TAK","20031001","20120930","01322 522340","","","","0","","","","0",""
"G83617","ALBANY PARK MEDICAL CENTRE","Y53","Q36","70A LONGMEAD DRIVE","SIDCUP","KENT","","","DA14 4NZ","19740401","20120930","C","B","TAK","20031001","20120930","020 83029100","","","","0","","","","0",""
"G83619","DR GY ZAKARIA'S PRACTICE","Y53","Q36","827 SIDCUP ROAD","","NEW ELTHAM","","","SE9 3SB","19740401","20120930","C","B","5A8","20010401","20120930","0181 8502779","","","","0","","","","0",""
"G83621","CRAYFORD MEDICAL CENTRE","Y53","Q36","4-6 GREEN WALK","CRAYFORD","KENT","","","DA1 4JL","19740401","20120930","C","B","TAK","20031001","20120930","01322 520100","","","","0","","","","0",""
"G83622","OAKLANDS SURGERY","Y53","Q36","30 OAKLANDS AVENUE","BLACKFEN","SIDCUP","KENT","","DA15 8NB","19740401","20120930","C","B","TAK","20031001","20120930","020 83001798","","","","0","","","","0",""
"G83623","MAYFAIR MEDICAL CENTRE","Y53","Q36","8 NORMANHURST AVENUE","BEXLEYHEATH","KENT","","","DA7 4TT","19740401","20120930","C","B","TAK","20031001","20120930","020 83040786","","","","0","","","","0",""
"G83625","DR HA NOUR'S PRACTICE","Y53","Q36","77 PICKFORD LANE","BEXLEYHEATH","KENT","","","DA7 4RN","19740401","20120930","C","B","TAK","20031001","20120930","020 83043660","","","","0","","","","0",""
"G83626","DR PF IRANI'S PRACTICE","Y53","Q36","12 THE SLADE","PLUMSTEAD","","","","SE18 2NB","19740401","20120930","C","B","5A8","20010401","20120930","020 83179327","","","","0","","","","0",""
"G83627","NO NAME HELD","Y10","QAA","162 PENHILL ROAD","BEXLEY","KENT","","","DA5 3ED","19740401","19910930","C","Z","","","","","","","","0","","","","0",""
"G83629","NO NAME HELD","Y10","QAA","184 FRANCES STREET","","WOOLWICH","","","SE18 5JT","19740401","19910930","C","Z","","","","","","","","0","","","","0",""
"G83632","24 STATION ROAD","Y53","Q36","24 STATION ROAD","BELVEDERE","KENT","","","DA17 6JJ","19740401","20120930","C","B","TAK","20031001","20120930","020 83115651","","","","0","","","","0",""
"G83634","NOW BRANCH SURGERY OF DR SENNIK","Y53","Q36","118 RESTONS CRESCENT","ELTHAM","LONDON","","","SE9 2JJ","19740401","20120930","C","B","5A8","20010401","20120930","020 88597941","","","","0","","","","0",""
"G83636","NIGHTINGALE SURGERY","Y53","Q36","NIGHTINGALE SURGERY","MILWARD WALK","WOOLWICH","","","SE18 4DQ","19740401","20120930","C","B","5A8","20010401","20120930","020 88548236","","","","0","","","","0",""
"G83638","NO NAME HELD","Y10","QAA","36 CLEVELY CLOSE","TAMAR STREET","CHARLTON","","","SE7 8RU","19740401","19940208","C","Z","","","","081 3177420","","","","0","","","","0",""
"G83639","NO NAME HELD","Y10","QAA","74 ORCHARD AVENUE","BELVEDERE","KENT","","","DA17 5PD","19871001","19980407","C","Z","","","","0181 3104400","","","","0","","","","0",""
"G83643","CUMBERLAND DRIVE SURGERY","Y53","Q36","58 CUMBERLAND DRIVE","","BEXLEYHEATH","","","DA7 5LB","19871001","20120930","C","B","TAK","20031001","20120930","01322 333137","","","","0","","","","0",""
"G83644","HASHMI KZ","Y53","Q36","309 EVELYN STREET","","DEPTFORD","LONDON","","SE8 5RA","19870101","20120930","C","B","5A8","20010401","20120930","020 84693090","","","","0","","","","0",""
"G83649","NO NAME HELD","Y10","QAA","20 ENNIS ROAD","PLUMSTEAD","(OFF PLUMSTEAD COMMON RD)","LONDON","","SE18 2QT","19881001","19961130","C","Z","","","","01818541154","","","","0","","","","0",""
"G83653","NO NAME HELD","Y10","QAA","68 BARTH ROAD","PLUMSTEAD","LONDON","","","SE18 1SH","19891102","19940531","C","Z","","","","","","","","0","","","","0",""
"G83656","NO NAME HELD","Y10","Q36","SLADE GREEN MEDICAL CTR.","156 BRIDGE RD,SLADE GREEN","ERITH","KENT","","DA8 2HS","19900701","19910731","C","B","","20021001","20021001","","","","","0","","","","0",""
"G83657","DR WS RAO'S PRACTICE","Y53","Q36","CORELLI SURGERY","374 SHOOTERS HILL ROAD","LONDON","","","SE18 4LS","19901001","20120930","C","B","5A8","20010401","20120930","020 83190074","","","","0","","","","0",""
"G83658","KASINATHAN G","Y53","Q36","7 LEWISHAM ROAD","LEWISHAM","GREENWICH","","","SE13 7QS","19910101","20120930","C","B","5A8","20010401","20120930","020 86910079","","","","0","","","","0",""
"G83659","DR K MCCARTHY'S PRACTICE","Y53","Q36","WELL HALL SURGERY","174-180 WELL HALL ROAD","ELTHAM","LONDON","","SE9 1JB","19910101","20120930","C","B","5A8","20010401","20120930","020 88501615","","","","0","","","","0",""
"G83661","NO NAME HELD","Y10","QAA","GENERAL MANAGER","MARLOWE HOUSE","109 STATION ROAD","SIDCUP, KENT","","DA15 7EU","19900501","19910421","C","Z","","","","","","","","0","","","","0",""
"G83662","NO NAME HELD","Y10","QAA","67 CHARLTON ROAD","BLACKHEATH","LONDON","","","SE3 8TJ","19910401","19910930","C","Z","","","","","","","","0","","","","0",""
"G83664","NO NAME HELD","Y10","QAA","MARLOWE HOUSE","109 STATION ROAD","SIDCUP, KENT","","","DA15 7EU","19910701","19920101","C","Z","","","","","","","","0","","","","0",""
"G83665","NO NAME HELD","Y10","QAA","GENERAL MANAGER","MARLOWE HOUSE","109 STATION ROAD","SIDCUP, KENT","","DA15 7EU","19911001","19911231","C","Z","","","","","","","","0","","","","0",""
"G83666","NO NAME HELD","Y10","QAA","4 KIRKHAM STREET","PLUMSTEAD","LONDON","","","SE18 2JU","19920401","19921031","C","Z","","","","","","","","0","","","","0",""
"G83667","NO NAME HELD","Y10","QAA","PARKSIDE SURGERY","35 ELTHAM GREEN ROAD","ELTHAM","LONDON","","SE9 6BA","19920820","19950303","C","Z","","","","081 8501555","","","","0","","","","0",""
"G83669","NO NAME HELD","Y10","QAA","THE WESTWOOD SURGERY","24 WESTWOOD LANE","WELLING","KENT","","DA16 2HE","19930916","19931031","C","Z","","","","","","","","0","","","","0",""
"G83671","BERESFORD PRESCRIBING SERVICE","Y53","Q36","36-42 HARE STREET","WOOLWICH","LONDON","","","SE18 6LZ","19950926","20120930","C","B","5A8","20010401","20120930","020 88549518","","","","0","","","","0",""
"G83674","WELLBROOK PRACTICE","Y53","Q36","115 TUDWAY ROAD","FERRIER ESTATE","KIDBROOKE","LONDON","","SE3 9YX","19971101","20120930","C","B","5A8","20010401","20120930","020 88564167","","","","0","","","","4",""
"G83676","GREENWICH & BEXLEY DTTO TEAM","Y53","Q36","25 SHOOTERS HILL","WOOLWICH","LONDON","","","SE18 4LG","20010301","20130331","C","B","5A8","20010401","20130331","020 88563578","","","","1","","","","0",""
"G83677","DR D MEERSTADT'S PRACTICE","Y53","Q36","CHILD DEVELOPMENT CENTRE","3 WENSLEY CLOSE","ELTHAM","","","SE9 5AB","20010401","20120930","C","B","5A8","20010401","20120930","020 88500085","","","","0","","","","0",""
"G83678","DR M MATHER'S PRACTICE","Y53","Q36","MARKET STREET HEALTH CTR","20 MARKET STREET","WOOLWICH","","","SE18 6QR","20010401","20120930","C","B","5A8","20010401","20120930","020 88552697","","","","0","","","","0",""
"G83679","COMMUNITY PAEDIATRICIANS","Y53","Q36","MARKET STREET CLINIC","20 MARKET STREET","WOOLWICH","","","SE18 6QR","20010401","20120930","C","B","5A8","20010401","20120930","020 83126980","","","","0","","","","0",""
"G83681","COMMUNITY PAEDIATRICIAN","Y53","Q36","221 ERITH ROAD","BEXLEYHEATH","KENT","","","DA7 6HZ","20020801","20120930","C","B","TAK","20031001","20120930","020 82956251","","","","0","","","","0",""
"G84012","DR P THILLAVASAN","Y53","Q36","161 CROYDON ROAD","PENGE","LONDON","","","SE20 7TY","19740401","20120930","C","B","5A7","20010401","20120930","020 87786656","","","","0","","","","0",""
"G84026","CROFTON SURGERY","Y53","Q36","CROFTON SURGERY","109A  CROFTON ROAD","ORPINGTON","KENT","","BR6 8HX","19740401","20120930","C","B","5A7","20010401","20120930","01689 822266","","","","0","","","","0",""
"G84602","PICKHURST LANE SURGERY","Y53","Q36","315 PICKHURST LANE","WEST WICKHAM","KENT","","","BR4 0HW","19740401","20120930","C","B","5A7","20010401","20120930","020 84602264","","","","0","","","","0",""
"G84603","NO NAME HELD","Y10","QAC","10 HIGHLAND ROAD","BROMLEY","KENT","","","BR1 4AD","19740401","19971130","C","Z","","","","0181 4602368","","","","0","","","","0",""
"G84605","NO NAME HELD","Y10","QAC","7A & 7B TUBBENDEN LANE","ORPINGTON","KENT","","","BR6 9PN","19740401","19930430","C","Z","","","","","","","","0","","","","0",""
"G84606","NO NAME HELD","Y10","QAC","46 SCOTTS LANE","SHORTLANDS","BROMLEY","","","BR2 0LL","19740401","19950117","C","Z","","","","081 6503906","","","","0","","","","0",""
"G84608","NO NAME HELD","Y10","QAC","86 WOODLAND ROAD","GIPSY HILL","LONDON","","","SE19 1PA","19740401","19980630","C","Z","","","","0181 6703689","","","","0","","","","0",""
"G84610","HEALTH AUTHORITY LOCUM","Y53","Q36","47 DITTISHAM ROAD","MOTTINGHAM","LONDON","","","SE9 4BJ","19740401","20120930","C","B","5A7","20010401","20120930","020 88511303","","","","0","","","","0",""
"G84612","MOTTINGHAM COMMUNITY CLINIC","Y53","Q36","MOTTINGHAM COMM. CLINIC","KIMMERIDGE ROAD","MOTTINGHAM","LONDON","","SE9 4EB","19740401","20120930","C","B","5A7","20010401","20120930","020 88573322","","","","0","","","","0",""
"G84613","DR DAVDA SURGERY","Y53","Q36","182 ANERLEY ROAD","ANERLEY","","LONDON","","SE20 8BL","19740401","20130331","C","B","5A7","20010401","20130331","020 87785753","","","","0","","","","0",""
"G84615","PERRY HALL SURGERY","Y53","Q36","74 PERRY HALL ROAD","ORPINGTON","KENT","","","BR6 0HS","19740401","20120930","C","B","5A7","20010401","20120930","01689 837366","","","","0","","","","0",""
"G84617","LOCUM FOR DR MOHAN","Y53","Q36","46 SOUTHLANDS ROAD","BROMLEY","KENT","","","BR2 9QP","19740401","20120930","C","B","5A7","20010401","20120930","","","","","0","","","","0",""
"G84619","GRAHAM BECKER SURGERY","Y53","Q36","DR GRAHAM BECKER SURGERY","11 RED HILL","CHISLEHURST","KENT","","BR7 6DB","19740401","20120930","C","B","5A7","20010401","20120930","020 82952256","","","","0","","","","0",""
"G84622","TILE FARM ROAD SURGERY","Y53","Q36","2B TILE FARM ROAD","OFF TUBBENDEN LANE","ORPINGTON","KENT","","BR6 9RZ","19890401","20120930","C","B","5A7","20010401","20120930","01689 855022","","","","0","","","","0",""
"G84623","LOCUM TO HEALTH AUTHORITY","Y53","Q36","BROOKHURST SURGERY","8 SEVENOAKS ROAD","ORPINGTON","KENT","","BR6 9JJ","19900402","20120930","C","B","5A7","20010401","20120930","01689 822767","","","","0","","","","0",""
"G84626","NO NAME HELD","Y10","QAC","356 SOUTHBOROUGH LANE","BROMLEY","KENT","","","BR2 8AA","19930701","19940729","C","Z","","","","","","","","0","","","","0",""
"G84631","DR ATM NOORULLAH'S PRACTICE","Y53","Q36","THE MEDICAL CENTRE","RHQ 10 (KENT) A.C.F.","ANGLESEA RD,ST MARY CRAY","KENT","","BR5 4AN","19990701","20120930","C","B","5A7","20010401","20120930","01689 871278","","","","0","","","","0",""
"G85043","WALDRON TEACHING PRACTICE","Y53","Q36","WALDRON HEALTH CENTRE","STANLEY STREET","LONDON","","","SE8 4BG","19740401","20120930","C","B","5LF","20020401","20120930","020 30493630","","","","0","","","","4",""
"G85049","DR KS KAHLON'S PRACTICE","Y53","Q36","228 LEWISHAM WAY","LEWISHAM","LONDON","","","SE4 1XL","19740401","20120930","C","B","5LF","20020401","20120930","020 86922702","","","","0","","","","0",""
"G85056","NO NAME HELD","Y10","Q36","THE JENNER HEALTH CENTRE","201 STANSTEAD ROAD","WEST LEWISHAM","LONDON","","SE23 1HU","19740401","19950331","C","B","","20021001","20021001","081 6902231","","","","0","","","","0",""
"G85059","NO NAME HELD","Y10","QAH","4 TOLLGATE DRIVE","LONDON","","","","SE21 7LS","19740401","19910402","C","Z","","","","","","","","0","","","","0",""
"G85071","DR MAQ JAMIL'S PRACTICE","Y53","Q36","64 NELGARDE ROAD","EAST LEWISHAM","LONDON","","","SE6 4TF","19740401","20120930","C","B","","20021001","20120930","0181 6902697","","","","0","","","","0",""
"G85075","DR GUNARATNA SURGERY","Y53","Q36","278 WANDSWORTH ROAD","CLAPHAM","LONDON","","","SW8 2JR","19740401","20120930","C","B","5LD","20020401","20120930","020 76228888","","","","0","","","","0",""
"G85077","DR P SOMALINGAM'S PRACTICE","Y53","Q36","THE ALFRED SALTER MED CTR","6 DRUMMOND ROAD","ROTHERHITHE","LONDON","","SE16 4BU","19740401","20120930","C","B","5LE","20020401","20120930","020 72371857","","","","0","","","","0",""
"G85079","NO NAME HELD","Y10","QAH","124 THURLOW PARK ROAD","NORWOOD","LONDON","","","SE21 8HP","19740401","19910629","C","Z","","","","","","","","0","","","","0",""
"G85080","NO NAME HELD","Y10","QAH","57-59 EAST DULWICH ROAD","DULWICH","LONDON","","","SE22 9AS","19740401","19950430","C","Z","","","","01816933047","","","","0","","","","0",""
"G85090","NO NAME HELD","Y10","Q36","142 MITCHAM LANE","STREATHAM","LONDON","","","SW16 6NS","19870801","19931231","C","B","","20021001","20021001","","","","","0","","","","0",""
"G85093","NO NAME HELD","Y10","QAH","483 NORWOOD ROAD","NORWOOD","LONDON","","","SE27 9DJ","19740401","19960731","C","Z","","","","0181 6701617","","","","0","","","","0",""
"G85098","NO NAME HELD","Y10","QAH","295 BROWNHILL ROAD","CATFORD","LONDON","","","SE6 1AG","19740401","19980731","C","Z","","","","0181 6981837","","","","0","","","","0",""
"G85107","DR ASLAN-BINFIELD ROAD SURGERY","Y53","Q36","THE SURGERY","1 BINFIELD ROAD","LONDON","","","SW4 6TB","19740401","20120930","C","B","5LD","20020401","20120930","020 76221424","","","","0","","","","0",""
"G85108","DR H BUTLER'S PRACTICE","Y53","Q36","THE SURGERY","42 GELLATLY ROAD","LONDON","","","SE14 5TT","19740401","20120930","C","B","5LF","20020401","20120930","020 76391027","","","","0","","","","0",""
"G85110","NO NAME HELD","Y10","QAH","25 UPPER TULSE HILL","EAST BRIXTON","LONDON","","","SW2 2SD","19740401","19970331","C","Z","","","","0181 6747868","","","","0","","","","0",""
"G85111","DR D KEABLE-ELLIOTT'S PRACTICE","Y53","Q36","EDITH CAVELL II PRACTICE","THE STREATHAM HILL PC CTR","41A-C STREATHAM HILL","LONDON","","SW2 4TP","19740401","20120930","C","B","5LD","20020401","20120930","020 86740153","","","","0","","","","0",""
"G85126","CLAPHAM PARK SURGERY","Y53","Q36","THE CLAPHAM PARK SURGERY","72 CLARENCE AVENUE","STREATHAM","LONDON","","SW4 8JP","19740401","20120930","C","B","5LD","20020401","20120930","020 86744436","","","","0","","","","0",""
"G85128","NO NAME HELD","Y10","QAH","THE WALWORTH CLINIC","TOWN HALL","LARCOM STREET","LONDON","","SE17 1RY","19860709","19980829","C","Z","","","","","","","","0","","","","0",""
"G85131","DRS ANDLAW & UNG","Y53","Q36","56 BLAIRDERRY ROAD","STREATHAM HILL","LONDON","","","SW2 4SB","19740401","20120930","C","B","5LD","20020401","20120930","020 86713340","","","","0","","","","0",""
"G85139","NO NAME HELD","Y10","QAH","178A WANDSWORTH ROAD","","LONDON","","","SW8 2LA","19910101","19910426","C","Z","","","","","","","","0","","","","0",""
"G85601","NO NAME HELD","Y10","QAH","123 EVELINA ROAD","DULWICH","LONDON","","","SE15 3HD","19740401","19950611","C","Z","","","","071 6393126","","","","0","","","","0",""
"G85604","NO NAME HELD","Y10","QAH","75 CLAPHAM ROAD","","LONDON","","","SW9 0HY","19740401","19940112","C","Z","","","","071 7356981","","","","0","","","","0",""
"G85620","NO NAME HELD","Y10","QAH","17 ILDERTON ROAD","BERMONDSEY","LONDON","","","SE16 3JU","19740401","19920630","C","Z","","","","","","","","0","","","","0",""
"G85621","NO NAME HELD","Y10","QAH","99 SOUTH SIDE","CLAPHAM COMMON","LONDON","","","SW4 9DN","19740401","19911231","C","Z","","","","","","","","0","","","","0",""
"G85622","NO NAME HELD","Y10","QAH","91 VASSALL ROAD","EAST BRIXTON","LONDON","","","SW9 6NH","19740401","19970131","C","Z","","","","0171 7352120","","","","0","","","","0",""
"G85628","NO NAME HELD","Y10","QAH","99 SOUTH SIDE","CLAPHAM COMMON","LONDON","","","SW4 9DN","19740401","19911231","C","Z","","","","","","","","0","","","","0",""
"G85634","NO NAME HELD","Y10","QAH","134 GLENEAGLE ROAD","STREATHAM","LONDON","","","SW16 6BA","19740401","19981231","C","Z","","","","0181 7697355","","","","0","","","","0",""
"G85636","NO NAME HELD","Y10","QAH","6 ASCOT PARADE","CLAPHAM PARK ROAD","LONDON","","","SW4 7EY","19740401","19940214","C","Z","","","","071 6228990","","","","0","","","","0",""
"G85638","DR L MAUNG'S PRACTICE","Y53","Q36","86 VESTRY ROAD","PECKHAM","LONDON","","","SE5 8QD","19740401","20120930","C","B","5LE","20020401","20120930","020 77034749","","","","0","","","","0",""
"G85640","NO NAME HELD","Y10","QAH","THE JENNER HEALTH CENTRE","201 STANSTEAD ROAD","LONDON","","","SE23 1HU","19860301","19910930","C","Z","","","","","","","","0","","","","0",""
"G85643","DR RL CHAWLA'S PRACTICE","Y53","Q36","262 STANSTEAD ROAD","WEST LEWISHAM","LONDON","","","SE23 1DE","19740401","20120930","C","B","5LF","20020401","20120930","020 86998261","","","","0","","","","0",""
"G85645","PAVILLION PRACTICE","Y53","Q36","PAVILION PRACTICE","9 BRIGHTON TERRACE","","LONDON","","SW9 8DJ","19740401","20120930","C","B","5LD","20020401","20120930","020 72749252","","","","0","","","","0",""
"G85650","ELFRIDA SURGERY","Y53","Q36","ELFRIDA SURGERY","33 CAMPSHILL ROAD","","LONDON","","SE13 6QU","19740401","20120930","C","B","5LF","20020401","20120930","020 88521384","","","","0","","","","4",""
"G85652","NO NAME HELD","Y10","QAH","THE NURSES CLINIC","ST.THOMAS' HOSPITAL","SOUTH LAMBETH ROAD","LONDON","","SE1 7EH","19740401","19920930","C","Z","","","","0171 9289292","","","","0","","","","0",""
"G85653","NO NAME HELD","Y10","QAH","103 BOUNDFIELD ROAD","EAST LEWISHAM","LONDON","","","SE6","19740401","19910630","C","Z","","","","","","","","0","","","","0",""
"G85654","NO NAME HELD","Y10","QAH","41 WALDRAM PARK ROAD","WEST LEWISHAM","LONDON","","","SE23 2PW","19740401","19961130","C","Z","","","","01816992462","","","","0","","","","0",""
"G85655","DR KEAPPOCK SURGERY","Y53","Q36","9 STREATHAM VALE","STREATHAM","LONDON","","","SW16 5SE","19740401","20120930","C","B","5LD","20020401","20120930","020 87649406","","","","0","","","","0",""
"G85657","LOCUM WATERLANE SURGERY","Y53","Q36","THE WATERLANE SURGERY","48 BRIXTON WATER LANE","BRIXTON","LONDON","","SW2 1QE","19740401","20120930","C","B","5LD","20020401","20120930","020 72741561","","","","0","","","","0",""
"G85658","NO NAME HELD","Y10","QAH","55 THORNSBEACH ROAD","EAST LEWISHAM","LONDON","","","SE6 1EX","19740401","19961006","C","Z","","","","0181 6971525","","","","0","","","","0",""
"G85659","NO NAME HELD","Y10","QAH","139 MARVELS LANE","CHISLEHURST","LONDON","","","SE12 9PP","19740401","19970630","C","Z","","","","0181 8573310","","","","0","","","","0",""
"G85663","NO NAME HELD","Y10","QAH","1 NEW CROSS ROAD","NEW CROSS","LONDON","","","SE14 5DS","19740401","19970131","C","Z","","","","0171 6391631","","","","0","","","","0",""
"G85664","NO NAME HELD","Y10","QAH","53 CANADIAN AVENUE","CATFORD","LONDON","","","SE6 3AX","19740401","19950101","C","Z","","","","081 6905934","","","","0","","","","0",""
"G85667","NO NAME HELD","Y10","Q36","141 LEYBRIDGE COURT","LEE GREEN","LONDON","","","SE12 8TL","19740401","19991130","C","B","","20021001","20021001","0181 8525158","","","","0","","","","0",""
"G85668","DR MA ST.GEORGE'S PRACTICE","Y53","Q36","231 ALGERNON ROAD","LONDON","","","","SE13 7AG","19740401","20120930","C","B","5LF","20020401","20120930","020 86900333","","","","0","","","","0",""
"G85669","NO NAME HELD","Y10","QAH","50 SANDROCK ROAD","","LONDON","","","SE13 7TR","19851007","19960930","C","Z","","","","0181 6916086","","","","0","","","","0",""
"G85670","NO NAME HELD","Y10","QAH","THE LAMBETH SURGERY","28 SOUTH ISLAND PLACE","KENNINGTON","LONDON","","SW9 0DX","19740401","19960531","C","Z","","","","0171 7353709","","","","0","","","","0",""
"G85671","NO NAME HELD","Y10","QAH","PASTEUR PRIMARY CARE CTRE","13 GIPSY HILL","LONDON","","","SE19 1QG","19740401","19981108","C","Z","","","","0181 6707977","","","","0","","","","0",""
"G85672","DR JOSEPH SURGERY","Y53","Q36","53 LANSDOWNE GARDENS","LAMBETH","LONDON","","","SW8 2EL","19740401","20120930","C","B","5LD","20020401","20120930","020 76222877","","","","0","","","","0",""
"G85675","NO NAME HELD","Y10","QAH","MORNINGTON SURGERY","433 NEW CROSS ROAD","NEW CROSS","LONDON","","SE14 6TD","19740401","19981231","C","Z","","","","0181 6928299","","","","0","","","","0",""
"G85676","NO NAME HELD","Y10","QAH","36 ALLEYN ROAD","WEST DULWICH","LONDON","","","SE21 8AL","19740401","19911001","C","Z","","","","","","","","0","","","","0",""
"G85678","NO NAME HELD","Y10","QAH","WALDRON HEALTH CENTRE","STANLEY STREET","NEW CROSS","LONDON","","SE8 4BG","19740401","19981231","C","Z","","","","0181 6912271","","","","0","","","","0",""
"G85683","DR CHEEMA","Y53","Q36","SUITE G.20","MAWBEY BROUGH HEALTH CTR","39 WILCOX CLOSE","LONDON","","SW8 2UD","19860223","20120930","C","B","5LD","20020401","20120930","020 74115743","","","","0","","","","0",""
"G85684","LOCUM FOR DR BISWAS","Y53","Q36","144 GROVE LANE","CAMBERWELL","LONDON","","","SE5 8BP","19851001","20120930","C","B","5LE","20020401","20120930","020 72743762","","","","0","","","","0",""
"G85689","NO NAME HELD","Y10","Q36","75 PELLATT ROAD","DULWICH","LONDON","","","SE22 9JD","19740401","20000229","C","B","","20021001","20021001","0181 6935588","","","","0","","","","0",""
"G85691","NO NAME HELD","Y10","QAH","5 NORFOLK HOUSE ROAD","STREATHAM","LONDON","","","SW16 1JL","19880829","19960914","C","Z","","","","0181 7699779","","","","0","","","","0",""
"G85693","GATE HOUSE PRACTICE","Y53","Q36","MARVELS LANE HEALTH CTR","37 MARVELS LANE,GROVE PK","LONDON","","","SE12 9PN","19900108","20120930","C","B","5LF","20020401","20120930","020 88570042","","","","0","","","","0",""
"G85694","NO NAME HELD","Y10","QAH","106 GREYHOUND LANE","STREATHAM","LONDON","","","SW16 5RW","19900401","19910701","C","Z","","","","","","","","0","","","","0",""
"G85697","NO NAME HELD","Y10","Q36","THE MANOR HEALTH CENTRE","86 CLAPHAM MANOR STREET","CLAPHAM","LONDON","","SW4 6EB","19900501","19990430","C","B","","20021001","20021001","0171 4986374","","","","0","","","","0",""
"G85700","DR IVOR FERREIRA","Y53","Q36","134-136 LANDOR ROAD","STOCKWELL","LONDON","","","SW9 9JB","19900813","20120930","C","B","5LD","20020401","20120930","020 77377550","","","","0","","","","4",""
"G85701","NO NAME HELD","Y10","QAH","CLAPHAM MANOR HEALTH CTR.","86 CLAPHAM MANOR STREET","CLAPHAM","LONDON","","SW4 6EB","19900901","19930816","C","Z","","","","071 6226404","","","","0","","","","0",""
"G85702","THE WHITWORTH SURGERY","Y53","Q36","SYDENHAM GREEN HEALTH CTR","26 HOLMSHAW CLOSE","SYDENHAM","WEST LEWISHAM","","SE26 4TG","19900831","20120930","C","B","5LF","20020401","20120930","020 87783358","","","","0","","","","0",""
"G85704","NO NAME HELD","Y10","QAH","SYDENHAM SURGERY","2 SYDENHAM ROAD","SYDENHAM","LONDON","","SE26 5QW","19900401","19910930","C","Z","","","","","","","","0","","","","0",""
"G85709","NO NAME HELD","Y10","QAH","LOVEDALE NURSING HOME","84-86 BROMLEY ROAD","LONDON","","","SE6 2UR","19910731","19941101","C","Z","","","","081 4615707","","","","0","","","","0",""
"G85710","NO NAME HELD","Y10","QAH","199 OLD KENT ROAD","BOROUGH","LONDON","","","SE1 5NA","19911201","19951025","C","Z","","","","0171 2523292","","","","0","","","","0",""
"G85714","NO NAME HELD","Y10","QAH","ROWLAND HILL HOUSE","BLACKFRIARS ROAD","NELSON SQUARE","","","SE1 0LT","19930401","19950110","C","Z","","","","","","","","0","","","","0",""
"G85718","DR OA SARKER'S PRACTICE","Y53","Q36","147 BARING ROAD","SOUTH LEE","LONDON","","","SE12 0LA","19950501","20120930","C","B","5LF","20020401","20120930","020 88576333","","","","0","","","","4",""
"G85720","NO NAME HELD","Y10","QAH","453A NEW CROSS ROAD","NEW CROSS","LONDON","","","SE14 6TA","19960101","19970703","C","Z","","","","","","","","0","","","","0",""
"G85725","DR SR SAXENA'S PRACTICE","Y53","Q36","12C ALLEYN ROAD","WEST DULWICH","LONDON","","","SE21 8HL","19980501","20120930","C","B","","20021001","20120930","0181 6709279","","","","0","","","","0",""
"G85728","NO NAME HELD","Y10","Q36","228 LEWISHAM WAY","LEWISHAM","LONDON","","","SE4 1XL","19990701","19991031","C","B","","20021001","20021001","0181 6922707","","","","0","","","","0",""
"G85729","LOCUM-KNIGHTS HILL SURGERY","Y53","Q36","130 KNIGHTS HILL","NORWOOD","LONDON","","","SE27 0SR","20000601","20120930","C","B","5LD","20020401","20120930","020 86702940","","","","0","","","","0",""
"G85730","PENROSE LEE SURGERY","Y53","Q36","LEE HEALTH CENTRE","2 HANDEN ROAD","LEE","LONDON","","SE12 8NP","20011001","20120930","C","B","5LF","20020401","20120930","020 30492200","","","","0","","","","0",""
"G85731","HOMELESS PATIENTS","Y53","Q36","1 LOWER MARSH","LONDON","","","","SE1 7NT","20020401","20130331","C","B","5LD","20020401","20130331","020 77167000","","","","0","","","","0",""
"G85732","HOMELESS PATIENTS","Y53","Q36","258 WATERLOO ROAD","LONDON","","","","SE1 8RG","20020401","20120930","C","B","5LE","20020401","20120930","020 79022348","","","","0","","","","0",""
"G85733","HOMELESS PATIENTS","Y53","Q36","CANTILEVER HOUSE","12 ELTHAM ROAD","LEE","LONDON","","SE12 8RN","20020401","20130331","C","B","5LF","20020401","20130331","020 72063304","","","","0","","","","0",""
"G85734","DR IMRC IRIYAGOLLE'S PRACTICE","Y53","Q36","ISIDORE CROWN MEDICAL CTR","60 CHADWICK ROAD","PECKHAM","LONDON","","SE15 4PU","20020520","20120930","C","B","5LE","20020520","20120930","020 76399622","","","","0","","","","0",""
"G85735","LOCUM  DR JONES","Y53","Q36","ISIDORE CROWN MED. CTR. 3","60 CHADWICK ROAD","PECKHAM","LONDON","","SE15 4PU","20020520","20120930","C","B","5LE","20020520","20120930","020 76391555","","","","0","","","","0",""
"GUE020","NO NAME HELD","","YAE","HEALTHCARE GROUP","THE SURGERY","CLOS DE CARTERET, CASTEL","GUERNSEY","","","19880321","19920915","C","Z","","","","","","","","0","","","","0",""
"GUE030","NO NAME HELD","","YAE","QUEENS ROAD MEDICAL PRAC","ALBANY HOUSE","RUETTE BRAYE","ST. PETER PORT,GUERNSEY","","","19900101","19920915","C","Z","","","","","","","","0","","","","0",""
"GUE604","NO NAME HELD","","YAE","34 GLATEGNY ESPLANADE","ST. PETER PORT","GUERNSEY","","","","19900101","20000531","C","Z","","","","","","","","0","","","","0",""
"GUE606","NO NAME HELD","","YAE","LE CLOS d'AVAL","LES NICOLLES","FOREST","GUERNSEY","","","19900101","19941231","C","Z","","","","","","","","0","","","","0",""
"GUE607","NO NAME HELD","","YAE","LE BON","LA CORBIERE","FOREST","GUERNSEY","","","19900101","20000901","C","Z","","","","","","","","0","","","","0",""
"GUE608","NO NAME HELD","","YAE","KAI TAK","JERBOURG","ST. MARTINS","GUERNSEY","","","19900101","19940823","C","Z","","","","","","","","0","","","","0",""
"GUE609","NO NAME HELD","","YAE","THE LAURELS","VALE AVENUE","ST. SAMPSONS","GUERNSEY","","","19900101","20000531","C","Z","","","","","","","","0","","","","0",""
"GUE611","NO NAME HELD","","YAE","WHITE LODGE","UPPER CANICHERS","ST. PETER PORT","GUERNSEY","","","19900101","19910617","C","Z","","","","","","","","0","","","","0",""
"GUE612","NO NAME HELD","","YAE","L'IRAUGNIE","CANDIE ROAD","ST. PETER PORT","GUERNSEY","","","19900101","19941231","C","Z","","","","","","","","0","","","","0",""
"GUE613","NO NAME HELD","","YAE","LES MOURANTS","ST. ANDREWS","GUERNSEY","","","","19900101","19940214","C","Z","","","","","","","","0","","","","0",""
"GUE621","NO NAME HELD","","YAE","CONSULTANT GERIATRICIAN","KING EDWARD VII HOSPITAL","CASTEL","GUERNSEY","","","19900101","20000531","C","Z","","","","","","","","0","","","","0",""
"GUE628","NO NAME HELD","","YAE","L'IRAUGNIE","CANDIE ROAD","ST PETERS PORT","GUERNSEY","","","19910108","19940909","C","Z","","","","","","","","0","","","","0",""
"GUE629","NO NAME HELD","","YAE","CONSULTANT COMMUNITY","            PAEDIATRICIAN","LUKIS HOUSE","ST. PETER PORT,GUERNSEY","","","19910124","19990331","C","Z","","","","","","","","0","","","","0",""
"GUE632","NO NAME HELD","","YAE","ST ANDREWS RECTORY","ST ANDREWS","GUERNSEY","","","","19910617","20000531","C","Z","","","","","","","","0","","","","0",""
"GUE633","NO NAME HELD","","YAE","LA GALLIE","RUE DE LA GALLIE","ST PETERS PORT","GUERNSEY","","","19910824","19970331","C","Z","","","","","","","","0","","","","0",""
"GUE635","NO NAME HELD","","YAE","LONG CAMPS","ST SAMPSONS","GUERNSEY","","","","19920101","19951003","C","Z","","","","","","","","0","","","","0",""
"GUE642","NO NAME HELD","","YAE","CONSULTANT PSYCHIATRIST","CASTEL HOSPITAL","CASTEL","GUERNSEY","","","19941230","19990831","C","Z","","","","","","","","0","","","","0",""
"H81008","NO NAME HELD","Y11","Q37","FITZNELLS MANOR SURGERY","CHESSINGTON ROAD, EWELL","EPSOM","SURREY","","KT17 1TF","19740401","19980331","C","B","","20021001","20021001","0181 3942365","","","","0","","","","0",""
"H81012","NO NAME HELD","Y11","QAK","FETCHAM VILLAGE SURGERY","135 COBHAM ROAD, FETCHAM","LEATHERHEAD","SURREY","","KT22 9HX","19740401","19980802","C","Z","","","","01372 372152","","","","0","","","","0",""
"H81049","NO NAME HELD","Y11","QAK","THE OLD COTTAGE HPL SURG","ALEXANDRA ROAD, EWELL","EPSOM","SURREY","","KT17 4BL","19740401","19980331","C","Z","","","","01372724434","","","","0","","","","0",""
"H81092","NO NAME HELD","Y11","QAK","FITZNELLS MANOR SURGERY","CHESSINGTON ROAD, EWELL","EPSOM","SURREY","","KT17 1TF","19740401","19980331","C","Z","","","","0181 3941481","","","","0","","","","0",""
"H81096","IBRAHIM & PARTNERS","Y52","Q37","FARNHAM CENTRE FOR HEALTH","HALE ROAD","FARNHAM","SURREY","","GU9 9QS","19740401","20120930","C","B","5P5","20061001","20120930","01252 712572","","","","0","","","","0",""
"H81100","STONELEIGH MEDICAL CENTRE","Y52","Q37","STONELEIGH MEDICAL CTR.","24 THE BROADWAY","STONELEIGH","SURREY","","KT17 2HU","19740401","20120930","C","B","5P5","20061001","20120930","020 87867744","","","","0","","","","0",""
"H81105","NO NAME HELD","Y11","QAL","2 RUSSELL COURT","THE CRESCENT","LEATHERHEAD","SURREY","","KT22 8BE","19740401","19930502","C","Z","","","","0372 376824","","","","0","","","","0",""
"H81106","NORTH HOLMWOOD SURGERY","Y52","Q37","NORTH HOLMWOOD SURGERY","1 BENTSBROOK CLOSE","NORTH HOLMWOOD","DORKING, SURREY","","RH5 4HY","19740401","20120930","C","B","5P5","20061001","20120930","01306 885802","","","","0","","","","4",""
"H81112","NO NAME HELD","Y11","QAL","ERISKAY","SOUTHWOOD AVENUEY","OTTERSHAW","SURREY","","KT16 0LH","19740401","19910801","C","Z","","","","","","","","0","","","","0",""
"H81114","NO NAME HELD","Y11","QAK","1 WESTON AVENUE","WESTON GREEN","THAMES DITTON","SURREY","","KT7 0NB","19740401","19961130","C","Z","","","","0181 3989443","","","","0","","","","0",""
"H81115","DR AH SHAH'S PRACTICE","Y52","Q37","THE KNAPHILL SURGERY","REDDING WAY","KNAPHILL, WOKING","SURREY","","GU21 2DN","19740401","20120930","C","B","5P5","20061001","20120930","01483 473464","","","","0","","","","0",""
"H81600","NO NAME HELD","Y11","QAL","FIRCROFT, LONDON ROAD","ENGLEFIELD GREEN","EGHAM","SURREY","","TW20 0BS","19740401","19910401","C","Z","","","","","","","","0","","","","0",""
"H81609","NO NAME HELD","Y11","QAL","SHEPPERTON HEALTH CENTRE","SHEPPERTON COURT DRIVE","LALEHAM ROAD","SHEPPERTON, MIDDLESEX","","TW17 8EJ","19740401","19960401","C","Z","","","","01932 245289","","","","0","","","","0",""
"H81612","NO NAME HELD","Y11","QAL","STAINES HEALTH CENTRE","KNOWLE GREEN","STAINES","MIDDLESEX","","TW18 1XD","19740401","19910401","C","Z","","","","","","","","0","","","","0",""
"H81614","DR DASH","Y52","Q37","SHEPPERTON HEALTH CENTRE","SHEPPERTON COURT DRIVE","LALEHAM ROAD","SHEPPERTON, MIDDLESEX","","TW17 8EJ","19740401","20120930","C","B","5P5","20061001","20120930","01932245649","","","","0","","","","0",""
"H81616","NO NAME HELD","Y11","QAL","THE CROUCH OAK FAM.PRAC.","45 STATION RD, ADDLESTONE","WEYBRIDGE","SURREY","","KT15 2BH","19861201","19960331","C","Z","","","","01932 840123","","","","0","","","","0",""
"H81617","NO NAME HELD","Y11","QAL","44 LONDON ROAD","GUILDFORD","SURREY","","","GU1 2AF","19740401","19910519","C","Z","","","","","","","","0","","","","0",""
"H81619","NO NAME HELD","Y11","QAK","70 COURT ROAD","CATERHAM","SURREY","","","CR3 5RF","19871101","19950528","C","Z","","","","0883 40080","","","","0","","","","0",""
"H81621","DR J PIPER'S PRACTICE","Y52","Q37","THE BOURNE HALL HLTH.CTR.","SPRING STREET","EWELL, EPSOM","SURREY","","KT17 1TG","19870101","20120930","C","B","5P5","20061001","20120930","020 83941500","","","","0","","","","0",""
"H81623","NO NAME HELD","Y11","QAK","AVICENNA","22 PRICES LANE","WOODHATCH","REIGATE, SURREY","","RH2 8AX","19740401","19990110","C","Z","","","","01737 240022","","","","0","","","","0",""
"H81624","NO NAME HELD","Y11","QAL","112 PAVILION GARDENS","STAINES","MIDDLESEX","","","TW18 2GF","19740401","19920930","C","Z","","","","","","","","0","","","","0",""
"H81625","NO NAME HELD","Y11","QAL","HOLY CROSS HOSPITAL","HASLEMERE","SURREY","","","GU27 1NQ","19740401","19910819","C","Z","","","","","","","","0","","","","0",""
"H81627","COX LANE SURGERY","Y52","Q37","THE SURGERY","COX LANE COMMUNITY CENTRE","COX LANE, EWELL","SURREY","","KT19 9PS","19740401","20120930","C","B","5P5","20061001","20120930","020 83914859","","","","0","","","","0",""
"H81628","DR SC MITTAL'S PRACTICE","Y52","Q37","344 WALTON ROAD","WEST MOLESEY","SURREY","","","KT8 2JD","19740401","20120930","C","B","5P5","20061001","20120930","020 89791605","","","","0","","","","0",""
"H81629","NO NAME HELD","Y11","QAK","3 TIMBERCROFT","EWELL","SURREY","","","KT19 0TH","19740401","19920502","C","Z","","","","","","","","0","","","","0",""
"H81630","MILLSIDE SURGERY","Y52","Q37","MILLSIDE","40 CHURCH ROAD","BAGSHOT","SURREY","","GU19 5EQ","19740401","20120930","C","B","5P5","20061001","20120930","01276 452025","","","","0","","","","0",""
"H81633","DR WALLIS","Y52","Q37","STAINES HEALTH CENTRE","KNOWLE GREEN","STAINES","MIDDLESEX","","TW18 1XD","19740401","20120930","C","B","5P5","20061001","20120930","01784 883620","","","","0","","","","0",""
"H81634","HOMEWATERS","Y52","Q37","HOMEWATERS","GREEN STREET","SUNBURY-ON-THAMES","MIDDLESEX","","TW16 6QB","19740401","20120930","C","B","5P5","20061001","20120930","01932 784004","","","","0","","","","0",""
"H81636","NO NAME HELD","Y11","QAK","WEST END LANE","ESHER","SURREY","","","KT10 8MA","19740401","19970331","C","Z","","","","01372 468811","","","","0","","","","0",""
"H81637","ST PIERS SURGERY - CLOSED","Y52","Q37","NCYPE","ST PIER'S LANE","LINGFIELD","SURREY","","RH7 6PN","19740401","20120930","C","B","5P5","20061001","20120930","01342 832243","","","","0","","","","0",""
"H81639","NO NAME HELD","Y11","QAL","THE SURGERY","CATERHAM HILL CLINIC","CHALDON ROAD","SURREY","","CR3 5PG","19871101","19911031","C","Z","","","","","","","","0","","","","0",""
"H81648","PEASLAKE SURGERY & DISP.","Y52","Q37","PEASLAKE SURGERY & DISP.","PEASLAKE LANE","PEASLAKE","SURREY","","GU5 9RL","19880401","20120930","C","B","5P5","20061001","20120930","01306 730875","","","","0","","","","4",""
"H81650","NO NAME HELD","Y11","QAK","THAMESBRIDGE SURGERY","PORTSMOUTH ROAD","THAMES DITTON","SURREY","","KT7 0HA","19880101","19950731","C","Z","","","","","","","","0","","","","0",""
"H81651","LONGMEAD SURGERY","Y52","Q37","LONGMEAD SURGERY","NORMAN COLYER COURT","HOLLYMOOR LANE","EPSOM, SURREY","","KT19 9RR","19880229","20120930","C","B","5P5","20061001","20120930","01372 743432","","","","0","","","","0",""
"H81652","JADALIZADEH","Y52","Q37","STAINES HEALTH CENTRE","KNOWLE GREEN","STAINES","MIDDLESEX","","TW18 1XD","19880901","20120930","C","B","5P5","20061001","20120930","01784 883670","","","","0","","","","0",""
"H81657","NO NAME HELD","Y11","QAK","SHADBOLT PARK HOUSE SURG","SHADBOLT PK, SALISBURY RD","WORCESTER PARK","SURREY","","KT4 7BX","19900701","19980331","C","Z","","","","0181 3373966","","","","0","","","","0",""
"H81660","NO NAME HELD","Y11","QAL","44 LONDON ROAD","GUILDFORD","SURREY","","","GU1 2AF","19910520","19911031","C","Z","","","","","","","","0","","","","0",""
"H81661","NO NAME HELD","Y10","QAG","GENERAL MANAGER","187 EWELL ROAD","SURBITON","SURREY","","KT6 6AU","19910501","19920207","C","Z","","","","","","","","0","","","","0",""
"H81662","CHALDON ROAD SURGERY","Y52","Q37","WARLINGHAM GREEN MED PRAC","1 CHURCH ROAD","WARLINGHAM","SURREY","","CR6 9NW","19920203","20120930","C","B","5P5","20061001","20120930","01883 345466","","","","0","","","","0",""
"H81665","CHURCH ROAD SURGERY (OLD)-CLOSED","Y52","Q37","CROSSMOUNT SURGERY","1 CHURCH ROAD","WARLINGHAM","SURREY","","CR6 9RL","19960501","20120930","C","B","5P5","20061001","20120930","01883 625532","","","","0","","","","0",""
"H81666","DR D LATHAM'S PRACTICE","Y52","Q37","THE OAKS NURSING HOME","TADWORTH STREET","TADWORTH","SURREY","","KT20 5RG","19960603","20120930","C","B","5P5","20061001","20120930","01737 813540","","","","0","","","","0",""
"H81670","CATERHAM PCC","Y52","Q37","CATERHAM DENE HOSPITAL","CHURCH ROAD","CATERHAM","","","CR3 5RA","20001201","20120930","C","B","5P5","20061001","20120930","01883 343392","","","","0","","","","0",""
"H81671","REDHILL PCC - CLOSED","Y52","Q37","FRACTURE CLINIC","EAST SURREY HOSPITAL","CANADA AVENUE, REDHILL","SURREY","","RH1 5RH","20001201","20120930","C","B","5P5","20061001","20120930","01737 768511","","","","0","","","","0",""
"H81673","EAST SURREY OUT OF HOURS (CROYDOC)CLOSED","Y52","Q37","MAYDAY HOSPITAL","LONDON ROAD","CROYDON","","","CR7 7YE","20020501","20120930","C","B","5P5","20061001","20120930","020 84013270","","","","0","","","","2",""
"H82018","FITZALAN (MERGED APR 04)","Y52","Q37","FITZALAN MEDICAL CENTRE","FITZALAN ROAD","LITTLEHAMPTON","WEST SUSSEX","","BN17 5JR","19740401","20120930","C","B","5P6","20061001","20120930","01903 733277","","","","0","","","","0",""
"H82019","WITTERINGS HC - EDWARDS","Y52","Q37","THE WITTERINGS HEALTH CTR","CAKEHAM ROAD","EAST WITTERING,CHICHESTER","WEST SUSSEX","","PO20 8BH","19740401","20120930","C","B","5P6","20061001","20120930","01243 670707","","","","0","","","","0",""
"H82062","PULBOROUGH","Y52","Q37","PULBOROUGH PRIMARY C/CTR","SPIRO CLOSE","PULBOROUGH","WEST SUSSEX","","RH20 1FG","19740401","20120930","C","B","5P6","20061001","20120930","01798 872815","","","","0","","","","0",""
"H82074","NO NAME HELD","Y11","QAN","11 MILL ROAD","BURGESS HILL","WEST SUSSEX","","","RH15 8DW","19740401","19920815","C","Z","","","","","","","","0","","","","0",""
"H82075","AVISFORD MEDICAL GROUP","Y52","Q37","BARNHAM MEDICAL CENTRE","134 BARNHAM ROAD","BARNHAM, BOGNOR REGIS","WEST SUSSEX","","PO22 0EH","19740401","20120930","C","B","5P6","20061001","20120930","01243 553331","","","","0","","","","0",""
"H82079","NORFOLK SQUARE SURGERY","Y52","Q37","NORFOLK SQUARE SURGERY","14 ALDWICK ROAD","BOGNOR REGIS","WEST SUSSEX","","PO21 2LJ","19740401","20120930","C","B","5P6","20061001","20120930","01243 821404","","","","0","","","","0",""
"H82080","NO NAME HELD","Y11","Q37","HOLBROOK SURGERY","BARTHOLOMEW WAY","HORSHAM","WEST SUSSEX","","RH12 5JL","19740401","19981231","C","B","","20021001","20021001","01403 755900","","","","0","","","","0",""
"H82081","COURTYARD","Y52","Q37","THE COURTYARD SURGERY","56 LONDON ROAD","HORSHAM","WEST SUSSEX","","RH12 1AT","19740401","20120930","C","B","5P6","20061001","20120930","01403 262700","","","","0","","","","0",""
"H82085","NO NAME HELD","Y11","QAN","LANCING HEALTH CENTRE","PENSTONE PARK","LANCING","WEST SUSSEX","","BN15 9AG","19740401","19971212","C","Z","","","","01903 763144","","","","0","","","","0",""
"H82090","NO NAME HELD","Y11","QAN","LONDON ROAD MEDICAL CTR.","194 LONDON ROAD","BURGESS HILL","WEST SUSSEX","","RH15 9RD","19860201","19970331","C","Z","","","","01444242860","","","","0","","","","0",""
"H82093","NO NAME HELD","Y11","QAN","SOUTHBOURNE MEDICAL CTR.","233 MAIN ROAD","SOUTHBOURNE, EMSWORTH","HAMPSHIRE","","PO10 8JD","19740401","19961201","C","Z","","","","01243377733","","","","0","","","","0",""
"H82097","RENAL UNITS (VIREMENT PROJECT)","Y52","Q37","EASTERN ROAD","BRIGHTON","EAST SUSSEX","","","BN2 5BE","19970401","20130331","C","B","5LQ","20020401","20130331","01273 696955","","","","1","","","","0",""
"H82600","NO NAME HELD","Y11","QAN","2 PARKLANDS ROAD","CHICHESTER","WEST SUSSEX","","","PO19 3DT","19740401","19920612","C","Z","","","","","","","","0","","","","0",""
"H82610","NO NAME HELD","Y11","QAN","MILL SURGERY","11 MILL ROAD","BURGESS HILL","WEST SUSSEX","","RH15 8DW","19740401","19961002","C","Z","","","","01444 233153","","","","0","","","","0",""
"H82611","NO NAME HELD","Y11","QAN","THE HEALTH CENTRE","PENSTONE PARK","LANCING","WEST SUSSEX","","BN15 9AG","19740401","19940331","C","Z","","","","0903 763144","","","","0","","","","0",""
"H82612","NO NAME HELD","Y11","QAN","15 WEST AVENUE","WORTHING","WEST SUSSEX","","","BN11 5LX","19740401","19920331","C","Z","","","","","","","","0","","","","0",""
"H82613","NO NAME HELD","Y11","QAN","ST. BARNABAS HOME","COLUMBIA DRIVE","WORTHING","WEST SUSSEX","","BN13 2QF","19740401","19960630","C","Z","","","","01903 264222","","","","0","","","","0",""
"H82614","NO NAME HELD","Y11","QAN","MACMILLAN SERVICE","KING EDWARD VII HOSPITAL","MIDHURST","WEST SUSSEX","","GU29 0BL","19740401","19971130","C","Z","","","","01730 812341","","","","0","","","","0",""
"H82616","NO NAME HELD","Y11","QAN","SHOREHAM HEALTH CENTRE","POND ROAD","SHOREHAM-BY-SEA","WEST SUSSEX","","BN43 5US","19740401","19920101","C","Z","","","","","","","","0","","","","0",""
"H82617","NO NAME HELD","Y11","QAN","THE HEALTH CENTRE","PENSTONE PARK","LANCING","WEST SUSSEX","","BN15 9AG","19740401","19950701","C","Z","","","","01903763144","","","","0","","","","0",""
"H82618","NO NAME HELD","Y11","QAN","NORTHBOURNE MEDICAL CTR.","EASTERN AVENUE","SHOREHAM-BY-SEA","WEST SUSSEX","","BN43 6PE","19850401","19920416","C","Z","","","","","","","","0","","","","0",""
"H82620","DR PHG SANDON'S PRACTICE","Y52","Q37","263 GORING ROAD","GORING-BY-SEA","WORTHING","WEST SUSSEX","","BN12 4PA","19851216","20120930","C","B","5P6","20061001","20120930","01903 241995","","","","0","","","","0",""
"H82622","PENSTONE FAMILY PRACTICE","Y52","Q37","THE PENSTONE FAMILY PRACT","THE HEALTH CENTRE","PENSTONE PARK, LANCING","WEST SUSSEX","","BN15 9AG","19740401","20120930","C","B","5P6","20061001","20120930","01903 843300","","","","0","","","","0",""
"H82624","DR JPW WALTER'S PRACTICE","Y52","Q37","RAPHA HOUSE SURGERY","STOCKCROFT ROAD","BALCOMBE,HAYWARDS HEATH","WEST SUSSEX","","RH17 6LQ","19871001","20120930","C","B","5P6","20061001","20120930","01444 811310","","","","0","","","","0",""
"H82626","THE HEALTH CENTRE","Y52","Q37","THE HEALTH CENTRE","WINDMILL AVENUE","HASSOCKS","WEST SUSSEX","","BN6 8LY","19740401","20120930","C","B","5P6","20061001","20120930","01273 843563","","","","0","","","","0",""
"H82627","SODERA VK","Y52","Q37","37 GOSSAMER LANE","ALDWICK","BOGNOR REGIS","WEST SUSSEX","","PO31 3BX","19740401","20120930","C","B","5P6","20061001","20120930","01243 266248","","","","0","","","","0",""
"H82630","ST. BARNABAS HOSPICE","Y52","Q37","ST. BARNABAS HOSPICE","COLUMBIA DRIVE","WORTHING","WEST SUSSEX","","BN13 2QF","19870501","20120930","C","B","5P6","20061001","20120930","01903 264222","","","","0","","","","0",""
"H82634","NO NAME HELD","Y11","QAN","CHIRAG HOUSE","1 FIR TREE CLOSE","LANGLEY GREEN, CRAWLEY","WEST SUSSEX","","RH11 7LS","19890613","19941213","C","Z","","","","0293 611399","","","","0","","","","0",""
"H82637","GIFFORD HOUSE","Y52","Q37","GIFFORD HOUSE","BOUNDARY ROAD","WORTHING","WEST SUSSEX","","BN11 4LJ","19920603","20120930","C","B","5P6","20061001","20120930","01903 213458","","","","0","","","","0",""
"H82638","NO NAME HELD","Y11","QAN","MILBURGH HALL","SELHAM","PETWORTH","WEST SUSSEX","","GV28 0PT","19931001","19931101","C","Z","","","","","","","","0","","","","0",""
"H82639","NO NAME HELD","Y11","QAN","MAIDENBOWER SURGERY","MAIDENBOWER DRIVE","MAIDENBOWER VILLAGE","CRAWLEY","","RH10 4PQ","19931120","19950515","C","Z","","","","01293888183","","","","0","","","","0",""
"H82646","SOUTH/ENGLAND SHOWGROUND","Y52","Q37","SOUTH/ENGLAND SHOWGROUND","ARDINGLY","HAYWARDS HEATH","WEST SUSSEX","","RH17 6TL","20010804","20130331","C","B","5P6","20061001","20130331","07767 880535","","","","0","","","","0",""
"H82650","WESSEX RENAL & TRANS.UNIT","Y52","Q37","QUEEN ALEXANDRA HOSPITAL","SOUTHWICK HILL ROAD","PORTSMOUTH","","","PO6 3LY","20020401","20130331","C","B","5P6","20061001","20130331","02392 286000","","","","0","","","","0",""
"H82651","RENAL & TRANSPLANT UNIT","Y52","Q37","EASTERN ROAD","BRIGHTON","EAST SUSSEX","","","BN2 5BE","20020401","20120930","C","B","5P6","20061001","20120930","01273 696955","","","","0","","","","0",""
"H82652","RENAL & TRANSPLANT UNIT","Y52","Q37","QUEEN ALEXANDRA HOSPITAL","SOUTHWICK HILL ROAD","PORTSMOUTH","","","PO6 3LY","20020401","20120930","C","B","5P6","20061001","20120930","02392 286000","","","","0","","","","0",""
"H82654","CENTRAL WORTHING PARTNERSHIP","Y52","Q37","CENTRAL WORTHING P'SHIP","45 ROWLANDS ROAD","WORTHING","WEST SUSSEX","","BN11 3JN","20020902","20120930","C","B","5P6","20061001","20120930","01903 229310","","","","0","","","","0",""
"H82655","PMS","Y52","Q37","NEW PARK HOUSE","NORTH STREET","HORSHAM","WEST SUSSEX","","RH12 1RL","20021101","20120930","C","B","5P6","20061001","20120930","01403 215129","","","","0","","","","0",""
"H83003","NORBURY HEALTH CENTRE (01)","Y53","Q36","NORBURY HEALTH CENTRE","2B POLLARDS HILL NORTH","NORBURY","LONDON","","SW16 4NL","19740401","20120930","C","B","5K9","20020401","20120930","020 86791700","","","","0","","","","0",""
"H83026","WOODSIDE HEALTH CENTRE (01)","Y53","Q36","WOODSIDE HEALTH CENTRE","3 ENMORE ROAD","SOUTH NORWOOD","LONDON","","SE25 5NT","19740401","20120930","C","B","5K9","20020401","20120930","020 86551223","","","","0","","","","0",""
"H83032","WHITWORTH MEDICAL CENTRE","Y53","Q36","9 WHITWORTH ROAD","SOUTH NORWOOD","LONDON","","","SE25 6XN","19740401","20120930","C","B","5K9","20020401","20120930","020 86531414","","","","0","","","","0",""
"H83038","NO NAME HELD","Y10","QAD","WINDSOR HOUSE","1270 LONDON ROAD","NORBURY, LONDON","","","SW16 4DL","19740401","19941201","C","Z","","","","081 7649949","","","","0","","","","0",""
"H83045","NO NAME HELD","Y10","QAD","90 GODSTONE ROAD","KENLEY","SURREY","","","CR8 5AB","19740401","19920331","C","Z","","","","","","","","0","","","","0",""
"H83047","NO NAME HELD","Y10","QAD","RAVENHILL","RECTORY PARK","SANDERSTEAD","SURREY","","CR2 9JR","19740401","19921031","C","Z","","","","","","","","0","","","","0",""
"H83600","NO NAME HELD","Y10","QAD","1 HALING PARK ROAD","SOUTH CROYDON","SURREY","","","CR2 6NG","19740401","19980701","C","Z","","","","0181 6880479","","","","0","","","","0",""
"H83610","LOCUM FOR DR.RAMAKRISHNAN","Y53","Q36","48B CHIPSTEAD VALLEY ROAD","COULSDON","SURREY","","","CR5 2RA","19740401","20120930","C","B","","20021001","20120930","","","","","0","","","","0",""
"H83612","DR N AHMED'S PRACTICE","Y53","Q36","109 WADDON NEW ROAD","CROYDON","SURREY","","","CR0 4JE","19740401","20120930","C","B","5K9","20020401","20120930","020 86885375","","","","0","","","","0",""
"H83614","COULSDON ROAD PRACTICE","Y53","Q36","157A COULSDON ROAD","OLD COULSDON","SURREY","","","CR5 1EG","19740401","20120930","C","B","5K9","20020401","20120930","01737 553660","","","","0","","","","4",""
"H83617","HAYES COURT NURSING HOME","Y53","Q36","HAYES COURT NURSING HOME","50 HAYES LANE","KENLEY","SURREY","","CR8 5LA","19740401","20120930","C","B","5K9","20020401","20120930","020 86603432","","","","0","","","","0",""
"H83618","NORMAN HOUSE","Y53","Q36","NORMAN HOUSE","BROOKSIDE WAY","SHIRLEY, CROYDON","SURREY","","CR0 7RR","19740401","20120930","C","B","5K9","20020401","20120930","020 86563771","","","","0","","","","0",""
"H83628","NORBURY CRESCENT (01)","Y53","Q36","51 NORBURY CRESCENT","NORBURY","LONDON","","","SW16 4JS","19920401","20120930","C","B","5K9","20020401","20120930","020 87641204","","","","0","","","","0",""
"H83629","NO NAME HELD","Y10","QAD","THORNTON HEATH HEALTH CTR","61A GILLETT ROAD","THORNTON HEATH","SURREY","","CR7 8RL","19940101","19990228","C","Z","","","","0181 6895797","","","","0","","","","0",""
"H83630","THE HOMELESS PROJECT","Y53","Q36","THE HOMELESS PROJECT","C/O CROYDON HEALTH","17 ADDISCOMBE ROAD","CROYDON,SURREY","","CR0 6SR","19940501","20120930","C","B","5K9","20020401","20120930","020 86802588","","","","0","","","","0",""
"H83632","LONDON ROAD MEDICAL CENTRE","Y53","Q36","LONDON ROAD MEDICAL CTR","CAVENDISH HOUSE","515 LONDON ROAD","THORNTON HEATH,SURREY","","CR7 6AR","19951001","20120930","C","B","5K9","20020401","20120930","020 82399002","","","","0","","","","0",""
"H83636","WALK IN CENTRE","Y53","Q36","45 HIGH STREET","CROYDON","","","","CR0 1QD","20001201","20130331","C","B","5K9","20020401","20130331","020 86660555","","","","0","","","","1",""
"H83640","NORBURY CRESCENT (02)","Y53","Q36","51 NORBURY CRESCENT","NORBURY","LONDON","","","SW16 4JS","20020801","20120930","C","B","5K9","20020801","20120930","020 87641204","","","","0","","","","0",""
"H84008","THE MEDICAL UNIT","Y53","Q36","THE GP MEDICAL UNIT","MANOR DRIVE HEALTH CENTRE","MANOR DRIVE","WORCESTER PARK, SURREY","","KT4 7LG","19740401","20120930","C","B","5A5","20010401","20120930","020 83373309","","","","0","","","","0",""
"H84011","LEBUS (GLEBE AND CHATFIELD)","Y53","Q36","THE SURGERY","1 GLEBE ROAD","BARNES","LONDON","","SW13 0DR","19740401","20120930","C","B","5M6","20020401","20120930","020 87481065","","","","0","","","","0",""
"H84021","TUDOR SURGERY","Y53","Q36","192 TUDOR DRIVE","KINGSTON UPON THAMES","SURREY","","","KT2 5QH","19740401","20120930","C","B","5A5","20010401","20120930","020 85490061","","","","0","","","","0",""
"H84022","NO NAME HELD","Y10","QAG","SHEEN LANE HEALTH CENTRE","SHEEN LANE","EAST SHEEN","LONDON","","SW14 8LP","19740401","19980405","C","Z","","","","0181 8760021","","","","0","","","","0",""
"H84056","NO NAME HELD","Y10","QAG","9 MANSFIELD ROAD","CHESSINGTON","SURREY","","","KT9 2PJ","19740401","19940101","C","Z","","","","081 3972367","","","","0","","","","0",""
"H84600","NO NAME HELD","Y10","QAG","1A ULLSWATER CRESCENT","KINGSTON VALE","LONDON","","","SW15 3RG","19740401","19930801","C","Z","","","","081 5461190","","","","0","","","","0",""
"H84606","NO NAME HELD","Y10","QAG","36 PARK ROAD","HAMPTON HILL","MIDDLESEX","","","TW12 1HQ","19740401","19910401","C","Z","","","","","","","","0","","","","0",""
"H84610","NO NAME HELD","Y10","QAG","THE WHITE HOUSE","4 CAMBRIDGE ROAD","TEDDINGTON","MIDDLESEX","","TW11 8DR","19851222","19920706","C","Z","","","","","","","","0","","","","0",""
"H84611","DR KS DHIR'S PRACTICE","Y53","Q36","THE SURGERY","1 EVESHAM TERRACE","ST.ANDREWS ROAD","SURBITON, SURREY","","KT6 4DS","19740401","20120930","C","B","","20021001","20120930","020 83991837","","","","0","","","","0",""
"H84612","NO NAME HELD","Y10","QAG","386 UPPER RICHMOND RD.WST","EAST SHEEN","LONDON","","","SW14 7JU","19740401","19960804","C","Z","","","","01818765146","","","","0","","","","0",""
"H84614","DR BS KANCHAN'S PRACTICE","Y53","Q36","131 WARREN ROAD","WHITTON","TWICKENHAM","MIDDLESEX","","TW2 7DJ","19740401","20120930","C","B","","20021001","20120930","01818940797","","","","0","","","","0",""
"H84616","WESTBURY ROAD SURGERY","Y53","Q36","98A WESTBURY ROAD","NEW MALDEN","SURREY","","","KT3 5AN","19840401","20120930","C","B","5A5","20010401","20120930","020 89496778","","","","0","","","","0",""
"H84617","NO NAME HELD","Y10","QAG","9 MUNSTER ROAD","TEDDINGTON","MIDDLESEX","","","TW11 9LR","19851222","19930331","C","Z","","","","","","","","0","","","","0",""
"H84620","NO NAME HELD","Y10","QAG","317 EWELL ROAD","SURBITON","SURREY","","","KT6 7BX","19850301","19960630","C","Z","","","","01813907626","","","","0","","","","0",""
"H84622","NO NAME HELD","Y10","QAG","PARK GATES HOUSE","THE GREEN","RICHMOND","SURREY","","TW9 1QG","19890901","19920331","C","Z","","","","","","","","0","","","","0",""
"H84624","HEALTH AUTHORITY LOCUM","Y53","Q36","MANOR DRIVE HEALTH CENTRE","3 THE MANOR DRIVE","WORCESTER PARK","SURREY","","KJ4 7LG","19910401","20120930","C","B","5A5","20010401","20120930","020 83370545","","","","0","","","","0",""
"H84626","NO NAME HELD","Y10","Q36","HOME LODGE SURGERY","13 GLOUCESTER ROAD","TEDDINGTON","MIDDLESEX","","TW11 0NS","19920401","20000630","C","B","5M6","20021001","20021001","020 89772516","","","","0","","","","0",""
"H84627","NO NAME HELD","Y10","QAG","THE SURGERY","86 SHEEN ROAD","RICHMOND","SURREY","","TW9 1VF","19930201","19940404","C","Z","","","","","","","","0","","","","0",""
"H84628","STAR & GARTER HOME","Y53","Q36","ROYAL STAR & GARTER HOME","RICHMOND","SURREY","","","TW10 6RR","19940401","20120930","C","B","5M6","20020401","20120930","020 89403314","","","","0","","","","0",""
"H84631","ROYAL HOSPITAL FOR NEURO-DISABILITIES","Y53","Q36","THE ROYAL HOSPITAL FOR","     NEURO-DISABILITIES","WEST HILL, PUTNEY","LONDON","","SW15 3SW","19940901","20120930","C","B","5M6","20020401","20120930","020 87804500","","","","0","","","","0",""
"H84634","NO NAME HELD","Y10","QAG","QUEENS MEDICAL CENTRE","109 QUEENS ROAD","RICHMOND","SURREY","","TW10 6HF","19980401","19981031","C","Z","","","","","","","","0","","","","0",""
"H84636","TUDOR DRIVE SURGERY","Y53","Q36","192 TUDOR DRIVE","KINGSTON UPON THAMES","SURREY","","","KT2 5QH","20000701","20120930","C","B","5A5","20010401","20120930","020 85490061","","","","0","","","","0",""
"H84638","THAMESDOC","Y53","Q36","22 HOLLYFIELD ROAD","SURBITON","","SURREY","","KT5 9AL","20020101","20120930","C","B","5A5","20020101","20120930","020 83398000","","","","0","","","","0",""
"H85004","THE SURGERY","Y53","Q36","THE SURGERY","BALMUIR GARDENS","PUTNEY","LONDON","","SW15 6NG","19740401","20120930","C","B","5LG","20020401","20120930","020 87880818","","","","0","","","","4",""
"H85036","DR S BASU'S PRACTICE","Y53","Q36","SHOTFIELD HEALTH CENTRE","SHOTFIELD","WALLINGTON","SURREY","","SM6 0HY","19740401","20120930","C","B","5M7","20020401","20120930","020 86470031","","","","0","","","","0",""
"H85058","NO NAME HELD","Y10","QAJ","THE GROVE ROAD SURGERY","83 GROVE ROAD","SUTTON","SURREY","","SM1 2DB","19740401","19920930","C","Z","","","","","","","","0","","","","0",""
"H85059","LOCUM FOR DR R PRICE","Y53","Q36","859 GARRATT LANE","TOOTING","LONDON","","","SW17 0LX","19740401","20120930","C","B","5LG","20020401","20120930","020 89462207","","","","0","","","","0",""
"H85060","NO NAME HELD","Y10","QAJ","BRIDGE LANE HEALTH CENTRE","20 BRIDGE LANE","BATTERSEA BRIDGE ROAD","LONDON","","SW11 3AD","19740401","19951231","C","Z","","","","01712234211","","","","0","","","","0",""
"H85064","THE HEALTH CENTRE","Y53","Q36","THE HEALTH CENTRE","ROBIN HOOD LANE","SUTTON","SURREY","","SM1 2RJ","19740401","20120930","C","B","5M7","20020401","20120930","020 82548100","","","","0","","","","4",""
"H85068","DR N THEVAMANOHARAN'S PRACTICE","Y53","Q36","FURZEDOWN P/CARE CENTRE","18 THRALE ROAD","STREATHAM","","","SW16 5PN","19740401","20120930","C","B","5M7","20020401","20120930","020 86770083","","","","0","","","","0",""
"H85080","NO NAME HELD","Y10","QAJ","ELM LODGE","CRICKET GREEN","MITCHAM","SURREY","","CR4 4LB","19740401","19980703","C","Z","","","","0181 6485030","","","","0","","","","0",""
"H85084","133 REIGATE AVENUE - CLOSED","Y53","Q36","133 REIGATE AVENUE","SUTTON","SURREY","","","SM1 3JR","19740401","20120930","C","B","5M7","20020401","20120930","020 86447610","","","","0","","","","0",""
"H85089","WESTMEAD SURGERY","Y53","Q36","92 WESTMEAD ROAD","SUTTON","SURREY","","","SM1 4HX","19740401","20120930","C","B","5M7","20020401","20120930","020 86611505","","","","0","","","","0",""
"H85093","NO NAME HELD","Y10","QAJ","OLD COURT HOUSE SURGERY","4 THROWLEY WAY","SUTTON","SURREY","","SM1 4AF","19740401","19970331","C","Z","","","","0181 6438866","","","","0","","","","0",""
"H85094","ASHVALE MEDICAL CENTRE","Y53","Q36","4 ASHVALE ROAD","","LONDON","","","SW17 8PW","19740401","20120930","C","B","5LG","20020401","20120930","020 86722085","","","","0","","","","0",""
"H85096","THE MEDICAL CENTRE","Y53","Q36","THE MEDICAL CENTRE","100 LAVENDER HILL","BATTERSEA","LONDON","","SW11 5RE","19740401","20120930","C","B","5LG","20020401","20120930","020 77380070","","","","0","","","","0",""
"H85097","NO NAME HELD","Y10","Q36","7 FARRANT HOUSE","WINSTANLEY ROAD","WINSTANLEY EST.,BATTERSEA","LONDON","","SW11 2EJ","19740401","19980930","C","B","","20021001","20021001","0171 2284175","","","","0","","","","0",""
"H85102","NO NAME HELD","Y10","QAJ","SHOTFIELD HEALTH CENTRE","SHOTFIELD","WALLINGTON","SURREY","","SM6 0HY","19860501","19970331","C","Z","","","","0181 6470031","","","","0","","","","0",""
"H85104","PUTNEYMEAD MEDICAL CENTRE","Y53","Q36","THE PUTNEY SURGERY","4 DISRAELI ROAD","","LONDON","","SW15 2DS","19740401","20120930","C","B","5LG","20020401","20120930","0844 4996618","","","","0","","","","0",""
"H85107","MITCHAM ROAD SURGERY","Y53","Q36","138-140 MITCHAM ROAD","TOOTING","LONDON","","","SW17 9NH","19870714","20120930","C","B","5LG","20020401","20120930","020 86727868","","","","0","","","","0",""
"H85602","LOCUM FOR DR JEO DUNWOODY","Y53","Q36","STORMONT HEALTH CENTRE","5-11 STORMONT ROAD","LONDON","","","SW11 5EG","19740401","20120930","C","B","5LG","20020401","20120930","020 79785858","","","","0","","","","0",""
"H85613","THE SURGERY-24 HIGH STREET","Y53","Q36","24 HIGH STREET","COLLIERS WOOD","LONDON","","","SW19 2JE","19740401","20120930","C","B","5M7","20020401","20120930","020 85421483","","","","0","","","","0",""
"H85619","NO NAME HELD","Y10","QAJ","THE ROYAL HOSPITAL & HOME","FOR INCURABLES","WEST HILL, PUTNEY","LONDON","","SW15 3SW","19740401","19940831","C","Z","","","","","","","","0","","","","0",""
"H85626","NO NAME HELD","Y10","QAJ","545 OLD YORK ROAD","WANDSWORTH","LONDON","","","SW18 1TQ","19740401","19930109","C","Z","","","","","","","","0","","","","0",""
"H85629","NO NAME HELD","Y10","QAJ","96 TOOTING HIGH STREET","TOOTING","LONDON","","","SW17 0SU","19740401","19920220","C","Z","","","","","","","","0","","","","0",""
"H85631","NO NAME HELD","Y10","Q36","ST.PAUL'S COMMUNITY CTR.","23 INNER PARK ROAD","WIMBLEDON","LONDON","","SW19 6ED","19740401","19991119","C","B","5LG","20021001","20021001","01817801040","","","","0","","","","0",""
"H85632","NO NAME HELD","Y10","QAJ","20 LAVENDER ROAD","BATTERSEA","LONDON","","","SW11 2UG","19740401","19940526","C","Z","","","","071 2286300","","","","0","","","","0",""
"H85633","DR NICHOLAS & PARTNERS","Y53","Q36","THE TRINITY MEDICAL CTR","278-280 BALHAM HIGH ROAD","","LONDON","","SW17 7AL","19740401","20120930","C","B","5LG","20020401","20120930","020 86723331","","","","0","","","","0",""
"H85636","NORTHCOTE ROAD SURGERY","Y53","Q36","87 NORTHCOTE ROAD","BATTERSEA","LONDON","","","SW11 6PL","19740401","20120930","C","B","5LG","20020401","20120930","020 72232417","","","","0","","","","0",""
"H85638","NO NAME HELD","Y10","QAJ","BALHAM HEALTH CENTRE","120 BEDFORD HILL","BALHAM","LONDON","","SW12 9HP","19740401","19981130","C","Z","","","","0181 6754451","","","","0","","","","0",""
"H85639","THE BEC FAMILY PRACTICE","Y53","Q36","THE BEC FAMILY PRACTICE","62 UPPER TOOTING ROAD","TOOTING","LONDON","","SW17 7PB","19740401","20120930","C","B","5LG","20020401","20120930","020 86723133","","","","0","","","","0",""
"H85640","NO NAME HELD","Y10","QAJ","13 BALHAM HIGH ROAD","BALHAM","LONDON","","","SW12 9AT","19740401","19920229","C","Z","","","","","","","","0","","","","0",""
"H85641","NO NAME HELD","Y10","QAJ","145 MERTON ROAD","WIMBLEDON","LONDON","","","SW19 5EQ","19740401","19980131","C","Z","","","","0181 5422300","","","","0","","","","0",""
"H85642","NO NAME HELD","Y10","QAJ","8 THE PARADE","STAFFORD ROAD","WALLINGTON","SURREY","","SM6 8ND","19740401","19981130","C","Z","","","","0181 3958191","","","","0","","","","0",""
"H85644","LOCUM TO DR WONG","Y53","Q36","105 CARSLAKE ROAD","PUTNEY","LONDON","","","SW15 3DD","19740401","20120930","C","B","5LG","20020401","20120930","020 87856440","","","","0","","","","0",""
"H85646","THE WANDLE VALLEY SURGERY","Y53","Q36","THE WANDLE VALLEY SURGERY","BROCKLEBANK HEALTH CENTRE","249 GARRATT LANE","WANDSWORTH, LONDON","","SW18 4DU","19740401","20120930","C","B","5LG","20020401","20120930","020 87000137","","","","0","","","","0",""
"H85647","THE SURGERY - MODY","Y53","Q36","THE SURGERY","62 WALTHAM ROAD","CARSHALTON","SURREY","","SM5 1PW","19740401","20120930","C","B","5M7","20020401","20120930","020 86448989","","","","0","","","","0",""
"H85648","23 CARSHALTON ROAD - CLOSED","Y53","Q36","23 CARSHALTON ROAD","SUTTON","SURREY","","","SM1 4LF","19740401","20120930","C","B","5M7","20020401","20120930","020 86420396","","","","0","","","","0",""
"H85651","NO NAME HELD","Y10","Q36","52 MOLLISON DRIVE","WALLINGTON","SURREY","","","SM6 9BY","19740401","20000630","C","B","5M7","20021001","20021001","020 86470811","","","","0","","","","0",""
"H85652","NO NAME HELD","Y10","QAJ","SHOTFIELD HEALTH CENTRE","SHOTFIELD","WALLINGTON","SURREY","","SM6 0HY","19740401","19970331","C","Z","","","","0181 6470031","","","","0","","","","0",""
"H85654","THE GROVE ROAD PRACTICE","Y53","Q36","THE GROVE ROAD SURGERY","83 GROVE ROAD","SUTTON","SURREY","","SM1 2DB","19740401","20120930","C","B","5M7","20020401","20120930","020 86421721","","","","0","","","","0",""
"H85655","NO NAME HELD","Y10","QAJ","87 STONECOT HILL","SUTTON","SURREY","","","SM3 9HJ","19740401","19960630","C","Z","","","","0181 6411296","","","","0","","","","0",""
"H85657","NO NAME HELD","Y10","Q36","16 FIRCROFT ROAD","TOOTING","LONDON","","","SW17 7PS","19740401","20000331","C","B","5LG","20021001","20021001","020 86720346","","","","0","","","","0",""
"H85658","GP LOCUM","Y53","Q36","20 LAVENDER ROAD","BATTERSEA","LONDON","","","SW11 2UG","19860806","20120930","C","B","5LG","20020401","20120930","020 72231056","","","","0","","","","0",""
"H85660","DR N WAHEED'S PRACTICE","Y53","Q36","24 CHALGROVE ROAD","SUTTON","SURREY","","","SM2 5JT","19740401","20120930","C","B","5M7","20020401","20120930","020 82889230","","","","0","","","","0",""
"H85661","NO NAME HELD","Y10","QAJ","107 SEELY ROAD","TOOTING","LONDON","","","SW17 9QX","19860401","19951231","C","Z","","","","0181 7696541","","","","0","","","","0",""
"H85663","DR CP WONG'S PRACTICE","Y53","Q36","17 ELSENHAM STREET","SOUTHFIELDS","LONDON","","","SW18 5NU","19740401","20120930","C","B","5LG","20020401","20120930","020 88749972","","","","0","","","","0",""
"H85670","BICKERSTETH ROAD SURGERY","Y53","Q36","57 UPPER TOOTING PARK","TOOTING","LONDON","","","SW17 7SU","19850801","20120930","C","B","5LG","20020401","20120930","020 86735846","","","","0","","","","0",""
"H85672","NO NAME HELD","Y10","QAJ","133 GREEN LANE","MORDON","SURREY","","","SM4 6SE","19880301","19910731","C","Z","","","","","","","","0","","","","0",""
"H85673","NO NAME HELD","Y10","QAJ","45 THRALE ROAD","STREATHAM","LONDON","","","SW16 1TN","19870801","19920810","C","Z","","","","","","","","0","","","","0",""
"H85676","NO NAME HELD","Y10","QAJ","THE MOUNT CLINIC","LLOYD AVENUE","COULSDON","SURREY","","CR3 2QS","19890401","19910430","C","Z","","","","","","","","0","","","","0",""
"H85677","NO NAME HELD","Y10","QAJ","90 EAST HILL","WANDSWORTH","LONDON","","","SW18 2HG","19900101","19910630","C","Z","","","","","","","","0","","","","0",""
"H85679","THE GARRATT LANE SURGERY","Y53","Q36","THE GARRATT LANE SURGERY","657-659 GARRATT LANE","WANDSWORTH","LONDON","","SW17 0PB","19900524","20120930","C","B","5LG","20020401","20120930","020 89446827","","","","0","","","","0",""
"H85681","NO NAME HELD","Y10","QAJ","NIGHTINGALE HOUSE","105 NIGHTINGALE LANE","BALHAM","LONDON","","SW12 8NB","19910403","19960417","C","Z","","","","0181 6733495","","","","0","","","","0",""
"H85687","DR STL DE ALMEIDA'S PRACTICE","Y53","Q36","142 MITCHAM LANE","STREATHAN","LONDON","","","SW16 6NS","19940101","20120930","C","B","5M7","20020401","20120930","020 87690635","","","","0","","","","0",""
"H85688","DR MUTHALALI","Y53","Q36","219-221 UPPER TOOTING RD","TOOTING","","LONDON","","SW17 7TG","19940601","20120930","C","B","5LG","20020401","20120930","020 89460069","","","","0","","","","0",""
"H85689","BRIDGE LAND HEALTH CENTRE","Y53","Q36","BRIDGE LANE HEALTH CENTRE","20 BRIDGE LANE","BATTERSEA BRIDGE ROAD","LONDON","","SW11 3AD","19960101","20120930","C","B","5LG","20020401","20120930","020 79786737","","","","0","","","","0",""
"H85692","CHEGWIDDEN SURGERY","Y53","Q36","153 CANNON HILL LANE","RAYNES PARK","WEST WIMBLEDON","LONDON","","SW20 9DA","19970401","20120930","C","B","5M7","20020401","20120930","020 85435581","","","","0","","","","0",""
"H85694","DR RAW SUCHETT-KAYE'S PRACTICE","Y53","Q36","SHOTFIELD HEALTH CENTRE","SHOTFIELD","WALLINGTON","SURREY","","SM6 0HY","20000201","20120930","C","B","5M7","20020401","20120930","020 86470031","","","","0","","","","0",""
"J81015","THE BRIDPORT MEDICAL CTR2","Y52","Q39","THE BRIDPORT MEDICAL CTR","WEST ALLINGTON","BRIDPORT","DORSET","","DT6 5BN","19740401","20120930","C","B","5QM","20061001","20120930","01308 421109","","","","0","","","","4",""
"J81023","NO NAME HELD","Y12","QDW","11 FREDERICK PLACE","WEYMOUTH","DORSET","","","DT4 8HQ","19740401","19910630","C","Z","","","","","","","","0","","","","0",""
"J81085","STROUDEN PARK MEDICAL PRACTICE","Y52","Q39","STROUDEN PARK MEDICAL CTR","2A BRADPOLE ROAD","BOURNEMOUTH","DORSET","","BH8 9NX","19740401","20120930","C","B","5QN","20061001","20120930","01202 532253","","","","0","","","","4",""
"J81088","THE LYME PRACTICE","Y52","Q39","THE LYME PRACTICE","LYME COMMUNITY CARE CTRE","UPLYME ROAD, LYME REGIS","DORSET","","DT7 3LS","19740401","20120930","C","B","5QM","20061001","20120930","01297 445777","","","","0","","","","4",""
"J81600","WATTS","Y52","Q39","8 BURTON STREET","MARNHULL","STURMINSTER NEWTON","DORSET","","DT10 1PP","19740401","20120930","C","B","5QM","20061001","20120930","01258 820483","","","","0","","","","0",""
"J81601","NO NAME HELD","Y12","QDW","92 HINTON WOOD AVENUE","HIGHCLIFFE","CHRISTCHURCH","DORSET","","BH23 5AJ","19740401","19950331","C","Z","","","","0425 273344","","","","0","","","","0",""
"J81606","NO NAME HELD","Y12","QDW","WINTON HEALTH CENTRE","31 ALMA ROAD","WINTON","BOURNEMOUTH","","BH9 1AB","19740401","19950401","C","Z","","","","0202 519311","","","","0","","","","0",""
"J81610","NO NAME HELD","Y12","QDW","THE SURGERY","STATION ROAD","GILLINGHAM","DORSET","","SP8 4PY","19740401","19930630","C","Z","","","","0747 823225","","","","0","","","","0",""
"J81611","NO NAME HELD","Y12","QDW","WINTON HEALTH CENTRE","31 ALMA ROAD","WINTON","BOURNEMOUTH","","BH9 1AB","19740401","19950331","C","Z","","","","","","","","0","","","","0",""
"J81617","NO NAME HELD","Y12","QDW","40A FLORENCE ROAD","BOSCOMBE","BOURNEMOUTH","DORSET","","BH5 1HQ","19740401","19940331","C","Z","","","","0202 301870","","","","0","","","","0",""
"J81618","GROSVENOR ROAD SURGERY","Y52","Q39","4 GROSVENOR ROAD","DORCHESTER","DORSET","","","DT1 2BB","19740401","20120930","C","B","5QM","20061001","20120930","01305 251004","","","","0","","","","0",""
"J81619","DR WDP CREMIN'S PRACTICE","Y52","Q39","THE SURGERY","2A PARK ROAD","BOURNEMOUTH","","","BH8 8HS","19740401","20120930","C","B","5QN","20061001","20120930","01202 551535","","","","0","","","","0",""
"J81622","WEST CLIFF MEDICAL CENTRE","Y52","Q39","WEST CLIFF MEDICAL CENTRE","14 WEST CLIFF ROAD","BOURNEMOUTH","DORSET","","BH2 5HD","19860301","20120930","C","B","5QN","20061001","20120930","01202 314888","","","","0","","","","0",""
"J81636","NO NAME HELD","Y12","QDW","SHEILING CURATIVE SCHOOL","ASHLEY HEATH","RINGWOOD","HAMPSHIRE","","BH24 2ED","19890701","19910630","C","Z","","","","","","","","0","","","","0",""
"J81638","WEST CANFORD HEATH","Y52","Q39","W/CANFORD HEATH MED CTR","8-12 RYALL ROAD","CANFORD HEATH","POOLE, DORSET","","BH17 9FA","19891204","20120930","C","B","5QN","20061001","20120930","01202 658767","","","","0","","","","0",""
"J81639","DR VD FALDU'S PRACTICE","Y52","Q39","KINGSLEY HOUSE SURGERY","184 SOMERFORD ROAD","SOMERFORD","CHRISTCHURCH, DORSET","","BH23 3QG","19901026","20120930","C","B","5QM","20061001","20120930","01202 480836","","","","0","","","","0",""
"J81641","NO NAME HELD","Y12","QDW","MICHAELS SHELTER","POOLE ROAD","BOURNEMOUTH","","","BH2 5QU","19930701","19960703","C","Z","","","","","","","","0","","","","0",""
"J81642","NO NAME HELD","Y12","QDW","DORSET H/CARE NHS TRUST","11 SHELLEY ROAD","BOSCOMBE, BOURNEMOUTH","DORSET","","BH1 4JQ","19950601","19960315","C","Z","","","","01202752888","","","","0","","","","0",""
"J81643","DR MILLER","Y52","Q39","306 BLANDFORD ROAD","HAMWORTHY","POOLE","DORSET","","BH15 4JQ","19960201","20120930","C","B","5QN","20061001","20120930","01202 669077","","","","0","","","","0",""
"J81649","DR JA NYMAN'S PRACTICE","Y52","Q39","12 WALPOLE ROAD","BOSCOMBE","","","","BH1 4HA","19990920","20120930","C","B","5QN","20061001","20120930","01202 395195","","","","0","","","","0",""
"J81652","DR PCT SMITH'S PRACTICE","Y52","Q39","TALBOT MEDICAL CENTRE","63 KINSON ROAD","BOURNEMOUTH","","","BH10 4AH","20011101","20120930","C","B","5QN","20061001","20120930","01202 523059","","","","0","","","","0",""
"J81654","VASECTOMY CLINIC","Y52","Q39","WINTON HEALTH CENTRE","ALMA ROAD","WINTON","","","BH9 1BP","20020501","20130331","C","B","5QN","20061001","20130331","01202 519311","","","","0","","","","0",""
"J81655","DERMATOLOGY CLINIC","Y52","Q39","TALBOT MEDICAL CENTRE","63 KINSON ROAD","BOURNEMOUTH","","","BH10 4AH","20020501","20130331","C","B","5QN","20061001","20130331","01202 523059","","","","0","","","","0",""
"J82057","THE RED PRACTICE DR DR CAMPBELL & PTNRS","Y52","Q38","BLACKFIELD HEALTH CENTRE","HAMPTON LANE, BLACKFIELD","SOUTHAMPTON","HAMPSHIRE","","SO45 1XA","19740401","20120930","C","B","5QC","20061001","20120930","02380 899119","","","","0","","","","0",""
"J82070","DR YC PATEL'S PRACTICE","Y52","Q38","PARK LANE MEDICAL CENTRE","82 PARK LANE","BEDHAMPTON","HAMPSHIRE","","PO9 3HN","19740401","20120930","C","B","5QC","20061001","20120930","02392 483004","","","","0","","","","0",""
"J82111","BHP HAYLING ISLAND","Y52","Q38","HAYLING ISLAND HEALTH CTR","ELM GROVE, MENGHAM","HAYLING ISLAND","HAMPSHIRE","","PO11 9AP","19740401","20120930","C","B","5QC","20061001","20120930","02392 466216","","","","0","","","","0",""
"J82137","KINGSTON CRESCENT SURGERY","Y52","Q38","KINGSTON CRESCENT SURGERY","92 KINGSTON CRS,NORTH END","PORTSMOUTH","","","PO2 8AL","19740401","20120930","C","B","5FE","20010401","20120930","0844 4778708","","","","0","","","","0",""
"J82158","DRS. HOPWOOD & DOBBIE","Y52","Q38","ALTON HEALTH CENTRE","ANSTEY ROAD","ALTON","HAMPSHIRE","","GU34 2QX","19740401","20120930","C","B","5QC","20061001","20120930","01420 541166","","","","0","","","","0",""
"J82162","NO NAME HELD","Y11","Q38","THE CORNER HOUSE","WESTLANDS GROVE","PORTCHESTER","HAMPSHIRE","","PO16 9AB","19740401","19940930","C","B","","20021001","20021001","0705 378583","","","","0","","","","0",""
"J82170","THE VICTORY SURGERY","Y52","Q38","VICTORY SURGERY","92 KINGSTON CRESCENT","NORTH END, PORTSMOUTH","","","PO2 8AA","19740401","20120930","C","B","5FE","20010401","20120930","0844 5769413","","","","0","","","","0",""
"J82172","NO NAME HELD","Y11","Q38","THE SURGERY","60 NORTHERN ROAD","COSHAM, PORTSMOUTH","HAMPSHIRE","","PO6 3DP","19740401","19940515","C","B","","20021001","20021001","0705 375751","","","","0","","","","0",""
"J82173","NO NAME HELD","Y11","QD2","EASTNEY HEALTH CENTRE","HIGHLAND ROAD","SOUTHSEA,PORTSMOUTH","HAMPSHIRE","","PO4 9HJ","19740401","19910411","C","Z","","","","","","","","0","","","","0",""
"J82189","DR SA SCHOFIELD'S PRACTICE","Y52","Q38","THE SURGERY","225 MILTON ROAD","MILTON, PORTSMOUTH","HAMPSHIRE","","PO4 8PH","19740401","20120930","C","B","5FE","20010401","20120930","02392 731425","","","","0","","","","0",""
"J82200","NO NAME HELD","Y11","QD3","MILLERS DALE SURGERY","9 ORMESBY DRIVE","NORTH MILLERSDALE","CHANDLERS FORD, EASTLEIGH","","SO53 1SH","19740401","19970331","C","Z","","","","01703 262488","","","","0","","","","0",""
"J82204","DR PN CUNLIFFE'S PRACTICE","Y52","Q38","ALTON HEALTH CENTRE","ANSTEY ROAD","ALTON","HAMPSHIRE","","GU34 2QX","19740401","20120930","C","B","5QC","20061001","20120930","01420 590599","","","","0","","","","0",""
"J82211","BERMUDA PRACTICE","Y52","Q38","SHAKESPEARE HOUSE HLTH CT","SHAKESPEARE ROAD","BASINGSTOKE","HAMPSHIRE","","RG24 9DS","19740401","20120930","C","B","5QC","20061001","20120930","01256 464151","","","","0","","","","0",""
"J82606","NO NAME HELD","Y11","QD3","THE SURGERY","10 TESTWOOD LANE","TOTTON, SOUTHAMPTON","HAMPSHIRE","","SO40 3AQ","19740401","19980930","C","Z","","","","01703 861088","","","","0","","","","0",""
"J82608","NO NAME HELD","Y11","QD2","FAREHAM HEALTH CENTRE","OSBORN ROAD","FAREHAM","HAMPSHIRE","","PO16 7ER","19740401","19920501","C","Z","","","","","","","","0","","","","0",""
"J82610","DANIEL PRACTICE","Y52","Q38","THE SURGERY","26 LONDON ROAD,COWPLAIN","WATERLOOVILLE","","","PO8 8DL","19740401","20120930","C","B","5QC","20061001","20120930","02392 253844","","","","0","","","","0",""
"J82613","MIDANBURY SURGERY","Y52","Q38","MIDANBURY SURGERY","1 WOODMILL LANE","MIDANBURY","SOUTHAMPTON, HAMPSHIRE","","SO18 2PA","19860101","20120930","C","B","5L1","20020401","20120930","02380 555407","","","","0","","","","0",""
"J82614","COLLEGE STREET SURGERY","Y52","Q38","THE COLLEGE ST. SURGERY","COLLEGE STREET","SOUTHAMPTON","HAMPSHIRE","","SO14 3EJ","19740401","20120930","C","B","5L1","20020401","20120930","02380 333729","","","","0","","","","0",""
"J82615","SHARMA RK","Y52","Q38","THE SURGERY","67 PORTSMOUTH ROAD","WOOLSTON, SOUTHAMPTON","HAMPSHIRE","","SO19 9BE","19740401","20120930","C","B","5L1","20020401","20120930","02380 448554","","","","0","","","","0",""
"J82616","NO NAME HELD","Y11","QD2","THE SURGERY","6 LANGSTONE ROAD","MILTON, PORTSMOUTH","HAMPSHIRE","","PO3 6BU","19850401","19971108","C","Z","","","","01705 826976","","","","0","","","","0",""
"J82617","NO NAME HELD","Y11","QD3","SOUTH WESTERN HOUSE","CANUTE ROAD","SOUTHAMPTON","HAMPSHIRE","","SO9 1ZA","19740401","19910731","C","Z","","","","","","","","0","","","","0",""
"J82618","NO NAME HELD","Y11","QD2","HAVANT HEALTH CENTRE","CIVIC CENTRE ROAD","HAVANT","HAMPSHIRE","","PO9 2AZ","19841216","19970516","C","Z","","","","01705 450326","","","","0","","","","0",""
"J82626","NO NAME HELD","Y11","QD2","C/O FINCHDEAN HOUSE","MILTON ROAD","PORTSMOUTH","","","PO3 6DP","19740401","19980801","C","Z","","","","01705 838340","","","","0","","","","0",""
"J82632","STANFORD MEDICAL CENTRE","Y52","Q38","STANFORD MEDICAL CENTRE","STANFORD ROAD","BRIGHTON HILL","BASINGSTOKE, HAMPSHIRE","","RG22 4LQ","19860701","20120930","C","B","5QC","20061001","20120930","01256 469340","","","","0","","","","0",""
"J82635","DR MCKENNING","Y52","Q38","194 ALLAWAY AVENUE","PAULSGROVE","PORTSMOUTH","HAMPSHIRE","","PO6 4HJ","19740401","20120930","C","B","5FE","20010401","20120930","02392 377006","","","","0","","","","0",""
"J82636","NO NAME HELD","Y11","Q38","223 WEST STREET","FAREHAM","HAMPSHIRE","","","PO16 0ET","19860901","20000606","C","B","5LX","20021001","20021001","01329 283559","","","","0","","","","0",""
"J82637","NO NAME HELD","Y11","QD1","166 ALEXANDRA ROAD","FARNBOROUGH","HAMPSHIRE","","","GU14 6RY","19860501","19980728","C","Z","","","","01252 522533","","","","0","","","","0",""
"J82641","SUBRAMANYAM M","Y52","Q38","THE SURGERY","16 CRANBURY AVENUE","SOUTHAMPTON","HAMPSHIRE","","SO14 0LQ","19740401","20120930","C","B","5L1","20020401","20120930","02380 639840","","","","0","","","","0",""
"J82642","SPENCER-SMITH M","Y52","Q38","OCEAN MEDICAL SERVICES","19-23 CANUTE ROAD","SOUTHAMPTON","HAMPSHIRE","","SO14 1FJ","19880615","20120930","C","B","5L1","20020501","20120930","02380 223546","","","","0","","","","0",""
"J82643","NO NAME HELD","Y11","Q38","THE NORTH END SURGERY","277 LONDON ROAD","NORTH END","PORTSMOUTH","","PO2 9HE","19881201","19940412","C","B","","20021001","20021001","0705 678612","","","","0","","","","0",""
"J82645","HYTHE MEDICAL CENTRE","Y52","Q38","HYTHE MEDICAL CENTRE","BEAULIEU ROAD","HYTHE","SOUTHAMPTON","","SO45 4ZD","19900101","20120930","C","B","5QC","20061001","20120930","02380 423204","","","","0","","","","4",""
"J82649","DR ROBINSON & PARTNERS","Y52","Q38","34 CHICHESTER ROAD","NORTH END","PORTSMOUTH","","","PO2 0AD","19920701","20120930","C","B","5FE","20010401","20120930","0239 2653240","","","","0","","","","0",""
"J82652","DR STACK","Y52","Q38","JENNER HOUSE","159 COVE ROAD","FARNBOROUGH","HAMPSHIRE","","GU14 0HH","19940401","20120930","C","B","5QC","20061001","20120930","01252 373738","","","","0","","","","0",""
"J82653","NO NAME HELD","Y11","QD3","SOCIETY OF ST.DISMUS","30 CRANBURY AVENUE","SOUTHAMPTON","","","SO2 0LT","19940402","19950930","C","Z","","","","01703336991","","","","0","","","","0",""
"J82654","NEW STREET MEDICAL CENTRE","Y52","Q38","NEW STREET MEDICAL CENTRE","130 NEW STREET","ANDOVER","HAMPSHIRE","","SP10 1DR","19940505","20120930","C","B","5QC","20061001","20120930","01264 335999","","","","0","","","","0",""
"J82655","NO NAME HELD","Y11","QD3","ALDERMOOR HEALTH CENTRE","ALDERMOOR CLOSE","SOUTHAMPTON","","","SO16 5ST","19940602","19941001","C","Z","","","","0703 797700","","","","0","","","","0",""
"J82657","GREYWELLS MEDICAL CENTRE","Y52","Q38","GREYWELLS MEDICAL CENTRE","13-15 PARK PARADE","LEIGH PARK, HAVANT","HAMPSHIRE","","PO9 5AA","19950701","20120930","C","B","5QC","20061001","20120930","02392 474448","","","","0","","","","4",""
"J82659","DR BJ BROUGH'S PRACTICE","Y52","Q38","THE FRYERN SURGERY","OAKMOUNT ROAD","CHANDLERS FORD,EASTLEIGH","HAMPSHIRE","","SO53 2LH","19951002","20120930","C","B","5QC","20061001","20120930","02380252082","","","","0","","","","0",""
"J82660","NO NAME HELD","Y11","QD1","TRINITY CENTRE","ST PAULS HILL","WINCHESTER","HANTS","","SO22 5AE","19960306","19960902","C","Z","","","","01962 622220","","","","0","","","","0",""
"J82661","NO NAME HELD","Y11","QD1","5A MANSFIELD PARK","STATION APPROACH","LYMINGTON BOTTOM ROAD","MEDSTEAD,HAMPSHIRE","","GU34 5PZ","19970101","19980630","C","Z","","","","01420 562922","","","","0","","","","0",""
"J82662","DR LA DUBRAS' PRACTICE","Y52","Q38","SOCIETY OF ST DISMAS","30 CRANBURY AVENUE","SOUTHAMPTON","","","SO14 0LT","19961101","20130331","C","B","5L1","20020401","20130331","02380 336991","","","","1","","","","0",""
"J82664","NO NAME HELD","Y11","Q38","KELSEY'S SURGERY","MILL ROAD","LISS","HAMPSHIRE","","GU33 7AZ","19990401","19990910","C","B","","20021001","20021001","01730 892184","","","","0","","","","0",""
"J82665","DR J B BENNETT","Y52","Q38","THE SOMERS TOWN HTH.CTR.","BLACKFRIARS CLOSE","SOUTHSEA, PORTSMOUTH","HAMPSHIRE","","PO5 4NJ","19990701","20120930","C","B","5FE","20010401","20120930","023 92820500","","","","0","","","","0",""
"J82666","WESSEX RENAL & TRANS UNIT","Y52","Q38","MILTON ROAD","PORTSMOUTH","HAMPSHIRE","","","PO3 6DP","20000801","20130331","C","B","5FE","20010401","20130331","02392 866127","","","","1","","","","0",""
"J82667","WESSEX RENAL & TRANS UNIT","Y52","Q38","HARNESS HOUSE","ALDERMASTON ROAD","BASINGSTOKE","HAMPSHIRE","","RG24 9NB","20000801","20120930","C","B","","20021001","20120930","01256 312225","","","","0","","","","0",""
"J82668","WESSEX RENAL & TRANS UNIT","Y52","Q38","MILTON ROAD","PORTSMOUTH","HAMPSHIRE","","","PO3 6DP","20000801","20120930","C","B","5FE","20020701","20120930","02392 866127","","","","0","","","","0",""
"J82670","TRINITY WINCHESTER","Y52","Q38","TRINITY WINCHESTER","DURNGATE PLACE","WINCHESTER","","","SO23 8DX","20010401","20120930","C","B","5QC","20061001","20120930","01962 842827","","","","0","","","","0",""
"J82672","DEPARTMENT OF RENAL MEDICINE","Y52","Q38","ROYAL BERKSHIRE HOSPITAL","HARNESS HOUSE","ALDERMASTON ROAD","BASINGSTOKE, HAMPSHIRE","","RG24 9NB","20010701","20120930","C","B","","20021001","20120930","0118 987511","","","","0","","","","0",""
"J82673","RENAL & TRANSPLANT UNIT","Y52","Q38","ST.HELIER HOSPITAL","HARNESS HOUSE","ALDERMASTON ROAD","BASINGSTOKE, HAMPSHIRE","","RG24 9NB","20010401","20120930","C","B","","20021001","20120930","020 82962000","","","","0","","","","0",""
"J82675","BONHOMIE HOUSE","Y52","Q38","C/O BLACKTHORN SURGERY","73 STATION ROAD","NETLEY ABBEY","SOUTHAMPTON","","SO31 5AE","20011201","20120930","C","B","5QC","20061001","20120930","023 80453110","","","","0","","","","0",""
"J82676","WESSEX RENAL & TRANS UNIT","Y52","Q38","QUEEN ALEXANDRA HOSPITAL","SOUTHWICK HILL ROAD","PORTSMOUTH","","","PO6 3LY","20020401","20120930","C","B","5FE","20020401","20120930","02392 286000","","","","0","","","","0",""
"J82677","WESSEX RENAL AND TRANSPLANT UNIT","Y52","Q38","QUEEN ALEXANDRA HOSPITAL","SOUTHWICK HILL ROAD","PORTSMOUTH","","","PO6 3LY","20020401","20120930","C","B","5QC","20061001","20120930","02392 286000","","","","0","","","","0",""
"J82678","WESSEX RENAL AND TRANSPLANT UNIT","Y52","Q38","QUEEN ALEXANDRA HOSPITAL","SOUTHWICK HILL ROAD","PORTSMOUTH","","","PO6 3LY","20020401","20120930","C","B","5QC","20061001","20120930","02392 286000","","","","0","","","","0",""
"J82679","WESSEX RENAL & TRANS. UNIT","Y52","Q38","QUEEN ALEXANDRA HOSPITAL","SOUTHWICK HILL ROAD","PORTSMOUTH","","","PO6 3LY","20020401","20120930","C","B","5QC","20061001","20120930","02392 286000","","","","0","","","","0",""
"J82680","WESSEX RENAL & TRANS.UNIT","Y52","Q38","QUEEN ALEXANDRA HOSPITAL","SOUTHWICK HILL ROAD","PORTSMOUTH","","","PO6 3LY","20020401","20120930","C","B","5QC","20061001","20120930","02392 286000","","","","0","","","","0",""
"J82681","WESSEX RENAL & TRANS.UNIT","Y52","Q38","QUEEN ALEXANDRA HOSPITAL","SOUTHWICK HILL ROAD","PORTSMOUTH","","","PO6 3LY","20020401","20120930","C","B","5L1","20020401","20120930","02392 286000","","","","0","","","","0",""
"J82682","WESSEX RENAL & TRANS.UNIT","Y52","Q38","QUEEN ALEXANDRA HOSPITAL","SOUTHWICK HILL ROAD","PORTSMOUTH","","","PO6 3LY","20020401","20120930","C","B","5QC","20061001","20120930","02392 286000","","","","0","","","","0",""
"J82683","WESSEX RENAL UNIT","Y52","Q38","QUEEN ALEXANDRA HOSPITAL","SOUTHWICK HILL ROAD","PORTSMOUTH","","","PO6 3LY","20020401","20120930","C","B","5QC","20061001","20120930","02392 286000","","","","0","","","","0",""
"J82684","WESSEX RENAL UNIT","Y52","Q38","QUEEN ALEXANDRA HOSPITAL","SOUTHWICK HILL ROAD","PORTSMOUTH","","","PO6 3LY","20020401","20120930","C","B","5QC","20061001","20120930","02392 286000","","","","0","","","","0",""
"J82686","INTERMEDIATE ENT CLINIC","Y52","Q38","BITTERNE WIC","BITTERNE HEALTH CTR","COMMERCIAL STREET","BITTERNE,SOUTHAMPTON","","SO18 6BT","20020904","20120930","C","B","5L1","20020904","20120930","023 80426358","","","","0","","","","0",""
"J82687","SOUTHAMPTON (SHIRLEY) WIC","Y52","Q38","1A HOWARD'S GROVE","SHIRLEY","SOUTHAMPTON","HAMPSHIRE","","SO15 5PR","20021201","20120930","C","B","5L1","20021201","20120930","02380 790000","","","","0","","","","0",""
"J83015","NEW STREET SURGERY","Y52","Q39","61 NEW STREET","SALISBURY","WILTSHIRE","","","SP1 2PH","19740401","20120930","C","B","5QK","20061001","20120930","01722 334402","","","","0","","","","0",""
"J83605","NO NAME HELD","Y12","Q39","SALISBURY MACMILLAN UNIT","ODSTOCK HOSPITAL","SALISBURY","","","SP2 8BJ","19740401","19930430","C","B","","20021001","20021001","0722 336262","","","","0","","","","0",""
"J83607","SUTTON BENGER SURGERY","Y52","Q39","THE SURGERY","THE PLAYING FIELDS","CHESTNUT RD,SUTTON BENGER","WILTSHIRE","","SN15 4RP","19740401","20120930","C","B","5QK","20061001","20120930","01249 720244","","","","0","","","","4",""
"J83608","NO NAME HELD","Y12","QD7","APOTHECARY HOUSE","32 FOWLERS ROAD","SALISBURY","","","SP1 2QU","19740401","19950101","C","Z","","","","0722 333512","","","","0","","","","0",""
"J83616","CENTRAL SWINDON MEDICAL PRACTICE","Y52","Q39","THE HEALTH CENTRE","CARFAX STREET","SWINDON","WILTSHIRE","","SN1 1ED","19740401","20120930","C","B","5K3","20020401","20120930","01793 619955","","","","0","","","","0",""
"J83617","CROSSROADS SURGERY","Y52","Q39","CROSSROADS SURGERY","478 CRICKLADE ROAD","SWINDON","WILTSHIRE","","SN2 7BG","19740401","20120930","C","B","5K3","20020401","20120930","01793 725113","","","","0","","","","0",""
"J83620","ALL SAINTS MEDICAL PRACTICE","Y52","Q39","ALL SAINTS MEDICAL PRAC","29 BRIDGE STREET","BRADFORD ON AVON","","","BA15 1BY","19861015","20120930","C","B","5QK","20061001","20120930","01225 863278","","","","0","","","","0",""
"J83621","TILL VALLEY SURGERY","Y52","Q39","TILL VALLEY SURGERY","HIGH STREET","SHREWTON","SALISBURY,WILTSHIRE","","SP3 4BZ","19851215","20120930","C","B","5QK","20061001","20120930","01980 620259","","","","0","","","","0",""
"J83622","THE FRESHBROOK SURGERY","Y52","Q39","THE FRESHBROOK SURGERY","FRESHBROOK VILLAGE CENTRE","FRESHBROOK","SWINDON","","SN5 8LY","19740401","20120930","C","B","5K3","20020401","20120930","01793 870494","","","","0","","","","0",""
"J83624","DR DD GODBOLE'S PRACTICE","Y52","Q39","SHAW SURGERY","RAMLEAZE DRIVE","SHAW","SWINDON","","SN5 9SN","19860901","20120930","C","B","5K3","20020401","20120930","01793 874894","","","","0","","","","0",""
"J83626","LOVEMEAD GROUP PRACTICE","Y52","Q39","LOVEMEAD GROUP PRACTICE","ROUNDSTONE SURGERY","POLEBARN ROAD","TROWBRIDGE, WILTSHIRE","","BA14 7EG","19870824","20120930","C","B","5QK","20061001","20120930","01225 752752","","","","0","","","","0",""
"J83631","BECHERS BROOK SURGERY","Y52","Q39","BECHERS BROOK","HIGH STREET","FOVANT","SALISBURY","","SP3 5JL","19881212","20120930","C","B","5QK","20061001","20120930","01722 714702","","","","0","","","","0",""
"J83637","THE LINK SURGERY","Y52","Q39","THE LINK SURGERY","LINK AVENUE","WEST SWINDON DISTRICT CTR","SWINDON","","SN5 7DL","19901121","20120930","C","B","5K3","20020401","20120930","01793 877017","","","","0","","","","0",""
"J83638","MARSHFIELD RD SURGERY","Y52","Q39","MARSHFIELD ROAD SURGERY","47 MARSHFIELD ROAD","CHIPPENHAM","WILTSHIRE","","SN15 1JT","19910901","20120930","C","B","5QK","20061001","20120930","01249 447766","","","","0","","","","0",""
"J83639","ST.DAMIAN'S SURGERY","Y52","Q39","ALL SAINTS MED PRACTICE","ST DAMIANS SURGERY","PLACE ROAD","MELKSHAM","","SN12 6JN","19920316","20120930","C","B","5QK","20061001","20120930","01225 791212","","","","0","","","","0",""
"J83640","LODGE SURGERY","Y52","Q39","THE LODGE SURGERY","LODGE ROAD","CHIPPENHAM","WILTSHIRE","","SN15 3SY","19920501","20120930","C","B","5QK","20061001","20120930","01249 660667","","","","0","","","","0",""
"J83648","WILTSHIRE DTTO","Y52","Q39","51 FORE STREET","TROWBRIDGE","WILTSHIRE","","","BA14 8ES","20010501","20120930","C","B","5QK","20061001","20120930","01225 781823","","","","0","","","","0",""
"J83650","SWINDON WIC","Y52","Q39","SWINDON HEALTH CENTRE","CARFAX STREET","SWINDON","","","SN1 1ED","20010801","20120930","C","B","5K3","20020401","20120930","01793 428524","","","","0","","","","1",""
"J83651","PORTSMOUTH RENAL SERVICES","Y52","Q39","QUEEN ALEXANDRA HOSPITAL","SOUTHWICK HILL ROAD","PORTSMOUTH","","","PO6 3LY","20020501","20120930","C","B","5QK","20061001","20120930","02392 286000","","","","0","","","","0",""
"J84600","NO NAME HELD","Y11","QD4","THE SURGERY","21 GRANVILLE ROAD","COWES","ISLE OF WIGHT","","PO31 7JD","19871019","19980930","C","Z","","","","01983298456","","","","0","","","","0",""
"J84603","LOCUM TO DR BEABLE","Y52","Q38","94 HIGH STREET","WOOTTON BRIDGE","ISLE OF WIGHT","","","PO33 4PR","19740401","20120930","C","B","5QT","20010401","20120930","","","","","0","","","","0",""
"J84605","NO NAME HELD","Y11","QD4","LAWNSWOOD","SPRINGHILL","VENTNOR","ISLE OF WIGHT","","PO38 1PH","19900701","19950331","C","Z","","","","0983 852696","","","","0","","","","0",""
"J84607","QUEEN ALEXANDRA HOSPITAL","Y52","Q38","SOUTHWICK HILL ROAD","COSHAM","PORTSMOUTH","HAMPSHIRE","","PO6 3LY","20000901","20120930","C","B","5QT","20020401","20120930","0239 2866127","","","","0","","","","0",""
"J84608","QUEEN ALEXANDRA HOSPITAL(2005)","Y52","Q38","QUEEN ALEXANDRA HOSPITAL","SOUTHWICK HILL ROAD","PORTSMOUTH","","","PO6 3LY","20020401","20120930","C","B","5QT","20020401","20120930","02392 286000","","","","0","","","","0",""
"JER006","NO NAME HELD","","YAD","CRAHAMEL MEDICAL PRACTICE","CRAHAMEL HOUSE","DUHAMEL PLACE, ST.HELIER","JERSEY","","JE2 4TR","19900101","20000221","C","Z","","","","","","","","0","","","","0",""
"JER009","NO NAME HELD","","YAD","LES DAUPHINS SURGERY","36 1/2 DAVID PLACE","ST.HELIER","JERSEY","","","19891101","19940901","C","Z","","","","","","","","0","","","","0",""
"JER013","NO NAME HELD","","YAD","2 VICTORIA TERRACE","VICTORIA STREET","ST.HELIER","JERSEY","","JE2 4TE","19900101","19970131","C","Z","","","","","","","","0","","","","0",""
"JER601","NO NAME HELD","","YAD","WHITE LODGE","GROSVENOR STREET","JERSEY","","","","19900101","19921231","C","Z","","","","","","","","0","","","","0",""
"JER607","NO NAME HELD","","YAD","LA GRANGE AUGEREZ","ST.PETER","JERSEY","","","","19900101","19981231","C","Z","","","","","","","","0","","","","0",""
"JER611","NO NAME HELD","","YAD","ST.OUEN'S VILLAGE SURGERY","LA PETITE FOSSE","ROUTE DU VINCHELEZ","ST.OUEN, JERSEY","","","19901015","19951231","C","Z","","","","01534 485324","","","","0","","","","0",""
"JER612","NO NAME HELD","","YAD","36 1/2 DAVID PLACE","ST.HELIER","JERSEY","","","","19940622","19981231","C","Z","","","","","","","","0","","","","0",""
"JER614","NO NAME HELD","","YAD","8 ELIZABETH PLACE","ST.HELIER","JERSEY","","","","19960909","19981231","C","Z","","","","","","","","0","","","","0",""
"JER616","NO NAME HELD","","YAD","LES ORMES","MONT A LA BRUNE","ST PETER","JERSEY","","JE3 8FL","19991201","20000630","C","Z","","","","01534 862597","","","","0","","","","0",""
"JER748","NO NAME HELD","","YAD","PHILIP LE FEUVRE HOUSE","LA MOTTE STREET","ST. HELIER","JERSEY","","","19960701","19981231","C","Z","","","","","","","","0","","","","0",""
"JER750","NO NAME HELD","","YAD","BON AIR CONSULTING ROOMS","ST.SAVIOUR","JERSEY","","","","19900101","19981231","C","Z","","","","01534 58048","","","","0","","","","0",""
"JER777","NO NAME HELD","","YAD","5 DONGOLA ROAD","ST.HELIER","JERSEY","","","","19900101","19981231","C","Z","","","","","","","","0","","","","0",""
"JER785","NO NAME HELD","","YAD","LA VALETTE","ST.LAWRENCE","JERSEY","","","","19900101","19981231","C","Z","","","","","","","","0","","","","0",""
"JER786","NO NAME HELD","","YAD","BEAUPRE","ST.JOHN","JERSEY","","","","19900101","20000331","C","Z","","","","","","","","0","","","","0",""
"JER789","NO NAME HELD","","YAD","LE BAS CENTRE","PHILIP LE FEUVRE HOUSE","LA MOTTE STREET","ST.HELIER, JERSEY","","","19900101","19981231","C","Z","","","","01534 89933","","","","0","","","","0",""
"JER790","NO NAME HELD","","YAD","LE BAS CENTRE","PHILIP LE FEUVRE HOUSE","LA MOTTE STREET","ST.HELIER, JERSEY","","","19900101","19981231","C","Z","","","","01534 89933","","","","0","","","","0",""
"JER797","NO NAME HELD","","YAD","PHILIP LE FEUVRE HOUSE","LA MOTTE STREET","ST.HELIER","JERSEY","","JE4 8PE","19910101","19941231","C","Z","","","","","","","","0","","","","0",""
"JER800","NO NAME HELD","","YAD","CRAHAMEL HOUSE","DUHAMEL PLACE","ST. HELIER","JERSEY","","","19920604","19930430","C","Z","","","","","","","","0","","","","0",""
"K81013","DEDWORTH MEDICAL CENTRE","Y52","Q38","300 DEDWORTH ROAD","","WINDSOR","BERKSHIRE","","SL4 4JR","19740401","20120930","C","B","5QG","20061001","20120930","01753 864545","","","","0","","","","0",""
"K81035","NO NAME HELD","Y11","Q38","MILMAN ROAD HEALTH CENTRE","MILMAN ROAD","READING","","","RG2 0AR","19740401","19990630","C","B","","20021001","20021001","0118 9871297","","","","0","","","","0",""
"K81049","DR RG SMART'S PRACTICE","Y52","Q38","10 BATH ROAD","SLOUGH","BERKSHIRE","","","SL1 3SA","19740401","20120930","C","B","5QG","20061001","20120930","01753 522627","","","","0","","","","0",""
"K81053","292 OXFORD RD","Y52","Q38","292 OXFORD ROAD","READING","BERKSHIRE","","","RG30 1AD","19740401","20120930","C","B","5QF","20061001","20120930","01189 574614","","","","0","","","","0",""
"K81088","DR N VERMA'S PRACTICE","Y52","Q38","CROWNWOOD MEDICAL CENTRE","CROWN ROW","BRACKNELL","BERKSHIRE","","RG12 0TH","19740401","20120930","C","B","5QG","20061001","20120930","01344 310310","","","","0","","","","0",""
"K81090","NO NAME HELD","Y11","QA7","96 WHITLEY WOOD LANE","READING","BERKSHIRE","","","RG2 8PP","19740401","19980331","C","Z","","","","0118 9876522","","","","0","","","","0",""
"K81093","WRAYSBURY MEDICAL CENTRE","Y52","Q38","11 WHEELWRIGHTS PLACE","HIGH STREET","COLNBROOK","","","SL3 0JX","19740401","20120930","C","B","5QG","20061001","20120930","01784 483243","","","","0","","","","0",""
"K81095","SHUT ENDS PRACTICE","Y52","Q38","34 READING ROAD","WOKINGHAM","BERKSHIRE","","","RG41 1EH","19740401","20120930","C","B","5QF","20061001","20120930","0118 9782299","","","","0","","","","0",""
"K81098","BALFRON PRACTICE","Y52","Q38","THE BALFRON PRACTICE","SKIMPED HILL HEALTH CTR","BRACKNELL","BERKSHIRE","","RG12 1LH","19740401","20120930","C","B","5QG","20061001","20120930","01344 306613","","","","0","","","","4",""
"K81603","NO NAME HELD","Y11","Q38","NEWMED SURGERY","BEECHWOOD SCHOOL","FARNHAM ROYAL, SLOUGH","BERKSHIRE","","SL2 1QB","19740401","20000501","C","B","5DM","20021001","20021001","01753 512926","","","","0","","","","0",""
"K81604","NO NAME HELD","Y11","QA7","UNIVERSITY HEALTH CENTRE","9 NORTHCOURT AVENUE","READING","BERKSHIRE","","RG2 7HE","19740401","19970401","C","Z","","","","01734 874551","","","","0","","","","0",""
"K81606","DR BUMBRA","Y52","Q38","THE SURGERY","32 BURLINGTON AVENUE","SLOUGH","BERKSHIRE","","SL1 2LD","19740401","20120930","C","B","5QG","20061001","20120930","01753 530548","","","","0","","","","0",""
"K81611","DR MAINI","Y52","Q38","3 LEEDS ROAD","SLOUGH","BERKSHIRE","","","SL1 3PX","19740401","20120930","C","B","5QG","20061001","20120930","01753 538741","","","","0","","","","4",""
"K81612","DR SUTLIEFF","Y52","Q38","FOSTER HOUSE SURGERY","23 COCKETT ROAD","LANGLEY, SLOUGH","BERKSHIRE","","SL3 7TQ","19740401","20120930","C","B","5QG","20061001","20120930","01753 580484","","","","0","","","","0",""
"K81614","NO NAME HELD","Y11","QA7","UNIVERSITY HEALTH CENTRE","9 NORTHCOURT AVENUE","READING","BERKSHIRE","","RG2 7HE","19740401","19990331","C","Z","","","","0118 9874551","","","","0","","","","0",""
"K81615","NO NAME HELD","Y11","QA7","PICKET POST","OLD MILL LANE","BRAY, MAIDENHEAD","BERKSHIRE","","SL6 2BG","19740401","19921130","C","Z","","","","0628 20620","","","","0","","","","0",""
"K81617","NO NAME HELD","Y11","QA7","6 HIGHWAY AVENUE","MAIDENHEAD","BERKSHIRE","","","SL6 5AF","19740401","19940731","C","Z","","","","","","","","0","","","","0",""
"K81618","NO NAME HELD","Y11","QA7","SKIMPED HILL HEALTH CTR.","SKIMPED HILL LANE","BRACKNELL","BERKSHIRE","","RG12 1LH","19740401","19920229","C","Z","","","","","","","","0","","","","0",""
"K81620","NO NAME HELD","Y11","QA7","8 THE MOUNT","CAVERSHAM","READING","BERKSHIRE","","RG4 7RX","19740401","19910630","C","Z","","","","","","","","0","","","","0",""
"K81621","NO NAME HELD","Y11","QA7","6 THE COLONNADE","OVERDOWN ROAD","TILEHURST, READING","BERKSHIRE","","RG3 6PR","19740401","19920930","C","Z","","","","","","","","0","","","","0",""
"K81623","NO NAME HELD","Y11","QA7","126 UXBRIDGE ROAD","SLOUGH","BERKSHIRE","","","SL2 5NT","19740401","19930630","C","Z","","","","0753 821032","","","","0","","","","0",""
"K81625","NO NAME HELD","Y11","QA7","GREAT HOLLANDS HEALTH CTR","GREAT HOLLANDS SQUARE","BRACKNELL","BERKSHIRE","","RG12 4UX","19740401","19910719","C","Z","","","","","","","","0","","","","0",""
"K81626","NO NAME HELD","Y11","QA7","UNIVERSITY HEALTH CENTRE","9 NORTHCOURT AVENUE","READING","BERKSHIRE","","RG2 7HE","19740401","19990331","C","Z","","","","01734 874551","","","","0","","","","0",""
"K81628","NO NAME HELD","Y11","QA7","SOUTH MEADOW SURGERY","3 CHURCH CLOSE, HIGH ST","ETON, WINDSOR","BERKSHIRE","","SL4 6AP","19870701","19970630","C","Z","","","","01753 833777","","","","0","","","","0",""
"K81629","NO NAME HELD","Y11","QA7","SOUTH MEADOW SURGERY","3 CHURCH CLOSE, HIGH ST","ETON, WINDSOR","BERKSHIRE","","SL4 6AP","19870701","19980331","C","Z","","","","01753 833777","","","","0","","","","0",""
"K81634","NO NAME HELD","Y11","QA7","UNIVERSITY HEALTH CENTRE","9 NORTHCOURT AVENUE","READING","BERKSHIRE","","RG2 7HE","19890101","19990331","C","Z","","","","01734 874551","","","","0","","","","0",""
"K81635","DR GD LIVINGSTON'S PRACTICE","Y52","Q38","44 LAKE AVENUE","SLOUGH","BERKSHIRE","","","SL1 3BZ","19890725","20120930","C","B","5QG","20061001","20120930","01753 527537","","","","0","","","","0",""
"K81637","NO NAME HELD","Y11","QA7","THE BURGHFIELD HEALTH CTR","AUCLUM GREEN, READING RD","BURGHFIELD COMMON","READING","","RG7 3YJ","19891102","19970531","C","Z","","","","01734 835222","","","","0","","","","0",""
"K81641","NO NAME HELD","Y11","QA7","6 CRANBOURNE AVENUE","WINDSOR","BERKSHIRE","","","SL4 4ER","19901001","19931024","C","Z","","","","0753 858815","","","","0","","","","0",""
"K81642","LITTLE FIRS SURGERY","Y52","Q38","LITTLE FIRS","THE AVENUE","ASCOT","BERKSHIRE","","SL5 7LY","19901101","20120930","C","B","5QG","20061001","20120930","01344 882871","","","","0","","","","0",""
"K81643","NO NAME HELD","Y11","QA7","LONG BARN LANE SURGERY","22 LONG BARN LANE","READING","BERKSHIRE","","RG2 7SZ","19910101","19911114","C","Z","","","","","","","","0","","","","0",""
"K81646","NO NAME HELD","Y11","QA7","GENERAL MANAGER","PENDRAGON HOUSE","59 BATH ROAD","READING,BERKSHIRE","","RG3 2BA","19910301","19911003","C","Z","","","","","","","","0","","","","0",""
"K81648","CHAPEL HILL SURGERY","Y52","Q38","4 CHAPEL HILL","TILEHURST","READING","BERKSHIRE","","RG3 5DG","19910603","20120930","C","B","5QF","20061001","20120930","01734 427177","","","","0","","","","0",""
"K81649","101 OXFORD ROAD","Y52","Q38","101 OXFORD ROAD","READING","BERKSHIRE","","","RG1 7UD","19911001","20120930","C","B","5QF","20061001","20120930","01734 574687","","","","0","","","","0",""
"K81650","NO NAME HELD","Y11","QA7","SKIMPED HILL HEALTH CTR.","SKIMPED HILL LANE","BRACKNELL","BERKSHIRE","","RG12 1LH","19920301","19930711","C","Z","","","","0344 300987","","","","0","","","","0",""
"K81652","NO NAME HELD","Y11","QA7","THE SURGERY,FOREST HOUSE","3-5 HORNDEAN ROAD","FOREST PARK, BRACKNELL","BERKSHIRE","","RG12 3XQ","19940401","19940519","C","Z","","","","0344 421364","","","","0","","","","0",""
"K81653","BAKER STREET CLINIC","Y52","Q38","22A BAKER STREET","READING","","","","RG1 7XX","19941101","20120930","C","B","5QF","20061001","20120930","0118 9500489","","","","0","","","","0",""
"K81660","IMP CLINIC","Y52","Q38","IMP CLINIC  BDASS WEST","2-10 BRIDGE STREET","READING","BERKSHIRE","","RG1 2LU","20000710","20120930","C","B","5QF","20061001","20120930","0118 9557330","","","","0","","","","0",""
"K81661","SLOUGH WALK IN CENTRE","Y52","Q38","UPTON HOSPITAL","ALBERT STREET","SLOUGH","BERKSHIRE","","SL1 2BJ","20000901","20120930","C","B","5QG","20061001","20120930","01753 635505","","","","0","","","","1",""
"K81662","GAINSBOROUGH UNIT","Y52","Q38","GAINSBOROUGH UNIT","BATTLE HOSPITAL","OXFORD ROAD","READING","","RG30 1AG","20010201","20120930","C","B","5QF","20061001","20120930","0118 9636648","","","","0","","","","0",""
"K81664","LANSDOWNE AVENUE PRACTICE","Y52","Q38","16-18 LANSDOWNE ROAD","","SLOUGH","","","SL1 3SJ","20010401","20120930","C","B","5QG","20061001","20120930","01753 533857","","","","0","","","","0",""
"K81665","RAVENS WOOD","Y52","Q38","NINE MILE RIDE","","CROWTHORNE","BERKSHIRE","","RG45 6BQ","20010701","20120930","C","B","5QF","20061001","20120930","01344 786958","","","","0","","","","0",""
"K81668","DELLWOOD GP UNIT","Y52","Q38","LIEBENROOD ROAD","","READING","BERKSHIRE","","RG30 2DX","20020401","20120930","C","B","5QF","20061001","20120930","0118 9589195","","","","0","","","","0",""
"K81671","ABBEY WOMENS CLINIC","Y52","Q38","9 ELDON SQUARE","READING","BERKSHIRE","","","RG1 4DP","20020501","20120930","C","B","5QF","20061001","20120930","0118 9352322","","","","0","","","","0",""
"K81672","SHINFIELD SURGERY","Y52","Q38","SHINFIELD SURGERY","5 WHITLEY WOOD ROAD","READING","BERKSHIRE","","RG2 8HX","20021001","20120930","C","B","5QF","20061001","20120930","0118 9311377","","","","0","","","","0",""
"K81673","REDDOC","Y52","Q38","WOKINGHAM HOSPITAL","BARKHAM ROAD","","WOKINGHAM","","RG41 2RE","20021101","20120930","C","B","5QF","20061001","20120930","0118 9787811","","","","0","","","","0",""
"K82041","WESTON GROVE PMS (WENDOVER)","Y52","Q38","WENDOVER HEALTH CENTRE","AYLESBURY ROAD","WENDOVER","BUCKINGHAMSHIRE","","HP22 6LD","19740401","20120930","C","B","5QD","20061001","20120930","01296623452","","","","0","","","","4",""
"K82052","WESTON GROVE PMS (BEDGROVE)","Y52","Q38","BEDGROVE SURGERY","BRENTWOOD WAY","AYLESBURY","BUCKINGHAMSHIRE","","HP21 7TL","19740401","20120930","C","B","5QD","20061001","20120930","01296 330330","","","","0","","","","0",""
"K82056","LANE END SURGERY","Y52","Q38","THE SURGERY","FININGS ROAD,LANE END","NR. HIGH WYCOMBE","BUCKINGHAMSHIRE","","HP14 3ES","19740401","20120930","C","B","5QD","20061001","20120930","01494 881209","","","","0","","","","4",""
"K82063","PRACTICE NETWORKS (LH)","Y52","Q38","LYNTON HOUSE SURGERY","43 LONDON ROAD","HIGH WYCOMBE","BUCKINGHAMSHIRE","","HP11 1BP","19740401","20120930","C","B","5QD","20061001","20120930","01494 538811","","","","0","","","","4",""
"K82072","NO NAME HELD","Y11","QA8","THE SURGERY","85A EASTON STREET","HIGH WYCOMBE","BUCKINGHAMSHIRE","","HP11 1LT","19740401","19920802","C","Z","","","","","","","","0","","","","0",""
"K82077","NO NAME HELD","Y11","QA8","ASHCROFT SURGERY","2 ASHCROFT DRIVE","DENHAM","UXBRIDGE,MIDDLESEX","","UB9 5JF","19880701","19920630","C","Z","","","","","","","","0","","","","0",""
"K82080","DENHAM GREEN SURGERY","Y52","Q38","DENHAM GREEN SURGERY","QUEEN MOTHERS DRIVE","DENHAM","","","UB9 5GA","19921001","20120930","C","B","5QD","20061001","20120930","01895 831377","","","","0","","","","4",""
"K82600","HOLMER SURGERY","Y52","Q38","HOLMER SURGERY","22 WYCOMBE ROAD","HOLMER GREEN","BUCKINGHAMSHIRE","","HP15 6RY","19740401","20120930","C","B","5QD","20061001","20120930","01494 718318","","","","0","","","","0",""
"K82601","NO NAME HELD","Y11","QA8","THE CLINIC","46 ST.MARYS STREET","HIGH WYCOMBE","BUCKINGHAMSHIRE","","HP11 2HE","19740401","19910531","C","Z","","","","","","","","0","","","","0",""
"K82604","DR MJ ELLIOTT'S PRACTICE","Y52","Q38","THE SURGERY"," HAMBLEDEN","BUCKS","","","RG9 6RT","19740401","20120930","C","B","5QD","20061001","20120930","01491 571305","","","","0","","","","0",""
"K82606","WOLVERTON HEALTH CENTRE - DR GANGULI","Y52","Q38","WOLVERTON HEALTH CENTRE","GLOUCESTER ROAD","WOLVERTON","","","MK12 5DF","19740401","20120930","C","B","5CQ","20001001","20120930","01908 317825","","","","0","","","","0",""
"K82609","DR S BANERJEE'S PRACTICE","Y52","Q38","THE HEALTH CENTRE","GLOUCESTER ROAD","WOLVERTON,MILTON KEYNES","BUCKINGHAMSHIRE","","MK12 5DF","19740401","20120930","C","B","5CQ","20001001","20120930","01908 310567","","","","0","","","","0",""
"K82611","NO NAME HELD","Y11","QA8","OAKRIDGE","OVER THE MISBOURNE ROAD","DENHAM","BUCKINGHAMSHIRE","","UB9 5DR","19740401","19960614","C","Z","","","","","","","","0","","","","0",""
"K82619","WILLEN HOSPICE","Y52","Q38","MANOR FARM","MILTON ROAD","WILLEN","MILTON KEYNES","","MK15 9AB","19901101","20130331","C","B","5CQ","20020401","20130331","01908 663780","","","","0","","","","0",""
"K82620","HORN STREET SURGERY","Y52","Q38","HORN STREET SURGERY","24 HORN STREET","WINSLOW","BUCKINGHAMSHIRE","","MK18 3AL","19901102","20120930","C","B","5QD","20061001","20120930","01296 714504","","","","0","","","","0",""
"K82622","AUREOLE HOUSE","Y52","Q38","AUREOLE HOUSE","9 CHURCH STREET","CHESHAM","BUCKINGHAMSHIRE","","HP5 1HS","19910701","20120930","C","B","5QD","20061001","20120930","01494792558","","","","0","","","","0",""
"K82623","CDAC","Y52","Q38","CDAC","CRIPPS LODGE","NETHERFIELD","MILTON KEYNES","","MK6 4JJ","19910501","20120930","C","B","5CQ","20020401","20120930","01908 668603","","","","0","","","","0",""
"K82625","NO NAME HELD","Y11","QA8","ASHCROFT SURGERY","2 ASHCROFT DRIVE","DENHAM","","","UB9 5JF","19920711","19920930","C","Z","","","","","","","","0","","","","0",""
"K82626","GRAFTON MEDICAL CENTRE","Y52","Q38","GRAFTON MEDICAL CENTRE","208A BUCKINGHAM SQUARE","NORTH 3RD STREET","MILTON KEYNES","","MK9 3LQ","19931011","20120930","C","B","5CQ","20001001","20120930","01908 695070","","","","0","","","","0",""
"K82627","LOCUM FOR DR FRANCIS","Y52","Q38","LONDON ROAD SURGERY","43 LONDON ROAD","HIGH WYCOMBE","BUCKINGHAMSHIRE","","HP11 1BP","19950101","20120930","C","B","","20021001","20120930","01494 527036","","","","0","","","","0",""
"K82629","NO NAME HELD","Y11","QA8","AYLESBURY POLICE STATION","WENDOVER ROAD","AYLESBURY","BUCKINGHAMSHIRE","","HP21 7LA","19970601","19980604","C","Z","","","","01296 396000","","","","0","","","","0",""
"K82630","KENTS HILL SURGERY","Y52","Q38","57 FRITHWOOD CRESCENT","KENTS HILL","BUCKS","","","MK7 6HQ","19980202","20120930","C","B","5CQ","20001001","20120930","01908 696838","","","","0","","","","0",""
"K82632","RAF STRIKE COMMAND","Y52","Q38","HIGH WYCOMBE","","","","","HP14 4UE","19980401","20120930","C","B","5QD","20061001","20120930","01494 524761","","","","0","","","","0",""
"K82635","TRAVELLERS","Y52","Q38","C/O MILTON KEYNES PCT","THE HOSPITAL CAMPUS","STANDING WAY","EAGLESTONE, MILTON KEYNES","","MK6 5NG","20010901","20130331","C","B","5CQ","20010901","20130331","01908 243873","","","","0","","","","0",""
"K82636","HARMONI","Y52","Q38","MANOR HOUSE","BIERTON ROAD","AYLESBURY","BUCKS","","HP20 1EG","20020201","20120930","C","B","5QD","20061001","20120930","0845 4502530","","","","0","","","","0",""
"K82637","MK DOC OOH","Y52","Q38","HOSPITAL CAMPUS","STANDING WAY","EAGLESTONE","MILTON KEYNES","","MK6 5NG","20020801","20120930","C","B","5CQ","20021101","20120930","01908 201022","","","","0","","","","2",""
"K83001","DR O'NEILL & PARTNERS","Y51","Q33","WILLOWBROOK HEALTH CENTRE","COTTINGHAM ROAD","CORBY","NORTHAMPTONSHIRE","","NN17 2UR","19740401","20120930","C","B","5PD","20061001","20120930","01536 400600","","","","0","","","","0",""
"K83016","FOREST GATE MEDICAL CENTRE","Y51","Q33","FOREST GATE MED CTR","FOREST GATE ROAD","CORBY","NORTHAMPTONSHIRE","","NN17 1TR","19740401","20120930","C","B","5PD","20061001","20120930","0844 4127222","","","","0","","","","0",""
"K83034","DR SANGER","Y51","Q33","TOWCESTER MEDICAL CENTRE","LINK WAY","TOWCESTER","NORTHAMPTONSHIRE","","NN12 6HH","19740401","20120930","C","B","5PD","20061001","20120930","01327 359339","","","","0","","","","0",""
"K83045","DR SOUTHCOTT AND PARTNERS","Y51","Q33","PYTCHLEY COURT HEALTH CTR","5 NORTHAMPTON ROAD","BRIXWORTH","NORTHAMPTON","","NN6 9DX","19740401","20120930","C","B","5PD","20061001","20120930","01604 880228","","","","0","","","","0",""
"K83057","NO NAME HELD","Y11","QCC","THE SURGERY","BRICKETTS LANE","FLORE","NORTHAMPTON","","NN7 4LU","19740401","19970331","C","Z","","","","01327 40237","","","","0","","","","0",""
"K83060","NO NAME HELD","Y11","QCC","MEDICAL CENTRE","106 GOLD STREET","WELLINGBOROUGH","NORTHAMPTONSHIRE","","NN8 4BT","19740401","19960331","C","Z","","","","01933 224577","","","","0","","","","0",""
"K83063","NO NAME HELD","Y11","QCC","CORBY WILLOWBROOK HTH.CTR","COTTINGHAM ROAD","CORBY","","","NN17 2UR","19740401","19930331","C","Z","","","","","","","","0","","","","0",""
"K83067","PRACTICE CLOSED","Y51","Q33","GREENHILL RISE MED. CTR.","2A HARROGATE COURT","CORBY","NORTHAMPTONSHIRE","","NN18 0PD","19740401","20120930","C","B","5PD","20061001","20120930","01536 401223","","","","0","","","","0",""
"K83071","WHITEFIELDS SURGERY","Y51","Q33","WHITEFIELDS SURGERY","HUNSBURY HILL ROAD","CAMP HILL","NORTHAMPTON","","NN4 9UW","19740401","20120930","C","B","5PD","20061001","20120930","01604 760171","","","","0","","","","0",""
"K83075","DR TREHARNE & PARTNER","Y51","Q33","CORBY WILLOWBROOK HTH.CTR","COTTINGHAM ROAD","CORBY","NORTHAMPTONSHIRE","","NN17 2UR","19870204","20120930","C","B","5PD","20061001","20120930","01536 260303","","","","0","","","","0",""
"K83078","NO NAME HELD","Y11","QCC","WOODVIEW MEDICAL CENTRE","HOLMECROSS RD, THORPLANDS","NORTHAMPTON","","","NN3 8AW","19871001","19910630","C","Z","","","","","","","","0","","","","0",""
"K83082","GREENS NORTON MEDICAL CTR","Y51","Q33","GREENS NORTON MEDICAL CTR","TOWCESTER ROAD","GREENS NORTON,TOWCESTER","NORTHAMPTONSHIRE","","NN12 8BL","20030401","20120930","C","B","5PD","20061001","20120930","01327 358287","","","","0","","","","0",""
"K83603","NO NAME HELD","Y11","QCC","11 SPENCER PARADE","","NORTHAMPTON","","","NN1 5AQ","19740401","19960405","C","Z","","","","01604 34194","","","","0","","","","0",""
"K83604","NO NAME HELD","Y11","QCC","MEDICAL CENTRE","106 GOLD STREET","WELLINGBOROUGH","","","NN8 4BT","19870101","19960402","C","Z","","","","01933 222695","","","","0","","","","0",""
"K83605","NO NAME HELD","Y11","QCC","THE CONSULTING ROOMS","ORCHARD PADDOCK","BUGBROOKE","NORTHAMPTON","","NN7 3QR","19740401","19950731","C","Z","","","","01604832555","","","","0","","","","0",""
"K83606","PRACTICE CLOSED","Y51","Q33","66 NORSE WALK","","CORBY","NORTHAMPTONSHIRE","","NN18 9DG","19740401","20120930","C","B","5PD","20061001","20120930","01536 743228","","","","0","","","","0",""
"K83608","DR BK CHALIHA'S PRACTICE","Y51","Q33","STUDFALL MEDICAL CENTRE","STUDFALL COURT","CORBY","NORTHAMPTONSHIRE","","NN17 1LG","19740401","20120930","C","B","5PD","20061001","20120930","01536 401373","","","","0","","","","0",""
"K83609","DR PATEL & PARTNERS","Y51","Q33","121 NEST FARM CRESCENT","WELLINGBOROUGH","NORTHAMPTONSHIRE","","","NN8 4TU","19740401","20120930","C","B","5PD","20061001","20120930","01933 404070","","","","0","","","","0",""
"K83612","NO NAME HELD","Y02","Q33","HUNSBURY SURGERY","OVERSLADE CLOSE","EAST HUNSBURY","NORTHAMPTON","","NN4 0RZ","19740401","19971130","C","B","","20021001","20021001","01604 700042","","","","0","","","","0",""
"K83615","DR KHAN","Y51","Q33","WILLOWBROOK HEALTH CENTRE","COTTINGHAM ROAD","CORBY","NORTHAMPTONSHIRE","","NN17 2UR","19880401","20120930","C","B","5PD","20061001","20120930","01536 265311","","","","0","","","","0",""
"K83623","PRACTICE CLOSED","Y51","Q33","RECTORY ROAD HEALTH CTR.","RECTORY ROAD","RUSHDEN","NORTHAMPTONSHIRE","","NN10 0AE","20011001","20120930","C","B","5PD","20061001","20120930","01933 410192","","","","0","","","","0",""
"K84053","DR CM GOULD'S PRACTICE","Y52","Q38","QUARRY MEDICAL CENTRE","248 LONDON ROAD","HEADINGTON,OXFORD","","","OX3 9EG","19740401","20120930","C","B","5QE","20061001","20120930","01865 761047","","","","0","","","","0",""
"K84064","DR MC SHAPLAND'S PRACTICE","Y52","Q38","DONNINGTON HEALTH CENTRE","1 HENLEY AVENUE","IFFLEY ROAD","OXFORD","","OX4 4DH","19740401","20120930","C","B","5QE","20061001","20120930","01865 774844","","","","0","","","","0",""
"K84081","NO NAME HELD","Y11","QCE","THE CUMNOR SURGERY","OLD SCHOOL YARD","HIGH STREET, CUMNOR","OXFORD","","OX2 9PE","19931101","19950228","C","Z","","","","01865 864222","","","","0","","","","0",""
"K84601","NO NAME HELD","Y11","QCE","WOOD FARM HEALTH CENTRE","PEPPERCORN AVENUE","HEADINGTON","OXFORD","","OX3 8RZ","19740401","19910803","C","Z","","","","","","","","0","","","","0",""
"K84602","WOLVERCOTE SURGERY","Y52","Q38","WOLVERCOTE HEALTH CENTRE","73 GODSTOW ROAD","WOLVERCOTE","OXFORD","","OX2 8PE","19740401","20120930","C","B","5QE","20061001","20120930","01865 556044","","","","0","","","","0",""
"K84603","NO NAME HELD","Y11","QCE","4 MORTIMER DRIVE","OLD MARSTON","OXFORD","","","OX3 0RR","19740401","19910930","C","Z","","","","","","","","0","","","","0",""
"K84604","NO NAME HELD","Y11","QCE","THE SURGERY","KING ALFRED DRIVE","DIDCOT","OXFORDSHIRE","","OX11 7NX","19740401","19980831","C","Z","","","","01235 813150","","","","0","","","","0",""
"K84606","LOCUM FOR DR CASSON","Y52","Q38","THE SURGERY","39 STEVENTON ROAD","DRAYTON, NR ABINGDON","OXFORD","","OX14 4JX","19740401","20120930","C","B","5QE","20061001","20120930","01235 531322","","","","0","","","","0",""
"K84607","NO NAME HELD","Y11","QCE","THE ELMS","ELVENDON ROAD","GORING-ON-THAMES","READING","","RG8 0DT","19740401","19921231","C","Z","","","","0491 872203","","","","0","","","","0",""
"K84609","DR L SHARMA'S PRACTICE","Y52","Q38","HARDWICK & ARDEN SURGERY","FERRISTON","HARDWICK ESTATE","BANBURY, OXFORDSHIRE","","OX16 7XE","19740401","20120930","C","B","5QE","20061001","20120930","01295 254749","","","","0","","","","0",""
"K84616","28 BEAUMONT STREET (LLOYD)","Y52","Q38","28 BEAUMONT STREET","OXFORD","","","","OX1 2NP","19881001","20120930","C","B","5QE","20061001","20120930","01865 311811","","","","0","","","","0",""
"K84619","NO NAME HELD","Y11","QCE","BRADLEY ARCADE SURGERY","12 BRADLEY ARCADE","BRETCH HILL, BANBURY","OXFORDSHIRE","","OX16 0LS","19911001","19920531","C","Z","","","","","","","","0","","","","0",""
"K84623","KENDALL CRESCENT HEALTH CENTRE","Y52","Q38","KENDALL CRESCENT HTH.CTR.","9 KENDALL CRESCENT","OXFORD","","","OX2 8NE","19970101","20120930","C","B","5QE","20061001","20120930","01865 512288","","","","0","","","","4",""
"K84625","DR QUINEY'S PRACTICE","Y52","Q38","WASHINGTON HOUSE SURGERY","77 HALSE ROAD","BRACKLEY","NORTHAMPTONSHIRE","","NN13 6EQ","20010401","20120930","C","B","5QE","20061001","20120930","01280 702436","","","","0","","","","0",""
"L81003","SEYMOUR PRACTICE","Y52","Q39","CHARLOTTE KEEL HEALTH CTR","SEYMOUR ROAD, EASTON","BRISTOL","","","BS5 0UA","19740401","20120930","C","B","5QJ","20061001","20120930","0117 9027155","","","","0","","","","0",""
"L81048","OLDLAND SURGERY","Y52","Q39","OLDLAND SURGERY","192 HIGH STREET","OLDLAND COMMON","BRISTOL","","BS30 9QQ","19740401","20120930","C","B","5A3","20010401","20120930","0117 9324444","","","","0","","","","4",""
"L81096","TRINITY PRACTICE","Y52","Q39","BROOKLEA HEALTH CENTRE","WICK ROAD","BRISLINGTON","BRISTOL","","BS4 4HU","19740401","20120930","C","B","5QJ","20061001","20120930","0117 3304300","","","","0","","","","4",""
"L81104","MONKS PARK SURGERY 2 MD","Y52","Q39","MONKS PARK SURGERY","24 MONKS PK AVE, HORFIELD","BRISTOL","","","BS7 0UE","19740401","20120930","C","B","5QJ","20061001","20120930","0117 9693106","","","","0","","","","0",""
"L81105","NO NAME HELD","Y12","QD8","58 PEMBROKE ROAD","","BRISTOL","","","BS8 2DT","19740401","19910531","C","Z","","","","","","","","0","","","","0",""
"L81111","CONGRESBURY MEDICAL PRACTICE","Y52","Q39","CONGRESBURY MED PRACTICE","STATION ROAD","CONGRESBURY","NORTH SOMERSET","","BS49 5DX","19740401","20120930","C","B","5M8","20020401","20120930","0844 4778665","","","","0","","","","0",""
"L81113","DR MS THOMAS' PRACTICE","Y52","Q39","MALIA HOUSE SURGERY","221 AVONMOUTH ROAD","AVONMOUTH","BRISTOL","","BS11 9EJ","19740401","20120930","C","B","","20021001","20120930","0117 9822324","","","","0","","","","0",""
"L81115","DR JONES & PARTNERS","Y52","Q39","WHITCHURCH HEALTH CENTRE","ARMADA ROAD","WHITCHURCH","BRISTOL","","BS14 0SU","19740401","20120930","C","B","5QJ","20061001","20120930","01275 832254","","","","0","","","","0",""
"L81121","BRADLEY ROAD SURGERY","Y52","Q39","38-46 BRADLEY ROAD","PATCHWAY","BRISTOL","","","BS34 5LD","19740401","20120930","C","B","5A3","20010401","20120930","0117 9692040","","","","0","","","","0",""
"L81126","NO NAME HELD","Y12","QD8","WHITELADIES HEALTH CENTRE","WHATLEY ROAD","CLIFTON","BRISTOL","","BS8 2PU","19740401","19980901","C","Z","","","","0117 9731201","","","","0","","","","0",""
"L81129","NO NAME HELD","Y12","QD8","ST JOHNS LANE HEALTH CTR","ST JOHNS LANE","BEDMINSTER","BRISTOL","","BS3 5AS","19740401","19940502","C","Z","","","","0117 2667681","","","","0","","","","0",""
"L81606","NO NAME HELD","Y12","QD8","11 CHIPHOUSE ROAD","KINGSWOOD","BRISTOL","","","BS15 4TR","19740401","19980924","C","Z","","","","0117 9671363","","","","0","","","","0",""
"L81607","NO NAME HELD","Y12","QD8","18 ST. PAULS ROAD","CLIFTON","BRISTOL","","","BS8 1LR","19740401","19910401","C","Z","","","","","","","","0","","","","0",""
"L81609","NO NAME HELD","Y12","QD8","EASTVILLE HEALTH CENTRE","EAST PARK","BRISTOL","","","BS5 6YA","19740401","19920405","C","Z","","","","","","","","0","","","","0",""
"L81613","NO NAME HELD","Y12","QD8","24 GREEN PARK","BATH","AVON","","","BA1 1JA","19740401","19910401","C","Z","","","","","","","","0","","","","0",""
"L81614","NO NAME HELD","Y12","QD8","ST. PETER'S HOSPICE","ST. AGNES AVENUE","KNOWLE","BRISTOL","","BS4 2DU","19740401","19980531","C","Z","","","","0117 9774605","","","","0","","","","0",""
"L81615","NO NAME HELD","Y12","QD8","51 SUSSEX PLACE","BRISTOL","AVON","","","BS2 9QR","19740401","19930501","C","Z","","","","0117 2556275","","","","0","","","","0",""
"L81616","NO NAME HELD","Y12","QD8","487 GLOUCESTER ROAD","BISHOPSTON","BRISTOL","","","BS7 8UB","19740401","19910401","C","Z","","","","","","","","0","","","","0",""
"L81619","NO NAME HELD","Y12","QD8","BROOKLEA HEALTH CENTRE","WICK ROAD","BRISLINGTON","BRISTOL","","BS4 4HU","19740401","19910401","C","Z","","","","","","","","0","","","","0",""
"L81620","NO NAME HELD","Y12","QD8","CAMELEY SURGERY","TEMPLE CLOUD","CLUTTON","BRISTOL, AVON","","BS18 5BW","19740401","19931130","C","Z","","","","0761 452205","","","","0","","","","0",""
"L81621","NO NAME HELD","Y12","QD8","STUDENTS HEALTH SERVICE","BRUCE PERRY HOUSE","25 BELGRAVE ROAD","CLIFTON, BRISTOL","","BS8 2AA","19740401","19920331","C","Z","","","","","","","","0","","","","0",""
"L81623","NO NAME HELD","Y12","QD8","STUDENT HEALTH SERVICE","23 CARROLL COURT, UWE","COLDHARBOUR LANE,BRISTOL","","","BS16 1QY","19740401","19970901","C","Z","","","","0117 9763977","","","","0","","","","0",""
"L81624","NO NAME HELD","Y12","QD8","8 QUEEN'S PARADE","BATH","","","","BA1 2NJ","19740401","19911202","C","Z","","","","","","","","0","","","","0",""
"L81625","NO NAME HELD","Y12","QD8","REDLAND HOUSE SURGERY","118 REDLAND ROAD","REDLAND","BRISTOL","","BS6 6QT","19740401","19951101","C","Z","","","","01179426008","","","","0","","","","0",""
"L81626","CHRISTCHURCH FAMILY MEDICAL CTR","Y52","Q39","11 HAYNES LANE","OFF PENDENNIS ROAD","STAPLE HILL","BRISTOL","","BS16 5JE","19740401","20120930","C","B","5A3","20010401","20120930","0117 9571412","","","","0","","","","0",""
"L81627","NO NAME HELD","Y12","QD8","129 GREVILLE ROAD","BEDMINSTER","BRISTOL","AVON","","BS3 1LE","19740401","19951231","C","Z","","","","0117 2663912","","","","0","","","","0",""
"L81628","NO NAME HELD","Y12","QD8","STUDENTS HEALTH SERVICE","BRUCE PERRY HOUSE","25 BELGRAVE ROAD","CLIFTON, BRISTOL","","BS8 2AA","19870907","19920331","C","Z","","","","","","","","0","","","","0",""
"L81629","DR CHOWDHURY","Y52","Q39","209 WELLS ROAD","KNOWLE","BRISTOL","","","BS4 2DF","19740401","20120930","C","B","5QJ","20061001","20120930","0117 9775058","","","","0","","","","0",""
"L81630","NO NAME HELD","Y12","QD8","STUDENTS HEALTH SERVICE","BRUCE PERRY HOUSE","25 BELGRAVE ROAD","CLIFTON, BRISTOL","","BS8 2AA","19740401","19920331","C","Z","","","","","","","","0","","","","0",""
"L81631","NO NAME HELD","Y12","Q39","COMBE DOWN HOUSE","THE AVENUE, COMBE DOWN","BATH","","","BA2 5EG","19740401","19970508","C","B","","20021001","20021001","01225 832226","","","","0","","","","0",""
"L81636","NO NAME HELD","Y12","QD8","THE SURGERY","CANYNGE HOUSE","REDCLIFFE HILL","BRISTOL","","BS1 6RG","19870706","19960731","C","Z","","","","0117 9273820","","","","0","","","","0",""
"L81639","MANGOTSFIELD SURGERY","Y52","Q39","MANGOTSFIELD SURGERY","26 STOCKWELL DRIVE","MANGOTSFIELD,BRISTOL","AVON","","BS16 9DN","19870420","20120930","C","B","5A3","20010401","20120930","0117 9567831","","","","0","","","","4",""
"L81640","DR STEPHENSON","Y52","Q39","BROOKLEA HEALTH CENTRE","WICK ROAD","BRISLINGTON","BRISTOL","","BS4 4HU","19740401","20120930","C","B","5QJ","20061001","20120930","0117 3304223","","","","0","","","","0",""
"L81641","NO NAME HELD","Y12","QD8","STUDENTS HEALTH SERVICE","BRUCE PERRY HOUSE","25 BELGRAVE ROAD","CLIFTON, BRISTOL","","BS8 2AA","19850801","19920331","C","Z","","","","","","","","0","","","","0",""
"L81650","DR PN HARBORD'S PRACTICE","Y52","Q39","BROOKLEA HEALTH CENTRE","WICK ROAD","BRISLINGTON","BRISTOL","","BS4 4HU","19890501","20120930","C","B","","20021001","20120930","0117 9711211","","","","0","","","","0",""
"L81651","NO NAME HELD","Y12","QD8","DOROTHY HOUSE FOUNDATION","164 BLOOMFIELD ROAD","BATH","AVON","","BA2 2AT","19890515","19940228","C","Z","","","","0225 331335","","","","0","","","","0",""
"L81652","NO NAME HELD","Y12","QD8","WILLIAM BUDD HEALTH CTR","LEINSTER AVENUE","KNOWLE","BRISTOL","","BS4 1NL","19900806","19970228","C","Z","","","","0117 9668404","","","","0","","","","0",""
"L81653","NO NAME HELD","Y12","QD8","STUDENTS HEALTH SERVICE","BRUCE PERRY HOUSE","25 BELGRAVE ROAD","BRISTOL","","BS8 2AA","19901101","19920331","C","Z","","","","","","","","0","","","","0",""
"L81654","NO NAME HELD","Y12","QD8","590 WELLS ROAD","KNOWLE","BRISTOL","","","BS14 9BD","19910402","19911231","C","Z","","","","","","","","0","","","","0",""
"L81657","ELM LODGE SURGERY","Y52","Q39","ELM LODGE SURGERY","43 GLOUCESTER ROAD NORTH","FILTON,BRISTOL","","","BS7 0SN","19920501","20120930","C","B","5A3","20090301","20120930","0117 9690909","","","","0","","","","4",""
"L81658","SUSSEX PLACE SURGERY","Y52","Q39","SUSSEX PLACE SURGERY","63 SUSSEX PLACE","BRISTOL","","","BS2 9QR","19930601","20120930","C","B","5QJ","20061001","20120930","0117 9556275","","","","0","","","","4",""
"L81659","NO NAME HELD","Y12","QD8","CLIFTON COLLEGE","83 PEMBROKE ROAD","CLIFTON","BRISTOL","","BS8 3EA","19931002","19980910","C","Z","","","","0117 9735642","","","","0","","","","0",""
"L81660","NO NAME HELD","Y12","QD8","DOROTHY HOUSE FOUNDATION","MACMILLAN SERVICE","164 BLOOMFIELD ROAD","BATH, AVON","","BA2 2AT","19941001","19950605","C","Z","","","","","","","","0","","","","0",""
"L81661","HOMELESS HEALTHCARE TEAM","Y52","Q39","JULIAN HOUSE","MANVERS STREET","BATH","","","BA1 1JW","19950401","20120930","C","B","5FL","20020401","20120930","01225 311991","","","","0","","","","0",""
"L81662","HOMELESS HEALTH SERVICE","Y52","Q39","HOMELESS HEALTH CENTRE","1 JAMAICA STREET","BRISTOL","","","BS2 8JP","19950401","20120930","C","B","5QJ","20061001","20120930","0117 9892450","","","","0","","","","4",""
"L81664","DOWLAND SURGERY","Y52","Q39","DOWLAND SURGERY","DARTMOUTH CLOSE","HIGH STREET, WORLE","WESTON-SUPER-MARE","","BS22 6LJ","19970109","20120930","C","B","5M8","20020401","20120930","01934 514109","","","","0","","","","0",""
"L81665","NO NAME HELD","Y12","QD8","KENN ROAD","ST.GEORGE","BRISTOL","","","BS5 7PD","19971117","19980331","C","Z","","","","0117 9541234","","","","0","","","","0",""
"L81666","THE OTHER SURGERY","Y52","Q39","36 WHATLEY ROAD","CLIFTON","BRISTOL","AVON","","BS8 2PU","19980101","20120930","C","B","5QJ","20061001","20120930","0117 9148844","","","","0","","","","0",""
"L81667","WINSCOMBE SURGERY","Y52","Q39","WESTON HOSPICECARE","BRANTON HOUSE","21 MONTPELIER","WESTON-SUPER-MARE","","BS23 2RJ","19980601","20120930","C","B","5M8","20020401","20120930","01934 645777","","","","0","","","","0",""
"L81674","WORLE COMMUNITY PRACTICE","Y52","Q39","WORLE COMMUNITY PRACTICE","WORLE HEALTH CENTRE","125 HIGH ST. WORLE,","WESTON-SUPER-MARE","","BS22 6HB","20030401","20120930","C","B","5M8","20030401","20120930","01934 522422","","","","0","","","","0",""
"L81704","NO NAME HELD","Y12","QD8","POOLE MEADE CENTRE","WATERY LANE","TWERTON","BATH","","BA2 1RN","19950901","19961130","C","Z","","","","01225874460","","","","0","","","","0",""
"L82005","NEWQUAY HEALTH CENTRE (HUNTER)","Y52","Q39","HEALTH CENTRE","ST THOMAS ROAD","NEWQUAY","CORNWALL","","TR7 1RU","19740401","20120930","C","B","5QP","20061001","20120930","01637 872956","","","","0","","","","0",""
"L82033","MORRAB SURGERY","Y52","Q39","MORRAB SURGERY","2 MORRAB ROAD","PENZANCE","CORNWALL","","TR18 4EL","19740401","20120930","C","B","5QP","20061001","20120930","01736 363866","","","","0","","","","0",""
"L82034","ANTONY ROAD SURGERY","Y52","Q39","16 ANTONY ROAD","TORPOINT","CORNWALL","","","PL11 2JW","19740401","20120930","C","B","5QP","20061001","20120930","01752 813277","","","","0","","","","0",""
"L82060","WOODLANE IN FALMOUTH","Y52","Q39","WOODLANE SURGERY","TRELAWNEY ROAD","FALMOUTH","CORNWALL","","TR11 3GP","19740401","20120930","C","B","5QP","20061001","20120930","01326 312091","","","","0","","","","0",""
"L82062","STENNACK 1","Y52","Q39","THE STENNACK SURGERY","THE OLD STENNACK SCHOOL","ST.IVES","CORNWALL","","TR26 1RU","19870101","20120930","C","B","5QP","20061001","20120930","01736 793333","","","","0","","","","0",""
"L82063","STENNACK 2","Y52","Q39","THE STENNACK SURGERY","THE OLD STENNACK SCHOOL","ST.IVES","CORNWALL","","TR26 1RU","19740401","20120930","C","B","5QP","20061001","20120930","01736 795237","","","","0","","","","0",""
"L82064","STENNACK 3","Y52","Q39","THE STENNACK SURGERY","THE OLD STENNACK SCHOOL","ST.IVES","CORNWALL","","TR26 1RU","19740401","20120930","C","B","5QP","20061001","20120930","01736 796413","","","","0","","","","0",""
"L82065","NEWQUAY HEALTH CENTRE (HARPER)","Y52","Q39","HEALTH CENTRE","ST THOMAS ROAD","NEWQUAY","CORNWALL","","TR7 1RU","19740401","20120930","C","B","5QP","20061001","20120930","01637 873921","","","","0","","","","0",""
"L82067","CONSTANTINE SURGERY","Y52","Q39","THE SURGERY","BOWLING GREEN,CONSTANTINE","FALMOUTH","CORNWALL","","TR11 5AP","19851001","20120930","C","B","5QP","20061001","20120930","01326 340666","","","","0","","","","0",""
"L82069","ST JAMES ROAD SURGERY","Y52","Q39","ST JAMES ROAD SURGERY","22 ST JAMES ROAD","TORPOINT","CORNWALL","","PL11 2BH","19870301","20120930","C","B","5QP","20061001","20120930","01752 812404","","","","0","","","","0",""
"L82600","NO NAME HELD","Y12","QDV","SOUTH PARADE SURGERY","SOUTH PARADE","PENZANCE","CORNWALL","","TR18 4DJ","19740401","19980131","C","Z","","","","01736 62082","","","","0","","","","0",""
"L82603","MOUNT EDGECUMBE HOSPICE","Y52","Q39","MOUNT EDGECUMBE HOSPICE","PORTHPEAN ROAD","ST.AUSTELL","CORNWALL","","PL26 6AB","19850101","20120930","C","B","5QP","20061001","20120930","01726 65711","","","","0","","","","0",""
"L82604","DR D WRIGHT'S PRACTICE","Y52","Q39","MORVETH","WIDEMOUTH BAY","BUDE","CORNWALL","","EX23 0AA","19740401","20120930","C","B","5QP","20061001","20120930","01288 361252","","","","0","","","","0",""
"L82606","DALTON HOUSE","Y52","Q39","DALTON HOUSE","66 EDGCUMBE AVENUE","NEWQUAY","CORNWALL","","TR7 2NN","19740401","20120930","C","B","5QP","20061001","20120930","01637 873209","","","","0","","","","0",""
"L82608","NO NAME HELD","Y12","QDV","THE SURGERY","4 YORK ROAD","TORPOINT","CORNWALL","","PL11 2LG","19740401","19960831","C","Z","","","","01752 812152","","","","0","","","","0",""
"L82610","NO NAME HELD","Y12","QDV","THE SURGERY","ROBARTES ROAD","ST.DENNIS","ST.AUSTELL, CORNWALL","","PL26 8DS","19740401","19950331","C","Z","","","","0726 822397","","","","0","","","","0",""
"L82612","THE LYNER SURGERY","Y52","Q39","THE LYNHER SURGERY","ST.GERMANS","SALTASH","CORNWALL","","PL12 5LJ","19870601","20120930","C","B","5QP","20061001","20120930","01503 30358","","","","0","","","","0",""
"L82619","NEWLYN SURGERY","Y52","Q39","THE SURGERY","OLD BRIDGE","NEWLYN","PENZANCE, CORNWALL","","TR18 5PR","19890103","20120930","C","B","5QP","20061001","20120930","01736 51014","","","","0","","","","0",""
"L82623","NO NAME HELD","Y12","QDV","DALTON HOUSE","66 EDGCUMBE AVENUE","NEWQUAY","CORNWALL","","TR7 2NN","19940101","19990331","C","Z","","","","01637 873209","","","","0","","","","0",""
"L83001","NO NAME HELD","Y12","QD6","CORNER PLACE SURGERY","46A DARTMOUTH ROAD","PAIGNTON","DEVON","","TQ4 5AH","19740401","19951231","C","Z","","","","01803 557458","","","","0","","","","0",""
"L83033","MOUNT PLEASANT HEALTH CENTRE - HELLIAR","Y52","Q39","MOUNT PLEASANT HEALTH CTR","MOUNT PLEASANT ROAD","EXETER","DEVON","","EX4 7BW","19740401","20120930","C","B","5QQ","20061001","20120930","01392 255722","","","","0","","","","0",""
"L83063","ST MARYCHURCH MEDICAL CENTRE","Y52","Q39","THE MEDICAL CENTRE","FORE STREET","ST.MARYCHURCH","TORQUAY, DEVON","","TQ1 4QX","19740401","20120930","C","B","TAL","20051001","20120930","01803 325123","","","","0","","","","0",""
"L83091","CHATTO ROAD SURGERY","Y52","Q39","104 CHATTO ROAD","ST.MARYCHURCH","TORQUAY","DEVON","","TQ1 4HY","19740401","20120930","C","B","TAL","20051001","20120930","01803 314277","","","","0","","","","0",""
"L83110","CUMBERLAND SURGERY","Y52","Q39","CUMBERLAND SURGERY","DAMEREL CLOSE, DEVONPORT","PLYMOUTH","","","PL1 4JZ","19740401","20120930","C","B","5F1","20010401","20120930","0844 8151448","","","","0","","","","0",""
"L83124","DELPH HOUSE SURGERY","Y52","Q39","DELPH HOUSE SURGERY","8 PINHOE ROAD","EXETER","DEVON","","EX4 7HL","19740401","20120930","C","B","5QQ","20061001","20120930","01392 272304","","","","0","","","","0",""
"L83135","BERE ALSTON MEDICAL PRACTICE","Y52","Q39","THE SURGERY","BERE ALSTON","","DEVON","","PL20 7EJ","19740401","20120930","C","B","5QQ","20061001","20120930","01822 840269","","","","0","","","","0",""
"L83140","NO NAME HELD","Y12","QD6","33 VICTORIA ROAD","DARTMOUTH","DEVON","","","TQ6 9RS","19740401","19920701","C","Z","","","","","","","","0","","","","0",""
"L83141","DR HJ SAVILL'S PRACTICE","Y52","Q39","CASTLE PLACE SURGERY","TIVERTON","DEVON","","","EX16 6RR","19740401","20120930","C","B","5QQ","20061001","20120930","01884 255353","","","","0","","","","0",""
"L83601","NO NAME HELD","Y12","QD6","4 NORTH ROAD EAST","PLYMOUTH","DEVON","","","PL4 6AS","19740401","19940930","C","Z","","","","0752 663055","","","","0","","","","0",""
"L83604","NO NAME HELD","Y12","QD6","LANGHOLM","CHILLINGTON","KINGSBRIDGE","DEVON","","TQ7 2JY","19740401","19920301","C","Z","","","","","","","","0","","","","0",""
"L83614","NO NAME HELD","Y12","QD6","RIVERSIDE SURGERY","SHALDON","TEIGNMOUTH","DEVON","","TQ14 0DF","19740401","19940630","C","Z","","","","0626 872388","","","","0","","","","0",""
"L83617","NO NAME HELD","Y12","QDX","THE HEALTH CENTRE","CLAREMONT GROVE","EXMOUTH","DEVON","","EX8 2JW","19740401","19910630","C","Z","","","","","","","","0","","","","0",""
"L83618","NO NAME HELD","Y12","QD6","44-46 RYDER ROAD","STOKE","PLYMOUTH","DEVON","","PL2 1JA","19740401","19950331","C","Z","","","","0752 561973","","","","0","","","","0",""
"L83619","NO NAME HELD","Y12","QDX","HALDON HOUSE SURGERY","37-39 IMPERIAL ROAD","EXMOUTH","DEVON","","EX8 1DQ","19740401","19930630","C","Z","","","","","","","","0","","","","0",""
"L83621","NO NAME HELD","Y12","Q39","8 CUMBERLAND STREET","DEVONPORT","PLYMOUTH","DEVON","","PL1 4DY","19740401","19990831","C","B","","20021001","20021001","01752 562802","","","","0","","","","0",""
"L83622","NO NAME HELD","Y12","QD6","CORNER PLACE SURGERY","46A DARTMOUTH ROAD","PAIGNTON","DEVON","","TQ4 5AH","19740401","19951231","C","Z","","","","01803557458","","","","0","","","","0",""
"L83625","NO NAME HELD","Y12","QD6","HEALTH CENTRE","LEYPARK WALK","ESTOVER, PLYMOUTH","DEVON","","PL6 8UW","19740401","19920701","C","Z","","","","","","","","0","","","","0",""
"L83629","UPPER MANOR ROAD SURGERY","Y52","Q39","THE SURGERY","95 UPPER MANOR ROAD","PAIGNTON","DEVON","","TQ3 2TQ","19740401","20120930","C","B","TAL","20051001","20120930","01803 523339","","","","0","","","","0",""
"L83630","WHARFSIDE SURGERY","Y52","Q39","WHARFSIDE SURGERY","1 CANAL ROAD","TAVISTOCK","DEVON","","PL19 8AR","19870430","20120930","C","B","5QQ","20061001","20120930","01822 616131","","","","0","","","","0",""
"L83631","HOMEFIELD SURGERY","Y52","Q39","HOMEFIELD SURGERY","6 HOMEFIELD ROAD","HEAVITREE, EXETER","DEVON","","EX1 2QS","19740401","20120930","C","B","5QQ","20061001","20120930","01392 214151","","","","0","","","","0",""
"L83632","NO NAME HELD","Y12","Q39","NORTH PROSPECT CLINIC","FOLLIOT ROAD","NORTH PROSPECT","PLYMOUTH","","PL2 2JS","19740401","19910830","C","B","","20021001","20021001","","","","","0","","","","0",""
"L83634","ROWCROFT HOSPICE","Y52","Q39","ROWCROFT HOSPICE","AVENUE ROAD","TORQUAY","DEVON","","TQ2 5LS","19740401","20120930","C","B","TAL","20051001","20120930","01803 211656","","","","0","","","","0",""
"L83635","NO NAME HELD","Y12","QD6","BROADREACH HOUSE","465 TAVISTOCK ROAD","PLYMOUTH","DEVON","","PL6 7HE","19870308","19950331","C","Z","","","","0752 790000","","","","0","","","","0",""
"L83636","15 SOUTHERNHAY EAST","Y52","Q39","15 SOUTHERNHAY EAST","EXETER","DEVON","","","EX1 1QD","19740401","20120930","C","B","5QQ","20061001","20120930","01392 54335","","","","0","","","","0",""
"L83640","BOW SURGERY","Y52","Q39","BOW SURGERY","FAIR PARK,BOW","CREDITON","DEVON","","EX17 6EY","19740401","20120930","C","B","5QQ","20061001","20120930","01363 82333","","","","0","","","","0",""
"L83650","MOUNT GOULD PRIMARY CARE CENTRE","Y52","Q39","MOUNT GOULD PRIM CARE CTR","200 MOUNT GOULD ROAD","PLYMOUTH","","","PL4 7PY","19871104","20120930","C","B","5F1","20010401","20120930","0845 1558089","","","","0","","","","0",""
"L83652","NO NAME HELD","Y12","QD6","OLD MILL SURGERY","19 OLD MILL ROAD","CHELSTON, TORQUAY","DEVON","","TQ2 6AU","19880229","19931231","C","Z","","","","","","","","0","","","","0",""
"L83653","NO NAME HELD","Y12","QD6","104 CHATTO ROAD","TORQUAY","DEVON","","","TQ1 4HY","19890101","19920331","C","Z","","","","","","","","0","","","","0",""
"L83654","EFFORD SURGERY","Y52","Q39","EFFORD SURGERY","29-31 TORRIDGE WAY,EFFORD","PLYMOUTH","","","PL3 6JG","19890703","20120930","C","B","5F1","20010401","20120930","0844 8151337","","","","0","","","","0",""
"L83656","NO NAME HELD","Y12","QD6","CORNER PLACE","46A DARTMOUTH ROAD","PAIGNTON","DEVON","","TQ4 5AH","19900401","19911117","C","Z","","","","","","","","0","","","","0",""
"L83659","NO NAME HELD","Y12","QDX","THE HEALTH CENTRE","CLAREMONT GROVE","EXMOUTH","DEVON","","EX8 2JW","19910201","19910731","C","Z","","","","","","","","0","","","","0",""
"L83660","TRELAWNY SURGERY","Y52","Q39","TRELAWNY SURGERY","45 HAM DRIVE","PLYMOUTH","DEVON","","PL2 2NJ","19920401","20120930","C","B","5F1","20010401","20120930","01752 350700","","","","0","","","","0",""
"L83662","NO NAME HELD","Y12","QD6","THE HEALTH CENTRE","HOSPITAL HILL","DAWLISH","DEVON","","EX7 9NS","19920501","19930909","C","Z","","","","0626 862862","","","","0","","","","0",""
"L83665","NO NAME HELD","Y12","QD6","GLENDEVON MEDICAL CENTRE","3 CARLTON PLACE","TEIGNMOUTH","DEVON","","TQ14 8AB","19921125","19921231","C","Z","","","","","","","","0","","","","0",""
"L83667","OLD MILL SURGERY","Y52","Q39","OLD MILL SURGERY","CHELSTON HALL,OLD MILL RD","TORQUAY","","","TQ2 6HW","19940101","20120930","C","B","TAL","20051001","20120930","01803 605939","","","","0","","","","0",""
"L83668","DEACON LANE SURGERY","Y52","Q39","BEACON LANE SURGERY","109 BEACON LANE","EXETER","","","EX4 8LT","19940501","20120930","C","B","5QQ","20061001","20120930","01392 273484","","","","0","","","","0",""
"L83669","NO NAME HELD","Y12","QD6","ST BUDEAUX HEALTH CENTRE","STIRLING ROAD","ST BUDEAUX","PLYMOUTH","","PL5 1PL","19940401","19940930","C","Z","","","","","","","","0","","","","0",""
"L83670","NO NAME HELD","Y12","QD6","GLENDEVON MEDICAL CENTRE","3 CARLTON PLACE","TEIGNMOUTH","DEVON","","TQ14 8AB","19940430","19941231","C","Z","","","","0626 773445","","","","0","","","","0",""
"L83671","THE NOVA SURGERY","Y52","Q39","THE NOVA SURGERY","ESTOVER HEALTH CENTRE","LEYPARK ROAD","ESTOVER, PLYMOUTH","","PL6 8UE","19950701","20120930","C","B","5F1","20010401","20120930","01752 784949","","","","0","","","","0",""
"L83672","HONICKNOWLE GREEN MED.CTR","Y52","Q39","HONICKNOWLE GREEN MED.CTR","GUY MILES WAY","HONICKNOWLE GREEN","PLYMOUTH","","PL5 3PY","19990401","20120930","C","B","5F1","20010401","20120930","01752 777207","","","","0","","","","0",""
"L83675","YOUNG PERSONS DROP-IN","Y52","Q39","S.DARTMOOR COMM COLLEGE","BALLAND LANE","ASHBURTON","","","TQ13 7BX","20010201","20120930","C","B","5QQ","20061001","20120930","01364 652731","","","","0","","","","0",""
"L83676","TEIGNBRIDGE PCT OUT OF HOURS","Y52","Q39","TEIGNBRIDGE PCT","SEMINAR ROOM OFFICES","NEWTON ABBOT HOSPITAL","EAST STREET, NEWTON ABBOT","","TQ12 4PT","20020601","20120930","C","B","5QQ","20061001","20120930","01626 357384","","","","0","","","","2",""
"L83678","EXE BANK RESPITE & REHABILITATION UNIT","Y52","Q39","C/O SEATON&COLYTON MED PR","148 HAREPATH ROAD","SEATON","DEVON","","EX12 2DU","20020901","20120930","C","B","5QQ","20061001","20120930","01297 20877","","","","0","","","","0",""
"L84035","GATH SURGERY","Y52","Q39","102 STROUD ROAD","","GLOUCESTER","","","GL1 5JN","19740401","20120930","C","B","5QH","20061001","20120930","01452 524506","","","","0","","","","0",""
"L84064","NO NAME HELD","Y12","QDY","21 IMPERIAL SQUARE","CHELTENHAM","GLOUCESTERSHIRE","","","GL50 1QZ","19740401","19930930","C","Z","","","","","","","","0","","","","0",""
"L84066","NO NAME HELD","Y12","QDY","BARN CLOSE SURGERY","OLD HORSLEY ROAD","NAILSWORTH,STROUD","GLOUCESTERSHIRE","","GL6 0JN","19740401","19961231","C","Z","","","","01453 833404","","","","0","","","","0",""
"L84074","NO NAME HELD","Y12","QDY","THE SURGERY","9 SCHOOL LANE","QUEDGELEY","GLOUCESTERSHIRE","","GL2 6PJ","19740401","19960831","C","Z","","","","01452 721808","","","","0","","","","0",""
"L84601","NAGLE SURGERY","Y52","Q39","COLBROOK SURGERY","RAILWAY DRIVE","COLEFORD","GLOUCESTERSHIRE","","GL16 8HQ","19740401","20120930","C","B","5QH","20061001","20120930","01594 833496","","","","0","","","","0",""
"L84607","WHEATWAY SURGERY","Y52","Q39","THE SURGERY","61 WHEATWAY","ABBEYDALE","GLOUCESTERSHIRE","","GL4 5ET","19740401","20120930","C","B","5QH","20061001","20120930","01452 383323","","","","0","","","","0",""
"L84608","NO NAME HELD","Y12","QDY","21 ALEXANDRA ROAD","GLOUCESTER","","","","GL1 3DR","19740401","19970731","C","Z","","","","01452 385555","","","","0","","","","0",""
"L84614","NO NAME HELD","Y12","QDY","THE SURGERY","","WESTBURY-ON-SEVERN","GLOUCESTERSHIRE","","GL14 1PB","19880701","19910630","C","Z","","","","","","","","0","","","","0",""
"L84618","NO NAME HELD","Y12","QDY","ST.MICHAEL'S SURGERY","ST.MICHAEL'S SQUARE","GLOUCESTER","","","GL1 1HX","19960301","19970331","C","Z","","","","01452 520373","","","","0","","","","0",""
"L84619","DIETETIC DEPARTMENT","Y52","Q39","GLOS.ROYAL NHS TRUST","GREAT WESTERN ROAD","GLOUCESTER","","","GL1 3NN","20000901","20120930","C","B","","20021001","20120930","01452 395506","","","","0","","","","0",""
"L85057","NO NAME HELD","Y12","QD5","THE SURGERY","ALPHA HOUSE","MARKET STREET","HIGHBRIDGE","","TA9 3ED","19740401","19920930","C","Z","","","","","","","","0","","","","0",""
"L85058","NO NAME HELD","Y12","QD5","HIGHBRIDGE SURGERY","MARKET STREET","HIGHBRIDGE","SOMERSET","","TA9 3ED","19740401","19921031","C","Z","","","","","","","","0","","","","0",""
"L85603","NO NAME HELD","Y12","QD5","OSBORNE HOUSE","TRULL ROAD","TAUNTON, SOMERSET","","","TA1 4PX","19740401","19950430","C","Z","","","","","","","","0","","","","0",""
"L85606","CHILCOMPTON SURGERY","Y52","Q39","CHILCOMPTON SURGERY","WELLS ROAD","CHILCOMPTON","BATH","","BA3 4EU","19740401","20120930","C","B","5QL","20061001","20120930","01761 232231","","","","0","","","","0",""
"L85614","NO NAME HELD","Y12","QD5","THE SURGERY","ST. MICHAEL'S AVENUE","YEOVIL","SOMERSET","","BA21 4LW","19740401","19940301","C","Z","","","","0935 23034","","","","0","","","","0",""
"L85615","NO NAME HELD","Y12","QD5","THE MEDICAL CENTRE","ST JAMES STREET","TAUNTON","SOMERSET","","TA1 1JP","19880606","19950331","C","Z","","","","","","","","0","","","","0",""
"L85617","NO NAME HELD","Y12","QD5","(ST.MARGARET'S HOSPICE)","THE HEALTH CENTRE","BULFORD","WELLINGTON, SOMERSET","","TA21 8PW","19900401","19941019","C","Z","","","","0823 259394","","","","0","","","","0",""
"L85618","EVERCREECH SURGERY","Y52","Q39","THE SURGERY","PRESTLEIGH ROAD","EVERCREECH","SOMERSET","","BA4 6JY","19901201","20120930","C","B","5QL","20061001","20120930","01749 830325","","","","0","","","","0",""
"L85621","NO NAME HELD","Y12","QD5","12 MAIN ROAD","FROME","SOMERSET","","","XX13 3XX","19940401","19960731","C","Z","","","","","","","","0","","","","0",""
"L85622","DR DMIC WAWMAN'S PRACTICE","Y52","Q39","WARDEN ROAD SURGERY","11 WARDEN ROAD","MINEHEAD","SOMERSET","","TA24 5DS","19950501","20120930","C","B","5QL","20061001","20120930","01643706767","","","","0","","","","0",""
"L85623","LOCKS HILL SURGERY","Y52","Q39","LOCKS HILL SURGERY","95 LOCKS HILL","FROME","SOMERSET","","BA11 1NG","19960714","20120930","C","B","5QL","20061001","20120930","01373 454446","","","","0","","","","0",""
"M81028","NO NAME HELD","Y07","QEN","THE COURT ROAD SURGERY","COURT ROAD","MALVERN","WORCESTERSHIRE","","WR14 3BL","19740401","19940108","C","Z","","","","","","","","0","","","","0",""
"M81053","DR HAKEEM & DR AHMAD","Y51","Q34","THE MEDICAL CENTRE","TANHOUSE LANE","CHURCH HILL,REDDITCH","WORCESTERSHIRE","","B98 9AA","19740401","20120930","C","B","5PL","20061001","20120930","0844 3879666","","","","0","","","","4",""
"M81060","NO NAME HELD","Y07","QEN","THE COURT ROAD SURGERY","COURT ROAD","MALVERN","WORCESTERSHIRE","","WR14 3BL","19740401","19960731","C","Z","","","","0684 573456","","","","0","","","","0",""
"M81601","DR JE INGHAM'S PRACTICE","Y51","Q34","THE DOCTOR'S HOUSE","TARRINGTON","HEREFORD","","","HR1 4HZ","19740401","20120930","C","B","5CN","20001001","20120930","01432 890218","","","","0","","","","0",""
"M81603","NO NAME HELD","Y07","QEN","ST. MICHAELS HOSPICE","BARTESTREE","HEREFORD","","","HR1 4HA","19860421","19930401","C","Z","","","","0432 851000","","","","0","","","","0",""
"M81606","AYLMER LODGE COOKLEY PARTNERSHIP","Y51","Q34","COOKLEY SURGERY","1 LEA LANE, COOKLEY","KIDDERMINSTER","WORCESTERSHIRE","","DY10 3TA","19871001","20120930","C","B","5PL","20061001","20120930","01562 850770","","","","0","","","","4",""
"M81607","DR RS PATON","Y51","Q34","GREY GABLE SURGERY","HIGH STREET","INKBERROW","WORCESTERSHIRE","","WR7 4BW","19740401","20120930","C","B","5PL","20061001","20120930","0844 8550333","","","","0","","","","0",""
"M81609","NO NAME HELD","Y07","QED","GREYFRIARS","25 ST.NICHOLAS STREET","HEREFORD","","","HR4 0BG","19740401","19960531","C","Z","","","","01432 265717","","","","0","","","","0",""
"M81610","FP SHRUBBERY","Y51","Q34","13 SHRUBBERY AVENUE","","WORCESTER","","","WR1 1QN","19740401","20120930","C","B","5PL","20061001","20120930","01905 22888","","","","0","","","","0",""
"M81611","NO NAME HELD","Y07","QEN","AYLMER LODGE SURGERY","BROOMFIELD ROAD","KIDDERMINSTER","WORCESTERSHIRE","","DY11 5PA","19740401","19931104","C","Z","","","","0562 822015","","","","0","","","","0",""
"M81612","DR MJ GARLICK'S PRACTICE","Y51","Q34","THE HEALTH CENTRE","JAY LANE","LEINTWARDINE","SHROPSHIRE","","SY7 0LG","19740401","20120930","C","B","5CN","20001001","20120930","01547 540355","","","","0","","","","0",""
"M81613","NO NAME HELD","Y07","QEN","BARTESTREE HOUSE","BARTESTREE","HEREFORD","","","HR1 4DT","19740401","19930801","C","Z","","","","0432 850970","","","","0","","","","0",""
"M81614","FP BROADWAY","Y51","Q34","BARN CLOSE SURGERY","38-40 HIGH STREET","BROADWAY","WORCESTERSHIRE","","WR12 7DT","19740401","20120930","C","B","5PL","20061001","20120930","01386 853651","","","","0","","","","0",""
"M81615","DR BM ORR'S PRACTICE","Y51","Q34","BARN CLOSE SURGERY","38-40 HIGH STREET","BROADWAY","WORCESTERSHIRE","","WR12 7DT","19740401","20120930","C","B","","20021001","20120930","01386 853651","","","","0","","","","0",""
"M81619","ARELEY KINGS SURGERY","Y51","Q34","ARELEY KINGS SURGERY","THE BRIDGE, DUNLEY ROAD","STOURPORT-ON-SEVERN","WORCESTERSHIRE","","DY13 0AA","19870701","20120930","C","B","5PL","20061001","20120930","01299 822103","","","","0","","","","0",""
"M81622","NO NAME HELD","Y07","QEN","THE COURT ROAD SURGERY","COURT ROAD","MALVERN","WORCESTERSHIRE","","WR14 3BL","19881101","19940107","C","Z","","","","","","","","0","","","","0",""
"M81623","PARK ATTWOOD CLINIC","Y51","Q34","PARK ATTWOOD CLINIC","TRIMPLEY","BEWDLEY","","","DY12 1RE","19890602","20120930","C","B","5PL","20061001","20120930","0129 97 444","","","","0","","","","0",""
"M81624","PARK ATTWOOD CLINIC","Y51","Q34","PARK ATTWOOD CLINIC","TRIMPLEY","BEWDLEY","","","DY12 1RE","19890602","20120930","C","B","5PL","20061001","20120930","01299 861444","","","","0","","","","0",""
"M81625","NO NAME HELD","Y07","QED","HOSPICE OF THE MARCHES","BROOKFIELD","TARRINGTON","HEREFORDSHIRE","","HR1 4HZ","19890914","19930701","C","Z","","","","0432 890341","","","","0","","","","0",""
"M81626","NORTHUMBERLAND HOUSE","Y51","Q34","NORTHUMBERLAND HOUSE","437 STOURPORT ROAD","KIDDERMINSTER","WORCESTERSHIRE","","DY11 7BL","19891001","20120930","C","B","5PL","20061001","20120930","01562 745715","","","","0","","","","0",""
"M81628","NO NAME HELD","Y07","QEN","ST.PAULS HOSTEL/HOMELESS","HILLBOROUGH","TALLOW HILL","WORCESTER","","WR5 1DB","19900712","19950430","C","Z","","","","01905723729","","","","0","","","","0",""
"M81632","NO NAME HELD","Y07","QEN","NORTHUMBERLAND HOUSE SURG","437 STOURPORT ROAD","KIDDERMINSTER","WORCESTERSHIRE","","DY11 7BL","19940402","19940930","C","Z","","","","0562 745715","","","","0","","","","0",""
"M81633","ST.PAULS HOSTEL/HOMELESS","Y51","Q34","ST.PAULS HOSTEL/HOMELESS","HILLBOROUGH","TALLOW HILL","WORCESTER","","WR5 1DB","19990928","20120930","C","B","5PL","20061001","20120930","01905 723729","","","","0","","","","0",""
"M81635","TRAVELLER HEALTH PROJECT","Y51","Q34","TRAVELLER HEALTH PROJECT","67 NEWTOWN ROAD","HEREFORD","","","HR4 9LJ","20010402","20120930","C","B","5CN","20010402","20120930","01432 343166","","","","0","","","","0",""
"M81641","CAMHS REDDITCH","Y51","Q34","PEAR TREE CENTRE","SMALLWOOD HOUSE","CHURCH GREEN WEST","REDDITCH, WORCESTERSHIRE","","B97 4DJ","20020401","20120930","C","B","5PL","20061001","20120930","01527 488650","","","","0","","","","0",""
"M82052","NO NAME HELD","Y07","QEF","MARYSVILLE MEDICAL PRACT","27 BELLE VUE GARDENS","SHREWSBURY","SHROPSHIRE","","SY3 7JQ","19740401","19910630","C","Z","","","","","","","","0","","","","0",""
"M82053","BETHESDA SURGERY","Y51","Q34","BETHESDA SURGERY","CHURCH ROAD","MALINSLEE, TELFORD","SHROPSHIRE","","TF3 2JZ","19740401","20120930","C","B","5MK","20020401","20120930","01952 502836","","","","0","","","","0",""
"M82600","NO NAME HELD","Y07","QEF","THE SURGERY","WELLINGTON ROAD","NEWPORT","SHROPSHIRE","","TF10 7HG","19740401","19960331","C","Z","","","","01952 811677","","","","0","","","","0",""
"M82605","NO NAME HELD","Y07","QEF","1 THE POPLARS","HIGH STREET","HIGHLEY, BRIDGNORTH","SHROPSHIRE","","WV16 6JF","19850701","19950930","C","Z","","","","","","","","0","","","","0",""
"M82610","AQUEDUCT SURGERY","Y51","Q34","AQUEDUCT SURGERY","MAJESTIC WAY","AQUEDUCT","TELFORD, SHROPSHIRE","","TF4 3RB","19890401","20120930","C","B","5MK","20020401","20120930","01952 591555","","","","0","","","","0",""
"M82611","TY CROES SURGERY","Y51","Q34","TY CROES SURGERY","LLANYMYNECH","POWYS","","","SY22 6ER","19910202","20120930","C","B","5M2","20020401","20120930","01691 830872","","","","0","","","","0",""
"M82614","NO NAME HELD","Y07","QEF","BROOK ADVISORY CENTRE","14 DEERCOTE","HOLLINSWOOD","TELFORD","","TF3 2BH","19930621","19970430","C","Z","","","","01952 200070","","","","0","","","","0",""
"M82615","NO NAME HELD","Y07","QEF","BROOK ADVISORY CENTRE","14 DEERCOTE","HOLLINSWOOD","TELFORD","","TF3 2BH","19930621","19970430","C","Z","","","","01952 200070","","","","0","","","","0",""
"M82617","MALINSLEE SURGERY","Y51","Q34","MALINSLEE SURGERY","CHURCH ROAD","MALINSLEE, TELFORD","SHROPSHIRE","","TF3 2JZ","19960401","20120930","C","B","5MK","20020401","20120930","01952 501234","","","","0","","","","0",""
"M82621","TCAT CLINIC","Y51","Q34","HAYBRIDGE ROAD","WELLINGTON","TELFORD","","","TF1 2NP","19991001","20120930","C","B","5M2","20020401","20120930","01743 261300","","","","0","","","","0",""
"M83002","SMALLTHORNE HEALTH CENTRE","Y51","Q34","SMALLTHORNE HEALTH CENTRE","2 BADEN ROAD","SMALLTHORNE","STOKE-ON-TRENT","","ST6 1SA","19740401","20120930","C","B","5PJ","20061001","20120930","01782 834288","","","","0","","","","0",""
"M83003","NO NAME HELD","Y07","QEH","MARYCHURCH ROAD CENTRE","5 MARYCHURCH ROAD","BUCKNALL","STOKE-ON-TRENT","","ST2 9BJ","19740401","19951001","C","Z","","","","","","","","0","","","","0",""
"M83053","NO NAME HELD","Y07","Q34","178 HORNINGLOW STREET","BURTON-ON-TRENT","STAFFS","","","DE14 1NT","19740401","19981130","C","B","","20021001","20021001","01283 563483","","","","0","","","","0",""
"M83055","KING STREET CLOSED","Y51","Q34","THE SURGERY","KING STREET","BURTON-ON-TRENT","STAFFORDSHIRE","","DE14 3AG","19740401","20120930","C","B","5PK","20061001","20120930","01283 568246","","","","0","","","","0",""
"M83060","NO NAME HELD","Y07","QEH","16 ROSSLYN ROAD","LONGTON","STOKE-ON-TRENT","","","ST3 4JD","19740401","19941231","C","Z","","","","","","","","0","","","","0",""
"M83077","VICTORIA SURGERY","Y51","Q34","VICTORIA SURGERY","VICTORIA SQUARE","134 BROAD STREET, HANLEY","STOKE-ON-TRENT","","ST1 4EA","19740401","20120930","C","B","5PJ","20061001","20120930","01782 271996","","","","0","","","","0",""
"M83087","DR CN VENKATASUBRAHMANYAN'S PRACTICE","Y51","Q34","LUCIE WEDGWOOD HEALTH CTR","CHAPEL LANE, BURSLEM","STOKE-ON-TRENT","STAFFORDSHIRE","","ST6 2AB","19740401","20120930","C","B","5PJ","20061001","20120930","01782 834488","","","","0","","","","0",""
"M83105","CHARLES STREET SURVERY CLOSED","Y51","Q34","42 CHARLES STREET","HANLEY","STOKE-ON-TRENT","","","ST1 3JY","19740401","20120930","C","B","5PJ","20061001","20120930","01782212869","","","","0","","","","0",""
"M83106","HEALTH AUTHORITY LOCUM","Y51","Q34","22 ALBERTA STREET","LONGTON","STOKE-ON-TRENT","","","ST3 4LF","19740401","20120930","C","B","5PJ","20061001","20120930","01782 319397","","","","0","","","","0",""
"M83114","TALKE PITS CLINIC 2","Y51","Q34","THE SURGERY","HIGH STREET","TALKE PITS","STOKE-ON-TRENT","","ST7 1QH","19740401","20120930","C","B","5PH","20061001","20120930","01782 782440","","","","0","","","","0",""
"M83116","NO NAME HELD","Y07","QEJ","7 VICTORIA STREET","CANNOCK","STAFFORDSHIRE","","","WS11 1AG","19740401","19960430","C","Z","","","","01543 504775","","","","0","","","","0",""
"M83118","CANNOCK ROAD SURGERY","Y51","Q34","441 CANNOCK ROAD","HEDNESFORD","CANNOCK","","","WS12 4AE","19740401","20120930","C","B","5PK","20061001","20120930","01543 422531","","","","0","","","","0",""
"M83120","WILDWOOD","Y51","Q34","THE SURGERY","WILDWOOD","STAFFORD","","","ST17 4RA","19740401","20120930","C","B","5PK","20061001","20120930","01785 662808","","","","0","","","","0",""
"M83131","STAFFORD ROAD SURGERY","Y51","Q34","60 STAFFORD ROAD","CANNOCK","STAFFORDSHIRE","","","WS11 4AQ","19740401","20120930","C","B","5PK","20061001","20120930","01543503332","","","","0","","","","0",""
"M83135","NO NAME HELD","Y07","QEH","TRENT VALE HEALTH CENTRE","876 LONDON ROAD","TRENT VALE","STOKE-ON-TRENT","","ST4 5NY","19740401","19920331","C","Z","","","","","","","","0","","","","0",""
"M83136","APSLEY HOUSE BRANCH SURGERY","Y51","Q34","THE SURGERY","117 KNYPERSLEY ROAD","NORTON IN THE MOORS","STOKE-ON-TRENT","","ST6 8JA","19740401","20120930","C","B","5PJ","20061001","20120930","01782 545728","","","","0","","","","0",""
"M83147","NO NAME HELD","Y07","QEJ","THE ALDERGATE MED.PRACT.","THE MOUNT","SALTERS LANE","TAMWORTH,STAFFS","","B79 8BH","19960101","19960131","C","Z","","","","01827 54775","","","","0","","","","0",""
"M83600","NO NAME HELD","Y07","QEJ","39A HIGH STREET","ECCLESHALL","STAFFORD","","","ST21 6BW","19740401","19940331","C","Z","","","","0785 850244","","","","0","","","","0",""
"M83605","NO NAME HELD","Y07","QEH","HANLEY HEALTH CENTRE","UPPER HUNTBACH STREET","HANLEY","STOKE-ON-TRENT","","ST1 2BN","19870101","19950331","C","Z","","","","0782 202622","","","","0","","","","0",""
"M83607","NO NAME HELD","Y07","QEH","HARLEY STREET MEDICAL CTR","HANLEY","STOKE-ON-TRENT","","","ST1 3RX","19870701","19910406","C","Z","","","","","","","","0","","","","0",""
"M83611","JOHN AMERY DRIVE SURGERY","Y51","Q34","14 JOHN AMERY DRIVE","RISING BROOK","STAFFORD","","","ST17 9LZ","19740401","20120930","C","B","5PK","20061001","20120930","01785 252244","","","","0","","","","0",""
"M83612","NO NAME HELD","Y07","QEH","TRENT VALE HEALTH CENTRE","876 LONDON ROAD","TRENT VALE","STOKE-ON-TRENT","","ST4 5NY","19740401","19920331","C","Z","","","","","","","","0","","","","0",""
"M83614","NO NAME HELD","Y07","QEH","KINGSBRIDGE MEDICAL PRACT","CHILD HEALTH CLINIC","KINGSBRIDGE AVENUE","CLAYTON, NEWCASTLE","","ST5 3HP","19740401","19960521","C","Z","","","","01782 611991","","","","0","","","","0",""
"M83615","LOCUM TURNER PRACTICE","Y51","Q34","89 BLURTON ROAD","BLURTON","STOKE-ON-TRENT","","","ST3 2BS","19740401","20120930","C","B","5PJ","20061001","20120930","01782 313558","","","","0","","","","0",""
"M83620","DR PARIKH & PARTNER","Y51","Q34","FENTON HEALTH CENTRE","GLEBEDALE ROAD","STOKE ON TRENT","STAFFORDSHIRE","","ST4 3AQ","19740401","20120930","C","B","5PJ","20061001","20120930","01782 743111","","","","0","","","","0",""
"M83621","NO NAME HELD","Y07","QEH","21 REGENT ROAD","HANLEY","STOKE-ON-TRENT","STAFFORDSHIRE","","ST1 3BT","19740401","19941214","C","Z","","","","0782 281127","","","","0","","","","0",""
"M83622","MEIR HEALTH CENTRE","Y51","Q34","MEIR HEALTH CENTRE","SARACEN'S WAY, MEIR","STOKE ON TRENT","STAFFORDSHIRE","","ST3 7DS","19740401","20120930","C","B","5PJ","20061001","20120930","01782 313545","","","","0","","","","0",""
"M83626","BURNTWOOD HEALTH CENTRE","Y51","Q34","BURNTWOOD HEALTH CENTRE","HUDSON DRIVE","BURNTWOOD","WEST MIDLANDS","","WS7 0EW","19740401","20120930","C","B","5PK","20061001","20120930","01543 682655","","","","0","","","","0",""
"M83628","DR RS BOLIA'S PRACTICE","Y51","Q34","ABBEY SURGERY","77 WOODHEAD ROAD","ABBEY HULTON","STOKE-ON-TRENT","","ST2 8DH","19740401","20120930","C","B","5PJ","20061001","20120930","01782542671","","","","0","","","","0",""
"M83634","PRACTICE OF DR DH GANAPATHY","Y51","Q34","THE HEALTH CENTRE","SARACEN'S WAY","MEIR","STOKE-ON-TRENT","","ST3 7DS","19740401","20120930","C","B","5PJ","20061001","20120930","01782 324024","","","","0","","","","0",""
"M83643","CHASE PRACTICE","Y51","Q34","CHASE PRACTICE","65 CHURCH STREET","OFF OLD HEDNESFORD ROAD","CANNOCK,STAFFORDSHIRE","","WS11 1DS","19740401","20120930","C","B","5PK","20061001","20120930","01543577972","","","","0","","","","0",""
"M83644","NO NAME HELD","Y07","QEJ","HEALTH CENTRE","WARDLES LANE","GREAT WYRLEY","WEST MIDLANDS","","WS6 6EW","19740401","19930630","C","Z","","","","","","","","0","","","","0",""
"M83645","HIGH LANE SURGERY CLOSED","Y51","Q34","205A HIGH LANE","BURSLEM","STOKE-ON-TRENT","","","ST6 7BS","19850501","20120930","C","B","5PJ","20061001","20120930","01782 819925","","","","0","","","","0",""
"M83646","NO NAME HELD","Y07","QEH","BROOKFIELD SURGERY","CLIVEDON PLACE","LONGTON","STOKE-ON-TRENT","","ST3 4JB","19740401","19960703","C","Z","","","","01782 323756","","","","0","","","","0",""
"M83647","NO NAME HELD","Y07","QEH","THE SURGERY","TRENTHAM MEWS","EASTWICK CRESCENT","TRENTHAM, STOKE-ON-TRENT","","ST4 8XP","19740401","19941118","C","Z","","","","0782 643747","","","","0","","","","0",""
"M83648","HILLSPRINGS SURGERY","Y51","Q34","HILLSPRINGS","PORTACABIN SURGERY","GLEN HAVEN OFF GREEN LANE","RUGELEY","","WS15 2GS","19740401","20120930","C","B","5PK","20061001","20120930","01889 585502","","","","0","","","","0",""
"M83651","DR M TAJUDDIN'S PRACTICE","Y51","Q34","267 LICHFIELD STREET","FAZELEY","TAMWORTH","","","B78 3QF","19740401","20120930","C","B","5PK","20061001","20120930","01827 289512","","","","0","","","","0",""
"M83654","HAWKES GREEN MEDICAL CENTRE","Y51","Q34","HAWKES GREEN MEDICAL CTR","HAWKES GREEN","HEATH HAYES","STAFFS","","WS12 5XP","19870401","20120930","C","B","5PK","20061001","20120930","01543 271313","","","","0","","","","0",""
"M83657","DR GMF SIVARDEEN'S PRACTICE","Y51","Q34","39 CROMARTIE STREET","LONGTON","STOKE-ON-TRENT","","","ST3 4LG","19740401","20120930","C","B","5PJ","20061001","20120930","01782 329488","","","","0","","","","0",""
"M83658","MILEHOUSE PRIMARY CARE CENTRE","Y51","Q34","MILEHOUSE PRIMARY CARE","LYMEBROOK WAY","NEWCASTLE-UNDER-LYME","STAFFORDSHIRE","","ST5 9GA","19740401","20120930","C","B","5PH","20061001","20120930","01782 663840","","","","0","","","","0",""
"M83660","NO NAME HELD","Y07","QEJ","219 ROSLISTON ROAD","STAPENHILL","BURTON-ON-TRENT","STAFFORDSHIRE","","DE15 9RF","19860101","19940731","C","Z","","","","0283 512700","","","","0","","","","0",""
"M83663","SOLIMAN MEDICAL PRACTICE CLOSED","Y51","Q34","HANLEY HEALTH CENTRE","UPPER HUNTBACH STREET","HANLEY","STOKE-ON-TRENT","","ST1 2BN","19870101","20120930","C","B","5PJ","20061001","20120930","01782202422","","","","0","","","","0",""
"M83664","RUPERT STREET SURGERY","Y51","Q34","5 RUPERT STREET","BIDDULPH","STOKE ON TRENT","STAFFORDSHIRE","","ST8 6EB","19740401","20120930","C","B","5PH","20061001","20120930","01782 514674","","","","0","","","","0",""
"M83666","BELGRAVE SURGERY","Y51","Q34","BELGRAVE SURGERY","108 MEDWAY","BELGRAVE","","","B77 2JW","19850801","20120930","C","B","5PK","20061001","20120930","01827 285414","","","","0","","","","0",""
"M83672","NO NAME HELD","Y07","QEJ","RUSSELL HOUSE","BAKERS WAY","CODSALL","","","WV8 1HD","19740401","19990117","C","Z","","","","01902 842488","","","","0","","","","0",""
"M83674","NO NAME HELD","Y07","QEH","128 LIVERPOOL ROAD","NEWCASTLE","STAFFORDSHIRE","","","ST5 9EQ","19870601","19950331","C","Z","","","","","","","","0","","","","0",""
"M83676","NO NAME HELD","Y07","QEH","STOKE HEALTH CENTRE","HONEYWALL","STOKE-ON-TRENT","","","ST4 7JB","19871101","19960331","C","Z","","","","0178245710","","","","0","","","","0",""
"M83683","SOMERSET ROAD SURGERY","Y51","Q34","SOMERSET ROAD SURGERY","SOMERSET ROAD","HANLEY","STOKE-ON-TRENT","","ST1 2BH","19740401","20120930","C","B","5PJ","20061001","20120930","01782 212192","","","","0","","","","0",""
"M83690","AMISON STREET SURGERY","Y51","Q34","AMISON STREET SURGERY","MEIR HAY","LONGTON, STOKE ON TRENT","","","ST3 1LD","19881016","20120930","C","B","5PJ","20061001","20120930","01782 335795","","","","0","","","","0",""
"M83696","NO NAME HELD","Y07","QEH","128 LIVERPOOL ROAD","NEWCASTLE","STAFFORDSHIRE","","","ST5 9EQ","19900711","19950621","C","Z","","","","01782713103","","","","0","","","","0",""
"M83699","BROOKFIELD SURGERY","Y51","Q34","BROOKFIELD SURGERY","CLIVEDON PLACE","LONGTON","STOKE-ON-TRENT","","ST3 4JB","19910101","20120930","C","B","5PJ","20061001","20120930","01782 598211","","","","0","","","","0",""
"M83702","NO NAME HELD","Y07","Q34","HANLEY HEALTH CENTRE","HUNTBACH STREET","HANLEY","STOKE-ON-TRENT","","ST1 2BN","19920701","20000122","C","B","5PJ","20061001","20061001","01782219128","","","","0","","","","0",""
"M83707","PRACTICE OF DR MH PARIKH","Y51","Q34","357 SNEYD STREET","SNEYD GREEN","STOKE-ON-TRENT","","","ST6 2NL","19940901","20120930","C","B","5PJ","20061001","20120930","01782 263003","","","","0","","","","0",""
"M83710","WAHIE MEDICCAL PRACTICE CLOSED","Y51","Q34","VICTORIA SURGERY","VICTORIA SQUARE","134 BROAD STREET, HANLEY","STOKE-ON-TRENT","","ST1 4EA","19961001","20120930","C","B","5PJ","20061001","20120930","01782 271822","","","","0","","","","0",""
"M83716","NO NAME HELD","Y07","QEJ","9 PARK ROAD","CANNOCK","STAFFS","","","WS11 1JN","19970701","19980930","C","Z","","","","01543 466188","","","","0","","","","0",""
"M83720","LIVERPOOL ROAD SURGERY","Y51","Q34","128 LIVERPOOL ROAD","CROSS HEATH","NEWCASTLE","STAFFORDSHIRE","","ST5 9EQ","19980602","20120930","C","B","5PH","20061001","20120930","01782 614996","","","","0","","","","0",""
"M83721","DR ECCLESHALL - LOCUM","Y51","Q34","THE CROWN SURGERY","23 HIGH STREET,ECCLESHALL","STAFFORD","STAFFORDSHIRE","","ST21 6BW","19980901","20120930","C","B","5PK","20061001","20120930","01785 850226","","","","0","","","","0",""
"M83724","NO NAME HELD","Y07","Q34","COPPICE SUITE","CANNOCK CHASE HOSPITAL","BRUNSWICK ROAD","CANNOCK, STAFFS","","WS11 2XY","19990605","20000331","C","B","5PK","20061001","20061001","01543 576666","","","","0","","","","0",""
"M83729","INTERMEDIATE CARE (RG JONES)","Y51","Q34","11 BRINSLEY AVENUE","TRENTHAM","STOKE-ON-TRENT","STAFORDSHIRE","","ST4 8LT","20001030","20120930","C","B","5PJ","20061001","20120930","01782 657199","","","","0","","","","0",""
"M83730","PARK HOUSE SURGERY","Y51","Q34","12 PARK ROAD","CANNOCK","","","","WS11 1JN","20010108","20120930","C","B","5PK","20061001","20120930","01543 431599","","","","0","","","","0",""
"M83734","THE SURGERY","Y51","Q34","HANLEY HEALTH CENTRE","UPPER HUNTBACH STREET","HANLEY","STOKE-ON-TRENT","","ST1 8BN","20010801","20120930","C","B","5PJ","20061001","20120930","01782 262299","","","","0","","","","0",""
"M83735","THE MINSTER PRACTICE","Y51","Q34","THE MINSTER PRACTICE","GREENHILL HEALTH CENTRE","CHURCH STREET","STAFFORDSHIRE","","WS13 6JL","20020501","20120930","C","B","5PK","20061001","20120930","01543 440909","","","","0","","","","0",""
"M84033","DR SS BEDI'S PRACTICE","Y51","Q34","14 CLIFTON ROAD","RUGBY","WARWICKSHIRE","","","CV21 3QF","19740401","20120930","C","B","5PM","20061001","20120930","01788 570572","","","","0","","","","0",""
"M84039","NO NAME HELD","Y07","QEL","8 LEAM TERRACE","LEAMINGTON   SPA","WARWICKSHIRE","","","CV31 1BB","19740401","19981207","C","Z","","","","01926 421141","","","","0","","","","0",""
"M84054","NO NAME HELD","Y07","QEL","7A MOULTRIE ROAD","RUGBY","WARWICKSHIRE","","","CV21 3BD","19740401","19970401","C","Z","","","","01788 578560","","","","0","","","","0",""
"M84056","DR GR LEYLAND'S PRACTICE","Y51","Q34","CLAVERDON SURGERY","STATION ROAD","CLAVERDON","WARWICKSHIRE","","CV35 8PH","19740401","20120930","C","B","5PM","20061001","20120930","01926 842205","","","","0","","","","0",""
"M84605","NO NAME HELD","Y07","Q34","1 WHITEHALL ROAD","RUGBY","WARWICKSHIRE","","","CV21 3AE","19740401","19990914","C","B","","20021001","20021001","01788 561319","","","","0","","","","0",""
"M84606","NO NAME HELD","Y07","QEL","218 EDWARD STREET","NUNEATON","WARWICKSHIRE","","","CV11 5RP","19740401","19910405","C","Z","","","","","","","","0","","","","0",""
"M84607","NO NAME HELD","Y07","QEL","THE HEALTH CENTRE","HIGH STREET, BEDWORTH","NUNEATON","WARWICKSHIRE","","CV12 8NQ","19740401","19930831","C","Z","","","","0203 317223","","","","0","","","","0",""
"M84611","NO NAME HELD","Y07","QEL","57 LEICESTER ROAD","BEDWORTH","NUNEATON","WEST MIDLANDS","","CV12 8AB","19740401","19971231","C","Z","","","","01203 312288","","","","0","","","","0",""
"M84613","NO NAME HELD","Y07","QEL","MYTON HAMLET HOSPICE","MYTON LANE","MYTON ROAD","WARWICK","","CV34 6PX","19861201","19920831","C","Z","","","","0926 492518","","","","0","","","","0",""
"M84619","NO NAME HELD","Y07","QEL","31 OVERSLADE LANE","RUGBY","WARWICKSHIRE","","","CV22 6DY","19901203","19920331","C","Z","","","","","","","","0","","","","0",""
"M84622","NO NAME HELD","Y07","QEL","THE ROYAL LEAMINGTON SPA","NURS/HOME, 14 ADELAIDE RD","LEAMINGTON SPA","","","CV31 3PW","19920101","19970708","C","Z","","","","01926 426820","","","","0","","","","0",""
"M84623","NO NAME HELD","Y07","QEL","MYTON HAMLET HOSPICE","MYTON LANE","MYTON ROAD","WARWICK","","CV34 6PX","19930826","19951124","C","Z","","","","01926492518","","","","0","","","","0",""
"M84625","STONELEIGH MEDICAL CENTRE","Y51","Q34","THE MEDICAL CENTRE","NATIONAL AGRICULTURAL CTR","STONELEIGH","COVENTRY","","CV8 2LG","19950729","20120930","C","B","5PM","20061001","20120930","02476696245","","","","0","","","","0",""
"M84626","NO NAME HELD","Y07","QEL","MYTON HAMLET HOSPICE","MYTON LANE","MYTON ROAD","WARWICK","","CV34 6PX","19960601","19960630","C","Z","","","","01926 492518","","","","0","","","","0",""
"M84628","NO NAME HELD","Y07","QEL","MYTON HAMLET HOSPICE","MYTON LANE","MYTON ROAD","WARWICK","","CV34 6PX","19970207","19970801","C","Z","","","","01926 492518","","","","0","","","","0",""
"M84630","STRATFORD OOH","Y51","Q34","ARDEN STREET","STRATFORD UPON AVON","","","","CV37 6NX","20010816","20130331","C","B","5PM","20061001","20130331","01789 262661","","","","0","","","","2",""
"M85004","NO NAME HELD","Y07","QD9","BLOOMSBURY HEALTH CENTRE","63 RUPERT STREET","NECHELLS","BIRMINGHAM","","B7 5DT","19740401","19981031","C","Z","","","","0121 6783932","","","","0","","","","0",""
"M85044","HALL GREEN HEALTH","Y51","Q34","GREENBANK SURGERY","1025 STRATFORD ROAD","HALL GREEN","BIRMINGHAM","","B28 8BG","19740401","20120930","C","B","5M1","20020401","20120930","0121 7771490","","","","0","","","","0",""
"M85054","HALL GREEN HEALTH","Y51","Q34","1493 STRATFORD ROAD","HALL GREEN","BIRMINGHAM","","","B28 9HT","19740401","20120930","C","B","5M1","20020401","20120930","0121 7441731","","","","0","","","","0",""
"M85073","JOCKEY ROAD MEDICAL CENTRE","Y51","Q34","JOCKEY ROAD MEDICAL CTR.","519 JOCKEY ROAD","SUTTON COLDFIELD","WEST MIDLANDS","","B73 5DF","19740401","20120930","C","B","5PG","20061001","20120930","0845 6750560","","","","0","","","","4",""
"M85080","HIGH STREET SURGERY","Y51","Q34","HIGH STREET SURGERY","26 HIGH STREET","ERDINGTON","BIRMINGHAM","","B23 6RN","19740401","20120930","C","B","5PG","20061001","20120930","0121 3730086","","","","0","","","","0",""
"M85099","DR SL PERKINS' PRACTICE","Y51","Q34","57-61 SPRINGTHORPE ROAD","ERDINGTON","BIRMINGHAM","","","B24 0ST","19740401","20120930","C","B","","20021001","20120930","0121 3730959","","","","0","","","","0",""
"M85101","NO NAME HELD","Y07","QD9","454 HAGLEY ROAD WEST","OLDBURY","WEST MIDLANDS","","","B68 0DL","19740401","19930402","C","Z","","","","021 4226938","","","","0","","","","0",""
"M85102","QUINTON FAMILY PRACTICE","Y51","Q34","QUINTON FAMILY PRACTICE","406 QUINTON ROAD WEST","QUINTON,BIRMINGHAM","","","B32 1QG","19740401","20120930","C","B","5M1","20020401","20120930","0845 6048210","","","","0","","","","0",""
"M85114","DR JOSHI SURGERY","Y51","Q34","ASTON HEALTH CENTRE","175 TRINITY ROAD","ASTON","BIRMINGHAM","","B6 6JA","19740401","20120930","C","B","5MX","20020401","20120930","0845 0752231","","","","0","","","","0",""
"M85119","HALL GREEN HEALTH","Y51","Q34","FOX HOLLIES SURGERY","511 FOX HOLLIES ROAD","HALL GREEN","BIRMINGHAM","","B28 8RJ","19740401","20120930","C","B","5M1","20020401","20120930","0121 7771180","","","","0","","","","0",""
"M85120","NO NAME HELD","Y07","QD9","52 BEAUDESERT ROAD","HANDSWORTH","BIRMINGHAM","","","B20 3TG","19740401","19941130","C","Z","","","","021 5545966","","","","0","","","","0",""
"M85121","DR REDDY'S SURG ASTON HTH CTR","Y51","Q34","ASTON HEALTH CENTRE","175 TRINITY ROAD","ASTON","BIRMINGHAM","","B6 6JA","19740401","20120930","C","B","5MX","20020401","20120930","0121 3283597","","","","0","","","","0",""
"M85125","DR SP DIWAN'S PRACTICE","Y51","Q34","71 FELLOWS LANE","HARBORNE","BIRMINGHAM","","","B17 9TX","19740401","20120930","C","B","5M1","20020401","20120930","0121 4271273","","","","0","","","","0",""
"M85130","SHILPA MEDICAL CENTRE","Y51","Q34","SHILPA MEDICAL CENTRE","1C ASHFIELD AVENUE","KINGS HEATH","BIRMINGHAM","","B14 7AT","19740401","20120930","C","B","5M1","20020401","20120930","0845 0707027","","","","0","","","","0",""
"M85140","DR JA SENIOR'S PRACTICE","Y51","Q34","KINGSMOUNT MEDICAL CENTRE","444 KINGSTANDING ROAD","KINGSTANDING","BIRMINGHAM","","B44 9SA","19740401","20120930","C","B","5PG","20061001","20120930","0121 3731734","","","","0","","","","0",""
"M85144","NO NAME HELD","Y07","QD9","SOHO HEALTH CENTRE","LOUISE ROAD","HANDSWORTH","BIRMINGHAM","","B21 0RY","19740401","19910703","C","Z","","","","","","","","0","","","","0",""
"M85148","NO NAME HELD","Y07","QD9","174 ROOKERY ROAD","HANDSWORTH","BIRMINGHAM","","","B21 9NN","19740401","19950731","C","Z","","","","","","","","0","","","","0",""
"M85151","FAIRWAY SURGERY","Y51","Q34","FAIRWAY SURGERY","475 BORDESLEY GREEN EAST","YARDLEY","BIRMINGHAM","","B33 8PP","19740401","20120930","C","B","5PG","20061001","20120930","0844 4778616","","","","0","","","","0",""
"M85160","DR JH REYNOLDS' PRACTICE","Y51","Q34","KENDRICK SURGERY","10 KENDRICK ROAD","WALMLEY, SUTTON COLDFIELD","WEST MIDLANDS","","B76 8EG","19740401","20120930","C","B","5PG","20061001","20120930","0121 3512020","","","","0","","","","0",""
"M85162","HALL GREEN HEALTH","Y51","Q34","247 CATESWELL ROAD","TYSELEY","BIRMINGHAM","","","B11 3DU","19740401","20120930","C","B","5M1","20020401","20120930","0121 7061214","","","","0","","","","0",""
"M85168","SHOWELL GREEN SURGERY","Y51","Q34","1 SHOWELL GREEN LANE","SPARKHILL","BIRMINGHAM","","","B11 4NP","19740401","20120930","C","B","5MX","20020401","20120930","0121 7720115","","","","0","","","","0",""
"M85601","NO NAME HELD","Y07","QD9","260 LICHFIELD ROAD","SUTTON COLDFIELD","WEST MIDLANDS","","","B74 2UH","19740401","19910809","C","Z","","","","","","","","0","","","","0",""
"M85607","NO NAME HELD","Y07","QD9","213 WORLDS END LANE","QUINTON","BIRMINGHAM","","","B32 2RY","19740401","19910930","C","Z","","","","","","","","0","","","","0",""
"M85608","NO NAME HELD","Y07","QD9","THE SURGERY","PORTACABIN'SELCROFT AVE.","QUINTON","BIRMINGHAM","","B32 2BX","19740401","19931231","C","Z","","","","","","","","0","","","","0",""
"M85628","BLOOMSBURY HEALTH CENTRE","Y51","Q34","BLOOMSBURY HEALTH CENTRE","63 RUPERT STREET","NECHELLS","BIRMINGHAM","","B7 5DT","19740401","20120930","C","B","5MX","20020401","20120930","0121 6783932","","","","0","","","","0",""
"M85632","NO NAME HELD","Y07","QD9","THE HAWTHORNS SURGERY","331 BIRMINGHAM ROAD","SUTTON COLDFIELD","WEST MIDLANDS","","B72 1DX","19740401","19911113","C","Z","","","","","","","","0","","","","0",""
"M85635","QUINBORNE MEDICAL PRACTICE","Y51","Q34","QUINBORNE MEDICAL PRACT","SELCROFT AVENUE, QUINTON","BIRMINGHAM","","","B32 2BX","19740401","20120930","C","B","5M1","20020401","20120930","0121 4282880","","","","0","","","","0",""
"M85636","NO NAME HELD","Y07","QD9","114 WESTBOURNE ROAD","HANDSWORTH","BIRMINGHAM","","","B21 8AT","19740401","19980131","C","Z","","","","0121 5548043","","","","0","","","","0",""
"M85637","NO NAME HELD","Y07","QD9","1 WASH LANE","YARDLEY","BIRMINGHAM","","","B25 8SB","19740401","19991001","C","Z","","","","0121 7832603","","","","0","","","","0",""
"M85638","CARNEGIE INSTITUTE","Y51","Q34","CARNEGIE INSTITUTE","HUNTERS ROAD","HOCKLEY","BIRMINGHAM","","B19 1DR","19740401","20120930","C","B","5MX","20020401","20120930","0121 5549920","","","","0","","","","0",""
"M85639","NO NAME HELD","Y07","QD9","185 RUSSELL ROAD","MOSELEY","BIRMINGHAM","","","B13 8RR","19740401","19970313","C","Z","","","","0121 4492498","","","","0","","","","0",""
"M85643","NO NAME HELD","Y07","QD9","19 CHANTRY ROAD","HANDSWORTH","BIRMINGHAM","","","B21 9JB","19740401","19951015","C","Z","","","","01215548858","","","","0","","","","0",""
"M85644","NO NAME HELD","Y07","QD9","1 VICARAGE ROAD","KINGS HEATH","BIRMINGHAM","","","B14 7QA","19740401","19951231","C","Z","","","","0121 4442005","","","","0","","","","0",""
"M85646","NEWTOWN HEALTH CENTRE","Y51","Q34","NEWTOWN HEALTH CENTRE","171 MELBOURNE AVENUE","BIRMINGHAM","WEST MIDLANDS","","B19 2JA","19740401","20120930","C","B","5MX","20020401","20120930","0121 5547541","","","","0","","","","0",""
"M85648","NO NAME HELD","Y07","QD9","818 ALUM ROCK ROAD","WARD END","BIRMINGHAM","","","B8 2TX","19740401","19961031","C","Z","","","","0121 3276401","","","","0","","","","0",""
"M85650","NO NAME HELD","Y07","QD9","SOHO HEALTH CENTRE","LOUISE ROAD","HANDSWORTH","BIRMINGHAM","","B21 0RY","19740401","19910407","C","Z","","","","","","","","0","","","","0",""
"M85651","NO NAME HELD","Y07","QD9","193 LOZELLS ROAD","LOZELLS","BIRMINGHAM","","","B19 1RJ","19740401","19930228","C","Z","","","","","","","","0","","","","0",""
"M85653","NO NAME HELD","Y07","Q34","MEDICAL & WELFARE CENTRE","398 LADYWOOD MIDDLEWAY","LADYWOOD","BIRMINGHAM","","B1 2TP","19740401","19960503","C","B","","20021001","20021001","0121 4541648","","","","0","","","","0",""
"M85654","NO NAME HELD","Y07","QD9","1 CHESTERTON ROAD","BALSALL HEATH","BIRMINGHAM","","","B12 8HL","19740401","19960409","C","Z","","","","0121 4492100","","","","0","","","","0",""
"M85657","NO NAME HELD","Y07","QD9","105-107 GOLDEN HILLOCK RD","SMALL HEATH","BIRMINGHAM","","","B10 0DP","19740401","19921001","C","Z","","","","","","","","0","","","","0",""
"M85658","EASTGATE","Y51","Q34","EASTGATE","GILLOT ROAD","EDGBASTON","BIRMINGHAM","","B16 0EU","19740401","20120930","C","B","5MX","20020401","20120930","0121 4541712","","","","0","","","","0",""
"M85660","NO NAME HELD","Y07","QD9","1 VICARAGE ROAD","KINGS HEATH","BIRMINGHAM","","","B14 7QA","19740401","19980331","C","Z","","","","0121 4442005","","","","0","","","","0",""
"M85661","NO NAME HELD","Y07","QD9","37 MANSEL ROAD","SMALL HEATH","BIRMINGHAM","","","B10 9NR","19740401","19950530","C","Z","","","","021 7731340","","","","0","","","","0",""
"M85664","NO NAME HELD","Y07","QD9","NEWTON HOUSE","456 STRATFORD ROAD","SPARKHILL","BIRMINGHAM","","B11 4AE","19740401","19941031","C","Z","","","","021 7732925","","","","0","","","","0",""
"M85665","EATON WOOD MEDICAL CENTRE","Y51","Q34","EATON WOOD MEDICAL CENTRE","1128 TYBURN ROAD","ERDINGTON","","","B24 0SY","19870719","20120930","C","B","5PG","20061001","20120930","0845 6750573","","","","0","","","","0",""
"M85666","NO NAME HELD","Y07","QD9","1 WARSTONE TOWER","BROMFORD DRIVE","BROMFORD","BIRMINGHAM","","B36 8TU","19740401","19930102","C","Z","","","","021 7479161","","","","0","","","","0",""
"M85668","STECHFORD HEATH CENTRE-WATSON","Y51","Q34","STECHFORD HEALTH CENTRE","393 STATION ROAD","STECHFORD","BIRMINGHAM","","B33 8PL","19740401","20120930","C","B","5PG","20061001","20120930","0121 7832893","","","","0","","","","0",""
"M85672","DR GH FRANCIS' PRACTICE","Y51","Q34","107 WEOLEY CASTLE ROAD","WEOLEY CASTLE","BIRMINGHAM","","","B29 5QD","19740401","20120930","C","B","5M1","20020401","20120930","0121 4271530","","","","0","","","","0",""
"M85674","DR R RASTOGI'S PRACTICE","Y51","Q34","THE SURGERY","117 BROCKHURST ROAD","WARD END","BIRMINGHAM","","B36 8JE","19740401","20120930","C","B","5PG","20061001","20120930","0121 7832642","","","","0","","","","0",""
"M85675","NO NAME HELD","Y07","QD9","VICTORIA ROAD MEDICAL CTR","229 VICTORIA ROAD","ASTON","BIRMINGHAJM","","B6 5HP","19740401","19990201","C","Z","","","","0121 3275421","","","","0","","","","0",""
"M85678","HIGHFIELD LANE MEDICAL CENTRE","Y51","Q34","88 HIGHFIELD LANE","WOODGATE VALLEY","BIRMINGHAM","","","B32 1QX","19740401","20120930","C","B","5M1","20020401","20120930","0121 4220770","","","","0","","","","0",""
"M85681","NO NAME HELD","Y07","QD9","VICTORIA ROAD MEDICAL CTR","229 VICTORIA ROAD","ASTON","BIRMINGHAJM","","B6 5HP","19740401","19970701","C","Z","","","","0121 3270626","","","","0","","","","0",""
"M85682","NO NAME HELD","Y07","QD9","422 KINGS ROAD","KINGSTANDING","BIRMINGHAM","","","B44 0UJ","19740401","19940930","C","Z","","","","","","","","0","","","","0",""
"M85683","DR M AHAMED'S PRACTICE","Y51","Q34","107 WARREN ROAD","KINGSTANDING","BIRMINGHAM","","","B44 8QN","19740401","20120930","C","B","5PG","20061001","20120930","0121 3731511","","","","0","","","","0",""
"M85685","NO NAME HELD","Y07","QD9","21 ARTHUR ROAD","HANDSWORTH","BIRMINGHAM","","","B21 9HY","19740401","19910430","C","Z","","","","","","","","0","","","","0",""
"M85687","DR AA KHAN'S PRACTICE","Y51","Q34","37-39 GLEBE FARM ROAD","STECHFORD","BIRMINGHAM","","","B33 9LY","19861010","20120930","C","B","5PG","20061001","20120930","0121 7833803","","","","0","","","","0",""
"M85688","AMAANAH MEDICAL PRACTICE","Y51","Q34","SALTLEY CTR.FOR HTH.CARE","CRADDOCK ROAD","SALTLEY, BIRMINGHAM","","","B8 1RZ","19861010","20120930","C","B","5PG","20061001","20120930","0121 3228822","","","","0","","","","0",""
"M85690","BLAKESLEY SURGERY","Y51","Q34","BLAKESLEY SURGERY","39 BLAKESLEY ROAD","YARDLEY","BIRMINGHAM","","B25 8XU","19870810","20120930","C","B","5PG","20061001","20120930","0121 7834224","","","","0","","","","0",""
"M85691","SHIRLEY ROAD HEALTH CENTRE","Y51","Q34","SHIRLEY ROAD HEALTH CTR","189 SHIRLEY ROAD","ACOCKS GREEN","BIRMINGHAM","","B27 7NP","19860601","20120930","C","B","5M1","20020401","20120930","0121 7065131","","","","0","","","","0",""
"M85692","DR D RICHARDSON'S PRACTICE","Y51","Q34","61 THORNBRIDGE AVENUE","GREAT BARR","BIRMINGHAM","","","B42 2PW","19851014","20120930","C","B","5PG","20061001","20120930","0121 3571212","","","","0","","","","0",""
"M85696","NO NAME HELD","Y07","QD9","OLD BARN SURGERY","43 OLD BARN ROAD","BOURNVILLE","BIRMINGHAM","","B30 1PX","19740401","19980131","C","Z","","","","0121 4513031","","","","0","","","","0",""
"M85698","CHURCHILL MEDICAL CENTRE","Y51","Q34","CHURCHILL MEDICAL CENTRE","191-193 BIRCHFIELD ROAD","PERRY BARR","BIRMINGHAM","","B19 1LL","19740401","20120930","C","B","5MX","20020401","20120930","0845 0740453","","","","0","","","","0",""
"M85700","NO NAME HELD","Y07","QD9","MINWORTH SURGERY","KINGSBURY CLOSE","OFF KINGSBURY ROAD","MINWORTH,SUTTON COLDFIELD","","B76 9DH","19740401","19960831","C","Z","","","","0121 3517672","","","","0","","","","0",""
"M85702","STECHFORD HEATH CENTRE-ZAKI","Y51","Q34","STECHFORD HEALTH CENTRE","393 STATION ROAD","STECHFORD","BIRMINGHAM","","B33 8PL","19740401","20120930","C","B","5PG","20061001","20120930","0121 7848101","","","","0","","","","0",""
"M85703","SEVERN HOUSE SURGERY","Y51","Q34","SEVERN HOUSE SURGERY","96 ALBERT ROAD","STECHFORD","BIRMINGHAM","","B33 8AG","19740401","20120930","C","B","5PG","20061001","20120930","0121 7840208","","","","0","","","","0",""
"M85705","DR KT MOUSSA'S PRACTICE","Y51","Q34","STECHFORD HEALTH CENTRE","393 STATION ROAD","STECHFORD","BIRMINGHAM","","B33 8PL","19740401","20120930","C","B","5PG","20061001","20120930","0121 7832109","","","","0","","","","0",""
"M85707","THE OLD MILL SURGERY","Y51","Q34","THE OLD MILL SURGERY","22 SPEEDWELL ROAD","EDGBASTON","BIRMINGHAM","","B5 7QA","19740401","20120930","C","B","5MX","20020401","20120930","0845 0740451","","","","0","","","","0",""
"M85708","NO NAME HELD","Y07","QD9","OLD BARN SURGERY","43 OLD BARN ROAD","BOURNVILLE","BIRMINGHAM","","B30 1PX","19850630","19980331","C","Z","","","","0121 4513031","","","","0","","","","0",""
"M85709","NO NAME HELD","Y07","QD9","234 STONEY LANE","BALSALL HEATH","BIRMINGHAM","","","B12 8AW","19740401","19980731","C","Z","","","","0121 4499685","","","","0","","","","0",""
"M85710","NO NAME HELD","Y07","QD9","40 GRANTHAM ROAD","SPARKBROOK","BIRMINGHAM","","","B11 1LU","19860901","19950402","C","Z","","","","021 7739084","","","","0","","","","0",""
"M85712","NO NAME HELD","Y07","QD9","245 WINDSOR STREET","NECHELLS","BIRMINGHAM","","","B7 4NB","19740401","19951215","C","Z","","","","0121 3593442","","","","0","","","","0",""
"M85714","NO NAME HELD","Y07","QD9","69 SUNNINGDALE CLOSE","HANDSWORTH WOOD","BIRMINGHAM","","","B20 1LH","19740401","19930415","C","Z","","","","","","","","0","","","","0",""
"M85718","NO NAME HELD","Y07","QD9","GENERAL MANAGER","ASTON CROSS","50 ROCKY LANE,ASTON","BIRMINGHAM","","B6 5RQ","19740401","19921026","C","Z","","","","","","","","0","","","","0",""
"M85719","NO NAME HELD","Y07","QD9","131 ADDISON ROAD","KINGS HEATH","BIRMINGHAM","","","B14 7ER","19861201","19961127","C","Z","","","","0121 4442729","","","","0","","","","0",""
"M85720","NO NAME HELD","Y07","QD9","62 CROMPTON ROAD","HANDSWORTH","BIRMINGHAM","","","B20 3QG","19850521","19910520","C","Z","","","","","","","","0","","","","0",""
"M85723","THE ROTTON PARK MED CTR","Y51","Q34","264 ROTTON PARK ROAD","EDGBASTON","BIRMINGHAM","","","B16 0JH","19870201","20120930","C","B","5MX","20020401","20120930","0121 4291543","","","","0","","","","0",""
"M85725","NO NAME HELD","Y07","QD9","56 GRANTHAM ROAD","SPARKBROOK","BIRMINGHAM","","","B11 1LX","19870316","19921030","C","Z","","","","","","","","0","","","","0",""
"M85726","ALL SAINTS MEDICAL CENTRE","Y51","Q34","ALL SAINTS MEDICAL CENTRE","2 VICARAGE RD,KINGS HEATH","BIRMINGHAM","","","B14 7RA","19870716","20120930","C","B","5M1","20020401","20120930","0121 4442005","","","","0","","","","0",""
"M85727","NO NAME HELD","Y07","QD9","69 GARRETTS GREEN LANE","SHELDON","BIRMINGHAM","","","B26 2HR","19871019","19960331","C","Z","","","","0121 7432967","","","","0","","","","0",""
"M85731","HEATHFIELD FAMILY CENTRE","Y51","Q34","HEATHFIELD FAMILY CENTRE","133-135 HEATHFIELD ROAD","HANDSWORTH","BIRMINGHAM","","B19 1HL","19740401","20120930","C","B","5MX","20020401","20120930","0121 2554400","","","","0","","","","0",""
"M85734","COLESHILL ROAD SURGERY","Y51","Q34","THE SURGERY","140 COLESHILL ROAD","HODGE HILL","BIRMINGHAM","","B36 8AD","19870929","20120930","C","B","5PG","20061001","20120930","0121 7766444","","","","0","","","","0",""
"M85737","NO NAME HELD","Y07","QD9","28 HORSE SHOES LANE","SHELDON","BIRMINGHAM","","","B26 3HY","19870518","19980331","C","Z","","","","0121 7432625","","","","0","","","","0",""
"M85744","NO NAME HELD","Y07","QD9","15 COLESHILL STREET","ASTON UNIVERSITY","ASTON TRIANGLE","BIRMINGHAM","","B4 7ET","19740401","19920930","C","Z","","","","","","","","0","","","","0",""
"M85745","BROADMEADOW CLINIC","Y51","Q34","BROADMEADOW HEALTH CENTRE","KEYNELL COVERT","KINGS NORTON","BIRMINGHAM","","B30 3QT","19880501","20120930","C","B","5M1","20020401","20120930","01214581340","","","","0","","","","0",""
"M85747","HALL GREEN HEALTH","Y51","Q34","SAREHOLE SURGERY","60 COLEBANK ROAD","HALL GREEN","BIRMINGHAM","","B28 8EY","19890615","20120930","C","B","5M1","20020401","20120930","0121 7771315","","","","0","","","","0",""
"M85748","NO NAME HELD","Y07","QD9","122 IRVIN AVENUE","REDNAL","BIRMINGHAM","","","B45 8QU","19890306","19930401","C","Z","","","","","","","","0","","","","0",""
"M85751","NO NAME HELD","Y07","QD9","THE MEDICAL CENTRE","11 LOZELLS STREET","LOZELLS","BIRMINGHAM","","B19 2AU","19890102","19921130","C","Z","","","","","","","","0","","","","0",""
"M85752","NO NAME HELD","Y07","QD9","QUEENS MEDICAL CENTRE","1110 BRISTOL ROAD SOUTH","NORTHFIELD","BIRMINGHAM","","B31 2RE","19890904","19971130","C","Z","","","","0121 4111616","","","","0","","","","0",""
"M85755","SHOWELL GREEN SURGERY","Y51","Q34","23 SHOWELL GREEN LANE","SPARKHILL","BIRMINGHAM","","","B11 4NP","19900401","20120930","C","B","5MX","20020401","20120930","0121 7668447","","","","0","","","","0",""
"M85761","DR GM COLEMAN'S PRACTICE","Y51","Q34","105 WAKE GREEN ROAD","MOSELEY","BIRMINGHAM","","","B13 9US","19901002","20130331","C","B","5MX","20020401","20130331","0121 4490385","","","","1","","","","0",""
"M85762","NO NAME HELD","Y07","QD9","KINGSMOUNT MEDICAL CENTRE","444 KINGSTANDING ROAD","KINGSTANDING","BIRMINGHAM","","B44 9SA","19901010","19911009","C","Z","","","","","","","","0","","","","0",""
"M85764","NO NAME HELD","Y07","QD9","35 WARWICK ROAD","SPARKHILL","BIRMINGHAM","","","B11 4RA","19901203","19950430","C","Z","","","","","","","","0","","","","0",""
"M85767","NO NAME HELD","Y07","QD9","PERRY PARK SURGERY","291-293 WALSALL ROAD","PERRY BARR","BIRMINGHAM","","B42 1TY","19910415","19951130","C","Z","","","","0121 3564131","","","","0","","","","0",""
"M85769","SOHO ROAD HEALTH CENTRE","Y51","Q34","SOHO ROAD HEALTH CENTRE","247-251 SOHO ROAD","HANDSWORTH, BIRMINGHAM","","","B21 9RY","19910408","20120930","C","B","5MX","20020401","20120930","0121 4654640","","","","0","","","","4",""
"M85771","NO NAME HELD","Y07","QD9","LORDSWOOD HSE MED.G/PRACT","54 LORDSWOOD ROAD","HARBORNE","BIRMINGHAM","","B17 9DB","19910401","19980707","C","Z","","","","0121 4262030","","","","0","","","","0",""
"M85772","NO NAME HELD","Y07","QD9","GENERAL MANAGER","ASTON CROSS","50 ROCKY LANE,ASTON","BIRMINGHAM","","B6 5RQ","19910403","19911001","C","Z","","","","","","","","0","","","","0",""
"M85775","SALTLEY INTERIM PRACTICE","Y51","Q34","SALTLEY HEALTH CENTRE","CRADOCK ROAD, SALTLEY","BIRMINGHAM","","","B8 1RZ","19910901","20120930","C","B","5PG","20061001","20120930","0121 3274939","","","","0","","","","0",""
"M85777","NO NAME HELD","Y07","QD9","ASTON HEALTH CENTRE","175 TRINITY ROAD","ASTON","BIRMINGHAM","","B6 6JA","19911101","19941231","C","Z","","","","","","","","0","","","","0",""
"M85780","NO NAME HELD","Y07","QD9","GENERAL MANAGER","ASTON CROSS","50 ROCKY LANE,ASTON","BIRMINGHAM","","B6 5RQ","19920501","19921101","C","Z","","","","","","","","0","","","","0",""
"M85787","ST. JAMES MEDICAL CENTRE","Y51","Q34","ST JAMES MEDICAL CENTRE","85 CROCKETTS ROAD","BIRMINGHAM","WEST MIDLANDS","","B21 0HR","19931001","20120930","C","B","5MX","20020401","20120930","0121 5236333","","","","0","","","","4",""
"M85789","LOZELLS ROAD SURGERY","Y51","Q34","193 LOZELLS ROAD","LOZELLS","BIRMINGHAM","","","B19 1RJ","19940701","20120930","C","B","5MX","20020401","20120930","0121 5235089","","","","0","","","","0",""
"M85790","SOHO HEALTH CENTRE","Y51","Q34","SOHO HEALTH CENTRE","LOUISE ROAD","HANDSWORTH","BIRMINGHAM","","B21 0RY","19940701","20120930","C","B","5MX","20020401","20120930","0121 5549929","","","","0","","","","0",""
"M85793","BOURNBROOK & VARSITY","Y51","Q34","BOURNBROOK & VARSITY PRAC","BOURNBROOK HOUSE","480 BRISTOL RD,SELLY OAK","BIRMINGHAM","","B29 6BD","19950801","20120930","C","B","5M1","20020401","20120930","01214720129","","","","0","","","","0",""
"M85795","NO NAME HELD","Y07","QD9","HILLMEADS HEALTH CENTRE","97 HILLMEADS ROAD","KINGS NORTON","BIRMINGHAM","","B38 9NE","19951118","19961031","C","Z","","","","0121 4861646","","","","0","","","","0",""
"M85796","NO NAME HELD","Y07","Q34","1 WARSTONE TOWER","BROMFORD DRIVE","BROMFORD","BIRMINGHAM","","B36 8TU","19960101","19990405","C","B","","20021001","20021001","0121 7479161","","","","0","","","","0",""
"M85800","NO NAME HELD","Y07","Q34","MUSSON HOUSE","WHITTALL STREET","BIRMINGHAM","","","B4 6NH","19971215","19990630","C","B","","20021001","20021001","0121 6934100","","","","0","","","","0",""
"M85802","BELCHERS LANE SURGERY","Y51","Q34","197 BELCHERS LANE","BORDESLEY GREEN","BIRMINGHAM","","","B9 5RT","20000501","20120930","C","B","5PG","20061001","20120930","0121 7720383","","","","0","","","","4",""
"M85804","GRANGE ROAD","Y51","Q34","160 GRANGE ROAD","","BIRMINGHAM","","","B10 9QY","20010730","20120930","C","B","5PG","20061001","20120930","0121 7731222","","","","0","","","","0",""
"M85806","HOB DIABETES CARE","Y51","Q34","CARNEGIE CENTRE","HUNTERS ROAD","HOCKLEY","BIRMINGHAM","","B19 1DR","20020401","20120930","C","B","5MX","20020401","20120930","0121 2557673","","","","0","","","","0",""
"M85808","NORMANHURST REHAB UNIT","Y51","Q34","40 SUTTON ROAD","ERDINGTON","BIRMINGHAM","","","B23 6QR","20020401","20120930","C","B","5PG","20061001","20120930","0121 3863746","","","","0","","","","0",""
"M85811","POPLAR ROAD HEALTH CENTRE","Y51","Q34","POPLAR ROAD HEALTH CENTRE","58 POPLAR ROAD","KINGS HEATH","BIRMINGHAM","","B14 7AG","20020901","20130331","C","B","5M1","20020901","20130331","0121 4416300","","","","0","","","","0",""
"M85812","POPLAR ROAD HEALTH CENTRE","Y51","Q34","POPLAR ROAD HEALTH CENTRE","58 POPLAR ROAD","KINGS HEATH","BIRMINGHAM","","B14 7AG","20020901","20120930","C","B","5M1","20020901","20120930","0121 4416300","","","","0","","","","0",""
"M85816","COLSTON HEALTH CENTRE","Y51","Q34","COLSTON HEALTH CENTRE","10 BATH ROW","LEE BANK","BIRMINGHAM","","B15 1LZ","20021201","20120930","C","B","5MX","20021201","20120930","0121 2557925","","","","0","","","","0",""
"M85817","ASYLUM SEEKERS HEALTH TEAM (ASHT)","Y51","Q34","SUMMERFIELD PRIMARY C CTR","134 HEATH ST,WINSON GREEN","BIRMINGHAM","WEST MIDLANDS","","B18 7AL","20021109","20120930","C","B","5MX","20021109","20120930","0845 1489039","","","","0","","","","4",""
"M86024","NO NAME HELD","Y07","QEA","TILE HILL HEALTH CENTRE","JARDINE CRESCENT","COVENTRY","WEST MIDLANDS","","CV4 9PN","19740401","19941009","C","Z","","","","0203 466611","","","","0","","","","0",""
"M86031","ANSTY ROAD SURGERY","Y51","Q34","36 MORRIS AVENUE","COVENTRY","","","","CV2 5GX","19740401","20120930","C","B","5MD","20020401","20120930","0247 6447744","","","","0","","","","0",""
"M86047","STRETTON AVE SURGERY","Y51","Q34","THE SURGERY","STRETTON AVENUE","COVENTRY","","","CV3 3QA","19881201","20120930","C","B","5MD","20020401","20120930","02476 304330","","","","0","","","","0",""
"M86600","NO NAME HELD","Y07","QEA","QUEENSWOOD NURSING HOME","TAMWORTH ROAD","KERESLEY END","COVENTRY","","CV7 8JG","19740401","19960331","C","Z","","","","01203 688225","","","","0","","","","0",""
"M86602","DR M SOOMRO'S PRACTICE","Y51","Q34","129 BROAD STREET","","COVENTRY","","","CV6 5BD","19740401","20120930","C","B","5MD","20020401","20120930","02476 663111","","","","0","","","","0",""
"M86603","WHEELWRIGHT LANE SURGERY","Y51","Q34","WHEELWRIGHT LANE SURGERY","25 WHEELWRIGHT LANE","COVENTRY","","","CV6 4HF","19740401","20120930","C","B","5MD","20020401","20120930","02476 688289","","","","0","","","","0",""
"M86606","RESIDENT DOCTOR","Y51","Q34","60 STATION AVENUE","JARDINE CRESCENT","COVENTRY","","","CV4 9HS","19740401","20120930","C","B","5MD","20020401","20120930","02476 466585","","","","0","","","","0",""
"M86608","BROAD LANE GP SURGERY","Y51","Q34","BROAD LANE SURGERY","684 BROAD LANE","COVENTRY","","","CV5 7BB","19740401","20120930","C","B","5MD","20020401","20120930","02476 466583","","","","0","","","","0",""
"M86611","DR MJ HUSSAIN'S PRACTICE","Y51","Q34","HILLFIELDS HEALTH CENTRE","1 HOWARD STREET","COVENTRY","","","CV1 4GH","19740401","20120930","C","B","5MD","20020401","20120930","02476 222527","","","","0","","","","0",""
"M86615","NO NAME HELD","Y07","QEA","TILE HILL HEALTH CENTRE","JARDINE CRESCENT","COVENTRY","WEST MIDLANDS","","CV4 9PN","19740401","19920825","C","Z","","","","","","","","0","","","","0",""
"M86616","NO NAME HELD","Y07","QEA","172 ANSTY ROAD","","COVENTRY","","","CV2 3EX","19740401","19921031","C","Z","","","","","","","","0","","","","0",""
"M86618","DR SM YOUSSEF'S PRACTICE","Y51","Q34","3 AVON STREET","","COVENTRY","","","CV2 3GJ","19740401","20120930","C","B","5MD","20020401","20120930","02476 448787","","","","0","","","","0",""
"M86619","STATION STREET WEST SURGERY","Y51","Q34","STATION ST WEST SURGERY","100 STATION STREET WEST","COVENTRY","WEST MIDLANDS","","CV6 5ND","19740401","20120930","C","B","5MD","20020401","20120930","024 76662822","","","","0","","","","4",""
"M86620","NO NAME HELD","Y07","QEA","BROAD STREET HEALTH CTR.","BROAD STREET","COVENTRY","","","CV6 5BG","19740401","19930630","C","Z","","","","","","","","0","","","","0",""
"M86626","NO NAME HELD","Y07","QEA","190 TELFER ROAD","COVENTRY","","","","CV6 4DR","19890101","19910407","C","Z","","","","","","","","0","","","","0",""
"M86628","NO NAME HELD","Y07","QEA","100A HILLMORTON ROAD","COVENTRY","","","","CV2 1SG","19920127","19920925","C","Z","","","","","","","","0","","","","0",""
"M86632","NO NAME HELD","Y07","QEA","KINGS COURT","QUEENS ROAD","COVENTRY","","","CV1 3EH","19950501","19990731","C","Z","","","","01203525433","","","","0","","","","0",""
"M86635","HEREWARD COLLEGE","Y51","Q34","HEREWARD COLLEGE","TILE HILL HEALTH CENTRE","JARDINE CRESCENT","COVENTRY","","CV4 9PN","20000401","20120930","C","B","5MD","20020401","20120930","02476 426151","","","","0","","","","0",""
"M86636","TRAVELLING FAMILIES","Y51","Q34","HOLBROOKS HEALTH CENTRE","303 HOLBROOK LANE","","COVENTRY","","CV6 4DG","20010901","20120930","C","B","5MD","20020401","20120930","02476 689890","","","","0","","","","0",""
"M86637","ASYLUM SEEKERS ASSESSMENT CTR","Y51","Q34","HILLFIELDS HEALTH CENTRE","1 HOWARD STREET","HILLFIELDS","COVENTRY","","CV1 4GH","20020201","20120930","C","B","5MD","20020401","20120930","0247 6224679","","","","0","","","","0",""
"M87004","CRADLEY ROAD SURGERY","Y51","Q34","CRADLEY ROAD SURGERY","62 CRADLEY ROAD","CRADLEY HEATH, WARLEY","WEST MIDLANDS","","B64 6AG","19740401","20120930","C","B","5PE","20061001","20120930","01384 569586","","","","0","","","","0",""
"M87029","HALESOWEN CENTRAL MEDICAL PRACTICE","Y51","Q34","HALESOWEN HEALTH CENTRE","14 BIRMINGHAM STREET","HALESOWEN","WEST MIDLANDS","","B63 3HN","19740401","20120930","C","B","5PE","20061001","20120930","0121 5501010","","","","0","","","","0",""
"M87033","DR JA PATEL'S PRACTICE","Y51","Q34","43 THORNS ROAD","QUARRY BANK","BRIERLEY HILL","WEST MIDLANDS","","DY5 2JS","19740401","20120930","C","B","5PE","20061001","20120930","01384 77524","","","","0","","","","0",""
"M87035","DUDLEY P'SHIPS FOR HEALTH LLP","Y51","Q34","10 QUARRY ROAD","DUDLEY WOOD","DUDLEY","WEST MIDLANDS","","DY2 0EF","19740401","20120930","C","B","5PE","20061001","20120930","01384 569050","","","","0","","","","0",""
"M87039","DR. J. FIRTH","Y51","Q34","1 MERIDEN AVENUE","WOLLASTON","STOURBRIDGE","WEST MIDLANDS","","DY8 4QL","19740401","20120930","C","B","5PE","20061001","20120930","01384 392563","","","","0","","","","4",""
"M87040","DRS. DINGWALL & MALHOTRA","Y51","Q34","11 GREENFIELD AVENUE","STOURBRIDGE","WEST MIDLANDS","","","DY8 1SU","19880601","20120930","C","B","5PE","20061001","20120930","01384 442111","","","","0","","","","0",""
"M87603","DR MAM MACAVINEY'S PRACTICE","Y51","Q34","NETHERTON HEALTH CENTRE","HALESOWEN ROAD","NETHERTON,DUDLEY","WEST MIDLANDS","","DY2 9PU","19740401","20120930","C","B","5PE","20061001","20120930","01384 253673","","","","0","","","","0",""
"M87604","NO NAME HELD","Y07","QEC","BRIERLEY HILL HTH CTR","ALBION STREET","BRIERLEY HILL","WEST MIDLANDS","","DY5 3EE","19740401","19980228","C","Z","","","","01384 77003","","","","0","","","","0",""
"M87609","HAYLEY GREEN SURGERY","Y51","Q34","30 HAGLEY ROAD","HAYLEY GREEN","HALESOWEN","WEST MIDLANDS","","B63 1DH","19740401","20120930","C","B","5PE","20061001","20120930","0121 5502872","","","","0","","","","0",""
"M87610","DR S J JAIN","Y51","Q34","MASEFIELD ROAD SURGERY","MASEFIELD RD,LOWER GORNAL","DUDLEY","WEST MIDLANDS","","DY3 3BU","19840604","20120930","C","B","5PE","20061001","20120930","01902 882002","","","","0","","","","4",""
"M87611","AW SURGERIES","Y51","Q34","TURNERS LANE","","BRIERLEY HILL","WEST MIDLANDS","","DY5 2PG","19740401","20120930","C","B","5PE","20061001","20120930","01284 366740","","","","0","","","","0",""
"M87613","BRIERLEY HILL HEALTH CTR A","Y51","Q34","BRIERLEY HILL HTH CTR","ALBION STREET","BRIERLEY HILL","WEST MIDLANDS","","DY5 3EE","19740401","20120930","C","B","5PE","20061001","20120930","01384 573771","","","","0","","","","0",""
"M87615","NO NAME HELD","Y07","QEC","1A CORBYNS HALL ROAD","PENSNETT","BRIERLEY HILL","WEST MIDLANDS","","DY5 4RA","19740401","19951231","C","Z","","","","01384 263821","","","","0","","","","0",""
"M87616","NO NAME HELD","Y07","QEC","LAPAL SHOPPING PRECINCT","105 KENT ROAD","HALESOWEN","WEST MIDLANDS","","B62 8PB","19840821","19980331","C","Z","","","","0121 4220374","","","","0","","","","0",""
"M87624","DRS. MODI & MODI","Y51","Q34","3 TENLANDS ROAD","HALESOWEN","WEST MIDLANDS","","","B63 4JJ","19880405","20120930","C","B","5PE","20061001","20120930","0121 5507171","","","","0","","","","0",""
"M87627","NO NAME HELD","Y07","QEC","11 GREENFIELD AVENUE","STOURBRIDGE","WEST MIDLANDS","","","DY8 1SU","19900401","19910830","C","Z","","","","","","","","0","","","","0",""
"M87631","NO NAME HELD","Y07","Q34","3 CLIFTON STREET","HURST HILL","BILSTON","","","WV14 9EY","19921001","19970731","C","B","","20021001","20021001","01902 882170","","","","0","","","","0",""
"M87633","DR. I. T. CHISHOLM","Y51","Q34","MARKET STREET SURGERY","84 MARKET STREET","KINGSWINFORD","WEST MIDLANDS","","DY6 9LN","19930614","20120930","C","B","5PE","20061001","20120930","01384 402327","","","","0","","","","0",""
"M87635","DTTO PROGRAMME","Y51","Q34","THE CAGE","1 BIRDCAGE WALK","DUDLEY","","","DY2 7AE","20010901","20120930","C","B","5PE","20061001","20120930","01384 457866","","","","0","","","","0",""
"M87636","ARREST REFERRAL TREATMENT","Y51","Q34","THE CAGE","1 BIRDCAGE WALK","DUDLEY","","","DY2 7AE","20010901","20120930","C","B","5PE","20061001","20120930","01384 457866","","","","0","","","","0",""
"M87641","URGENT PRIMARY CARE CENTRE","Y51","Q34","BRIERLEY HILL HEALTH CTR.","ALBION STREET","BRIERLEY HILL","WEST MIDLANDS","","DY5 3EE","20030303","20120930","C","B","5PE","20061001","20120930","01384 74766","","","","0","","","","0",""
"M88011","GRIGGS MEDICAL PRACTICE","Y51","Q34","OLDBURY HEALTH CENTRE","OLD BUS STATION SITE","HALESOWEN STREET","OLDBURY","","B69 2AJ","19740401","20120930","C","B","5PF","20061001","20120930","0121 5526665","","","","0","","","","0",""
"M88029","NO NAME HELD","Y07","QEE","67 LODGE ROAD","WEST BROMWICH","WEST MIDLANDS","","","B70 8NZ","19740401","19921231","C","Z","","","","021 5530757","","","","0","","","","0",""
"M88033","NO NAME HELD","Y07","Q34","GLEBEFIELDS HEALTH CENTRE","ST. MARKS ROAD","TIPTON","WEST MIDLANDS","","DY4 0UB","19740401","19970331","C","B","","20021001","20021001","01215578716","","","","0","","","","0",""
"M88034","DR E HARRIS' PRACTICE","Y51","Q34","HOLLY LANE CLINIC","SMETHWICK","WARLEY","WEST MIDLANDS","","B66 1QW","19740401","20120930","C","B","","20021001","20120930","0121 5585117","","","","0","","","","0",""
"M88037","CORDLEY ST SURGERY A","Y51","Q34","1A CORDLEY STREET","WEST BROMWICH","WEST MIDLANDS","","","B70 9NQ","19740401","20120930","C","B","5PF","20061001","20120930","0121 5533646","","","","0","","","","0",""
"M88604","NO NAME HELD","Y07","QEE","1 WEST STREET","ROWLEY REGIS","WARLEY","WEST MIDLANDS","","B65 0DE","19740401","19910401","C","Z","","","","","","","","0","","","","0",""
"M88605","RUSSELL MEDICAL CENTRE","Y51","Q34","RUSSELL MEDICAL CENTRE","UPPER RUSSELL STREET","WEDNESBURY","WEST MIDLANDS","","WS10 7DA","19740401","20120930","C","B","5PF","20061001","20120930","0121 5565470","","","","0","","","","0",""
"M88608","MCANDREW LOCUM","Y51","Q34","HIGHBURY","15 HADEN ROAD","CRADLEY HEATH,WARLEY","WEST MIDLANDS","","B64 6ER","19740401","20120930","C","B","","20021001","20120930","01384 566688","","","","0","","","","0",""
"M88609","NO NAME HELD","Y07","QEE","112 MOOR STREET","WEST BROMWICH","WEST MIDLANDS","","","B70 7AW","19740401","19970202","C","Z","","","","0121 5530402","","","","0","","","","0",""
"M88614","LODGE ROAD SURGERY","Y51","Q34","130 LODGE ROAD","WEST BROMWICH","WEST MIDLANDS","","","B70 8PL","19740401","20120930","C","B","5PF","20061001","20120930","0121 5533780","","","","0","","","","0",""
"M88622","NO NAME HELD","Y07","QEE","40 ROOD END ROAD","OLDBURY","WARLEY","WEST MIDLANDS","","B68 8SG","19740401","19980930","C","Z","","","","0121 5446771","","","","0","","","","0",""
"M88638","DR TAHIR MZ (RETIRED)","Y51","Q34","58 VICARAGE ROAD","WEST BROMWICH","WEST MIDLANDS","","","B71 1AQ","19900910","20120930","C","B","5PF","20061001","20120930","0121 5885105","","","","0","","","","0",""
"M88641","NO NAME HELD","Y07","QEE","CARTERS GREEN PRACTICE","22-24 CARTERS GREEN","WEST BROMWICH","WEST MIDLANDS","","B70 9LN","19920228","19920731","C","Z","","","","","","","","0","","","","0",""
"M88642","NO NAME HELD","Y07","QEE","BRANDHALL CLINIC","KINGSWAY","OLDBURY","WARLEY, WEST MIDLANDS","","B68 0RT","19931201","19991031","C","Z","","","","0121 4216604","","","","0","","","","0",""
"M88644","DR JM BODEN'S PRACTICE","Y51","Q34","BROOK ADVISORY CENTRE","TOLL END YOUTH CLUB","TOLL END ROAD","TIPTON, WEST MIDLANDS","","DY4 0HP","19950215","20120930","C","B","5PF","20061001","20120930","0121 5571937","","","","0","","","","0",""
"M88648","CORDLEY ST SURGERY B","Y51","Q34","1A CORDLEY STREET","WEST BROMWICH","WEST MIDLANDS","","","B70 9NQ","20010801","20120930","C","B","5PF","20061001","20120930","0121 5802276","","","","0","","","","0",""
"M88649","DR SALDANHA LJ","Y51","Q34","131 THORNBRIDGE AVENUE","GREAT BARR","BIRMINGHAM","","","B42 2AP","20011001","20120930","C","B","5PF","20061001","20120930","0121 3571286","","","","0","","","","0",""
"M89022","DR GAW COLEMAN'S PRACTICE","Y51","Q34","NORTHBROOK HEALTH CENTRE","93 NORTHBROOK ROAD","SHIRLEY, SOLIHULL","WEST MIDLANDS","","B90 3LX","19740401","20120930","C","B","5QW","20010401","20120930","01217445441","","","","0","","","","0",""
"M89025","ST PETERS MEDICAL CENTRE","Y51","Q34","ST PETERS MEDICAL CENTRE","95 TAMAR DRIVE","CHELMSLEY WOOD","BIRMINGHAM","","B36 0SY","19740401","20120930","C","B","5QW","20010401","20120930","0121 7491313","","","","0","","","","0",""
"M89029","NO NAME HELD","Y07","QEG","370 GOSPEL LANE","ADCOCKS GREEN","BIRMINGHAM","","","B27 7AL","19940926","19950331","C","Z","","","","","","","","0","","","","0",""
"M89603","NO NAME HELD","Y07","QEG","42 KINGSHURST WAY","KINGSHURST","BIRMINGHAM","","","B37 6DF","19740401","19930331","C","Z","","","","","","","","0","","","","0",""
"M89604","NO NAME HELD","Y07","Q34","NORTHBROOK HEALTH CENTRE","93 NORTHBROOK ROAD","SHIRLEY, SOLIHULL","WEST MIDLANDS","","B90 3LX","19841201","20000331","C","B","5QW","20021001","20021001","01217459181","","","","0","","","","0",""
"M89605","NO NAME HELD","Y07","QEG","20 COPPICE WALK","CHESWICK GREEN","SHIRLEY, SOLIHULL","WEST MIDLANDS","","B90 4HY","19860701","19920131","C","Z","","","","","","","","0","","","","0",""
"M89610","NO NAME HELD","Y07","Q34","ARRAN MEDICAL CENTRE","ARRAN WAY","CHELMSLEY WOOD","BIRMINGHAM","","B36 0PU","19990601","20000217","C","B","5QW","20021001","20021001","0121 7706193","","","","0","","","","0",""
"M91027","DR RD ANTANI'S PRACTICE","Y51","Q34","218 HARDEN ROAD","LEAMORE","WALSALL","","","WS3 1BS","19740401","20120930","C","B","5M3","20020401","20120930","01922 401724","","","","0","","","","0",""
"M91037","BLOXWICH MEDICAL PRACTICE","Y51","Q34","BLOXWICH MEDICAL PRACTICE","PINFOLD HTH CTR, FIELD RD","BLOXWICH, WALSALL","WEST MIDLANDS","","WS3 3JP","19740401","20120930","C","B","5M3","20020401","20120930","01922 775138","","","","0","","","","0",""
"M91038","KASLIWAL","Y51","Q34","32 ALEXANDRA ROAD","DARLASTON","WEDNESBURY","WEST MIDLANDS","","WS10 9LJ","19740401","20120930","C","B","5M3","20020401","20120930","0121 5688777","","","","0","","","","0",""
"M91040","ST LUKE'S SURGERY","Y51","Q34","PINFOLD HEALTH CENTRE","FIELD ROAD","BLOXWICH","WALSALL","","WS3 3JP","20020408","20120930","C","B","5M3","20020408","20120930","01922 775136","","","","0","","","","0",""
"M91603","NO NAME HELD","Y07","QEK","WAVERLEY HOUSE","12 CHURCH STREET","DARLASTON","","","WS10 8DU","19740401","19950924","C","Z","","","","01215264432","","","","0","","","","0",""
"M91607","NO NAME HELD","Y07","QEK","PLECK HEALTH CENTRE","16 OXFORD STREET","WALSALL","","","WS2 9HY","19740401","19961130","C","Z","","","","01922 22836","","","","0","","","","0",""
"M91608","HUNDAY","Y51","Q34","54 BRADFORD STREET","","WALSALL","","","WS1 3QD","19740401","20120930","C","B","5M3","20020401","20120930","01922 622339","","","","0","","","","0",""
"M91618","DR VTV JOSE'S PRACTICE","Y51","Q34","26-26A PELSALL ROAD","BROWNHILLS","WALSALL","","","WS8 7JE","19740401","20120930","C","B","5M3","20020401","20120930","01543 372066","","","","0","","","","0",""
"M91620","DR N KHAN'S PRACTICE","Y51","Q34","27 WESTBOURNE ROAD","WALSALL","","","","WS4 2JA","19740401","20120930","C","B","5M3","20020401","20120930","01922 624680","","","","0","","","","0",""
"M91622","DR SP SAHU'S PRACTICE","Y51","Q34","PLECK HEALTH CENTRE","16 OXFORD STREET","WALSALL","","","WS2 9HY","19740401","20120930","C","B","","20021001","20120930","01922 647660","","","","0","","","","0",""
"M91627","NO NAME HELD","Y07","Q34","PINFOLD HEALTH CENTRE","FIELD ROAD","BLOXWICH","WALSALL","","WS3 3JP","19740401","19940804","C","B","","20021001","20021001","0922 494949","","","","0","","","","0",""
"M91631","NO NAME HELD","Y07","QEK","4 CALDMORE ROAD","","WALSALL","","","WS1 3LX","19740401","19930331","C","Z","","","","","","","","0","","","","0",""
"M91632","NO NAME HELD","Y07","QEK","86 CALDMORE ROAD","","WALSALL","","","WS1 3PD","19740401","19990314","C","Z","","","","01922 647973","","","","0","","","","0",""
"M91633","NO NAME HELD","Y07","QEK","BEECHDALE CENTRE","EDISON ROAD,BEECHDALE EST","WALSALL","WEST MIDLANDS","","WS2 7EZ","19740401","19960331","C","Z","","","","01922 35656","","","","0","","","","0",""
"M91634","DR BANERJEA SURGERY","Y51","Q34","THE SURGERY","149 CHESTER ROAD,STREETLY","SUTTON COLDFIELD","BIRMINGHAM","","B74 3NE","19740401","20120930","C","B","5M3","20020401","20120930","0121 3520570","","","","0","","","","0",""
"M91645","NO NAME HELD","Y07","Q34","SHELFIELD SURGERY","144 LICHFIELD ROAD","SHELFIELD","WALSALL","","WS4 1PW","19901001","19991031","C","B","","20021001","20021001","01922 694643","","","","0","","","","0",""
"M91646","THOMAS","Y51","Q34","PINFOLD HEALTH CENTRE","FIELD ROAD","BLOXWICH","WALSALL","","WS3 3JP","19901001","20120930","C","B","5M3","20020401","20120930","01922 775136","","","","0","","","","0",""
"M91648","ALL SAINTS SURGERY","Y51","Q34","PINFOLD HEALTH CENTRE","FIELD ROAD","BLOXWICH","WALSALL","","WS3 3JP","19901001","20120930","C","B","5M3","20020401","20120930","01922 775135","","","","0","","","","0",""
"M91649","JARRAMS","Y51","Q34","PINFOLD HEALTH CENTRE","FIELD ROAD","BLOXWICH","WALSALL","","WS3 3JP","19901001","20120930","C","B","5M3","20020401","20120930","01922 775143","","","","0","","","","0",""
"M91652","NO NAME HELD","Y07","QEK","78 CHESTNUT ROAD","LEAMORE","WALSALL","","","WS3 1AR","19901001","19921221","C","Z","","","","0922 476173","","","","0","","","","0",""
"M91656","NO NAME HELD","Y07","QEK","SIXWAYS MEDICAL CENTRE","74 LYSWAYS STREET","WALSALL","","","WS1 3AB","19950401","19961130","C","Z","","","","01922 24320","","","","0","","","","0",""
"M91657","FIELD ROAD SURGERY","Y51","Q34","FIELD ROAD SURGERY","FIELD ROAD","BLOXWICH","WALSALL","","WS3 3JP","19960401","20120930","C","B","5M3","20020401","20120930","01922 775139","","","","0","","","","0",""
"M91661","WALSALL WIC","Y51","Q34","19-21 DIGBETH","","WALSALL","","","WS1 1QZ","20021001","20120930","C","B","5M3","20021001","20120930","01922 858535","","","","0","","","","1",""
"M92021","DR CUTHBERT","Y51","Q34","WARSTONES HEALTH CENTRE","PINFOLD GROVE","WARSTONES","WOLVERHAMPTON","","WV4 4PS","19740401","20120930","C","B","5MV","20020401","20120930","01902 575001","","","","0","","","","0",""
"M92023","DR CURRIE","Y51","Q34","ALFRED SQUIRE RD HTH CTR","ALFRED SQUIRE ROAD","WEDNESFIELD","WOLVERHAMPTON","","WV11 1XU","19740401","20120930","C","B","5MV","20020401","20120930","01902 731904","","","","0","","","","0",""
"M92025","NO NAME HELD","Y07","QEM","172 PENN ROAD","","WOLVERHAMPTON","","","WV3 0EL","19740401","19950331","C","Z","","","","01902341248","","","","0","","","","0",""
"M92601","NO NAME HELD","Y07","QEM","72 TETTENHALL ROAD","TETTENHALL","WOLVERHAMPTON","","","WV1 4TB","19740401","19951109","C","Z","","","","0190220420","","","","0","","","","0",""
"M92604","COMPTON HALL HOSPICE","Y51","Q34","COMPTON HALL HOSPICE","COMPTON ROAD","COMPTON","WOLVERHAMPTON","","WV3 9DH","19740401","20120930","C","B","5MV","20020401","20120930","01902 758151","","","","0","","","","0",""
"M92605","DR A DAS GUPTA'S PRACTICE","Y51","Q34","287 PARKFIELD ROAD","WOLVERHAMPTON","","","","WV4 6ED","19740401","20120930","C","B","5MV","20020401","20120930","01902 333051","","","","0","","","","0",""
"M92606","DR N DJAN'S PRACTICE","Y51","Q34","2 BROOKLANDS PARADE","WOLVERHAMPTON","","","","WV1 2NH","19740401","20120930","C","B","5MV","20020401","20120930","01902 453345","","","","0","","","","0",""
"M92608","NO NAME HELD","Y07","QEM","SURGERY","LINSLADE CLOSE","GOLDTHORN PARK","WOLVERHAMPTON","","WV4 5EG","19740401","19921231","C","Z","","","","","","","","0","","","","0",""
"M92611","BUSHBURY HEALTH CENTRE","Y51","Q34","HELLIER ROAD","","WOLVERHAMPTON","","","WV10 8ED","19740401","20120930","C","B","5MV","20020401","20120930","01902 575128","","","","0","","","","0",""
"M92613","DR R RAM'S PRACTICE","Y51","Q34","HEALTH CENTRE","LOWE STREET","WHITMORE, REANS","WOLVERHAMPTON","","WV6 0QL","19740401","20120930","C","B","5MV","20020401","20120930","01902 21679","","","","0","","","","0",""
"M92614","DR IA SHAH'S PRACTICE","Y51","Q34","WATERLOO MEDICAL CENTRE","41 DUNKLEY STREET","WOLVERHAMPTON","","","WV1 4AN","19740401","20120930","C","B","5MV","20020401","20120930","01902 23559","","","","0","","","","0",""
"M92616","NO NAME HELD","Y07","QEM","20 DALTON STREET","","WOLVERHAMPTON","","","WV3 0LE","19740401","19930912","C","Z","","","","0902 711571","","","","0","","","","0",""
"M92617","DR HR ARORA'S PRACTICE","Y51","Q34","163 JEFFCOCK ROAD","PENNFIELDS","WOLVERHAMPTON","","","WV3 7AQ","19740401","20120930","C","B","","20021001","20120930","01902 332994","","","","0","","","","0",""
"M92618","DR AKK SHETH'S PRACTICE","Y51","Q34","BILSTON HEALTH CENTRE","PROUDS LANE","BILSTON","WEST MIDLANDS","","WV14 6PW","19740401","20120930","C","B","5MV","20020401","20120930","01902 575158","","","","0","","","","0",""
"M92619","PORTOBELLO MEDICAL PRACTICE","Y51","Q34","33 DILLOWAYS LANE","WILLENHALL","WOLVERHAMPTON","WEST MIDLANDS","","WV13 3EY","19740401","20120930","C","B","5MV","20020401","20120930","0845 6750594","","","","0","","","","0",""
"M92620","DR MANDAL","Y51","Q34","BILSTON HEALTH CENTRE","PROUDS LANE, BILSTON","WOLVERHAMPTON","","","WV14 6PW","19841201","20120930","C","B","5MV","20020401","20120930","0845 0724627","","","","0","","","","0",""
"M92621","NO NAME HELD","Y07","QEM","BILSTON HEALTH CENTRE","PROUDS LANE","BILSTON","WOLVERHAMPTON","","WV14 6PW","19740401","19910930","C","Z","","","","","","","","0","","","","0",""
"M92622","NO NAME HELD","Y07","QEM","279 PRESTWOOD ROAD","WEDNESFIELD","WOLVERHAMPTON","","","WV11 1RF","19740401","19930331","C","Z","","","","","","","","0","","","","0",""
"M92624","DR ST RIKHI'S PRACTICE","Y51","Q34","WHITMORE REANS HEALTH CTR","LOWE STREET","WOLVERHAMPTON","","","WV6 0QL","19740401","20120930","C","B","5MV","20020401","20120930","01902 422269","","","","0","","","","0",""
"M92625","DR CHAKRABARTI","Y51","Q34","14 EDNAM ROAD","GOLDTHORN PARK","WOLVERHAMPTON","","","WV4 5BL","19740401","20120930","C","B","5MV","20020401","20120930","01902 340200","","","","0","","","","0",""
"M92628","DR MS KAINTH'S PRACTICE","Y51","Q34","PENDEFORD HEALTH CENTRE","WHITBURN CLOSE","PENDEFORD","WOLVERHAMPTON","","WV9 5NJ","19740401","20120930","C","B","5MV","20020401","20120930","01902 781728","","","","0","","","","0",""
"M92631","PENDEFORD MEDICAL PRACTICE","Y51","Q34","PENDEFORD HEALTH CENTRE","WHITBURN CLOSE","PENDEFORD","WOLVERHAMPTON","","WV9 5NJ","19740401","20120930","C","B","5MV","20020401","20120930","01902 788177","","","","0","","","","0",""
"M92636","DR VAGHJIANI","Y51","Q34","24 TETTENHALL ROAD","","WOLVERHAMPTON","","","WV1 4SL","19740401","20120930","C","B","5MV","20020401","20120930","01902 422055","","","","0","","","","0",""
"M92638","DR BAGARY","Y51","Q34","LOW HILL MEDICAL CENTRE","191 FIRST AVENUE","LOW HILL","WOLVERHAMPTON","","WV10 9SX","19881205","20120930","C","B","5MV","20020401","20120930","01902 728861","","","","0","","","","4",""
"M92639","NO NAME HELD","Y07","QEM","PENNFIELDS HEALTH CENTRE","UPPER ZOAR STREET","WOLVERHAMPTON","","","WV3 0JH","19880701","19951231","C","Z","","","","0190222313","","","","0","","","","0",""
"M92641","NO NAME HELD","Y07","QEM","3 CLIFTON STREET","HURST HILL","BILSTON","","","WV14 9EY","19900126","19920930","C","Z","","","","","","","","0","","","","0",""
"M92644","DR GHOSH","Y51","Q34","279 PRESTWOOD ROAD","WEDNESFIELD","WOLVERHAMPTON","","","WV11 1RF","19930314","20120930","C","B","5MV","20020401","20120930","01902 305322","","","","0","","","","0",""
"M92645","RAYNOR ROAD SURGERY","Y51","Q34","21 RAYNOR ROAD","FALLINGS PARK","WOLVERHAMPTON","","","WV10 9QU","19930314","20120930","C","B","5MV","20020401","20120930","01902 307033","","","","0","","","","0",""
"M92646","NO NAME HELD","Y07","QEM","81 PRESTWOOD ROAD WEST","WEDNESFIELD","WOLVERHAMPTON","WEST MIDLANDS","","WV11 1HT","19930301","19931231","C","Z","","","","","","","","0","","","","0",""
"M92648","OXLEY MEDICAL PRACTICE","Y51","Q34","WARSTONES HEALTH CENTRE","PINFOLD GROVE","WARSTONES","WOLVERHAMPTON","","WV4 4PS","19980420","20120930","C","B","5MV","20020401","20120930","01902 575111","","","","0","","","","0",""
"M92650","DR A VIJ'S PRACTICE","Y51","Q34","163 JEFFCOCK ROAD","PENNFIELDS","WOLVERHAMPTON","","","WV3 7AQ","19991201","20120930","C","B","5MV","20020401","20120930","01902 332994","","","","0","","","","0",""
"M92651","DR U JASWAL'S PRACTICE","Y51","Q34","PENNFIELDS HEALTH CENTRE","UPPER ZOAR STREET","PENNFIELDS","WOLVERHAMPTON","","WV3 0JH","20000104","20120930","C","B","5MV","20020401","20120930","01902 444807","","","","0","","","","0",""
"M92652","WOLVERHAMPTON CITY PCT LOCUM","Y51","Q34","WODEN HOUSE HEALTH CENTRE","VICARAGE ROAD","WEDNESFIELD","WOLVERHAMPTON","","WV11 1SF","20000313","20120930","C","B","5MV","20020401","20120930","01902 575196","","","","0","","","","0",""
"M92653","DR SM NOVICK'S PRACTICE","Y51","Q34","WOODCROSS HEALTH CENTRE","WOODCROSS LANE","COSELEY","WOLVERHAMPTON","","WV14 9BX","20000401","20120930","C","B","5MV","20020401","20120930","01902 444028","","","","0","","","","0",""
"M92655","W'TON PRIMARY HEALTH-WOODCROSS","Y51","Q34","WOODCROSS HEALTH CENTRE","WOODCROSS LANE","COSELEY","WOLVERHAMPTON","","WV14 9BX","20020401","20120930","C","B","5MV","20020401","20120930","01902 444028","","","","0","","","","0",""
"N81003","NO NAME HELD","Y08","QCW","99 TOWN LANE","MOBBERLEY","MACCLESFIELD","CHESHIRE","","WA16 7HH","19870901","19971231","C","Z","","","","01565872352","","","","0","","","","0",""
"N81058","ASHFIELDS P/CARE CENTRE","Y51","Q31","ASHFIELDS P/CARE CENTRE","MIDDLEWICH ROAD","SANDBACH","CHESHIRE","","CW11 1EQ","19740401","20120930","C","B","5NP","20061001","20120930","01270 275050","","","","0","","","","0",""
"N81078","NO NAME HELD","Y08","QCW","DANEBRIDGE MEDICAL CENTRE","LONDON ROAD","NORTHWICH","CHESHIRE","","CW9 5HR","19740401","19921031","C","Z","","","","","","","","0","","","","0",""
"N81098","THE ERIC MOORE HLTH CTR (ROY)","Y51","Q31","THE ERIC MOORE HEALTH CTR","1 TANNERS LANE","WARRINGTON","CHESHIRE","","WA2 7LY","19740401","20120930","C","B","5J2","20020401","20120930","01925 417248","","","","0","","","","0",""
"N81103","NO NAME HELD","Y08","QCW","4B HUNTER STREET","CHESTER","CHESHIRE","","","CH1 2AR","19740401","19950731","C","Z","","","","01244325422","","","","0","","","","0",""
"N81110","NO NAME HELD","Y08","QCW","2A GEORGE STREET","CHESTER","CHESHIRE","","","CH1 3EQ","19740401","19980731","C","Z","","","","","","","","0","","","","0",""
"N81116","DR HC TIWARI'S PRACTICE","Y51","Q31","ALBERT ROAD MEDICAL CTR","123 ALBERT ROAD","WIDNES","CHESHIRE","","WA8 6LE","19740401","20120930","C","B","5NM","20061001","20120930","0151 4242420","","","","0","","","","0",""
"N81124","JACKSON AVENUE HEALTH CENTRE","Y51","Q31","THE HEALTH CENTRE","JACKSON AVENUE, CULCHETH","WARRINGTON","CHESHIRE","","WA3 4DZ","19880102","20120930","C","B","5J2","20020401","20120930","01925 763077","","","","0","","","","4",""
"N81604","NO NAME HELD","Y08","QCV","14 MUSEUM STREET","WARRINGTON","CHESHIRE","","","WA1 1HU","19740401","19920404","C","Z","","","","","","","","0","","","","0",""
"N81608","NO NAME HELD","Y08","QCV","4 LEXDEN STREET","WARRINGTON","CHESHIRE","","","WA5 1PT","19740401","19980624","C","Z","","","","01925633435","","","","0","","","","0",""
"N81611","NO NAME HELD","Y08","QCV","84 WALTON ROAD","STOCKTON HEATH","WARRINGTON","CHESHIRE","","WA4 6NP","19740401","19930331","C","Z","","","","0925 61623","","","","0","","","","0",""
"N81612","HEALTH AUTHORITY LOCUM","Y51","Q31","20 BRIDGE STREET","MACCLESFIELD","CHESHIRE","","","SK11 6EG","19740401","20120930","C","B","5NP","20061001","20120930","01625 422675","","","","0","","","","0",""
"N81613","WEST STREET","Y51","Q31","9 WEST STREET","CONGLETON","CHESHIRE","","","CW12 1JN","19740401","20120930","C","B","5NP","20061001","20120930","01260 277716","","","","0","","","","0",""
"N81615","HIGHFIELD","Y51","Q31","HIGHFIELD MEDICAL CENTRE","HIGHFIELD ROAD","WIDNES","CHESHIRE","","WA8 7DJ","19740401","20120930","C","B","5NM","20061001","20120930","0151 4243646","","","","0","","","","0",""
"N81616","DR PR ESWARAPPA'S PRACTICE","Y51","Q31","HOUGH GREEN MED CENTRE","HOUGH GREEN","WIDNES","CHESHIRE","","WA8 9PG","19740401","20120930","C","B","5NM","20061001","20120930","0151424 2920","","","","0","","","","0",""
"N81617","THE DAVID LEWIS ORGANISATION","Y51","Q31","MILL LANE","WARFORD","ALDERLEY EDGE","CHESHIRE","","SK9 7UD","19740401","20120930","C","B","5NP","20061001","20120930","01565 640000","","","","0","","","","0",""
"N81620","HAWTHORN LANE SURGERY","Y51","Q31","THE HAWTHORN LANE SURGERY","23 HAWTHORN LANE","WILMSLOW","CHESHIRE","","SK9 5DD","19860609","20120930","C","B","5NP","20061001","20120930","01625523902","","","","0","","","","0",""
"N81627","NO NAME HELD","Y08","Q31","WINDMILL HILL MEDICAL CTR","416 EASTWOOD","WINDMILL HILL","RUNCORN","","WA7 6LJ","19880901","19930429","C","B","","20021001","20021001","0928 790217","","","","0","","","","0",""
"N81629","NO NAME HELD","Y08","QCV","86 ORFORD AVENUE","WARRINGTON","CHESHIRE","","","WA2 7QQ","19890301","19980228","C","Z","","","","01925 573105","","","","0","","","","0",""
"N81633","RIVERSIDE MED PRACTICE","Y51","Q31","RIVERSIDE MED PRACTICE","WATLING STREET","NORTHWICH","CHESHIRE","","CW9 5EX","19900102","20120930","C","B","5NP","20061001","20120930","0844 4778644","","","","0","","","","4",""
"N81636","THE ERIC MOORE HLTH CTR (SARKAR)","Y51","Q31","THE ERIC MOORE HEALTH CTR","1 TANNERS LANE","WARRINGTON","CHESHIRE","","WA2 7LY","19930301","20120930","C","B","5J2","20020401","20120930","01925 244225","","","","0","","","","0",""
"N81638","NO NAME HELD","Y08","QCV","212 WARRINGTON ROAD","WIDNES","CHESHIRE","","","WA8 0AX","19931202","19970831","C","Z","","","","0151 4203826","","","","0","","","","0",""
"N81639","COMMUNITY DRUGS UNIT","Y51","Q31","CATHERINE HOUSE","EATON STREET","CREWE","CHESHIRE","","CW2 7EG","19950401","20120930","C","B","5NN","20061001","20120930","01270 216118","","","","0","","","","0",""
"N81643","TATTENHALL MEDICAL PRACT.","Y51","Q31","TATTENHALL MEDICAL PRACT.","MERCURY HOUSE,HIGH STREET","TATTENHALL","CHESTER","","CH3 9PX","19960401","20120930","C","B","5NN","20061001","20120930","01829 770606","","","","0","","","","0",""
"N81644","HA LOCUM","Y51","Q31","LISTER ROAD","ASTMOOR WEST ESTATE","RUNCORN","CHESHIRE","","WA7 1TW","19980401","20120930","C","B","5NM","20061001","20120930","01928 593000","","","","0","","","","0",""
"N81647","APPLETON HEALTH CARE","Y51","Q31","APPLETON PRIMARY CARE","45 DUDLOW GREEN ROAD","APPLETON,WARRINGTON","","","WA4 5EQ","19990401","20120930","C","B","5J2","20020401","20120930","01925 600068","","","","0","","","","0",""
"N81648","HA LOCUM","Y51","Q31","UPTON ROCKS SURGERY","C/O LISTER ROAD","ASTMOOR WEST ESTATE","RUNCORN","","WA7 1TW","19990401","20120930","C","B","5NM","20061001","20120930","01928 593000","","","","0","","","","0",""
"N81650","CHAPELFORD HEALTH CARE","Y51","Q31","BURTONWOOD ROAD","GREAT SANKEY","WARRINGTON","CHESHIRE","","WA5 3AN","19991001","20120930","C","B","5J2","20020401","20120930","01925 574165","","","","0","","","","0",""
"N81652","NURSING HOME DOCTORS (EP&N)","Y51","Q31","7-9 CIVIC WAY","ELLESMERE PORT","CHESHIRE","","","CH65 0AX","20001101","20120930","C","B","5NN","20061001","20120930","0151 3573580","","","","0","","","","0",""
"N82021","DR JEG O'RIORDAN'S PRACTICE","Y51","Q31","194 PICTON ROAD","","LIVERPOOL","","","L15 4LL","19740401","20120930","C","B","5NL","20061001","20120930","0151 7331347","","","","0","","","","0",""
"N82030","NO NAME HELD","Y08","QC2","OLD SWAN HEALTH CENTRE","ST.OSWALD STREET","LIVERPOOL","","","L13 2BY","19740401","19950331","C","Z","","","","051 2282218","","","","0","","","","0",""
"N82044","PCT LOCUM","Y51","Q31","ST JOSEPHS MEDICAL CENTRE","350 UPPER PARLIAMENT ST","LIVERPOOL","","","L8 7QL","19740401","20120930","C","B","5NL","20061001","20120930","0151 7093985","","","","0","","","","0",""
"N82088","LOCUM TO DR RAO","Y51","Q31","ABERCROMBY HEALTH CENTRE","GROVE STREET","LIVERPOOL","","","L7 7HG","19740401","20120930","C","B","5NL","20061001","20120930","0151 7098237","","","","0","","","","0",""
"N82105","DR KP VITHLANI'S PRACTICE","Y51","Q31","ABERCROMBY HEALTH CENTRE","GROVE STREET","LIVERPOOL","","","L7 7HG","19740401","20120930","C","B","5NL","20061001","20120930","0151 7092806","","","","0","","","","0",""
"N82114","DR V KUMAR'S PRACTICE","Y51","Q31","VAUXHALL HEALTH CENTRE","LIMEKILN LANE, VAUXHALL","LIVERPOOL","","","L5 8XR","19740401","20120930","C","B","5NL","20061001","20120930","0151 2072274","","","","0","","","","0",""
"N82605","NO NAME HELD","Y08","QC2","199 KENSINGTON","","LIVERPOOL","","","L7 2RF","19740401","19921208","C","Z","","","","","","","","0","","","","0",""
"N82613","THE MARGARET THOMPSON MED CENTRE","Y51","Q31","THE MARGARET THOMPSON MC","105 EAST MILLWOOD ROAD","LIVERPOOL","","","L24 6TH","19740401","20120930","C","B","5NL","20061001","20120930","0151 4253331","","","","0","","","","0",""
"N82614","NO NAME HELD","Y08","QC2","ISLINGTON HOUSE","3 ISLINGTON SQUARE","LIVERPOOL","","","L6 1HH","19740401","19950401","C","Z","","","","051 2071131","","","","0","","","","0",""
"N82619","PICTON N'HOOD HEALTH & CHILDREN'S CENTRE","Y51","Q31","137 EARLE ROAD","LIVERPOOL","","","","L7 6HD","19740401","20120930","C","B","5NL","20061001","20120930","0151 2953333","","","","0","","","","0",""
"N82624","NO NAME HELD","Y08","QC2","116 WOOLTON ROAD","","LIVERPOOL","","","L15 6TA","19740401","19940531","C","Z","","","","051 7221765","","","","0","","","","0",""
"N82625","NO NAME HELD","Y08","QC2","BROOK ADVISORY CENTRE","104 BOLD STREET","LIVERPOOL","","","L1 4HY","19740401","19921001","C","Z","","","","","","","","0","","","","0",""
"N82626","NO NAME HELD","Y08","Q31","14 SNAEFELL AVENUE","","LIVERPOOL","","","L13 7HA","19740401","19980703","C","B","","20021001","20021001","0151 2282377","","","","0","","","","0",""
"N82627","NO NAME HELD","Y08","QC2","335 PRESCOT ROAD","","LIVERPOOL","","","L13 3BS","19740401","19981231","C","Z","","","","0151 2281482","","","","0","","","","0",""
"N82629","LOCUM DOCTOR","Y51","Q31","14 NORTH VIEW","","LIVERPOOL","","","L7 8TS","19740401","20120930","C","B","5NL","20061001","20120930","0151 7093779","","","","0","","","","0",""
"N82631","NO NAME HELD","Y08","QC2","240 STANLEY ROAD","","LIVERPOOL","","","L5 7QP","19740401","19960114","C","Z","","","","0151 9223636","","","","0","","","","0",""
"N82632","DR KS MELANTA'S PRACTICE","Y51","Q31","420-422 MILL STREET","","LIVERPOOL","","","L8 4RQ","19740401","20120930","C","B","5NL","20061001","20120930","0151 7271340","","","","0","","","","0",""
"N82635","DR I AHMED'S PRACTICE","Y51","Q31","MERSEY MEDICAL CENTRE","PORT OF LIVERPOOL BUILD.","MANN ISLAND,LIVERPOOL","","","L3 1BZ","19740401","20120930","C","B","5NL","20061001","20120930","0151 2366031","","","","0","","","","0",""
"N82636","NO NAME HELD","Y08","QC2","188 BOALER STREET","","LIVERPOOL","","","L6 6AD","19860716","19960701","C","Z","","","","0151 2603775","","","","0","","","","0",""
"N82638","LOCUM DOCTOR","Y51","Q31","EDGE LANE MEDICAL CENTRE","1-5 MARMADUKE STREET","LIVERPOOL","","","L7 1PA","19740401","20120930","C","B","5NL","20061001","20120930","0151 2605335","","","","0","","","","0",""
"N82639","NO NAME HELD","Y08","QC2","OLD SWAN HEALTH CENTRE","ST.OSWALD STREET","LIVERPOOL","","","L13 2BY","19740401","19950331","C","Z","","","","","","","","0","","","","0",""
"N82640","DR K SMITH'S PRACTICE","Y51","Q31","THE RIVERSIDE CTR FOR HTH","PARK STREET, TOXTETH","LIVERPOOL","","","L8 6QP","19870316","20120930","C","B","5NL","20061001","20120930","0151 7068313","","","","0","","","","0",""
"N82642","DR'S DAR & KHAN","Y51","Q31","291-293 WALTON BRECK ROAD","","LIVERPOOL","","","L4 0SX","19860502","20120930","C","B","5NL","20061001","20120930","0151 2602760","","","","0","","","","4",""
"N82644","NO NAME HELD","Y08","QC2","160 BOWRING PARK ROAD","","LIVERPOOL","","","L14 3NR","19740401","19920115","C","Z","","","","","","","","0","","","","0",""
"N82649","DR MAA BAIG'S PRACTICE","Y51","Q31","117 PRIORY ROAD","ANFIELD","LIVERPOOL","","","L4 2SG","19890101","20120930","C","B","5NL","20061001","20120930","0151 2631081","","","","0","","","","0",""
"N82652","LOCUM FOR DR GUPTA","Y51","Q31","STANLEY MEDICAL CENTRE","60 STANLEY ROAD","LIVERPOOL","","","L5 2QA","19890401","20120930","C","B","5NL","20061001","20120930","0151 2073113","","","","0","","","","0",""
"N82656","DR CL MORRISON'S PRACTICE","Y51","Q31","THE MARYLAND CENTRE","8 MARYLAND STREET","LIVERPOOL","","","L1 9BX","19900501","20120930","C","B","5NL","20061001","20120930","0151 7092231","","","","0","","","","0",""
"N82658","NO NAME HELD","Y08","QC2","GREAT HOMER ST.HEALTH CTR","25 CONWAY STREET","LIVERPOOL","","","L5 3SF","19901201","19911130","C","Z","","","","","","","","0","","","","0",""
"N82660","DR DG THOMAS' PRACTICE","Y51","Q31","BROADGREEN HOSPITAL","THOMAS DRIVE","LIVERPOOL","","","L14 3LB","19910501","20120930","C","B","5NL","20061001","20120930","0151 2284878","","","","0","","","","0",""
"N82661","DR DR KINN'S PRACTICE","Y51","Q31","BROOK ADVISORY CENTRE","104 BOLD STREET","LIVERPOOL","","","L1 4HY","19920401","20120930","C","B","","20021001","20120930","0151 7094558","","","","0","","","","0",""
"N82666","NO NAME HELD","Y08","QC2","BELLE VALE HEALTH CENTRE","HEDGEFIELD ROAD","LIVERPOOL","","","L25 2XE","19970401","19980831","C","Z","","","","0151 4873355","","","","0","","","","0",""
"N82672","DR IMRC IRIYAGOLLE'S PRACTICE","Y51","Q31","ABERCROMBY HEALTH CENTRE","GROVE STREET","LIVERPOOL","","","L7 7HG","20000421","20120930","C","B","5NL","20061001","20120930","0151 7086606","","","","0","","","","0",""
"N82677","ROPEWALKS GENERAL PRACTICE","Y51","Q31","26 ARGYLE COURT","ARGYLE STREET","LIVERPOOL","","","L1 5DL","20020402","20120930","C","B","5NL","20061001","20120930","0151 2853500","","","","0","","","","0",""
"N82679","OLD SWAN HEALTH CENTRE","Y51","Q31","OLD SWAN HEALTH CENTRE","CRYSTAL CLOSE, OLD SWAN","LIVERPOOL","","","L13 2GA","20030101","20120930","C","B","5NL","20061001","20120930","0151 2853716","","","","0","","","","4",""
"N83004","PCT LOCUM","Y51","Q31","28 HIGH STREET","PRESCOT","MERSEYSIDE","","","L34 6HG","19740401","20120930","C","B","5J4","20020401","20120930","0151 4262890","","","","0","","","","0",""
"N83011","NO NAME HELD","Y08","QC5","LATHOM ROAD CLINIC","LATHOM ROAD","HUYTON","LIVERPOOL","","L36 5XX","19740401","19961031","C","Z","","","","0151 4892516","","","","0","","","","0",""
"N83029","NO NAME HELD","Y08","QC5","TOWER HILL HEALTH CENTRE","HIGHFIELD","TOWER HILL","KIRKBY","","L33 1XD","19740401","19910402","C","Z","","","","","","","","0","","","","0",""
"N83036","HEATH JG - PAGE MOSS HEALTH SUITE","Y51","Q31","PAGE MOSS HEALTH SUITE","603 PRINCESS DRIVE","HUYTON","","","L14 9ND","19740401","20120930","C","B","5J4","20020401","20120930","0151 4892888","","","","0","","","","0",""
"N83038","HEATH JG - CAMBERLEY MEDICAL CENTRE","Y51","Q31","CAMBERLEY MEDICAL CENTRE","11B CAMBERLEY DR,HALEWOOD","LIVERPOOL","MERSEYSIDE","","L25 9PS","19740401","20120930","C","B","5J4","20020401","20120930","0151 4861178","","","","0","","","","0",""
"N83042","PCT LOCUM","Y51","Q31","BIGDALE MEDICAL CENTRE","BIGDALE DRIVE","NORTHWOOD","KIRKBY","","L33 6XJ","19740401","20120930","C","B","5J4","20020401","20120930","0151 5463736","","","","0","","","","0",""
"N83044","DR SP SINHA'S PRACTICE","Y51","Q31","PEATWOOD MEDICAL CENTRE","2 PEATWOOD AVENUE","SOUTHDENE","KIRKBY","","L32 7PR","19740401","20120930","C","B","5J4","20020401","20120930","0151 5462881","","","","0","","","","0",""
"N83046","DR N NAVANEETHARAJAH'S PRACTICE","Y51","Q31","41 BRITONSIDE AVENUE","SOUTHDENE","KIRKBY","LIVERPOOL","","L32 6RZ","19740401","20120930","C","B","5J4","20020401","20120930","0151 5462409","","","","0","","","","0",""
"N83052","NO NAME HELD","Y08","QC5","LANCASTER HOUSE MED.CTR.","22-26 NORTH ROAD","ST.HELENS","MERSEYSIDE","","WA10 2TL","19740401","19961130","C","Z","","","","01744615246","","","","0","","","","0",""
"N83058","HEATH JG - GRESFORD MEDICAL CENTRE","Y51","Q31","GRESFORD MEDICAL CENTRE","PILCH LANE, HUYTON","LIVERPOOL","MERSEYSIDE","","L14 0JE","19740401","20120930","C","B","5J4","20020401","20120930","0151 4892020","","","","0","","","","0",""
"N83059","LINGHOLME HEALTH CENTRE","Y51","Q31","LINGHOLME HEALTH CENTRE","ATHERTON STREET","ST.HELENS","MERSEYSIDE","","WA10 2HT","19740401","20120930","C","B","5NM","20061001","20120930","01744 22612","","","","0","","","","0",""
"N83606","NO NAME HELD","Y08","QC5","TOWER HILL HEALTH CENTRE","HIGHFIELD","TOWER HILL","KIRKBY","","L33 1XD","19740401","19930402","C","Z","","","","051 5466227","","","","0","","","","0",""
"N83607","LIVERPOOL ROAD SURGERY","Y51","Q31","87 LIVERPOOL ROAD","ST.HELENS","MERSEYSIDE","","","WA10 1PQ","19740401","20120930","C","B","5NM","20061001","20120930","01744 23946","","","","0","","","","0",""
"N83613","NO NAME HELD","Y08","QC5","IRWIN ROAD HEALTH CENTRE","IRWIN ROAD","SUTTON, ST.HELEN'S","MERSEYSIDE","","WA9 3UG","19740401","19931231","C","Z","","","","0744 816889","","","","0","","","","0",""
"N83615","NO NAME HELD","Y08","QC5","2 HOULSTON ROAD","WESTVALE","KIRKBY","LIVERPOOL","","L32 4SW","19740401","19960731","C","Z","","","","0151 5480733","","","","0","","","","0",""
"N83616","HEATH JG - 155 LEATHERS LANE","Y51","Q31","155 LEATHERS LANE","HALEWOOD","LIVERPOOL","","","L26 1XG","19740401","20120930","C","B","5J4","20020401","20120930","0151 2814041","","","","0","","","","0",""
"N83625","DR B KAKATI'S PRACTICE","Y51","Q31","TOWER HILL HEALTH CENTRE","HIGHFIELD","TOWER HILL","KIRKBY, LIVERPOOL","","L33 1XD","19880401","20120930","C","B","5J4","20020401","20120930","0151 5484585","","","","0","","","","0",""
"N83627","NO NAME HELD","Y08","QC5","111 HIGH STREET","NEWTON-LE-WILLOWS","MERSEYSIDE","","","WA12 9SL","19890116","19961031","C","Z","","","","01925 221868","","","","0","","","","0",""
"N83631","DR M CHAUDHURY'S PRACTICE","Y51","Q31","132 LONGVIEW DRIVE","HUYTON","MERSEYSIDE","","","L36 6EQ","19910805","20120930","C","B","5J4","20020401","20120930","01514892833","","","","0","","","","0",""
"N83632","DR JG HEATH'S PRACTICE","Y51","Q31","OAK COTTAGE MEDICAL CTR.","133 TARBOCK ROAD","HUYTON","LIVERPOOL","","L36 5TE","19930401","20120930","C","B","5J4","20020401","20120930","0151 4493020","","","","0","","","","0",""
"N83634","IRWIN ROAD HEALTH CENTRE","Y51","Q31","IRWIN ROAD HEALTH CENTRE","IRWIN ROAD","SUTTON, ST.HELEN'S","MERSEYSIDE","","WA9 3UG","19940328","20120930","C","B","5NM","20061001","20120930","","","","","0","","","","0",""
"N83639","ST HELENS HOMELESS CENTRE","Y51","Q31","103 CHURCH STREET","ST HELENS","","","","WA10 1AJ","20010701","20120930","C","B","5NM","20061001","20120930","01744 24556","","","","0","","","","0",""
"N84040","CLAREMONT MEDICAL CENTRE","Y51","Q31","C/O MAGHULL PCT PRAC","PARHAVEN,LIVERPOOL RD STH","LIVERPOOL","","","L31 8BP","19860401","20120930","C","B","5NJ","20061001","20120930","0151 5203060","","","","0","","","","0",""
"N84042","NO NAME HELD","Y08","QC7","HETTINGA HOUSE","DARK LANE","ORMSKIRK","LANCASHIRE","","L40 5TR","19930901","19930902","C","Z","","","","0695 572942","","","","0","","","","0",""
"N84601","NO NAME HELD","Y08","QC7","24 ILFORD AVENUE","CROSBY","LIVERPOOL","","","L23 7YF","19740401","19910831","C","Z","","","","","","","","0","","","","0",""
"N84603","NO NAME HELD","Y08","QC7","101 LIVERPOOL ROAD","BIRKDALE","SOUTHPORT","","","PR8 4DB","19740401","19930430","C","Z","","","","0704 66466","","","","0","","","","0",""
"N84604","NO NAME HELD","Y08","QC7","38 BARKELEY DRIVE","SEAFORTH","LIVERPOOL","","","L21 4LX","19740401","19940501","C","Z","","","","051 9283674","","","","0","","","","0",""
"N84607","NO NAME HELD","Y08","QC7","5 LOWER ALT ROAD","HIGHTOWN","LIVERPOOL","","","L38 0BA","19860701","19911220","C","Z","","","","","","","","0","","","","0",""
"N84610","NO NAME HELD","Y08","QC7","22 KINGSWAY","WATERLOO","LIVERPOOL","","","L22 4RQ","19740401","19981231","C","Z","","","","0151 9490555","","","","0","","","","0",""
"N84620","PATEL RR","Y51","Q31","TERRACE END SURGERY","57 MANCHESTER ROAD","SOUTHPORT","MERSEYSIDE","","PR9 9BN","19740401","20120930","C","B","5NJ","20061001","20120930","01704 532314","","","","0","","","","0",""
"N84623","DR S MEEHAN'S PRACTICE","Y51","Q31","1 CHAMBRES ROAD","SOUTHPORT","MERSEYSIDE","","","PR8 6JG","19880401","20120930","C","B","5NJ","20061001","20120930","01704 532642","","","","0","","","","0",""
"N84629","HOLLAND MAJ","Y51","Q31","ST.JOSEPHS HOSPICE","INCE ROAD","THORNTON","","","L23 4UE","19980901","20120930","C","B","5NJ","20061001","20120930","0151 9247871","","","","0","","","","0",""
"N84631","NO NAME HELD","Y08","Q31","67 SEAVIEW ROAD","BOOTLE","","","","L20 4DT","19990701","20000229","C","B","","20021001","20021001","0151 9223111","","","","0","","","","0",""
"N84632","MAY LOGAN CENTRE (DR BRIGGS)","Y51","Q31","MAY LOGAN CENTRE","294 KNOWSLEY ROAD","BOOTLE","","","L20 5DQ","20010401","20120930","C","B","5NJ","20061001","20120930","0151 9228588","","","","0","","","","0",""
"N84633","BRIGGS PE","Y51","Q31","4 HALIFAX CRESCENT","THORNTON","","","","L23 1TH","20020727","20120930","C","B","5NJ","20061001","20120930","0151 9243532","","","","0","","","","0",""
"N84634","MAY LOGAN CENTRE","Y51","Q31","294 KNOWSLEY ROAD","BOOTLE","LIVERPOOL","","","L20 5DQ","20020901","20120930","C","B","5NJ","20061001","20120930","","","","","0","","","","0",""
"N84635","HALSTEAD G","Y51","Q31","SEAFORTH VILLAGE PRACTICE","20 SEAFORTH ROAD","LIVERPOOL","","","L21 3TA","20020901","20120930","C","B","5NJ","20061001","20120930","0151 9491717","","","","0","","","","0",""
"N84636","KEW SURGERY","Y51","Q31","KEW SURGERY","70A FOLKESTONE ROAD","KEW MEADOWS","SOUTHPORT","","PR8 5PH","20021201","20120930","C","B","5NJ","20061001","20120930","01704 546800","","","","0","","","","0",""
"N84637","KAKATI B","Y51","Q31","82 WADDICAR LANE","MELLING","LIVERPOOL","MERSEYSIDE","","L31 1DY","20030101","20120930","C","B","5NJ","20061001","20120930","0151 5491583","","","","0","","","","0",""
"N85030","NO NAME HELD","Y08","QDC","CONWAY HEALTH CENTRE","VITTORIA STREET","BIRKENHEAD","","","L41 3RH","19740401","19970331","C","Z","","","","0151 6477321","","","","0","","","","0",""
"N85036","VICTORIA PARK HEALTH CTR_DWIVEDI VS","Y51","Q31","VICTORIA PARK HEALTH CTR","BEDFORD AVENUE","ROCK FERRY, BIRKENHEAD","MERSEYSIDE","","CH42 4QJ","19740401","20120930","C","B","5NK","20061001","20120930","0151 6458388","","","","0","","","","0",""
"N85045","DR PJ HEDGES' PRACTICE","Y51","Q31","DEVONSHIRE HOUSE","27 SOUTH ROAD","BIRKENHEAD","","","L42 7JW","19740401","20120930","C","B","5NK","20061001","20120930","0151 6537295","","","","0","","","","0",""
"N85055","NO NAME HELD","Y08","QDC","LISCARD GROUP PRACTICE","CROXTETH AVENUE","LISCARD, WALLASEY","WIRRAL","","L44 5UL","19740401","19920630","C","Z","","","","","","","","0","","","","0",""
"N85600","BANKS ROAD SURGERY_ENTWISTLE IR","Y51","Q31","27 BANKS ROAD","WEST KIRBY","WIRRAL","","","CH48 0RA","19740401","20120930","C","B","5NK","20061001","20120930","0151 6256600","","","","0","","","","0",""
"N85608","NO NAME HELD","Y08","QDC","EGREMONT MEDICAL CENTRE","9 KING STREET","EGREMONT","WALLASEY","","L44 8AT","19740401","19951231","C","Z","","","","0151 6390777","","","","0","","","","0",""
"N85609","NO NAME HELD","Y08","QDC","THE SURGERY","1 EARLSTON ROAD","WALLASEY ROAD","WIRRAL","","L45 5DX","19740401","19970228","C","Z","","","","0151 6392635","","","","0","","","","0",""
"N85610","NO NAME HELD","Y08","QDC","551 WOODCHURCH ROAD","PRENTON","BIRKENHEAD","","","L43 0TS","19740401","19970131","C","Z","","","","01516083675","","","","0","","","","0",""
"N85612","NO NAME HELD","Y08","QDC","34 HOYLAKE ROAD","","BIRKENHEAD","","","L41 7BY","19870501","19910430","C","Z","","","","","","","","0","","","","0",""
"N85613","NO NAME HELD","Y08","QDC","66 LEASOWE ROAD","","WALLASEY","","","L45 8NZ","19740401","19950831","C","Z","","","","0151 6398271","","","","0","","","","0",""
"N85615","NO NAME HELD","Y08","QDC","2 MARTINS LANE","WALLASEY","","","","L44 1BA","19740401","19921231","C","Z","","","","051 6304747","","","","0","","","","0",""
"N85618","NO NAME HELD","Y08","QDC","76 WITHENS LANE","","WALLASEY","","","L45 7LR","19740401","19920103","C","Z","","","","","","","","0","","","","0",""
"N85621","TEEHEY LANE SURGERY_SAGAR A","Y51","Q31","11 BOUNDARY ROAD","","PORT SUNLIGHT","","","L62 5ER","19740401","20120930","C","B","5NK","20061001","20120930","0151 6446366","","","","0","","","","0",""
"N85622","NO NAME HELD","Y08","Q31","31 KILN ROAD","WOODCHURCH","BIRKENHEAD","","","L49 9AL","19740401","19980705","C","B","","20021001","20021001","0151 6772169","","","","0","","","","0",""
"N85623","NO NAME HELD","Y08","QDC","LISCARD GROUP PRACTICE","CROXTETH AVENUE","LISCARD, WALLASEY","WIRRAL","","L44 5UL","19740401","19920630","C","Z","","","","","","","","0","","","","0",""
"N85624","LEASOWE MED CTR_RYAN KE","Y51","Q31","64 TWICKENHAM DRIVE","LEASOWE","WALLASEY","WIRRAL","","CH46 1PF","19740401","20120930","C","B","5NK","20061001","20120930","0151 6778882","","","","0","","","","4",""
"N85628","GLADSTONE MED CTR_MCKAY JP","Y51","Q31","VICTORIA PARK HEALTH CTR","BEDFORD AVENUE","ROCK FERRY","","","CH42 4QJ","19881001","20120930","C","B","5NK","20061001","20120930","0151 6458387","","","","0","","","","0",""
"N85636","NO NAME HELD","Y08","QDC","EGREMONT MEDICAL CENTRE","9 KING STREET","EGREMONT","WALLASEY,WIRRAL","","L44 8AT","19930101","19930331","C","Z","","","","","","","","0","","","","0",""
"N85637","NO NAME HELD","Y08","QDC","CONWAY HEALTH CENTRE","VITTORIA STREET","BIRKENHEAD","","","L41 3RH","19951201","19951231","C","Z","","","","0151 6477321","","","","0","","","","0",""
"N85644","DR AA FAROOQI'S PRACTICE","Y51","Q31","ARGYLE HEALTH CENTRE","CONWAY ST./WALTON ST.","BIRKENHEAD","","","CH41 6PT","20000701","20120930","C","B","5NK","20061001","20120930","0151 6478663","","","","0","","","","0",""
"P81007","MORECAMBE HEALTH CENTRE(DILLON)","Y51","Q31","MORECAMBE HEALTH CENTRE","HANOVER STREET","MORECAMBE","LANCASHIRE","","LA4 5LY","19740401","20120930","C","B","5NF","20070401","20120930","01524 418418","","","","0","","","","0",""
"P81021","DR HANNA & PARTNERS","Y51","Q31","ST.NICHOLAS HEALTH CENTRE","SAUNDER BANK","BURNLEY","LANCASHIRE","","BB11 2EN","19740401","20120930","C","B","5NH","20061001","20120930","01282 422528","","","","0","","","","0",""
"P81030","WEST END MEDICAL PRACTICE","Y51","Q31","WEST END MEDICAL PRACTICE","1 HEYSHAM ROAD","MORECAMBE","","","LA3 1DA","19740401","20120930","C","B","5NF","20070401","20120930","01524 831931","","","","0","","","","0",""
"P81048","NO NAME HELD","Y08","QCY","THE MEDICAL CENTRE","KIRKHAM","PRESTON","LANCASHIRE","","PR4 2DL","19740401","19910430","C","Z","","","","","","","","0","","","","0",""
"P81052","DR GF PARKINSON'S PRACTICE","Y51","Q31","THE HEALTH CENTRE","352 LYTHAM ROAD","BLACKPOOL","LANCASHIRE","","FY4 1DW","19740401","20120930","C","B","5HP","20020401","20120930","01253 336770","","","","0","","","","0",""
"P81068","NO NAME HELD","Y08","QCX","PADIHAM MEDICAL CENTRE","36 BURNLEY RD, PADIHAM","BURNLEY","LANCASHIRE","","BB12 8BP","19740401","19940630","C","Z","","","","","","","","0","","","","0",""
"P81102","LOCUM FOR DR GU KHAN","Y51","Q31","SANDY LANE HEALTH CENTRE","SANDY LANE","SKELMERSDALE","LANCASHIRE","","WN8 8LA","19740401","20120930","C","B","","20021001","20120930","01695 723279","","","","0","","","","0",""
"P81106","MORECAMBE HEALTH CENTRE (EVANS)","Y51","Q31","MORECAMBE HEALTH CENTRE","HANOVER STREET","MORECAMBE","LANCASHIRE","","LA4 5LY","19740401","20120930","C","B","5NF","20070401","20120930","01524 418418","","","","0","","","","0",""
"P81108","WOODPLUMPTON SURGERY","Y51","Q31","THE HEALTHCARE CENTRE","FLINTOFF WAY","PRESTON","LANCASHIRE","","PR1 5AF","19740401","20120930","C","B","5NG","20061001","20120930","01772 729756","","","","0","","","","0",""
"P81114","PENDLE VALLEY PMS","Y51","Q31","NELSON HEALTH CENTRE","LEEDS ROAD","NELSON","LANCASHIRE","","BB9 9TG","19740401","20120930","C","B","5NH","20061001","20120930","01282 615216","","","","0","","","","0",""
"P81122","BIRLEYWOOD HEALTH CENTRE","Y51","Q31","BIRLEYWOOD HEALTH CENTRE","BIRLEYWOOD","SKELMERSDALE","LANCASHIRE","","WN8 9BW","19740401","20120930","C","B","5NG","20061001","20120930","01695728073","","","","0","","","","0",""
"P81124","PENDLE VALLEY PMS 3","Y51","Q31","NELSON HEALTH CENTRE","LEEDS ROAD","NELSON","LANCASHIRE","","BB9 9TG","19740401","20120930","C","B","5NH","20061001","20120930","01282 614878","","","","0","","","","0",""
"P81126","DR BONDRE & PARTNER","Y51","Q31","THE HEALTH CENTRE","YORKSHIRE STREET","BACUP, ROSSENDALE","LANCASHIRE","","OL13 9AE","19740401","20120930","C","B","5NH","20061001","20120930","01706 876922","","","","0","","","","0",""
"P81131","DR R A QAZI (SH)","Y51","Q31","THE HEALTH CENTRE","ARTHUR STREET","BRIERFIELD","NELSON, LANCASHIRE","","BB9 5SN","19740401","20130331","C","B","5NH","20061001","20130331","01282 615175","","","","0","","","","0",""
"P81135","DR IJ IBBOTSON'S PRACTICE","Y51","Q31","CASTLE MEDICAL PRACTICE","CLITHEROE HEALTH CENTRE","RAILWAY VIEW ROAD","CLITHEROE, LANCASHIRE","","BB7 2JG","19740401","20120930","C","B","","20021001","20120930","01200 421850","","","","0","","","","0",""
"P81162","DR DG MURRAY'S PRACTICE","Y51","Q31","BISPHAM ROAD SURGERY","154 BISPHAM ROAD","BLACKPOOL","LANCASHIRE","","FY2 0NG","19740401","20120930","C","B","5HP","20020401","20120930","01253 352066","","","","0","","","","0",""
"P81168","THE HEALTH CENTRE(KAPUR HL)","Y51","Q31","THE HEALTH CENTRE","MIDDLETON WAY","HEYSHAM, MORECAMBE","LANCASHIRE","","LA3 2LL","19740401","20120930","C","B","5NF","20070401","20120930","01524 853851","","","","0","","","","0",""
"P81174","MILLSIDE SURGERY","Y51","Q31","MILLSIDE SURGERY","YARNSPINNERS PRIMARY HCC","YARNSPINNERS WHARF","CARR ROAD, NELSON","","BB9 7SR","19740401","20120930","C","B","5NH","20061001","20120930","01282 657610","","","","0","","","","0",""
"P81175","NO NAME HELD","Y08","Q31","BASTWELL HOUSE","89 WHALLEY NEW ROAD","BLACKBURN","","","BB1 6LA","19740401","20000402","C","B","","20021001","20021001","01254 56400","","","","0","","","","0",""
"P81183","DR SC ARYA'S PRACTICE","Y51","Q31","406 WATERLOO ROAD","BLACKPOOL","LANCASHIRE","","","FY4 4BL","19740401","20120930","C","B","5HP","20020401","20120930","01253 764444","","","","0","","","","0",""
"P81189","DR BK SINHA'S PRACTICE","Y51","Q31","COLNE HEALTH CENTRE","MARKET STREET","COLNE","LANCASHIRE","","BB8 0LJ","19740401","20120930","C","B","","20021001","20120930","01282 863509","","","","0","","","","0",""
"P81198","DR N BALL'S PRACTICE","Y51","Q31","LOWER BANK SURGERY","54 PRESTON NEW ROAD","BLACKBURN","","","BB2 6BG","19740401","20120930","C","B","TAP","20001001","20120930","01254 262121","","","","0","","","","0",""
"P81199","NO NAME HELD","Y08","QCY","72 HARROWSIDE","BLACKPOOL","LANCASHIRE","","","FY4 1LR","19740401","19920531","C","Z","","","","","","","","0","","","","0",""
"P81205","NO NAME HELD","Y08","QC1","CHORLEY HEALTH CENTRE","COLLINSON AVENUE","CHORLEY","LANCASHIRE","","PR7 2TH","19740401","19931231","C","Z","","","","","","","","0","","","","0",""
"P81207","NO NAME HELD","Y08","QCX","BRIDGE END SURGERY","SUDELL ROAD","DARWEN","LANCASHIRE","","BB3 3HD","19740401","19960405","C","Z","","","","01254 706345","","","","0","","","","0",""
"P81209","NO NAME HELD","Y08","QCY","47 ST.ANDREWS ROAD SOUTH","ST.ANNES-ON-SEA","LANCASHIRE","","","FY8 1PZ","19740401","19990331","C","Z","","","","01253 724667","","","","0","","","","0",""
"P81211","BEACON PRIMARY CARE","Y51","Q31","HILLSIDE HEALTH CENTRE","TANHOUSE ROAD","SKELMERSDALE","LANCASHIRE","","WN8 6DS","19740401","20120930","C","B","5NG","20061001","20120930","01695725553","","","","0","","","","0",""
"P81216","THE GREEN PRACTICE","Y51","Q31","CHORLEY HEALTH CENTRE","COLLISON AVENUE","CHORLEY","LANCASHIRE","","PR7 2TH","19920801","20120930","C","B","5NG","20061001","20120930","01772 644180","","","","0","","","","0",""
"P81217","NO NAME HELD","Y08","QCX","BROOK ADVISORY CLINIC","54/55 DARWEN STREET","BLACKBURN","","","BB2 2BL","19941010","20000229","C","Z","","","","01254 692546","","","","0","","","","0",""
"P81600","NO NAME HELD","Y08","QCY","22 STYAN STREET","FLEETWOOD","LANCASHIRE","","","FY7 6SX","19740401","19920331","C","Z","","","","","","","","0","","","","0",""
"P81617","THE MOUNT VIEW PRACTICE","Y51","Q31","FLEETWOOD HEALTH CENTRE","LONDON STREET","FLEETWOOD","LANCASHIRE","","FY7 6HD","19740401","20120930","C","B","5NF","20061001","20120930","01253 872365","","","","0","","","","0",""
"P81618","NO NAME HELD","Y08","QCY","334 WATLING STREET ROAD","","PRESTON","","","PR2 6XY","19740401","19920331","C","Z","","","","","","","","0","","","","0",""
"P81621","NO NAME HELD","Y08","QCY","ASHTON HEALTH CENTRE","PEDDERS LANE","ASHTON-ON-RIBBLE","PRESTON","","PR2 1HR","19740401","19950903","C","Z","","","","01772 726138","","","","0","","","","0",""
"P81623","DR BJ ROWLAND'S PRACTICE","Y51","Q31","ST. JUDE'S HEALTH CENTRE","85-91 ACCRINGTON ROAD","BLACKBURN","LANCASHIRE","","BB1 2AF","19740401","20120930","C","B","TAP","20001001","20120930","01254 669980","","","","0","","","","0",""
"P81626","NO NAME HELD","Y08","QCX","LARKHILL HEALTH CENTRE","MOUNT PLEASANT, LARKHILL","BLACKBURN","","","BB1 5BJ","19740401","19950630","C","Z","","","","","","","","0","","","","0",""
"P81628","NO NAME HELD","Y08","QCY","29 PEMBROKE AVENUE","BISPHAM","BLACKPOOL","","","FY2 9PX","19740401","19931101","C","Z","","","","0253 51419","","","","0","","","","0",""
"P81630","NO NAME HELD","Y08","QCX","LARKHILL HEALTH CENTRE","MOUNT PLEASANT, LARKHILL","BLACKBURN","","","BB1 5BJ","19740401","19920817","C","Z","","","","","","","","0","","","","0",""
"P81632","DR GREENWOOD & PARTNERS","Y51","Q31","STACKSTEADS SURGERY","20 FARHOLME LANE","STACKSTEADS","LANCASHIRE","","OL13 0EZ","19740401","20120930","C","B","5NH","20061001","20120930","01706 873122","","","","0","","","","0",""
"P81635","NO NAME HELD","Y08","QCY","70 DEEPDALE ROAD","","PRESTON","","","PR1 5AR","19740401","19920801","C","Z","","","","","","","","0","","","","0",""
"P81636","NO NAME HELD","Y08","QCX","144 ROTHESAY ROAD","SHADSWORTH","BLACKBURN","","","BB1 2ES","19740401","19940831","C","Z","","","","","","","","0","","","","0",""
"P81637","NO NAME HELD","Y08","QCX","TOWER VIEW SURGERY","OAKENHURST ROAD","BLACKBURN","","","BB2 1PP","19740401","19950331","C","Z","","","","","","","","0","","","","0",""
"P81638","NO NAME HELD","Y08","QCY","570 QUEENS PROMENADE","LITTLE BISPHAM","BLACKPOOL","","","FY5 1PH","19740401","19920731","C","Z","","","","","","","","0","","","","0",""
"P81639","NO NAME HELD","Y08","QCY","1 GLASTONBURY AVENUE","BLACKPOOL","LANCASHIRE","","","FY1 6SF","19740401","19930827","C","Z","","","","","","","","0","","","","0",""
"P81648","DR IHI SALAH'S PRACTICE","Y51","Q31","BLOOMFIELD MEDICAL CENTRE","118-120 BLOOMFIELD ROAD","BLACKPOOL","LANCASHIRE","","FY1 6JW","19740401","20120930","C","B","5HP","20020401","20120930","01253 344123","","","","0","","","","0",""
"P81649","DR NAYYAR","Y51","Q31","THE HEALTH CENTRE","MARK SQUARE, GORSE LANE","TARLETON","PRESTON","","PR4 6UJ","19740401","20120930","C","B","5NG","20061001","20120930","01772 814429","","","","0","","","","0",""
"P81650","NO NAME HELD","Y08","QCX","THE CLINIC","ADELAIDE STREET","CRAWSHAWBOOTH","ROSSENDALE, LANCASHIRE","","BB4 8PW","19740401","19951231","C","Z","","","","01706 227139","","","","0","","","","0",""
"P81651","NO NAME HELD","Y08","QCY","THE HEALTH CENTRE","DEEPDALE ROAD","PRESTON","","","PR1 5AF","19740401","19930630","C","Z","","","","","","","","0","","","","0",""
"P81653","NO NAME HELD","Y08","Q31","100 PLUNGINGTON ROAD","","PRESTON","","","PR1 7UE","19740401","20000402","C","B","5HD","20021001","20021001","01772 50574","","","","0","","","","0",""
"P81654","THE SURGERY","Y51","Q31","THE SURGERY","6 STANLEY STREET","ORMSKIRK","LANCASHIRE","","L39 2DH","19740401","20120930","C","B","5NG","20061001","20120930","01695 572085","","","","0","","","","0",""
"P81656","THOMPSON HG","Y51","Q31","INGOL HEALTH CENTRE","87 VILLAGE GREEN LANE","INGOL","PRESTON","","PR2 7DS","19840806","20120930","C","B","5NG","20061001","20120930","01772 731932","","","","0","","","","0",""
"P81657","NO NAME HELD","Y08","Q31","BURSCOUGH HEALTH CENTRE","STANLEY COURT","BURSCOUGH","ORMSKIRK, LANCASHIRE","","L40 4LA","19740401","19991211","C","B","","20021001","20021001","01704 892229","","","","0","","","","0",""
"P81658","GREAT HARWOOD MEDICAL GROUP","Y51","Q31","GREAT HARWOOD HEALTH CTR.","WATER STREET, GT HARWOOD","BLACKBURN","LANCASHIRE","","BB6 7QR","19740401","20120930","C","B","5NH","20061001","20120930","01254 886400","","","","0","","","","0",""
"P81661","NO NAME HELD","Y08","QCX","BROOKHOUSE MEDICAL CENTRE","WHALLEY RANGE","BLACKBURN","","","BB1 6EA","19740401","19961231","C","Z","","","","01254677944","","","","0","","","","0",""
"P81663","NO NAME HELD","Y08","QC4","KING STREET SURGERY","38 KING STREET","LANCASTER","","","LA1 1RE","19740401","19971231","C","Z","","","","","","","","0","","","","0",""
"P81665","DR LEDSON","Y51","Q31","BURSCOUGH HEALTH CENTRE","STANLEY COURT","BURSCOUGH","ORMSKIRK, LANCASHIRE","","L40 4LA","19740401","20120930","C","B","5NG","20061001","20120930","01704 892708","","","","0","","","","0",""
"P81669","THE SURGERY (SEVILLE)","Y51","Q31","6 LANSDOWNE ROAD","MORECAMBE","LANCASHIRE","","","LA4 6AL","19740401","20120930","C","B","5NF","20070401","20120930","01524 418871","","","","0","","","","0",""
"P81670","LOCUM FOR DR ANANDAPPA","Y51","Q31","169 CAVENDISH ROAD","BISPHAM","BLACKPOOL","LANCASHIRE","","FY2 9EG","19740401","20120930","C","B","","20021001","20120930","01253 56571","","","","0","","","","0",""
"P81671","NO NAME HELD","Y08","QCY","ASHTON HEALTH CENTRE","PEDDERS LANE","PRESTON","","","PR2 1HR","19740401","19980630","C","Z","","","","01772 726535","","","","0","","","","0",""
"P81672","NO NAME HELD","Y08","QCX","THE HEALTH CENTRE","WATER STREET","GREAT HARWOOD","BLACKBURN","","BB6 7QR","19740401","19970228","C","Z","","","","01254 885058","","","","0","","","","0",""
"P81673","DR RPS VIRDI'S PRACTICE","Y51","Q31","MONTAGUE HEALTH CENTRE","OAKENHURST ROAD","BLACKBURN","","","BB2 1PP","19740401","20120930","C","B","TAP","20001001","20120930","01254 268416","","","","0","","","","0",""
"P81675","DR RAO LOCUM FOR DR'S PRACTICE","Y51","Q31","2-4 LINCOLN CLOSE","BLACKBURN","LANCASHIRE","","","BB1 1NY","19740401","20120930","C","B","TAP","20001001","20120930","01254 669980","","","","0","","","","0",""
"P81676","31 NUTTER ROAD","Y51","Q31","31 NUTTER ROAD","THORNTON-CLEVELEYS","BLACKPOOL","LANCASHIRE","","FY5 1BQ","19740401","20120930","C","B","5NF","20061001","20120930","01253 821574","","","","0","","","","0",""
"P81678","DR SL HALL'S PRACTICE","Y51","Q31","MARTON MEDICAL CENTRE","GLASTONBURY AVENUE","BLACKPOOL","LANCASHIRE","","FY1 6SF","19740401","20120930","C","B","5HP","20020401","20120930","01253 761321","","","","0","","","","0",""
"P81679","LOCUM TO DR RB AVASTHI","Y51","Q31","194-196 LYTHAM ROAD","BLACKPOOL","LANCASHIRE","","","FY1 6EU","19740401","20120930","C","B","5HP","20020401","20120930","01253 346659","","","","0","","","","0",""
"P81680","DR D GUPTA'S PRACTICE","Y51","Q31","106 INFIRMARY STREET","","BLACKBURN","","","BB2 5HS","19740401","20120930","C","B","TAP","20001001","20120930","01254 674665","","","","0","","","","0",""
"P81682","ST HUBERT'S RD SURGERY","Y51","Q31","153-155 ST HUBERTS ROAD","GREAT HARWOOD","BLACKBURN","","","BB6 7ED","19740401","20120930","C","B","5NH","20061001","20120930","01254 889376","","","","0","","","","0",""
"P81688","ANSDELL SUBSIDIARY","Y51","Q31","ALBANY ROAD","","LYTHAM ST ANNES","LANCASHIRE","","FY8 4GW","19740401","20120930","C","B","5NF","20061001","20120930","01253 657300","","","","0","","","","4",""
"P81693","LOCUM FOR DR BHUIYA","Y51","Q31","330 NEW HALL LANE","","PRESTON","","","PR1 4SU","19740401","20120930","C","B","5NG","20061001","20120930","01772 794172","","","","0","","","","0",""
"P81696","NO NAME HELD","Y08","QCY","TRINITY-THE HOSPICE IN","             THE FYLDE","LOW MOOR RD. BISPHAM","","","FY2 0BG","19740401","19980930","C","Z","","","","01253 26637","","","","0","","","","0",""
"P81697","NO NAME HELD","Y08","QCX","PADIHAM MEDICAL CENTRE","36 BURNLEY RD, PADIHAM","BURNLEY","LANCASHIRE","","BB12 8BP","19740401","19940630","C","Z","","","","","","","","0","","","","0",""
"P81698","DR RC RAUTRAY'S PRACTICE","Y51","Q31","PRIMROSE BANK MED. CTR.","LARKHILL","BLACKBURN","","","BB1 5ER","19860901","20120930","C","B","","20021001","20120930","01254 672132","","","","0","","","","0",""
"P81702","DR N MISRA'S PRACTICE","Y51","Q31","1A PRITCHARD STREET","BLACKBURN","","","","BB2 3PF","19870301","20120930","C","B","TAP","20001001","20120930","01254 56262","","","","0","","","","0",""
"P81703","NO NAME HELD","Y08","Q31","SHERWOOD","CLIFTON STREET","RISHTON","BLACKBURN","","BB1 4DP","19860428","19920508","C","B","","20021001","20021001","","","","","0","","","","0",""
"P81706","DR D IRELAND'S PRACTICE","Y51","Q31","163/5 RED BANK ROAD","BISPHAM","BLACKPOOL","LANCASHIRE","","FY2 9EA","19740401","20120930","C","B","5HP","20020401","20120930","01253 352780","","","","0","","","","0",""
"P81708","NO NAME HELD","Y08","QCX","36 DANESHOUSE ROAD","","BURNLEY","","","BB10 1AG","19740401","19920226","C","Z","","","","","","","","0","","","","0",""
"P81715","COLNE CORNER SURGERY","Y51","Q31","COLNE CORNER SURGERY","RICHMOND COURT, MARKET ST","COLNE","LANCASHIRE","","BB8 9HR","19740401","20120930","C","B","5NH","20061001","20120930","01282 871582","","","","0","","","","0",""
"P81716","DR HP CONWAY","Y51","Q31","ASHTON HEALTH CENTRE","PEDDERS LANE","ASHTON","PRESTON","","PR2 1HR","19850901","20120930","C","B","5NG","20061001","20120930","01772 726839","","","","0","","","","0",""
"P81718","NO NAME HELD","Y08","QC4","MORECAMBE HEALTH CENTRE","HANOVER STREET","MORECAMBE","","","LA4 5NU","19860701","19920331","C","Z","","","","","","","","0","","","","0",""
"P81719","FENISCOWLES SURGERY","Y51","Q31","696 PRESTON OLD ROAD","FENISCOWLES","BLACKBURN","LANCASHIRE","","BB2 5EP","19860203","20120930","C","B","TAP","20001001","20120930","01254 208197","","","","0","","","","0",""
"P81728","LOCUM GP","Y51","Q31","53 JAMES STREET","BLACKBURN","","","","BB1 6BE","19740401","20120930","C","B","TAP","20001001","20120930","01254 52005","","","","0","","","","0",""
"P81729","DR FKB APALOO'S PRACTICE","Y51","Q31","PRIM CARE APR EXCELLENCE","MONTAGUE HEALTH CENTRE","OAKENHURST ROAD","BLACKBURN","","BB2 1PP","19740401","20120930","C","B","TAP","20001001","20120930","01254 268456","","","","0","","","","0",""
"P81739","DR MOUJAES","Y51","Q31","THE HEALTH CENTRE","MANCHESTER ROAD","HASLINGDEN","","","BB4 5SL","19890401","20120930","C","B","5NH","20061001","20120930","01706 214281","","","","0","","","","0",""
"P81747","LOCUM FOR DR SN SHARMA","Y51","Q31","LARKHILL HEALTH CENTRE","MOUNT PLEASANT","BLACKBURN","","","BB1 5BJ","19900702","20120930","C","B","","20021001","20120930","01254 263611","","","","0","","","","0",""
"P81751","RAILWAY ROAD SURGERY","Y51","Q31","11 RAILWAY ROAD","ORMSKIRK","LANCASHIRE","","","L39 2DN","19911104","20120930","C","B","5NG","20061001","20120930","01695 572096","","","","0","","","","0",""
"P81752","DR IM DERAR'S PRACTICE","Y51","Q31","NEW DARWEN HEALTH CENTRE","JAMES STREET WEST","DARWEN","LANCASHIRE","","BB3 1PY","19911205","20120930","C","B","TAP","20001001","20120930","01254 226622","","","","0","","","","0",""
"P81759","ENCOMPASS MEDICAL CENTRE","Y51","Q31","9 RAILWAY ROAD","ORMSKIRK","LANCASHIRE","","","L39 2DN","19931115","20120930","C","B","5NG","20061001","20120930","0844 4778680","","","","0","","","","0",""
"P81761","THE HILL TOP SURGERY","Y51","Q31","THE HILL TOP SURGERY","HEALTH CTR, MARKET STREET","COLNE","","","BB8 0LJ","19940301","20120930","C","B","5NH","20061001","20120930","0844 3879007","","","","0","","","","0",""
"P81765","NO NAME HELD","Y08","QCX","36 COLNE ROAD","BURNLEY","LANCASHIRE","","","BB10 1LG","19950406","19970106","C","Z","","","","01282 428976","","","","0","","","","0",""
"P81766","NO NAME HELD","Y08","QCX","MONTAGUE HEALTH CENTRE","OAKENHURST ROAD","BLACKBURN","","","BB2 1PP","19950701","19960630","C","Z","","","","0125463631","","","","0","","","","0",""
"P81767","DR BB SINGH","Y51","Q31","HILLSIDE HEALTH CENTRE","TANHOUSE ROAD","SKELMERSDALE","LANCASHIRE","","WN8 6DS","19951001","20120930","C","B","5NG","20061001","20120930","01695726888","","","","0","","","","0",""
"P81768","DR G CELIKKOL'S PRACTICE","Y51","Q31","GRANGE PARK HEALTH CENTRE","DINMORE AVE, GRANGE PARK","BLACKPOOL","","","FY3 7RW","19961001","20120930","C","B","5HP","20020401","20120930","01253 302794","","","","0","","","","0",""
"P81773","GOLDEN HILL LANE SURGERY","Y51","Q31","THE SURGERY","8 GOLDEN HILL LANE","LEYLAND","LANCASHIRE","","PR25 3NP","19981001","20120930","C","B","5NG","20061001","20120930","01772 622808","","","","0","","","","0",""
"P81775","THE MEDICAL CENTRE CHURCH ROAD","Y51","Q31","BEECHWOOD SURGERY","23 BEECHWOOD DRIVE","THORNTON,CLEVELEYS","","","FY5 5EJ","19981001","20120930","C","B","5NF","20061001","20120930","01253 824288","","","","0","","","","4",""
"P81776","NO NAME HELD","Y08","QC1","GROVE HOUSE","LANGTON BROW, THE GREEN","ECCLESTON","LANCASHIRE","","PR7 5PD","19981101","19990131","C","Z","","","","01257 452222","","","","0","","","","0",""
"P81777","DR JC BIDWELL'S PRACTICE","Y51","Q31","DARWEN HEALTH CENTRE","UNION STREET","DARWEN","LANCASHIRE","","BB3 0DA","19990401","20120930","C","B","TAP","20001001","20120930","01254 778350","","","","0","","","","0",""
"P81781","CUERDEN HALL NURSING HOME","Y51","Q31","652 PRESTON ROAD","CLAYTON-LE-WOODS","CHORLEY","LANCASHIRE","","PR6 7EH","20000401","20120930","C","B","5NG","20061001","20120930","01772 323021","","","","0","","","","0",""
"P81782","17 PARK ROAD","Y51","Q31","17 PARK ROAD","ST.ANNES-ON-SEA","LANCASHIRE","","","FY8 1PW","20000401","20120930","C","B","5NF","20061001","20120930","01253 727938","","","","0","","","","0",""
"P81783","LISIEUX HALL HOSPITAL","Y51","Q31","DAWSON LANE","WHITTLE-LE-WOODS","CHORLEY","LANCASHIRE","","PR6 7DX","20000401","20120930","C","B","5NG","20061001","20120930","01257 264842","","","","0","","","","0",""
"P81784","COMMUNITY DRUGS TEAM","Y51","Q31","75 WEST GATE","SKELMERSDALE","LANCASHIRE","","","WN8 8LP","20010301","20120930","C","B","5NG","20061001","20120930","01695 50740","","","","0","","","","0",""
"P81789","C.D.T. CHORLEY","Y51","Q31","14 WEST STREET","CHORLEY","LANCASHIRE","","","PR7 2SJ","20011201","20120930","C","B","5NG","20061001","20120930","01257 230452","","","","0","","","","0",""
"P81790","COMMUNITY DRUG TEAM","Y51","Q31","BICKERSTAFFE HOUSE","53 GARSTANG ROAD","PRESTON","","","PR1 1LB","20020401","20120930","C","B","5NG","20061001","20120930","01772 676000","","","","0","","","","0",""
"P81792","DERMATOLOGY SERVICE","Y51","Q31","31-33 KENYON ROAD","LOMESHAYE ESTATE","NELSON","LANCASHIRE","","BB9 5SZ","20020528","20120930","C","B","5NH","20061001","20120930","01282 619909","","","","0","","","","0",""
"P81794","WYRE PCT DIABETES INTERMEDIATE CLINIC","Y51","Q31","WYRE PCT","DERBY ROAD","WESHAM","LANCASHIRE","","PR4 3AL","20020901","20120930","C","B","5NF","20061001","20120930","01253 875283","","","","0","","","","0",""
"P81795","THE SURGERY","Y51","Q31","THE SURGERY","6 STANLEY STREET","ORMSKIRK","LANCASHIRE","","L39 2DH","20021101","20120930","C","B","5NG","20061001","20120930","0844 4778680","","","","0","","","","0",""
"P81796","PCT LOCUM","Y51","Q31","MARTON MEDICAL CENTRE","1 GLASTONBURY AVENUE","MARTON","BLACKPOOL, LANCASHIRE","","FY1 6SF","20021201","20120930","C","B","5HP","20021201","20120930","01253 761321","","","","0","","","","0",""
"P81798","INTERMEDIATE SUB MISUSE SERV","Y51","Q31","FYLDE COAST MED SERVICES","88 WHITEGATE DRIVE","BLACKPOOL","","","FY3 9DA","20030101","20120930","C","B","5HP","20030101","20120930","01253 305895","","","","0","","","","0",""
"P81800","JUBILEE HOUSE","Y51","Q31","JUBILEE HOUSE","LANCASHIRE ENT/BUS/PARK","CENTURION WAY","LEYLAND","","PR26 6TR","20030213","20120930","C","B","5NG","20061001","20120930","01772 644554","","","","0","","","","0",""
"P82019","ALASTAIR ROSS HEALTH CENTRE 2","Y51","Q31","ALASTAIR ROSS HEALTH CTR.","BREIGHTMET FOLD LANE","BREIGHTMET","BOLTON","","BL2 6NT","19740401","20120930","C","B","5HQ","20020401","20120930","01204 364626","","","","0","","","","0",""
"P82026","NO NAME HELD","Y08","QDA","TONGE MOOR HEALTH CENTRE","THICKETFORD ROAD","BOLTON","","","BL2 2LW","19740401","19981127","C","Z","","","","01204523843","","","","0","","","","0",""
"P82600","NO NAME HELD","Y08","QDA","39 CHURCH ROAD","BOLTON","","","","BL1 6HD","19740401","19970928","C","Z","","","","01204 842720","","","","0","","","","0",""
"P82602","NO NAME HELD","Y08","QDA","BEECHVILLE QUAKER HOME","FOR THE ELDERLY","653 CHORLEY NEW ROAD","HORWICH, BOLTON","","BL6 6LH","19740401","19950731","C","Z","","","","0120440983","","","","0","","","","0",""
"P82605","NO NAME HELD","Y08","QDA","65 STARCLIFFE STREET","","BOLTON","","","BL3 2PT","19740401","19950228","C","Z","","","","0204 73295","","","","0","","","","0",""
"P82606","AVONDALE HEALTH CENTRE 2","Y51","Q31","AVONDALE HEALTH CENTRE","AVONDALE STREET","BOLTON","","","BL1 4JP","19740401","20120930","C","B","5HQ","20020401","20120930","01204 843803","","","","0","","","","0",""
"P82610","NO NAME HELD","Y08","QDA","36-38 RAWSON STREET","FARNWORTH","BOLTON","","","BL4 7RJ","19740401","19950826","C","Z","","","","01204 73537","","","","0","","","","0",""
"P82611","NO NAME HELD","Y08","QDA","46 GREENLAND ROAD","BOLTON","LANCASHIRE","","","BL3 2EG","19740401","19920714","C","Z","","","","","","","","0","","","","0",""
"P82612","LEVER CHAMBERS 3","Y51","Q31","GREAT LEVER HEALTH CENTRE","RUPERT STREET,GREAT LEVER","BOLTON","LANCASHIRE","","BL3 6RN","19860701","20120930","C","B","5HQ","20020401","20120930","01204 399933","","","","0","","","","0",""
"P82615","MARKET SURGERY","Y51","Q31","MARKET SURGERY","103 CHORLEY NEW ROAD","HORWICH","BOLTON","","BL6 5QF","19740401","20120930","C","B","5HQ","20020401","20120930","01204 697696","","","","0","","","","0",""
"P82617","ASTLEY BROOK SURGERY","Y51","Q31","WATERS MEETING HC","NAVIGATION PARK","WATERS MEETING ROAD","BOLTON","","BL1 8TU","19740401","20120930","C","B","5HQ","20020401","20120930","01204 462978","","","","0","","","","0",""
"P82620","NO NAME HELD","Y08","QDA","22 LONGCAUSEWAY","FARNWORTH","BOLTON","","","BL4 9BE","19740401","19921025","C","Z","","","","","","","","0","","","","0",""
"P82621","NO NAME HELD","Y08","QDA","ALASTAIR ROSS HEALTH CTR.","BREIGHTMET FOLD LANE","BREIGHTMET, BOLTON","","","BL2 6NT","19740401","19940410","C","Z","","","","0204 35337","","","","0","","","","0",""
"P82622","NO NAME HELD","Y08","QDA","577 HALLIWELL ROAD","","BOLTON","","","BL1 8BZ","19740401","19971231","C","Z","","","","01204 841154","","","","0","","","","0",""
"P82623","NO NAME HELD","Y08","QDA","83 HIGHFIELD ROAD","FARNWORTH","BOLTON","","","BL4 0AL","19740401","19940622","C","Z","","","","0204 78126","","","","0","","","","0",""
"P82628","BOLTON ROAD SURGERY","Y51","Q31","KEARSLEY MEDICAL CENTRE","2 JACKSON ST, KEARSLEY","BOLTON","LANCASHIRE","","BL4 8EP","19740401","20120930","C","B","5HQ","20020401","20120930","01204 571178","","","","0","","","","0",""
"P82630","NO NAME HELD","Y08","Q31","160 ST.HELENS ROAD","","BOLTON","","","BL3 3PH","19740401","20000131","C","B","5HQ","20021001","20021001","01204 418297","","","","0","","","","0",""
"P82631","LITTLE LEVER HEALTH CENTRE 3","Y51","Q31","LITTLE LEVER HEALTH CTR","MYTHAM RD,LITTLE LEVER","BOLTON","LANCASHIRE","","BL3 1JF","19740401","20120930","C","B","5HQ","20020401","20120930","01204 462525","","","","0","","","","0",""
"P82637","VICTORIA ROAD SURGERY","Y51","Q31","27 VICTORIA ROAD","HORWICH","BOLTON","","","BL6 5NA","19860101","20120930","C","B","5HQ","20020401","20120930","01204 668166","","","","0","","","","0",""
"P82639","NO NAME HELD","Y08","QDA","AVONDALE HEALTH CENTRE","AVONDALE STREET","BOLTON","","","BL1 4JP","19881001","19920430","C","Z","","","","","","","","0","","","","0",""
"P82641","DERBY PRACTICE","Y51","Q31","THE PIKES LANE CENTRE","DEANE ROAD","BOLTON","","","BL3 5HP","19881001","20120930","C","B","5HQ","20020401","20120930","01204 462929","","","","0","","","","0",""
"P82642","GREAT LEVER PRACTICE","Y51","Q31","RUPERT STREET","GREAT LEVER","BOLTON","","","BL3 6RN","19890801","20120930","C","B","5HQ","20020401","20120930","01204 462390","","","","0","","","","0",""
"P82645","NO NAME HELD","Y08","QDA","FARNWORTH HEALTH CENTRE","FREDERICK STREET","FARNWORTH","BOLTON","","BL4 9AH","19900110","19920101","C","Z","","","","","","","","0","","","","0",""
"P82647","NO NAME HELD","Y08","QDA","LITTLE LEVER HEALTH CTR","MYTHAM RD,LITTLE LEVER","BOLTON","LANCASHIRE","","BL3 1JF","19900521","19920131","C","Z","","","","","","","","0","","","","0",""
"P82649","DR VN PATEL'S PRACTICE","Y51","Q31","68 BOLTON ROAD","ATHERTON","NR. MANCHESTER","","","M46 9JW","19901001","20120930","C","B","","20021001","20120930","01942 877388","","","","0","","","","0",""
"P82650","LADYBRIDGE SURGERY","Y51","Q31","LADYBRIDGE SURGERY","10-12 BROADGATE","LADYBRIDGE","BOLTON","","BL3 4PZ","19900917","20120930","C","B","5HQ","20020401","20120930","01204653267","","","","0","","","","0",""
"P82651","NO NAME HELD","Y08","QDA","LITTLE LEVER HEALTH CTR","MYTHAM RD,LITTLE LEVER","BOLTON","LANCASHIRE","","BL3 1JF","19910401","19980331","C","Z","","","","01204 862991","","","","0","","","","0",""
"P82653","DEANE CLINIC 2","Y51","Q31","DEANE CLINIC","HORSEFIELD STREET,DEANE","BOLTON","LANCASHIRE","","BL3 4LU","19920401","20120930","C","B","5HQ","20020401","20120930","01204 64089","","","","0","","","","0",""
"P82655","NO NAME HELD","Y08","QDA","LITTLE LEVER HEALTH CTR","MYTHAM RD,LITTLE LEVER","BOLTON","LANCASHIRE","","BL3 1JF","19920601","19940630","C","Z","","","","","","","","0","","","","0",""
"P82656","BLACKBURN ROAD SURGERY 2","Y51","Q31","TONGE MOOR HEALTH CENTRE","THICKETFORD ROAD","BOLTON","","","BL2 2LW","19950601","20120930","C","B","5HQ","20020401","20120930","01204 365449","","","","0","","","","0",""
"P82658","TONGE MOOR ROAD SURGERY","Y51","Q31","2-4 ST.HELENS ROAD","BOLTON","","","","BL3 5NH","19960603","20120930","C","B","5HQ","20020401","20120930","01204 435435","","","","0","","","","0",""
"P82659","NO NAME HELD","Y08","QDA","BRYAN HOUSE","61 STANDISHGATE","WIGAN","","","WN1 1AH","19980401","19990331","C","Z","","","","01942 244000","","","","0","","","","0",""
"P83003","PEEL HEALTH CENTRE PRACTICE NO. 4","Y51","Q31","PEEL HEALTH CENTRE","ANGOULEME WAY","BURY","","","BL9 0BT","19740401","20120930","C","B","5JX","20020401","20120930","0161 7649940","","","","0","","","","0",""
"P83013","PRESTWICH HEALTH CENTRE PRACTICE NO.1","Y51","Q31","PRESTWICH HEALTH CENTRE","FAIRFAX ROAD","PRESTWICH","MANCHESTER","","M25 1BT","19740401","20120930","C","B","5JX","20020401","20120930","0161 7730525","","","","0","","","","0",""
"P83014","NO NAME HELD","Y08","QCT","WHITEFIELD HEALTH CENTRE","BURY NEW ROAD","WHITEFIELD","MANCHESTER","","M45 8GH","19740401","19920731","C","Z","","","","","","","","0","","","","0",""
"P83016","RIBBLESDALE MED CTR GREEN PRAC CLOSED","Y51","Q31","RIBBLESDALE HOUSE MED.CTR","MARKET STREET","BURY","LANCASHIRE","","BL9 0BU","19740401","20120930","C","B","5JX","20020401","20120930","0161 7647241","","","","0","","","","0",""
"P83018","RAMSBOTTOM HLTH CTR PRACTICE NO3 CLOSED","Y51","Q31","RAMSBOTTOM HEALTH CENTRE","CARR STREET","RAMSBOTTOM","BURY","","BL0 9DD","19740401","20120930","C","B","5JX","20020401","20120930","01706 824583","","","","0","","","","0",""
"P83022","VERNON ROAD PRACTICE","Y51","Q31","12 VERNON ROAD","GREENMOUNT","BURY","","","BL8 4DD","19740401","20120930","C","B","5JX","20020401","20120930","01204 882256","","","","0","","","","0",""
"P83028","RECTORY LANE MEDICAL PRACTICE","Y51","Q31","44 RECTORY LANE","PRESTWICH","MANCHESTER","","","M25 1BL","19740401","20120930","C","B","5JX","20020401","20120930","0161 7731803","","","","0","","","","0",""
"P83604","DR KHAN","Y51","Q31","RADCLIFFE PRIMARY CARE CT","69 CHURCH STREET WEST","RADCLIFFE","","","M26 2SP","19740401","20120930","C","B","5JX","20020401","20120930","0161 7242090","","","","0","","","","0",""
"P83606","NO NAME HELD","Y08","QCT","THE ROCKERY","35 GUEST ROAD","PRESTWICH","MANCHESTER","","M25 7DH","19740401","19960603","C","Z","","","","0161 7731746","","","","0","","","","0",""
"P83607","RAMSBOTTOM HLTH CTR PRACTICE NO.2 CLOSED","Y51","Q31","RAMSBOTTOM HEALTH CENTRE","CARR STREET","RAMSBOTTOM","BURY","","BL0 9DD","19740401","20120930","C","B","5JX","20020401","20120930","01706 824445","","","","0","","","","0",""
"P83610","NO NAME HELD","Y08","QCT","RED BANK HEALTH CENTRE","UNSWORTH STREET","RADCLIFFE, MANCHESTER","","","M26 0GH","19740401","19960331","C","Z","","","","0161 7232019","","","","0","","","","0",""
"P83613","AINSWORTH ROAD SURGERY","Y51","Q31","60 AINSWORTH ROAD","RADCLIFFE","MANCHESTER","","","M26 0FA","19740401","20120930","C","B","5JX","20020401","20120930","0161 7231859","","","","0","","","","0",""
"P83615","NO NAME HELD","Y08","QCT","RED BANK HEALTH CENTRE","UNSWORTH STREET","RADCLIFFE, MANCHESTER","","","M26 0GH","19860503","19950331","C","Z","","","","","","","","0","","","","0",""
"P83617","NO NAME HELD","Y08","QCT","149 WILLOW STREET","","BURY","","","BL9 7PS","19890508","19930930","C","Z","","","","","","","","0","","","","0",""
"P83618","NO NAME HELD","Y08","QCT","HUNTLEY MOUNT MEDICAL CTR","HUNTLEY MOUNT ROAD","BURY","LANCASHIRE","","BL9 6JA","19900401","19940331","C","Z","","","","","","","","0","","","","0",""
"P83619","NO NAME HELD","Y08","QCT","RED BANK HEALTH CENTRE","UNSWORTH STREET","RADCLIFFE, MANCHESTER","","","M26 0GH","19900402","19950331","C","Z","","","","","","","","0","","","","0",""
"P83622","NO NAME HELD","Y08","QCT","HIGHBANK NURSING HOME","WALSHAW ROAD","BURY","","","BL8 3AS","19910101","19970901","C","Z","","","","01706 829540","","","","0","","","","0",""
"P83624","RESTRICTED LIST GP","Y51","Q31","ST.GABRIEL'S MEDICAL CTR.","4 BISHOP'S ROAD","PRESTWICH","MANCHESTER","","M25 8HT","19930812","20120930","C","B","5JX","20020401","20120930","0161 7731791","","","","0","","","","0",""
"P83625","PEEL HEALTH CENTRE PRACTICE NO.5","Y51","Q31","PEEL HEALTH CENTRE","ANGOULEME WAY","BURY","","","BL9 0BT","19960101","20120930","C","B","5JX","20020401","20120930","0161 7648700","","","","0","","","","0",""
"P84011","PARKHILL SURGERY","Y51","Q31","20-24 PARKHILL AVENUE","CRUMPSALL","MANCHESTER","","","M8 4RA","19740401","20120930","C","B","5NT","20061001","20120930","0161 7021311","","","","0","","","","0",""
"P84015","DR BN LYDON'S PRACTICE","Y51","Q31","DIDSBURY MEDICAL CENTRE","645 WILMSLOW ROAD","DIDSBURY","MANCHESTER","","M20 6BA","19740401","20120930","C","B","5NT","20061001","20120930","0161 4453731","","","","0","","","","0",""
"P84058","CHARLESTOWN SURGERY","Y51","Q31","CHARLESTOWN HEALTH CENTRE","CHARLESTOWN ROAD","BLACKLEY","MANCHESTER","","M9 2DD","19740401","20120930","C","B","5NT","20061001","20120930","0161 7407414","","","","0","","","","0",""
"P84060","DR LA MICHAEL","Y51","Q31","MORRIS FEINMAN HOME","SPATH ROAD","WEST DIDSBURY","MANCHESTER","","M20 8GA","19740401","20120930","C","B","5NT","20061001","20120930","0161 4451952","","","","0","","","","0",""
"P84073","LONGSIGHT HEALTH CENTRE","Y51","Q31","THE SURGERY","379 GREENBROW ROAD","NEWALL GREEN","MANCHESTER","","M23 2XW","19940201","20120930","C","B","5NT","20061001","20120930","0161 4939030","","","","0","","","","0",""
"P84608","NO NAME HELD","Y08","QC3","279 NUTHURST ROAD","NEW MOSTON","MANCHESTER","","","M10 0PU","19740401","19930405","C","Z","","","","","","","","0","","","","0",""
"P84615","BOUNDARY MEDICAL PRACTICE","Y51","Q31","BOUNDARY MEDICAL PRACTICE","63 BOOTH ST WEST, HULME","MANCHESTER","","","M15 6PR","19740401","20120930","C","B","5NT","20061001","20120930","0161 2279785","","","","0","","","","0",""
"P84619","NO NAME HELD","Y08","QC3","THE BESWICK SURGERY","BRADFORD DAY CENTRE","RAGLAN CLOSE, BESWICK","MANCHESTER","","M11 3TH","19740401","19951001","C","Z","","","","01612233722","","","","0","","","","0",""
"P84622","DR M PASHA'S PRACTICE","Y51","Q31","MOSS SIDE HEALTH CENTRE","MONTON STREET","MANCHESTER","","","M14 4GP","19740401","20120930","C","B","5NT","20061001","20120930","0161 2265053","","","","0","","","","0",""
"P84624","NO NAME HELD","Y08","QC3","HULME HOUSE","ROYCE ROAD","MANCHSTER","","","M15 5FR","19740401","19960531","C","Z","","","","0161 2263854","","","","0","","","","0",""
"P84628","DR G KIELY'S PRACTICE","Y51","Q31","1 GRIZEBECK CLOSE","GORTON","MANCHESTER","","","M18 8AY","19740401","20120930","C","B","5NT","20061001","20120930","0161 2230017","","","","0","","","","0",""
"P84629","NO NAME HELD","Y08","QC3","THE SURGERY,LAWRENCE HSE.","CITY ROAD","HULME","MANCHESTER","","M15 4DE","19740401","19981031","C","Z","","","","0161 8728951","","","","0","","","","0",""
"P84633","OLDHAM RD SURGERY","Y51","Q31","148 OLDHAM ROAD","ANCOATS","MANCHESTER","","","M4 6BG","19740401","20120930","C","B","5NT","20061001","20120930","0161 2034511","","","","0","","","","0",""
"P84634","NO NAME HELD","Y08","QC3","CRAWFORD HSE.PRECINCT CTR","UNIVERSITY OF MANCHESTER","MANCHESTER","","","M13 9QS","19740401","19921231","C","Z","","","","061 2752858","","","","0","","","","0",""
"P84638","KENYON LANE SURGERY","Y51","Q31","152 KENYON LANE","MOSTON","MANCHESTER","","","M40 9DF","19740401","20120930","C","B","5NT","20061001","20120930","0161 6813383","","","","0","","","","0",""
"P84641","KINGS MEDICAL CENTRE","Y51","Q31","7 KINGS ROAD","OLD TRAFFORD","MANCHESTER","","","M16 7RT","19740401","20120930","C","B","5NT","20061001","20120930","0161 2261288","","","","0","","","","0",""
"P84647","NO NAME HELD","Y08","QC3","BRUNSWICK HEALTH CENTRE","HARTFIELD CLOSE","BRUNSWICK STREET","MANCHESTER","","M13 9YA","19840501","19911013","C","Z","","","","","","","","0","","","","0",""
"P84649","NO NAME HELD","Y08","QC3","HULME HOUSE","ROYCE ROAD","MANCHESTER","","","M15 5FR","19850102","19930331","C","Z","","","","","","","","0","","","","0",""
"P84661","THE VICTORIA MILL MEDICAL PRACTICE","Y51","Q31","10 LOWER VICKERS STREET","","MANCHESTER","","","M40 7LJ","19740401","20120930","C","B","5NT","20061001","20120930","0161 8612511","","","","0","","","","0",""
"P84666","PLATT LANE SURGERY","Y51","Q31","204 PLATT LANE","FALLOWFIELD","MANCHESTER","","","M14 7BS","19870602","20120930","C","B","5NT","20061001","20120930","0161 2242468","","","","0","","","","0",""
"P84667","NO NAME HELD","Y08","QC3","HULME HOUSE GROUP PRACT.","HULME HOUSE","ROYCE ROAD","MANCHESTER","","M15 5FR","19880714","19920331","C","Z","","","","","","","","0","","","","0",""
"P84670","NO NAME HELD","Y08","QC3","CRAWFORD HOUSE","PRECINCT CENTRE","UNIVERSITY OF MANCHESTER","MANCHESTER","","M13 9GH","19881001","19940930","C","Z","","","","061 2752858","","","","0","","","","0",""
"P84671","NO NAME HELD","Y08","QC3","CRAWFORD HOUSE","PRECINCT CENTRE","UNIVERSITY OF MANCHESTER","OXFORD ROAD,MANCHESTER","","M12 9QS","19891002","19930930","C","Z","","","","","","","","0","","","","0",""
"P84674","DR HUSSAIN PRACTICE","Y51","Q31","PEEL HALL MED PRACTICE","FORUM HEALTH","SIMONSWAY, WYTHENSHAWE","","","M22 5RX","19891001","20120930","C","B","5NT","20061001","20120930","0161 4986614","","","","0","","","","0",""
"P84680","NO NAME HELD","Y08","QC3","1049 OLDHAM ROAD","NEWTON HEATH","MANCHESTER","","","M10 6EH","19910223","19980331","C","Z","","","","0161 6847447","","","","0","","","","0",""
"P84681","NO NAME HELD","Y08","QC3","8 LIMEFIELD ROAD","","SALFORD","","","M7 0LZ","19920301","19920630","C","Z","","","","","","","","0","","","","0",""
"P84685","NO NAME HELD","Y08","QC3","283 HOLLYHEDGE ROAD","WYTHENSHAWE","MANCHESTER","","","M22 4QR","19930801","19970430","C","Z","","","","0161 4289411","","","","0","","","","0",""
"P84686","NO NAME HELD","Y08","QC3","ROBERT DARBISHIRE","               PRACTICE","RUSHOLME HEALTH CENTRE","WALMER STREET, MANCHESTER","","M14 5NP","19930823","19930930","C","Z","","","","","","","","0","","","","0",""
"P84687","NO NAME HELD","Y08","QC3","CRAWFORD HOUSE","PRECINCT CENTRE","UNIVERSITY OF MANCHESTER","MANCHESTER","","M12 9QS","19931001","19960630","C","Z","","","","0161 2752858","","","","0","","","","0",""
"P84691","DR PF JAMES' PRACTICE","Y51","Q31","MANCHESTER BROOK ADV.CTR.","FAULKNER HOUSE","FAULKNER STREET","MANCHESTER","","M1 4DY","19960401","20120930","C","B","5NT","20061001","20120930","0161 2373001","","","","0","","","","0",""
"P84692","STUDENT HEALTH CENTRE","Y51","Q31","STUDENT HEALTH CENTRE","WATERLOO PLACE","182-184 OXFORD ROAD","MANCHESTER","","M13 9PG","19960901","20120930","C","B","5NT","20061001","20120930","0161 2756971","","","","0","","","","0",""
"P84694","OAKLEIGH MEDICAL CENTRE","Y51","Q31","OAKLEIGH MEDICAL CENTRE","58 ASH TREE ROAD","CRUMPSALL","MANCHESTER","","M8 5SA","20010101","20120930","C","B","5NT","20061001","20120930","0161 7401226","","","","0","","","","0",""
"P84695","KINGSWAY MED/PRAC-DR MCCARTHY CLOSED","Y51","Q31","KINGSWAY MEDICAL PRACTICE","655 KINGSWAY","MANCHESTER","","","M19 1RD","20010704","20120930","C","B","5NT","20061001","20120930","01614322725","","","","0","","","","0",""
"P85009","DR S SARAF","Y51","Q31","SPRINGFIELD HOUSE","275 HUDDERSFIELD ROAD","OLDHAM","LANCASHIRE","","OL4 2RJ","19740401","20120930","C","B","5J5","20020401","20120930","0844 4996986","","","","0","","","","0",""
"P85024","WESTWOOD MEDICAL PRACTICE","Y51","Q31","1 JOHN STREET","OLDHAM","","","","OL8 1DF","19740401","20120930","C","B","5J5","20020401","20120930","0161 7857030","","","","0","","","","0",""
"P85600","NO NAME HELD","Y08","QC9","308 WINDSOR ROAD","","OLDHAM","","","OL8 4HA","19740401","19940930","C","Z","","","","061 6242888","","","","0","","","","0",""
"P85609","NO NAME HELD","Y08","QC9","84 MANCHESTER ROAD","","OLDHAM","","","OL9 7AX","19740401","19950331","C","Z","","","","","","","","0","","","","0",""
"P85611","EGERTON MEDICAL PRACTICE","Y51","Q31","EGERTON MEDICAL PRACTICE","MARJORY LEES HEALTH CTR.","EGERTON STREET","OLDHAM","","OL1 3SF","19870401","20120930","C","B","5J5","20020401","20120930","0161 9098440","","","","0","","","","0",""
"P85616","NO NAME HELD","Y08","QC9","76A WINDSOR ROAD","","OLDHAM","","","OL8 4AL","19850527","19980228","C","Z","","","","0161 6205677","","","","0","","","","0",""
"P85619","DANSON FAMILY PRACTICE P85619","Y51","Q31","WERNETH PRIMARY CARE CTR","FEATHERSTALL ROAD SOUTH","OLDHAM","GREATER MANCHESTER","","OL9 7AY","19890601","20120930","C","B","5J5","20020401","20120930","0161 4841234","","","","0","","","","4",""
"P86020","NO NAME HELD","Y08","QCT","111 CHURCH STREET","LITTLEBOROUGH","LANCASHIRE","","","OL15 8AA","19740401","19960630","C","Z","","","","01706 78476","","","","0","","","","0",""
"P86025","DR JC WESTON'S PRACTICE","Y51","Q31","THE VILLAGE MEDICAL CTR.","LITTLEBOROUGH SQUARE","PEEL ST. LITTLEBOROUGH","LANCASHIRE","","OL15 8AQ","19900501","20120930","C","B","5NQ","20061001","20120930","01706 374393","","","","0","","","","0",""
"P86603","NO NAME HELD","Y08","QCT","398 OLDHAM ROAD","ROCHDALE","LANCASHIRE","","","OL11 2EJ","19740401","19911101","C","Z","","","","","","","","0","","","","0",""
"P86604","NO NAME HELD","Y08","QCT","BAILLIE STREET HEALTH CTR","BAILLIE STREET","ROCHDALE","LANCASHIRE","","OL16 1XS","19740401","19970331","C","Z","","","","01706 40950","","","","0","","","","0",""
"P86607","LOCUM FOR DR RV RAO","Y51","Q31","103 ROCHDALE ROAD","MIDDLETON","MANCHESTER","","","M24 2PR","19740401","20120930","C","B","5NQ","20061001","20120930","0161643 3525","","","","0","","","","0",""
"P86610","MOUNT ROAD SURGERY","Y51","Q31","62 MOUNT ROAD","ALKRINGTON","MIDDLETON","MANCHESTER","","M24 1DZ","19740401","20120930","C","B","5NQ","20061001","20120930","0161 6533075","","","","0","","","","0",""
"P86611","BULWER STREET SURGERY","Y51","Q31","THE SURGERY","1-3 BULWER STREET","ROCHDALE","","","OL16 2EU","19740401","20120930","C","B","5NQ","20061001","20120930","01706 356422","","","","0","","","","0",""
"P86612","STONEFIELD STREET SURGERY","Y51","Q31","MILNROW HEALTH CENTRE","21 STONEFIELD STREET","MILNROW","ROCHDALE","","OL16 4HZ","19740401","20120930","C","B","5NQ","20061001","20120930","01706 527752","","","","0","","","","0",""
"P86613","NO NAME HELD","Y08","QCT","THE MEDICAL CENTRE","THE STRAND, KIRKHOLT","ROCHDALE","LANCASHIRE","","OL11 2JG","19740401","19980331","C","Z","","","","01706 861616","","","","0","","","","0",""
"P86616","NO NAME HELD","Y08","QCT","MILNROW HEALTH CENTRE","21 STONEFIELD STREET","MILNROW","ROCHDALE","","OL16 4HZ","19880701","19920930","C","Z","","","","0706 50355","","","","0","","","","0",""
"P86618","NO NAME HELD","Y08","QCT","392 OLDHAM ROAD","MIDDLETON","MANCHESTER","","","M24 2FA","19881130","19960831","C","Z","","","","0161653 0918","","","","0","","","","0",""
"P86625","SPRINGHILL HOSPICE","Y51","Q31","SPRINGHILL HOSPICE","BROAD LANE","ROCHDALE","","","OL16 4PZ","19960701","20120930","C","B","5NQ","20061001","20120930","01706 649920","","","","0","","","","0",""
"P86626","PRESTWICH HEALTH CENTRE","Y51","Q31","YORK HOUSE SURGERY","19 YORK STREET","HEYWOOD","LANCASHIRE","","OL10 4NN","19990823","20120930","C","B","5NQ","20061001","20120930","01706 367789","","","","0","","","","0",""
"P86627","TRIPLE H PRACTICE","Y51","Q31","TRIPLE H PRACTICE","175-177 YORKSHIRE STREET","ROCHDALE","LANCASHIRE","","OL12 0DR","20000401","20120930","C","B","5NQ","20061001","20120930","01706 764333","","","","0","","","","4",""
"P87005","LANGWORTHY ROAD MEDICAL PRACTICE/195","Y51","Q31","195 LANGWORTHY ROAD","","SALFORD","","","M6 5PW","19740401","20120930","C","B","5F5","20010401","20120930","01617362338","","","","0","","","","0",""
"P87006","SALFORD HEALTH MATTERS (LT HULTON)","Y51","Q31","SALFORD H/M LT HULTON","HULTON DISTRICT HLTH/CTR","HAYSBROOK AVE","LITTLE HULTON, MANCHESTER","","M28 0AY","19740401","20120930","C","B","5F5","20010401","20120930","0161 7032700","","","","0","","","","0",""
"P87007","NO NAME HELD","Y08","QC6","IRLAM MEDICAL CENTRE","MACDONALD ROAD, IRLAM","MANCHESTER","","","M44 5LH","19740401","19920630","C","Z","","","","","","","","0","","","","0",""
"P87010","NO NAME HELD","Y08","QC6","LOWER BROUGHTON HTH.CTR.","GREAT CLOWES STREET","SALFORD","","","M7 1RD","19740401","19990331","C","Z","","","","01618392723","","","","0","","","","0",""
"P87018","1/SPRINGFIELD HOUSE MEDICAL PRACTICE","Y51","Q31","SPRINGFIELD HOUSE","110 NEW LANE","PATRICROFT, ECCLES","MANCHESTER","","M30 7JE","19740401","20120930","C","B","5F5","20010401","20120930","0161 7895858","","","","0","","","","0",""
"P87021","SALFORD HEALTH MATTERS (ECCLES)","Y51","Q31","SALFORD H/M ECCLES","169 CHURCH STREET","ECCLES","MANCHESTER","","M30 0LU","19740401","20120930","C","B","5F5","20010401","20120930","0161 7878880","","","","0","","","","0",""
"P87023","DR A HASAN'S PRACTICE","Y51","Q31","ORDSALL HEALTH CENTRE","BELFORT DRIVE","SALFORD","","","M5 3PP","19740401","20120930","C","B","5F5","20010401","20120930","0161 8773251","","","","0","","","","0",""
"P87029","LITTLETON ROAD MEDICAL PRACTICE","Y51","Q31","THE MEDICAL CENTRE","29-31 LITTLETON ROAD","SALFORD","","","M6 6ED","19740401","20120930","C","B","5F5","20010401","20120930","0161 7367333","","","","0","","","","0",""
"P87030","NO NAME HELD","Y08","QC6","1 BYROM STREET","","SALFORD","","","M5 2UJ","19740401","19950807","C","Z","","","","01618721114","","","","0","","","","0",""
"P87034","HULTON DIST CTR PRAC BRCH SITE 2","Y51","Q31","THE SURGERY","81-85 CLEGGS LANE","LITTLE HULTON","WORSLEY,MANCHESTER","","M38 9WU","19740401","20120930","C","B","5F5","20010401","20120930","0161 7994988","","","","0","","","","0",""
"P87602","NO NAME HELD","Y08","QC6","THE SURGERY","53 LEICESTER ROAD","SALFORD","","","M7 4AS","19740401","19910630","C","Z","","","","","","","","0","","","","0",""
"P87603","DR NH FLETCHER'S PRACTICE","Y51","Q31","ORDSALL HEALTH CENTRE","BELFORT DRIVE","SALFORD","","","M5 3PP","19740401","20120930","C","B","5F5","20010401","20120930","0161 8770057","","","","0","","","","0",""
"P87604","NO NAME HELD","Y08","QC6","WESTFIELD GROUP PRACTICE","PENDLEBURY HEALTH CENTRE","659 BOLTON ROAD","PENDLEBURY, MANCHESTER","","M27 2HP","19740401","19920331","C","Z","","","","","","","","0","","","","0",""
"P87609","LANCE BURN MEDICAL PRACTICE","Y51","Q31","LANCE BURN HEALTH CENTRE","CHURCHILL WAY","SALFORD","","","M6 5BN","19740401","20120930","C","B","5F5","20010401","20120930","0161 7459235","","","","0","","","","0",""
"P87611","WILKINS MEDICAL PRACTICE","Y51","Q31","ORDSALL HEALTH CENTRE","BELFORT DRIVE","SALFORD","","","M5 3PP","19740401","20120930","C","B","5F5","20010401","20120930","0161 8770564","","","","0","","","","0",""
"P87612","2/MONTON MEDICAL PRACTICE","Y51","Q31","MONTON MEDICAL CENTRE","CANAL SIDE,MONTON GREEN","ECCLES","MANCHESTER","","M30 8AR","19740401","20120930","C","B","5F5","20010401","20120930","0161 7895966","","","","0","","","","0",""
"P87614","155/MANCHESTER ROAD MEDICAL PRACTICE","Y51","Q31","THE SURGERY","155 MANCHESTER ROAD","SWINTON","MANCHESTER","","M27 4FH","19740401","20120930","C","B","5F5","20010401","20120930","0161 7946901","","","","0","","","","4",""
"P87616","BAROOAH MEDICAL PRACTICE","Y51","Q31","IRLAM MEDICAL CENTRE","MACDONALD ROAD, IRLAM","MANCHESTER","","","M44 5LH","19740401","20120930","C","B","5F5","20010401","20120930","0161 7752754","","","","0","","","","0",""
"P87617","3/MONTON MEDICAL PRACTICE","Y51","Q31","MONTON MEDICAL CENTRE","CANAL SIDE,MONTON GREEN","ECCLES","MANCHESTER","","M30 8AR","19740401","20120930","C","B","5F5","20010401","20120930","0844 8151147","","","","0","","","","0",""
"P87619","NO NAME HELD","Y08","QC6","PENDLEBURY HEALTH CENTRE","659 BOLTON ROAD","PENDLEBURY","MANCHESTER","","M27 2HP","19740401","19910817","C","Z","","","","","","","","0","","","","0",""
"P87621","NO NAME HELD","Y08","QC6","169 GERALD ROAD","","SALFORD","","","M6 6BL","19740401","19921102","C","Z","","","","","","","","0","","","","0",""
"P87622","DR JM WHITELEY'S PRACTICE","Y51","Q31","THE SURGERY","249 BOLTON ROAD","SALFORD","","","M6 7HP","19740401","20120930","C","B","5F5","20010401","20120930","0161 7364344","","","","0","","","","0",""
"P87623","NO NAME HELD","Y08","QC6","HIGHER BROUGHTON HTH. CTR","BEVENDON SQUARE","SALFORD","","","M7 0UF","19740401","19961208","C","Z","","","","0161 7922582","","","","0","","","","0",""
"P87626","2/LOWER BROUGHTON MEDICAL PRACTICE","Y51","Q31","LOWER BROUGHTON HTH.CTR.","GREAT CLOWES STREET","SALFORD","","","M7 1RD","19740401","20120930","C","B","5F5","20010401","20120930","0161 8392725","","","","0","","","","0",""
"P87628","DAS MEDICAL PRACTICE CLOSED","Y51","Q31","LANCE BURN HEALTH CENTRE","CHURCHILL WAY","SALFORD","","","M6 5QX","19740401","20120930","C","B","5F5","20010401","20120930","0161 7459237","","","","0","","","","0",""
"P87638","DR AA HUQ'S PRACTICE","Y51","Q31","LANCE BURN HEALTH CENTRE","CHURCHILL WAY","SALFORD","","","M6 5QX","19740401","20120930","C","B","5F5","20010401","20120930","0161 7459241","","","","0","","","","0",""
"P87640","NO NAME HELD","Y08","QC6","LANCE BURN HEALTH CENTRE","CHURCHILL WAY","SALFORD","","","M6 5QX","19880601","19970331","C","Z","","","","0161 7459239","","","","0","","","","0",""
"P87642","2/HIGHER BROUGHTON MEDICAL PRACTICE","Y51","Q31","HIGHER BROUGHTON HTH CTR","BEVENDON SQUARE","SALFORD","MANCHESTER","","M7 4TP","19880731","20120930","C","B","5F5","20010401","20120930","01617926888","","","","0","","","","4",""
"P87644","NO NAME HELD","Y08","QC6","HULTON DISTRICT HTH.CTR.","HAYSBROOK AVENUE","LITTLE HULTON","MANCHESTER","","M28 0AY","19900217","19950331","C","Z","","","","","","","","0","","","","0",""
"P87645","GATEWAY MEDICAL PRACTICE","Y51","Q31","GATEWAY MEDICAL PRACTICE","1ST FLOOR, 2 SMITH STREET","WALKDEN","MANCHESTER","","M28 3EZ","19900316","20120930","C","B","5F5","20010401","20120930","0161 2117175","","","","0","","","","4",""
"P87647","NO NAME HELD","Y08","QC6","SPRINGFIELD HOUSE","NEW LANE","PATRICROFT,ECCLES","MANCHESTER","","M30 7JE","19901001","19950331","C","Z","","","","","","","","0","","","","0",""
"P87650","NO NAME HELD","Y08","QC6","152A MANCHESTER ROAD EAST","LITTLE HULTON","WORSLEY","MANCHESTER","","M28 6LQ","19920201","19950725","C","Z","","","","","","","","0","","","","0",""
"P87653","NO NAME HELD","Y08","QC6","169 GERALD ROAD","","SALFORD","","","M6 6BL","19921103","19930630","C","Z","","","","","","","","0","","","","0",""
"P87655","NO NAME HELD","Y08","QC6","SALFORD BROOK ADV/CENTRE","55 REGENT STREET","ECCLES","MANCHESTER","","M30 0BP","19930604","19960430","C","Z","","","","0161 7079550","","","","0","","","","0",""
"P87656","NO NAME HELD","Y08","QC6","SALFORD BROOK ADV/CENTRE","55 REGENT STREET","ECCLES","MANCHESTER","","M30 0BP","19930801","19960430","C","Z","","","","0161 7079550","","","","0","","","","0",""
"P87662","SALFORD HOMELESS PROJECT","Y51","Q31","SALFORD HOMLESS PROJECT","THE WINDSOR CENTRE","CHURCHILL WAY, SALFORD","MANCHESTER","","M6 5BU","20000601","20120930","C","B","5F5","20020401","20120930","0161 7378775","","","","0","","","","0",""
"P87663","SWINTON HALL NHICU PRACTICE","Y51","Q31","THE COTTAGE","SWINTON HALL NHICU","188 WORSLEY ROAD","SWINTON, MANCHESTER","","M27 5SN","20010129","20120930","C","B","5F5","20010401","20120930","0161 2816884","","","","0","","","","4",""
"P87669","THE WILLOWS/EDC","Y51","Q31","THE WILLOWS","CENTRE FOR HEALTH CARE","LORDS AVENUE,WEASTE","SALFORD","","M5 5JR","20030101","20120930","C","B","5F5","20030101","20120930","0161 2124300","","","","0","","","","0",""
"P88027","NO NAME HELD","Y08","QC8","SOUTH REDDISH MEDICAL CTR","REDDISH ROAD","REDDISH","STOCKPORT, CHESHIRE","","SK5 7QU","19740401","19940717","C","Z","","","","061 4800339","","","","0","","","","0",""
"P88029","THE ROMILEY HEALTH CENTRE 1","Y51","Q31","THE ROMILEY HEALTH CENTRE","CHICHESTER ROAD","ROMILEY,STOCKPORT","CHESHIRE","","SK6 4QR","19740401","20120930","C","B","5F7","20010401","20120930","0161 4942002","","","","0","","","","0",""
"P88035","ELLESMERE MEDICAL CENTRE","Y51","Q31","262 STOCKPORT ROAD","CHEADLE HEATH","STOCKPORT","","","SK3 0RQ","19740401","20120930","C","B","5F7","20010401","20120930","0161 4265276","","","","0","","","","0",""
"P88038","OFFERTON LOCUM","Y51","Q31","OFFERTON HEALTH CENTRE","OFFERTON LANE","OFFERTON","STOCKPORT, CHESHIRE","","SK2 5AR","19740401","20120930","C","B","5F7","20010401","20120930","0161 4800326","","","","0","","","","0",""
"P88602","NO NAME HELD","Y08","QC8","90 BLOOM STREET","","STOCKPORT","","","SK3 9LH","19740401","19911231","C","Z","","","","","","","","0","","","","0",""
"P88603","THE ALVANLEY MEDICAL CTR","Y51","Q31","THE ALVANLEY MEDICAL CTR","160 BUXTON ROAD","HEAVILEY","STOCKPORT, CHESHIRE","","SK2 6HA","19860205","20130331","C","B","5F7","20010401","20130331","0161 4833068","","","","0","","","","4",""
"P88609","WOODLEY HEALTH CENTRE 1","Y51","Q31","WOODLEY HEALTH CENTRE","HYDE ROAD","WOODLEY","STOCKPORT,CHESHIRE","","SK6 1ND","19740401","20120930","C","B","5F7","20010401","20120930","0161 4269530","","","","0","","","","0",""
"P88611","THE SURGERY 2 (CLOSED 01/04/06)","Y51","Q31","2 BIRCHFIELD ROAD","CHEADLE HEATH","STOCKPORT","CHESHIRE","","SK3 0SY","19860901","20120930","C","B","5F7","20010401","20120930","0161 4287768","","","","0","","","","0",""
"P88613","CALDER BANK","Y51","Q31","CALDER BANK","107 THE CRESCENT","DAVENPORT","STOCKPORT,CHESHIRE","","SK3 8SP","19740401","20120930","C","B","5F7","20010401","20120930","0161 4560370","","","","0","","","","0",""
"P88614","NO NAME HELD","Y08","QC8","CHEADLE ROYAL HOSPITAL","WILMSLOW RD","CHEADLE","","","SK8 3DG","19740401","19920331","C","Z","","","","","","","","0","","","","0",""
"P88616","DAVENPORT SURGERY - LOCUM","Y51","Q31","DAVENPORT SURGERY","200 BUXTON ROAD","DAVENPORT,STOCKPORT","CHESHIRE","","SK2 7AE","19740401","20120930","C","B","5F7","20010401","20120930","0161 2928833","","","","0","","","","0",""
"P88621","NO NAME HELD","Y08","QC8","LADYBRIDGE SURGERY","92 LADYBRIDGE ROAD","CHEADLE HULME","CHEADLE,CHESHIRE","","SK8 5PQ","19740401","19931231","C","Z","","","","","","","","0","","","","0",""
"P88629","HILLGATE SURGERY - LOCUM","Y51","Q31","HILLGATE SURGERY","230 WELLINGTON ROAD SOUTH","STOCKPORT","CHESHIRE","","SK2 6NW","19740401","20120930","C","B","5F7","20010401","20120930","0161 4802261","","","","0","","","","0",""
"P88630","DEAN LANE MEDICAL CENTRE","Y51","Q31","95 DEAN LANE","HAZEL GROVE","STOCKPORT","CHESHIRE","","SK7 6EJ","19910301","20120930","C","B","5F7","20010401","20120930","01625 874664","","","","0","","","","0",""
"P88631","THE DELAMERE PRACTICE","Y51","Q31","THE DELAMERE PRACTICE","257 DIALSTONE LANE","GREAT MOOR","STOCKPORT,CHESHIRE","","SK2 7NA","19910708","20120930","C","B","5F7","20010401","20120930","0161 4833175","","","","0","","","","0",""
"P88634","NO NAME HELD","Y08","QC8","CHEADLE ROYAL HOSPITAL","WILMSLOW ROAD","CHEADLE","CHESHIRE","","SK8 3DG","19930201","19960331","C","Z","","","","","","","","0","","","","0",""
"P88635","DR MY KHAN'S PRACTICE","Y51","Q31","THE SURGERY","97 ADSHALL ROAD","CHEADLE","CHESHIRE","","SK8 2JN","19930701","20120930","C","B","","20021001","20120930","0161 4282584","","","","0","","","","0",""
"P89028","NO NAME HELD","Y08","QC9","HATTERSLEY HEALTH CENTRE","HATTERSLEY ROAD EAST","HATTERSLEY,HYDE","CHESHIRE","","SK14 3EH","19740401","19920331","C","Z","","","","","","","","0","","","","0",""
"P89031","NO NAME HELD","Y08","QC9","DONNEYBROOK HOUSE","CLARENDON STREET","HYDE","CHESHIRE","","SK14 2AH","19901001","19960331","C","Z","","","","01613683838","","","","0","","","","0",""
"P89032","HA LOCUM","Y51","Q31","THE SURGERY","21 MARKET STREET","HYDE","CHESHIRE","","SK14 2AF","19901001","20120930","C","B","5LH","20020401","20120930","01613679777","","","","0","","","","0",""
"P89600","NO NAME HELD","Y08","QC9","THE HIGHLANDS","156 STOCKPORT ROAD","ASHTON-UNDER-LYNE","LANCASHIRE","","OL7 0NW","19871101","19940123","C","Z","","","","061 3302440","","","","0","","","","0",""
"P89601","NO NAME HELD","Y08","QC9","687 MANCHESTER ROAD","DENTON","MANCHESTER","","","M34 2NB","19740401","19960731","C","Z","","","","01613362305","","","","0","","","","0",""
"P89604","NO NAME HELD","Y08","QC9","THE HIGHLANDS","156 STOCKPORT ROAD","ASHTON-UNDER-LYNE","LANCASHIRE","","OL7 0NW","19871101","19990331","C","Z","","","","01613302440","","","","0","","","","0",""
"P89605","DR BU PATEL'S PRACTICE","Y51","Q31","1 TRAFALGAR SQUARE","ASHTON-UNDER-LYNE","LANCASHIRE","","","OL7 0LN","19871101","20120930","C","B","5LH","20020401","20120930","01613302131","","","","0","","","","0",""
"P89606","THE HIGHLANDS NEW GROUP PRACTICE","Y51","Q31","THE HIGHLANDS","156 STOCKPORT ROAD","ASHTON-UNDER-LYNE","LANCASHIRE","","OL7 0NW","19871101","20120930","C","B","5LH","20020401","20120930","0161 3302440","","","","0","","","","0",""
"P89607","ACRES LANE SURGERY","Y51","Q31","50 ACRES LANE","STALYBRIDGE","CHESHIRE","","","SK15 2JU","19830901","20120930","C","B","5LH","20020401","20120930","0161 3384567","","","","0","","","","0",""
"P89608","OSBORNE MEDICAL PRACTICE","Y51","Q31","OSBORNE MEDICAL PRACTICE","100 ASHTON ROAD","DENTON","MANCHESTER","","M34 4JE","19740401","20120930","C","B","5LH","20020401","20120930","0161 3362835","","","","0","","","","0",""
"P89611","NO NAME HELD","Y08","QC9","LIMEHURST BUILDINGS","341 OLDHAM ROAD","ASHTON-UNDER-LYNE","LANCASHIRE","","OL7 9ND","19740401","19910630","C","Z","","","","","","","","0","","","","0",""
"P89614","NO NAME HELD","Y08","QC9","76 ST.PAUL'S HILL ROAD","GODLEY","HYDE","CHESHIRE","","SK14 2SW","19900409","19920520","C","Z","","","","","","","","0","","","","0",""
"P89615","NO NAME HELD","Y08","QC9","DONNEYBROOK HOUSE","CLARENDON STREET","HYDE","CHESHIRE","","SK14 2AH","19920101","19960331","C","Z","","","","01613683838","","","","0","","","","0",""
"P89617","CLOSED 30/6/2003","Y51","Q31","ST. MICHAEL'S SURGERY","1 ALBION STREET","ASHTON-UNDER-LYNE","LANCASHIRE","","OL6 6HF","20000913","20120930","C","B","5LH","20020401","20120930","0161 8300866","","","","0","","","","0",""
"P89619","PHOENIX MEDICAL CENTRE CLOSED 31/12/2001","Y51","Q31","PHOENIX MEDICAL CENTRE","GLEBE STREET","ASHTON-UNDER-LYNE","","","OL6 6HD","20011113","20120930","C","B","5LH","20020401","20120930","0161 3307747","","","","0","","","","0",""
"P89620","CLOSED 31/12/2003","Y51","Q31","CENTURY HOUSE","107-109 MARKET STREET","HYDE","CHESHIRE","","SK14 1HL","20020401","20120930","C","B","5LH","20020401","20120930","0161 3514000","","","","0","","","","0",""
"P91001","DR DJ MARSH","Y51","Q31","ST.JOHNS MEDICAL CENTRE","ST.JOHNS ROAD","ALTRINCHAM","CHESHIRE","","WA14 2NW","19740401","20120930","C","B","5NR","20061001","20120930","0844 4778715","","","","0","","","","0",""
"P91005","MEADWAY H.C. (LUKEMAN)","Y51","Q31","MEADWAY HEALTH CENTRE","MEADWAY","SALE","CHESHIRE","","M33 4PS","19740401","20120930","C","B","5NR","20061001","20120930","0161 9052880","","","","0","","","","0",""
"P91010","DR AS FREEMAN'S PRACTICE","Y51","Q31","MITFORD STREET CLINIC","MITFORD STREET","STRETFORD","MANCHESTER","","M32 8AG","19740401","20120930","C","B","5NR","20061001","20120930","0161 8668556","","","","0","","","","0",""
"P91015","NO NAME HELD","Y08","QC6","CONWAY ROAD HEALTH CENTRE","CONWAY ROAD","SALE","CHESHIRE","","M33 2TB","19740401","19920406","C","Z","","","","","","","","0","","","","0",""
"P91022","DELAMERE (S&D) PRACTICE","Y51","Q31","THE DELAMERE CENTRE","DELAMERE AVENUE","STRETFORD","MANCHESTER","","M32 0DF","19740401","20120930","C","B","5NR","20061001","20120930","0161 8640200","","","","0","","","","0",""
"P91028","VICTORIA ROAD SURGERY","Y51","Q31","122 VICTORIA ROAD","STRETFORD","MANCHESTER","","","M32 0AD","19740401","20120930","C","B","5NR","20061001","20120930","0161 8651651","","","","0","","","","0",""
"P91033","CHESTER ROAD SURGERY(PCT) CLOSED","Y51","Q31","CHESTER ROAD SURGERY","864/866 CHESTER ROAD","STRETFORD","MANCHESTER","","M32 0PA","19740401","20120930","C","B","5NR","20061001","20120930","0161 8653807","","","","0","","","","0",""
"P91034","MEADWAY H.C. (DRABBLE)","Y51","Q31","MEADWAY HEALTH CENTRE","MEADWAY","SALE","CHESHIRE","","M33 4PS","19740401","20120930","C","B","5NR","20061001","20120930","0161 9629217","","","","0","","","","4",""
"P91036","CONWAY ROAD H.C. (MCGARRY)","Y51","Q31","CONWAY ROAD HEALTH CENTRE","80A CONWAY ROAD","SALE","CHESHIRE","","M33 2TB","19900101","20120930","C","B","5NR","20061001","20120930","0161 9051933","","","","0","","","","4",""
"P91037","ALLISTON MEDICAL CENTRE","Y51","Q31","ALLISTON MEDICAL CENTRE","28 CROFTS BANK ROAD","URMSTON","MANCHESTER","","M41 0UH","19921201","20120930","C","B","5NR","20061001","20120930","0161 7472411","","","","0","","","","4",""
"P91600","NO NAME HELD","Y08","QC6","406 MOORSIDE ROAD","FLIXTON","URMSTON","MANCHESTER","","M31 2TN","19740401","19920606","C","Z","","","","","","","","0","","","","0",""
"P91602","ST.JOHNS M.C. (ALLRED)","Y51","Q31","ST.JOHNS MEDICAL CENTRE","ST.JOHNS ROAD","ALTRINCHAM","CHESHIRE","","WA14 2NW","19740401","20120930","C","B","5NR","20061001","20120930","0844 4778715","","","","0","","","","0",""
"P91606","NO NAME HELD","Y08","Q31","BARTON MEDICAL CENTRE","490 BARTON ROAD","STRETFORD","MANCHESTER","","M32 9TH","19740401","19941016","C","B","","20021001","20021001","061 8654664","","","","0","","","","0",""
"P91609","WOODSEND ROAD MEDICAL PRACTICE","Y51","Q31","14 WOODSEND ROAD","FLIXTON, URMSTON","MANCHESTER","","","M41 8QT","19840507","20120930","C","B","5NR","20061001","20120930","0161 7474975","","","","0","","","","0",""
"P91612","ST.JOHNS M.C. (LORD)","Y51","Q31","ST.JOHNS MEDICAL CENTRE","ST.JOHNS ROAD","ALTRINCHAM","CHESHIRE","","WA14 2NW","19740401","20120930","C","B","5NR","20061001","20120930","0844 4778715","","","","0","","","","0",""
"P91613","NO NAME HELD","Y08","QC6","THE CLINIC CENTRE","CENTRAL ROAD","PARTINGTON, URMSTON","MANCHESTER","","M31 4FL","19740401","19940802","C","Z","","","","","","","","0","","","","0",""
"P91614","ST.JOHNS M.C. (SANGHA)","Y51","Q31","ST.JOHN'S MEDICAL CENTRE","ST.JOHN'S ROAD","ALTRINCHAM","CHESHIRE","","WA14 2NW","19740401","20120930","C","B","5NR","20061001","20120930","0844 4778715","","","","0","","","","0",""
"P91616","DELAMERE (CLARK) PRACTICE","Y51","Q31","THE DELAMERE CENTRE","DELAMERE AVENUE","STRETFORD","MANCHESTER","","M32 0DF","19740401","20120930","C","B","5NR","20061001","20120930","0161 8640200","","","","0","","","","0",""
"P91620","VICTORIA MEDICAL CENTRE","Y51","Q31","VICTORIA MEDICAL CENTRE","16-18 VICTORIA PARADE","URMSTON","MANCHESTER","","M41 9BP","19890505","20120930","C","B","5NR","20061001","20120930","0161 7467088","","","","0","","","","0",""
"P91622","NO NAME HELD","Y08","QC6","68 BARRINGTON ROAD","ALTRINCHAN","CHESHIRE","","","WA14 1JB","19900101","19910707","C","Z","","","","","","","","0","","","","0",""
"P91626","NO NAME HELD","Y08","QC6","TIMPERLEY HEALTH CENTRE","169 GROVE LANE","TIMPERLEY, ALTRINCHAM","CHESHIRE","","WA15 6PH","19901207","19940331","C","Z","","","","","","","","0","","","","0",""
"P91628","NO NAME HELD","Y08","QC6","68 BARRINGTON ROAD","ALTRINCHAM","CHESHIRE","","","WA14 1JB","19911001","19940331","C","Z","","","","","","","","0","","","","0",""
"P91632","QAMAR MEDICAL PRACTICE","Y51","Q31","SEYMOUR GROVE HEALTH CTR","70 SEYMOUR GROVE","OLD TRAFFORD","MANCHESTER","","M16 0LW","20000717","20120930","C","B","5NR","20061001","20120930","0161 8488180","","","","0","","","","4",""
"P91634","BARRINGTON MEDICAL CENTRE","Y51","Q31","BARRINGTON ROAD MED. CTR.","68 BARRINGTON ROAD","ALTRINCHAM","CHESHIRE","","WA14 1JB","20020101","20120930","C","B","5NR","20061001","20120930","0161 9289621","","","","0","","","","0",""
"P91636","ASCOT HOUSE EPH","Y51","Q31","ASCOT AVENUE","SALE","CHESHIRE","","","M33 4GT","20021001","20120930","C","B","5NR","20061001","20120930","0161 9620996","","","","0","","","","0",""
"P92025","DR SJ SHAW'S PRACTICE","Y51","Q31","KINNARD HOUSE","CURTIS STREET","PEMBERTON","WIGAN","","WN5 9LB","19740401","20120930","C","B","5HG","20020401","20120930","01942 222304","","","","0","","","","0",""
"P92027","THE ASHTON SURGERY","Y51","Q31","233 WIGAN ROAD","BRYN","ASHTON-IN-MAKERFIELD","NR.WIGAN","","WN4 9SR","19740401","20120930","C","B","5HG","20020401","20120930","01942 481580","","","","0","","","","0",""
"P92032","DR MD TOLANEY'S PRACTICE","Y51","Q31","58 BOND STREET","","LEIGH","","","WN7 1BT","19740401","20120930","C","B","5HG","20020401","20120930","01942 673900","","","","0","","","","0",""
"P92043","DR RS KIRK'S PRACTICE","Y51","Q31","MARUS BRIDGE HEALTH CTR.","HIGHFIELD GRANGE AVENUE","MARUS BRIDGE","WIGAN","","WN3 6SU","19930101","20120930","C","B","5HG","20020401","20120930","01942 246099","","","","0","","","","0",""
"P92044","THE FAMILY PRACTICE","Y51","Q31","THE BRIDGEWATER MED CTR","HENRY STREET","LEIGH","","","WN7 2PE","20000605","20120930","C","B","5HG","20020401","20120930","01942 481830","","","","0","","","","0",""
"P92600","NO NAME HELD","Y08","QDA","140 WIGAN ROAD","BRYN","ASHTON-IN-MAKERFIELD","NR.WIGAN","","WN4 9ST","19740401","19960229","C","Z","","","","01942727269","","","","0","","","","0",""
"P92603","NO NAME HELD","Y08","QDA","91 BOLTON ROAD","ASHTON-IN-MAKERFIELD","NR.WIGAN","","","WN4 8AD","19740401","19950930","C","Z","","","","01942 727316","","","","0","","","","0",""
"P92604","DR CA XAVIER'S PRACTICE","Y51","Q31","230C NEWTON ROAD","LOWTON ST. MARY'S","NR. WARRINGTON","","","WA3 2AD","19740401","20120930","C","B","5HG","20020401","20120930","01942 605135","","","","0","","","","0",""
"P92608","NO NAME HELD","Y08","QDA","SEVEN BROOKS MEDICAL CTR.","CHURCH STREET","ATHERTON","","","M29 9DE","19740401","19950513","C","Z","","","","01942 882799","","","","0","","","","0",""
"P92609","NO NAME HELD","Y08","QDA","SEVEN BROOKS MEDICAL CTR.","CHURCH STREET","ATHERTON","MANCHESTER","","M29 9DE","19740401","19920430","C","Z","","","","","","","","0","","","","0",""
"P92611","GILL MS","Y51","Q31","TYLDESLEY HEALTH CENTRE","POPLAR STREET","TYLDESLEY","NR MANCHESTER","","M29 8AX","19740401","20120930","C","B","5HG","20020401","20120930","01942 881960","","","","0","","","","0",""
"P92612","DR A SINGH'S PRACTICE","Y51","Q31","32 MARKET STREET","ATHERTON","NR. MANCHESTER","","","M29 0DG","19740401","20120930","C","B","","20021001","20120930","01942 883417","","","","0","","","","0",""
"P92613","DR SC GUPTA'S PRACTICE","Y51","Q31","THE SURGERY","180 WALTHEW LANE","PLATT BRIDGE","WIGAN","","WN2 5AW","19740401","20120930","C","B","5HG","20020401","20120930","01942 866925","","","","0","","","","0",""
"P92614","NO NAME HELD","Y08","QDA","SEVEN BROOKS MEDICAL CTR.","CHURCH STREET","ATHERTON","MANCHESTER","","M29 9DE","19740401","19920430","C","Z","","","","","","","","0","","","","0",""
"P92617","NO NAME HELD","Y08","Q31","2-4 SHAKESPEARE GROVE","WORSLEY MESNES","WIGAN","","","WN3 5YA","19740401","19990331","C","B","","20021001","20021001","01942 241209","","","","0","","","","0",""
"P92618","DR SN MISRA'S PRACTICE","Y51","Q31","THE SURGERY","MORDEN AVENUE","ASHTON-IN-MAKERFIELD","NR. WIGAN","","WN4 9PT","19740401","20120930","C","B","5HG","20020401","20120930","01942 715667","","","","0","","","","0",""
"P92622","LOCUM FOR DR AS SAHNI CLOSED","Y51","Q31","THE SURGERY","3 FORMBY AVENUE","ATHERTON","MANCHESTER","","M46 0EX","19740401","20120930","C","B","5HG","20020401","20120930","01942 883044","","","","0","","","","0",""
"P92625","DR RR TANDON'S PRACTICE","Y51","Q31","210 ELLIOT STREET","TYLDESLEY","NR. MANCHESTER","","","M29 8DS","19851001","20120930","C","B","5HG","20020401","20120930","01942 891517","","","","0","","","","0",""
"P92627","NO NAME HELD","Y08","QDA","SILOAM MEDICAL CENTRE","95-97 RAILWAY ROAD","LEIGH","LANCASHIRE","","WN7 4AD","19740401","19940812","C","Z","","","","0942 608900","","","","0","","","","0",""
"P92628","NO NAME HELD","Y08","QDA","SEVEN BROOKS MEDICAL CTR.","CHURCH STREET","ATHERTON","MANCHESTER","","M29 9DE","19840401","19920430","C","Z","","","","","","","","0","","","","0",""
"P92629","NO NAME HELD","Y08","QDA","THE MEDICAL CENTRE","647 LIVERPOOL ROAD","PLATT BRIDGE","WIGAN","","WN2 5BD","19870105","19950630","C","Z","","","","","","","","0","","","","0",""
"P92638","NO NAME HELD","Y08","QDA","391A MANCHESTER ROAD","ASTLEY","NR.MANCHESTER","","","M29 7BY","19900219","19970331","C","Z","","","","","","","","0","","","","0",""
"P92640","NO NAME HELD","Y08","QDA","335 ORMSKIRK ROAD","PEMBERTON","WIGAN","LANCASHIRE","","WN5 9DL","19901201","19950409","C","Z","","","","","","","","0","","","","0",""
"P92641","DR SL GEOGHEGAN'S PRACTICE","Y51","Q31","BROOK MILL MEDICAL CENTRE","COLLEGE STREET","LEIGH","LANCASHIRE","","WN7 2RF","19920601","20120930","C","B","","20021001","20120930","01942 673188","","","","0","","","","0",""
"P92644","DR BB SARKER'S PRACTICE","Y51","Q31","JOHN STREET MEDICAL CTR","GOLBORNE","NR.WARRINGTON","","","WA3 3AS","19970401","20120930","C","B","5HG","20020401","20120930","01942 729009","","","","0","","","","0",""
"P92645","NO NAME HELD","Y08","QDA","BRYAN HOUSE","61 STANDISHGATE","WIGAN","","","WN1 1AH","19980401","19990331","C","Z","","","","01942 244000","","","","0","","","","0",""
"P92649","DR TM DALTON'S PRACTICE","Y51","Q31","2-4 SHAKESPEARE GROVE","WORSLEY MESNES","WIGAN","","","WN3 5YA","20000401","20120930","C","B","5HG","20020401","20120930","","","","","0","","","","0",""
"P92650","DR M PAL'S PRACTICE","Y51","Q31","MORDEN AVENUE SURGERY","MORDEN AVENUE","ASHTON-IN-MAKERFIELD","WIGAN, LANCASHIRE","","WN4 9PT","20000601","20120930","C","B","5HG","20020401","20120930","01942 715667","","","","0","","","","0",""
"W91012","NO NAME HELD","W00","QW4","THE CLINIC","ROWLEY'S DRIVE","SHOTTON DEESIDE","FLINTSHIRE","","CH5 1PU","19740401","19960331","C","Z","","","","01244 813383","","","","0","","","","0",""
"W91045","NO NAME HELD","W00","QW4","99 GRANGE ROAD","RHYL","DENBIGHSHIRE","","","LL18 4DA","19740401","19990331","C","Z","","","","01745 350666","","","","0","","","","0",""
"W91061","NO NAME HELD","W00","QW4","BRYNTIRION SURGERY","35 MELIDEN ROAD","PRESTATYN","CLWYD","","LL19 9SD","19920801","19941030","C","Z","","","","0745 852775","","","","0","","","","0",""
"W91603","NO NAME HELD","W00","QW4","100 CHURCH STREET","FLINT","CLWYD","","","CH5 4AQ","19740401","19930210","C","Z","","","","0352 733173","","","","0","","","","0",""
"W91611","NO NAME HELD","W00","QW4","BRYNTIRION SURGERY","35 MELIDEN ROAD","PRESTATYN","CLWYD","","LL19 9SD","19740401","19920731","C","Z","","","","0745 852775","","","","0","","","","0",""
"W91612","NO NAME HELD","W00","QW4","CLINIC","BEECH AVENUE","RHOS WREXHAM","CLWYD","","LL14 1AA","19740401","19960131","C","Z","","","","01978 840054","","","","0","","","","0",""
"W91613","NO NAME HELD","W00","QW4","GLASFRYN","LLANFAIRTALHAIARN","ABERGELE","ABERCONWY","","LL22 8SN","19740401","19980630","C","Z","","","","01745720253","","","","0","","","","0",""
"W91617","NO NAME HELD","W00","QW4","WERN SURGERY","BRON Y WERN","BAGILLT","CLWYD","","","19740401","19930405","C","Z","","","","","","","","0","","","","0",""
"W91621","NO NAME HELD","W00","QW4","ST MARKS DEE VIEW","CHURCH ST.","CONNAH'S QUAY","CLWYD","","CH5 4AD","19740401","19911231","C","Z","","","","","","","","0","","","","0",""
"W91630","NO NAME HELD","W00","QW4","RHOS SURGERY","46 RHOS ROAD","RHOS ON SEA","ABERCONWY","","LL28 4RS","19920101","19980219","C","Z","","","","01492 544089","","","","0","","","","0",""
"W91631","NO NAME HELD","W00","QW4","THE BRIDGE SURGERY","HEOL PENDERYST","TREVOR LLANGOLLEN","CLWYD","","LL20 7OD","19920801","19941231","C","Z","","","","","","","","0","","","","0",""
"W91697","NO NAME HELD","W00","QW4","CLWYD FHSA","TRINITY HOUSE,TRINITY ST","WREXHAM","CLWYD","","LL11 1NW","19951101","19980228","C","Z","","","","01352710529","","","","0","","","","0",""
"W91698","NO NAME HELD","W00","QW4","CLWYD FHSA","","","","","CF1 3PY","19910401","19950331","C","Z","","","","","","","","0","","","","0",""
"W92011","NO NAME HELD","W00","QW3","1 UPPER PARK STREET","LLANELLI","DYFED","","","SA15 3YN","19740401","19960731","C","Z","","","","01554773747","","","","0","","","","0",""
"W92020","NO NAME HELD","W00","QW3","THE MEDICAL CENTRE","19 HEOL LLANELLI","TRIMSARAN","DYFED","","SA17 4AG","19740401","19961231","C","Z","","","","01554 810223","","","","0","","","","0",""
"W92028","NO NAME HELD","W00","QW3","DELFRYN","NAPIER STREET","CARDIGAN","DYFED","","SA43 1ED","19740401","19930404","C","Z","","","","","","","","0","","","","0",""
"W92043","NO NAME HELD","W00","QW3","MEDDYGFA CWMAMMAN SURGERY","CWMAMMAN ROAD","GARNANT AMMANFORD","DYFED","","SA18 1NB","19740401","19930228","C","Z","","","","","","","","0","","","","0",""
"W92057","NO NAME HELD","W00","QW3","PLAS","NANTGAREDIG","CARMARTHEN","DYFED","","SA32 7NY","19880801","19910731","C","Z","","","","","","","","0","","","","0",""
"W92062","NO NAME HELD","W00","QW3","NEWPORT SURGERY","LONG STREET","NEWPORT PEMBROKESHIRE","DYFED","","SA42 0TJ","19910406","19970831","C","Z","","","","01239 820397","","","","0","","","","0",""
"W92435","NO NAME HELD","W00","QW3","DOLYCWRT SURGERY","WHITLAND","CARMARTHENSHIRE","DYFED","","SA34 0PZ","19970801","19990228","C","Z","","","","01994 240210","","","","0","","","","0",""
"W92439","NO NAME HELD","W00","QW3","NEYLAND HEALTH CENTRE","CHARLES STREET","NEYLAND","DYFED","","SA73 1SA","19981101","19981206","C","Z","","","","01646 600268","","","","0","","","","0",""
"W92605","NO NAME HELD","W00","QW3","DOLYCWRT","WHITLAND","DYFED","","","SA34 0PZ","19740401","19970731","C","Z","","","","01994 240210","","","","0","","","","0",""
"W92607","NO NAME HELD","W00","QW3","THE SURGERY","THE PITCH","ST. CLEARS","DYFED","","SA33 4DY","19740401","19910810","C","Z","","","","","","","","0","","","","0",""
"W92608","NO NAME HELD","W00","QW3","MEDICAL CENTRE","WINCH LANE","HAVERFORDWEST","DYFED","","SA61 1RN","19740401","19980930","C","Z","","","","01437 763693","","","","0","","","","0",""
"W92609","NO NAME HELD","W00","QW3","NEWPORT SURGERY","LONG STREET","NEWPORT PEMBROKESHIRE","DYFED","","SA42 0TJ","19740401","19910405","C","Z","","","","","","","","0","","","","0",""
"W92612","NO NAME HELD","W00","QW3","42 HIGH STREET","NEYLAND","DYFED","","","SA73 1TF","19740401","19921130","C","Z","","","","","","","","0","","","","0",""
"W92613","NO NAME HELD","W00","QW3","NEWPORT SURGERY","LONG STREET","NEWPORT PEMBROKESHIRE","DYFED","","SA42 0TJ","19740401","19920407","C","Z","","","","","","","","0","","","","0",""
"W92622","NO NAME HELD","W00","QW3","THE HEALTH CENTRE","OBSERVATORY AVENUE","HAKIN MILFORD HAVEN","DYFED","","SA73 3EU","19740401","19931206","C","Z","","","","","","","","0","","","","0",""
"W92623","NO NAME HELD","W00","QW3","THE SURGERY","ST JOHNS CLOSE","NEWCASTLE EMLYN","DYFED","","SA38 9EH","19740401","19920622","C","Z","","","","","","","","0","","","","0",""
"W92628","NO NAME HELD","W00","QW3","NEYLAND HEALTH CENTRE","CHARLES STREET","NEYLAND","DYFED","","SA73 1SA","19740401","19981031","C","Z","","","","01646 600268","","","","0","","","","0",""
"W92629","NO NAME HELD","W00","QW3","58 HIGH STREET","NEYLAND","","DYFED","","SA73 1TF","19740401","19921017","C","Z","","","","","","","","0","","","","0",""
"W92630","NO NAME HELD","W00","QW3","THE SURGERY","AMMAN VALLEY HOSPITAL","GLANAMAN","DYFED","","SA18 2BQ","19890101","19950331","C","Z","","","","","","","","0","","","","0",""
"W92637","NO NAME HELD","W00","QW3","68 HIGH STREET","NEYLAND","DYFED","","","SA73 1TF","19930302","19940505","C","Z","","","","","","","","0","","","","0",""
"W92638","NO NAME HELD","W00","QW3","DELFRYN","NAPIER STREET","CARDIGAN","DYFED","","SA43 1ED","19930405","19931201","C","Z","","","","","","","","0","","","","0",""
"W92639","NO NAME HELD","W00","QW3","ASHLEIGH SURGERY","NAPIER STREET","CARDIGAN CEREDIGION","DYFED","","SA43 1ED","19930405","19940831","C","Z","","","","","","","","0","","","","0",""
"W92640","NO NAME HELD","W00","QW3","THE HEALTH CENTRE","OBSERVATORY AVENUE","HAKIN MILFORD HAVEN","DYFED","","SA73 3EU","19931207","19960430","C","Z","","","","01646 693381","","","","0","","","","0",""
"W92698","NO NAME HELD","W00","QW3","DYFED FHSA","","","","","CF1 3PY","19910401","19950331","C","Z","","","","","","","","0","","","","0",""
"W93013","NO NAME HELD","W00","QW1","CASTELL CLINIC","STANLEY STREET","CWMFELINFACH","YNYSDDU","","NP11 7HF","19740401","19990930","C","B","6B2","19990401","19990930","01495 200343","","","","0","","","","0",""
"W93042","NO NAME HELD","W00","QW1","UNDERWOOD HEALTH CENTRE","BIRCH GROVE","LLANMARTIN NEWPORT","GWENT","","NP6 2HX","19740401","19980831","C","Z","","","","01633 413258","","","","0","","","","0",""
"W93060","NO NAME HELD","W00","QW1","RISCA SURGERY","CHURCH HOUSE FIELD","ST.MARY STREET RISCA","GWENT","","NP1 6YS","19740401","19950331","C","Z","","","","","","","","0","","","","0",""
"W93069","NO NAME HELD","W00","QW1","THE SURGERY","CROWN STREET","CRUMLIN NEWPORT","GWENT","","NP1 4PQ","19901122","19980331","C","Z","","","","01495 244633","","","","0","","","","0",""
"W93070","NO NAME HELD","W00","QW1","HEALTH CENTRE","BRIDGE STREET","EBBW VALE","GWENT","","NP3 6EY","19901201","19910630","C","Z","","","","","","","","0","","","","0",""
"W93074","NO NAME HELD","W00","QW1","38 CORPORATION ROAD","NEWPORT","GWENT","","","NP9 0AW","19920801","19970417","C","Z","","","","01633 258564","","","","0","","","","0",""
"W93118","NO NAME HELD","W00","QW1","KELVEDON CLINIC","5 KELVEDON STREET","NEWPORT","GWENT","","NP19 0DW","19970418","20000229","C","B","6B9","19990401","20000229","01633258564","","","","0","","","","0",""
"W93123","NO NAME HELD","W00","QW1","UNDERWOOD HEALTH CENTRE","BIRCHGROVE","LLANMARTIN","NEWPORT","","NP6 2HX","19980901","19990228","C","Z","","","","01633 413258","","","","0","","","","0",""
"W93124","NO NAME HELD","W00","QW1","PONTNEWYNYDD CLINIC","MILL ROAD","PONTNEWYNYDD PONTYPOOL","GWENT","","NP4 6NG","19981113","20000731","C","Z","","","","01495752115","","","","0","","","","0",""
"W93130","NO NAME HELD","W00","QW1","CASTELL CLINIC","STANLEY STREET","CWMFELINFACH","YNYSDDU","","NP11 7HB","19990701","20000229","C","Z","","","","01495 200343","","","","0","","","","0",""
"W93600","NO NAME HELD","W00","QW1","HEALTH CENTRE","","ABERTILLERY","GWENT","","NP3 1UJ","19740401","19910401","C","Z","","","","","","","","0","","","","0",""
"W93601","NO NAME HELD","W00","QW1","ROSEMODERIS COTTAGE","GARNDIFFAITH","PONTYPOOL","GWENT","","NP4 8TY","19740401","19910401","C","Z","","","","","","","","0","","","","0",""
"W93602","NO NAME HELD","W00","QW1","35 HIGHFIELD","GOYTRE","PONTYPOOL","GWENT","","NP4 0BH","19740401","19930704","C","Z","","","","","","","","0","","","","0",""
"W93603","NO NAME HELD","W00","QW1","CENTRAL SURGERY","NORTH STREET","NEWPORT","GWENT","","NP9 1HX","19740401","19970331","C","Z","","","","01633 216320","","","","0","","","","0",""
"W93605","NO NAME HELD","W00","QW1","HEALTH CENTRE","PENGAM","BLACKWOOD","GWENT","","NP2 1XS","19740401","19930630","C","Z","","","","","","","","0","","","","0",""
"W93606","NO NAME HELD","W00","QW1","THE HEALTH CENTRE","CHEPSTOW ROAD","RAGLAN","GWENT","","NP5 2EN","19740401","19960331","C","Z","","","","01291 690222","","","","0","","","","0",""
"W93612","NO NAME HELD","W00","QW1","15 ALMA STREET","","BRYNMAWR","GWENT","","NP3 4DZ","19740401","19910630","C","Z","","","","","","","","0","","","","0",""
"W93616","NO NAME HELD","W00","QW1","TY GWYN","DIXTON ROAD","MONMOUTH","GWENT","","NP5 3PL","19740401","19920229","C","Z","","","","","","","","0","","","","0",""
"W93617","NO NAME HELD","W00","QW1","27 CHESTNUT GREEN","UPPER CWMBRAN","GWENT","","","NP44 5TH","19740401","19990801","C","B","6C3","19990401","19990801","01633 482248","","","","0","","","","0",""
"W93618","NO NAME HELD","W00","QW1","PONTNEWYNYDD CLINIC","MILL ROAD","PONTNEWYNYDD PONTYPOOL","GWENT","","NP4 6NG","19740401","19981112","C","Z","","","","01495 752115","","","","0","","","","0",""
"W93624","NO NAME HELD","W00","QW1","ST.BRIDES MEDICAL CENTRE","TREDEGAR HOUSE DRIVE","DUFFRYN NEWPORT","GWENT","","NP1 9UX","19740401","19960630","C","Z","","","","01633 815161","","","","0","","","","0",""
"W93627","NO NAME HELD","W00","QW1","HEALTH CENTRE","BETTWS","NEWPORT","GWENT","","NP9 6DB","19740401","19971231","C","Z","","","","01633 850288","","","","0","","","","0",""
"W93632","NO NAME HELD","W00","QW1","HEALTH CENTRE","BRIDGE STREET","EBBW VALE","GWENT","","NP3 6EY","19900501","19920630","C","Z","","","","","","","","0","","","","0",""
"W93634","NO NAME HELD","W00","QW1","HEALTH CENTRE","STATION HILL","ABERTILLERY","GWENT","","NP3 1UJ","19901202","19920331","C","Z","","","","","","","","0","","","","0",""
"W93635","NO NAME HELD","W00","QW1","HEALTH CENTRE","STATION HILL","ABERTILLERY","GWENT","","NP3 1UJ","19901202","19941031","C","Z","","","","","","","","0","","","","0",""
"W93636","NO NAME HELD","W00","QW1","HEALTH CENTRE","PARK ROW","TREDEGAR","GWENT","","NP2 3XP","19901106","19920111","C","Z","","","","","","","","0","","","","0",""
"W93637","NO NAME HELD","W00","QW1","GLAN YR AVON SURGERY","SHOP ROW","TREDEGAR","GWENT","","NP2 4LB","19901106","19960630","C","Z","","","","01495 722630","","","","0","","","","0",""
"W93639","NO NAME HELD","W00","QW1","38 CORPORATION ROAD","NEWPORT","GWENT","","","NP9 0AW","19911101","19920731","C","Z","","","","","","","","0","","","","0",""
"W93641","NO NAME HELD","W00","QW1","HEALTH CENTRE","CANNING STREET","CWM EBBW VALE","GWENT","","NP3 6RW","19930809","19980131","C","Z","","","","01495 370230","","","","0","","","","0",""
"W93644","NO NAME HELD","W00","QW1","THE SURGERY","STATION ROAD","BLAINA","GWENT","","NP3 3BW","19931030","19950331","C","Z","","","","","","","","0","","","","0",""
"W93693","NO NAME HELD","W00","QW1","HEALTH CENTRE","CWM","EBBW VALE","GWENT","","NP1 6RW","19960114","19960414","C","Z","","","","01495 370230","","","","0","","","","0",""
"W93694","NO NAME HELD","W00","QW1","THE SURGERY","STATION ROAD","BLAINA","GWENT","","NP3 3BW","19960101","19960430","C","Z","","","","01495 290325","","","","0","","","","0",""
"W93695","NO NAME HELD","W00","QW1","HEALTH CENTRE","FORD ROAD","PENGAM BLACKWOOD","GWENT","","NP2 1XS","19930701","19930808","C","Z","","","","","","","","0","","","","0",""
"W93696","NO NAME HELD","W00","QW1","HEALTH CENTRE","STATION HILL","ABERTILLERY","GWENT","","OO00 0OO","19930531","19940531","C","Z","","","","0495 320042","","","","0","","","","0",""
"W93697","NO NAME HELD","W00","QW1","HEALTH CENTRE","CWM","EBBW VALE","GWENT","","NP1 6RW","19930401","19930808","C","Z","","","","0495 370230","","","","0","","","","0",""
"W94013","NO NAME HELD","W00","QW4","HEALTH SERVICES UNIT","UPPER ALA ROAD","PWLLHELI","GWYNEDD","","LL53 5RE","19740401","19960805","C","Z","","","","01758701535","","","","0","","","","0",""
"W94044","NO NAME HELD","W00","QW4","GARTH","ABERSOCH","GWYNEDD","","","","19891107","19921231","C","Z","","","","","","","","0","","","","0",""
"W94045","NO NAME HELD","W00","QW4","BERWYN","PORTHDAFARCH ROAD","KINGSLAND HOLYHEAD","YNYS MON","","LL65 2SA","19930501","19990401","C","B","6B1","19990401","19990401","01407 765567","","","","0","","","","0",""
"W94602","NO NAME HELD","W00","QW4","BRYNMEILLION","HARLECH","GWYNEDD","","","LL46 2SW","19740401","19990331","C","Z","","","","01766 780232","","","","0","","","","0",""
"W94603","NO NAME HELD","W00","QW4","CASTELLFRYN SURGERY","STAR","GAERWEN","YNYS MON","","LL60 6AS","19740401","19980930","C","Z","","","","01248 714533","","","","0","","","","0",""
"W94604","NO NAME HELD","W00","QW4","BERWYN","PORTHDAFARCH ROAD","KINGSLAND HOLYHEAD","GWYNEDD","","LL65 2SA","19740401","19930430","C","Z","","","","","","","","0","","","","0",""
"W94608","NO NAME HELD","W00","QW4","WINDSOR HOUSE","9 MADOC TERRACE","GYFFIN CONWY","GWYNEDD","","LL32 8NA","19740401","19930207","C","Z","","","","","","","","0","","","","0",""
"W94613","NO NAME HELD","W00","QW4","WINDSOR HOUSE","9 MADOC TERRACE","GYFFIN CONWY","GWYNEDD","","LL32 8NA","19930301","19960204","C","Z","","","","01492 596381","","","","0","","","","0",""
"W94616","NO NAME HELD","W00","QW4","NEVAH WEN","BENLLECH","","GWYNEDD","","","19891010","19910731","C","Z","","","","","","","","0","","","","0",""
"W94617","NO NAME HELD","W00","QW4","BRYN Y DON SURGERY","BENLLECH","GWYNEDD","","","LL74 8TG","19891010","19950208","C","Z","","","","0248 853029","","","","0","","","","0",""
"W94619","NO NAME HELD","W00","QW4","BODAWEL","LONDON ROAD","GWALCHMAI","GWYNEDD","","LL65 4SP","19910306","19920905","C","Z","","","","","","","","0","","","","0",""
"W94620","NO NAME HELD","W00","QW4","THE HEALTH CENTRE","CRICCIETH","GWYNEDD","","","LL52 0RR","19931101","19950731","C","Z","","","","","","","","0","","","","0",""
"W94698","NO NAME HELD","W00","QW4","GWYNEDD FHSA","","","","","CF1 3PY","19910401","19950331","C","Z","","","","","","","","0","","","","0",""
"W95003","NO NAME HELD","W00","QW1","RHYMNET HEALTH CENTRE","VICTORIA ROAD","RHYMNEY","MID GLAMORGAN","","NP2 5NU","19740401","19950331","C","Z","","","","","","","","0","","","","0",""
"W95040","NO NAME HELD","W00","QW2","THE HOLLIES HEALTH CENTRE","MERTHYR TYDFIL","MID GLAMORGAN","","","","19740401","19920630","C","Z","","","","","","","","0","","","","0",""
"W95085","NO NAME HELD","W00","QW2","THE HOLLIES HEALTH CENTRE","SWAN STREET","MERTHYR TYDFIL","MID GLAMORGAN","","CF47 0AY","19910201","20000331","C","B","6B8","19990401","20000331","01685 721344","","","","0","","","","0",""
"W95088","NO NAME HELD","W00","QW2","THE BROOKSIDE SURGERY","25 BRIDGE STREET","TROEDYRHIW","MID GLAMORGAN","","CF48 4DT","19910702","19951016","C","Z","","","","","","","","0","","","","0",""
"W95090","NO NAME HELD","W00","QW2","THE SURGERY","STUART STREET","PONTLOTTYN","MID-GLAMORGAN","","CF8 9QE","19920101","19970831","C","Z","","","","01685 841356","","","","0","","","","0",""
"W95289","NO NAME HELD","W00","QW2","COMMUNITY HEALTH CENTRE","RHIGOS","MID GLAMORGAN","","","CF44 8LY","19960801","19980831","C","Z","","","","01685872504","","","","0","","","","0",""
"W95601","NO NAME HELD","W00","QW5","36 VICTORIA AVENUE","PORTHCAWL","MID GLAMORGAN","","","","19740401","19921001","C","Z","","","","01656 783349","","","","0","","","","0",""
"W95606","NO NAME HELD","W00","QW1","128 BAILEY STREET","DERI","BARGOED","MID-GLAMORGAN","","CF8 9HX","19740401","19910930","C","Z","","","","","","","","0","","","","0",""
"W95608","NO NAME HELD","W00","QW2","THE HEALTH CENTRE","GELLIARAREL ROAD","GILFACH GOCH","MID GLAMORGAN","","CF39 8TD","19740401","20000331","C","B","6A9","19990401","20000331","01443 672209","","","","0","","","","0",""
"W95609","NO NAME HELD","W00","QW1","THE SURGERY","STUART STREET","PONTLOTTYN","MID GLAMORGAN","","","19740401","19911231","C","Z","","","","","","","","0","","","","0",""
"W95612","NO NAME HELD","W00","QW2","HEALTH CENTRE","BRIDGE STREET","PONTYPRIDD","MID GLAMORGAN","","CF37 4PF","19740401","19931031","C","Z","","","","","","","","0","","","","0",""
"W95613","NO NAME HELD","W00","QW2","69 MILL STREET","TRECYNON","TROED-Y-BRYN, RHIGOS","MID GLAMORGAN","","","19740401","19910630","C","Z","","","","","","","","0","","","","0",""
"W95616","NO NAME HELD","W00","QW2","THE BROOKSIDE SURGERY","25 BRIDGE STREET","TROEDYRHIW","MID GLAMORGAN","","","19740401","19910828","C","Z","","","","","","","","0","","","","0",""
"W95617","NO NAME HELD","W00","QW2","THE HEALTH CENTRE","GILFACH GOCH","MID GLAMORGAN","","","CF39 8SY","19740401","19970831","C","Z","","","","01443 672622","","","","0","","","","0",""
"W95620","NO NAME HELD","W00","QW2","THE SURGERY","13 OAKLAND STREET","BEDLINOG","","","CF46 6TE","19740401","19961231","C","Z","","","","01443 78586","","","","0","","","","0",""
"W95625","NO NAME HELD","W00","QW1","HEALTH CENTRE","ELLIOTSTOWN","NEW TREDEGAR","MID GLAMORGAN","","NP2 6DP","19740401","19911031","C","Z","","","","","","","","0","","","","0",""
"W95627","NO NAME HELD","W00","QW2","209 PARC ROAD","CWMPARC","RHONDDA","MID GLAMORGAN","","CF42 6LD","19740401","19950331","C","Z","","","","","","","","0","","","","0",""
"W95632","NO NAME HELD","W00","QW2","1 MAENDY PLACE","WEATHERALL STREET","ABERDARE","MID GLAMORGAN","","","19881101","19910630","C","Z","","","","","","","","0","","","","0",""
"W95637","NO NAME HELD","W00","QW1","THE LANSBURY SURGERY","WEDGEWOOD COURT","LANSBURY PARK CAERPHILLY","MID GLAMORGAN","","","19910201","19920731","C","Z","","","","","","","","0","","","","0",""
"W95639","NO NAME HELD","W00","QW2","69 MILL STREET","TRECYNON","TROED-Y-BRYN RHIGOS","MID-GLAMORGAN","","","19910701","19910912","C","Z","","","","","","","","0","","","","0",""
"W95640","NO NAME HELD","W00","QW2","THE HOLLIES HEALTH CENTRE","SWAN STREET","MERTHYR TYDFIL","MID GLAMORGAN","","CF47 1UA","19920701","19980131","C","Z","","","","01685 722884","","","","0","","","","0",""
"W95644","NO NAME HELD","W00","QW2","THE SURGERY","PENRHYS","FERNDALE RHONDDA","MID GLAMORGAN","","OO00 0OO","19931001","19960930","C","Z","","","","","","","","0","","","","0",""
"W95698","NO NAME HELD","W00","QW2","MID GLAM FHSA","","","","","CF1 3PY","19910401","19950331","C","Z","","","","","","","","0","","","","0",""
"W96008","NO NAME HELD","W00","QW3","ERW VANE SURGERY","PENYBONT ROAD","KNIGHTON","POWYS","","LD7 1HB","19740401","19990331","C","Z","","","","01547 528330","","","","0","","","","0",""
"W96018","NO NAME HELD","W00","QW3","THE SURGERY","HARPERS LANE","PRESTEIGNE","POWYS","","LD8 2AN","19881101","19980630","C","Z","","","","01544 267985","","","","0","","","","0",""
"W96698","NO NAME HELD","W00","QW3","POWYS FHSA","","","","","CF1 3PY","19910401","19950331","C","Z","","","","","","","","0","","","","0",""
"W96699","NO NAME HELD","W00","QW3","DEPUTISING SERVICES","POWYS","","","","","19910401","19950331","C","Z","","","","","","","","0","","","","0",""
"W97012","NO NAME HELD","W00","QW2","LLANGENNITH","37 GABALFA AVENUE","CARDIFF","SOUTH GLAMORGAN","","CF4 2XA","19740401","19960531","C","Z","","","","01222522811","","","","0","","","","0",""
"W97035","NO NAME HELD","W00","QW2","THE SURGERY","CAERAU LANE     ELY","CARDIFF","SOUTH GLAMORGAN","","CF5 5HJ","19740401","19910721","C","Z","","","","","","","","0","","","","0",""
"W97043","NO NAME HELD","W00","QW2","23 BLENHEIM ROAD","PENYLAN","CARDIFF","SOUTH GLAMORGAN","","CF2 5DS","19740401","19940301","C","Z","","","","0222 485864","","","","0","","","","0",""
"W97603","NO NAME HELD","W00","QW2","429 BALL ROAD","LLANRUMNEY","CARDIFF","SOUTH GLAMORGAN","","CF3 9NT","19740401","19990430","C","B","6A8","19990401","19990430","01222 777515","","","","0","","","","0",""
"W97613","NO NAME HELD","W00","QW2","PENTWYN HEALTH CENTRE","BRYNHEULOG,PENTWYN","CARDIFF","SOUTH GLAMORGAN","","CF4 2DE","19740401","19910810","C","Z","","","","0222 736344","","","","0","","","","0",""
"W97621","NO NAME HELD","W00","QW2","182 CYNCOED ROAD","CARDIFF","SOUTH GLAMORGAN","","","CF2 6BQ","19900801","19920705","C","Z","","","","0222 755544","","","","0","","","","0",""
"W97626","NO NAME HELD","W00","QW2","WILLOWBROOK SURGERY","24 JASMINE DRIVE","ST.MELLONS CARDIFF","SOUTH GLAMORGAN","","CF3 0JD","19921001","19940531","C","Z","","","","","","","","0","","","","0",""
"W97698","NO NAME HELD","W00","QW2","SOUTH GLAM FHSA","","","","","CF1 3PY","19910401","19950331","C","Z","","","","","","","","0","","","","0",""
"W97699","NO NAME HELD","W00","QW2","DEPUTISING SERVICES","SOUTH-GLAMORGAN","","","","","19910401","19950331","C","Z","","","","","","","","0","","","","0",""
"W98011","NO NAME HELD","W00","QW5","THE HEALTH CENTRE","WATER ST  ABERAVON","PORT TALBOT","WEST GLAMORGAN","","SA12 6LH","19740401","19911031","C","Z","","","","94  891409","","","","0","","","","0",""
"W98014","NO NAME HELD","W00","QW5","125 PORT TENNANT ROAD","PORT TENNANT","SWANSEA","WEST GLAMORGAN","","SA1 8JN","19740401","19921109","C","Z","","","","","","","","0","","","","0",""
"W98025","NO NAME HELD","W00","QW5","THE SURGERY","GRAIG ROAD","GWAUN-CAE-GURWEN","AMMANFORD   DYFED","","SA18 1EG","19740401","19910407","C","Z","","","","96  822231","","","","0","","","","0",""
"W98037","NO NAME HELD","W00","QW5","MEDICAL CENTRE","QUEENS ROAD","SKEWEN   SWANSEA","WEST GLAMORGAN","","SA10 6UH","19740401","19921231","C","Z","","","","","","","","0","","","","0",""
"W98054","NO NAME HELD","W00","QW5","THE SURGERY","GRAIG ROAD","GWAUN CAE GURWEN","","","SA18 1EG","19910728","19990331","C","Z","","","","01269822231","","","","0","","","","0",""
"W98600","NO NAME HELD","W00","QW5","THE HEALTH CENTRE","PENCLAWDD","SWANSEA","WEST GLAMORGAN","","SA4 3YN","19740401","19951016","C","Z","","","","01792850311","","","","0","","","","0",""
"W98604","NO NAME HELD","W00","QW5","THE HEALTH CENTRE","CWMAVON","WEST GLAMORGAN","","","SA12 9TN","19740401","19990228","C","Z","","","","01639896244","","","","0","","","","0",""
"W98605","NO NAME HELD","W00","QW5","83 GWILYM ROAD","CWMLLYNFELL","SWANSEA","WEST-GLAMORGAN","","SA9 2GU","19740401","19920331","C","Z","","","","  830925","","","","0","","","","0",""
"W98606","NO NAME HELD","W00","QW5","42 BRYN ROAD","BRYNMILL","SWANSEA","WEST GLAMORGAN","","SA2 0AP","19740401","20000331","C","B","6A6","19990401","20000331","01792456056","","","","0","","","","0",""
"W98607","NO NAME HELD","W00","QW5","51 MANSEL STREET","SWANSEA","WEST GLAMORGAN","","","SA1 5TE","19740401","19940930","C","Z","","","","0792 457474","","","","0","","","","0",""
"W98614","NO NAME HELD","W00","QW5","HEALTH CENTRE","ABERAVON","PORT TALBOT","WEST-GLAMORGAN","","SA12 6LH","19740401","19921031","C","Z","","","","94  891429","","","","0","","","","0",""
"W98615","NO NAME HELD","W00","QW5","MEDICAL CENTRE","UNIVERSITY COLLEGE","SINGLETON PARK","SWANSEA  WEST GLAMORGAN","","SA2 8PX","19740401","19910630","C","Z","","","","","","","","0","","","","0",""
"W98617","NO NAME HELD","W00","QW5","KINGS ROAD SURGERY","2 KINGS ROAD","MUMBLES","SWANSEA  WEST GLAMORGAN","","SA3 4AJ","19740401","19910731","C","Z","","","","","","","","0","","","","0",""
"W98620","NO NAME HELD","W00","QW5","THE SURGERY","CWMLLYNFELL","SWANSEA","WEST GLAMORGAN","","SA9 2FJ","19880401","19930930","C","Z","","","","","","","","0","","","","0",""
"W98622","NO NAME HELD","W00","QW5","37 COMMERCIAL ROAD","TAIBACH","PORT TALBOT","WEST GLAMORGAN","","SA13 1LN","19910101","19980630","C","Z","","","","01639899677","","","","0","","","","0",""
"W98623","NO NAME HELD","W00","QW5","PORT TENNANT SURGERY","125 PORT TENNANT ROAD","PORT TENNANT SWANSEA","WEST GLAMORGAN","","SA1 8JN","19921110","19930331","C","Z","","","","","","","","0","","","","0",""
"W98624","NO NAME HELD","W00","QW5","CIMLA COMMUNITY CENTRE","AFAN VALLEY ROAD","CIMLA NEATH","WEST GLAMORGAN","","OO00 0OO","19930524","19940520","C","Z","","","","0639 634100","","","","0","","","","0",""
"W98625","NO NAME HELD","W00","QW5","THE POPLARS SURGERY","28 VIVIAN PARK DRIVE","PORT TALBOT","WEST GLAMORGAN","","SA12 6RT","19930901","19991030","C","B","6A5","19990401","19991030","01639890730","","","","0","","","","0",""
"W98699","NO NAME HELD","W00","QW5","DEPUTISING SERVICES","WEST-GLAMORGAN","","","","","19910401","19950331","C","Z","","","","","","","","0","","","","0",""
"Y00015","BLACKPOOL WIC","Y51","Q31","26 TALBOT ROAD","","BLACKPOOL","","","FY1 1LF","20030401","20120930","C","B","5HP","20030401","20120930","01253 655871","","","","0","","","","1",""
"Y00018","NYED (HEDON ROTA)","Y51","Q32","MONKGATE HEALTH CENTRE","31 MONKGATE","","YORK","","YO31 7WA","20030401","20120930","C","B","5NW","20061001","20120930","01904 621621","","","","0","","","","0",""
"Y00021","MUSEUM PRACTICE","Y53","Q36","THE MUSEUM PRACTICE","58 GREAT RUSSELL STREET","LONDON","","","WC1B 3BA","20030401","20120930","C","B","5LC","20030401","20120930","020 74052739","","","","0","","","","0",""
"Y00022","THE BRAMLEY ROAD SURGERY","Y53","Q36","THE BRAMLEY ROAD SURGERY","2 BRAMLEY ROAD","EALING","LONDON","","W5 4SS","20030401","20120930","C","B","5HX","20030401","20120930","020 85790165","","","","0","","","","4",""
"Y00024","CHARTERS PRIMARY CARE","Y51","Q34","ST PETERS PLACE","CALEDONIAN","GLASCOTE HEATH","TAMWORTH","","B77 2ED","20030501","20120930","C","B","5PK","20061001","20120930","01827 284895","","","","0","","","","0",""
"Y00027","BODLEY HOUSE","Y52","Q39","WAYSIDE CRESCENT","WHIPTON","EXETER","DEVON","","EX1 3LF","20030401","20130331","C","B","5QQ","20061001","20130331","01392 467411","","","","0","","","","0",""
"Y00029","BROCKLEBANK TRANS.CARE UNIT","Y53","Q36","BROCKLEBANK LODGE","RESIDENTIAL HOME","369 BECONTREE AVENUE","DAGENHAM","","RM8 3BX","20030324","20120930","C","B","5C2","20030324","20120930","020 82706546","","","","0","","","","0",""
"Y00032","MELLING SURGERY","Y51","Q31","82 WADDICAR LANE","MELLING","LIVERPOOL","MERSEYSIDE","","L31 1DY","20030201","20120930","C","B","5NJ","20061001","20120930","0151 5491583","","","","0","","","","0",""
"Y00034","THE VILLAGE SURGERY FORMBY","Y51","Q31","THE VILLAGE SURGERY","ELBOW LANE","FORMBY","MERSEYSIDE","","L37 4AW","20030315","20120930","C","B","5NJ","20061001","20120930","01704 878661","","","","0","","","","0",""
"Y00037","SUBSTANCE MISUSE PROJECT","Y52","Q39","HEALTHY LIVING CENTRE","HESTERS WAY RESOURCE CTR.","CASSIN WAY","CHELTENHAM, GLOS.","","GL51 7SU","20030401","20120930","C","B","5QH","20061001","20120930","01242 521319","","","","0","","","","0",""
"Y00038","NEW FUTURES PRIMARY HEALTH CARE SERVICE","Y51","Q33","NEW FUTURES PROJECT","PO BOX 7113","LEICESTER","","","LE2 0YQ","20030401","20120930","C","B","5PC","20061001","20120930","0116 2559696","","","","0","","","","0",""
"Y00040","HIGH STREET MEDICAL PRACTICE","Y51","Q34","N/CASTLE HIGH ST MED PRCT","5-9 HIGH STREET","NEWCASTLE-UNDER-LYME","STAFFORDSHIRE","","ST5 1RB","20030401","20120930","C","B","5PH","20061001","20120930","01782 427462","","","","0","","","","0",""
"Y00041","THE VILLAGE SURGERY","Y51","Q33","THE VILLAGE SURGERY","108 VICTORIA ROAD","PINXTON","NOTTINGHAMSHIRE","","NG16 6NH","20030401","20120930","C","B","5N6","20061001","20120930","01773 810207","","","","0","","","","0",""
"Y00046","DUIGNAN MA","Y52","Q39","JULIAN HOUSE","MANVERS STREET","BATH","","","BA1 1JW","20030401","20120930","C","B","5FL","20030401","20120930","01225 311991","","","","0","","","","0",""
"Y00047","LOCUM FOR DR BAIRD","Y53","Q36","FIVE ELMS HEALTH CENTRE","FIVE ELMS ROAD","DAGENHAM","ESSEX","","RM9 5TT","20030401","20120930","C","B","5C2","20030401","20120930","020 85171175","","","","0","","","","0",""
"Y00051","RAPID RESPONSE TEAM","Y52","Q38","A LEVEL, R.S.H HOSPITAL","BRINTONS TERRACE","SOUTHAMPTON","HAMPSHIRE","","SO14 0YG","20030401","20130331","C","B","5L1","20030401","20130331","02380 716724","","","","0","","","","0",""
"Y00055","CONTRACEPTION AND SEXUAL HEALTH","Y51","Q30","NORTH ORMESBY HTH VILLAGE","11A TRINITY MEWS","NTH ORMESBY,MIDDLESBROUGH","","","TS3 6AL","20030401","20120930","C","B","5KM","20030401","20120930","01642 459583","","","","0","","","","0",""
"Y00059","NEWDOCS","Y52","Q38","NEWDOCS LTD","","HAMPTON ROAD","NEWBURY","","RG14 6LT","20030401","20120930","C","B","5QF","20061001","20120930","01635 551757","","","","0","","","","0",""
"Y00062","GALVANI PRACTICE","Y51","Q30","CARTER BEQUEST HOSPITAL","","CAMBRIDGE ROAD","MIDDLESBROUGH","","TS5 5NH","20030401","20120930","C","B","5KM","20030401","20120930","01642 283217","","","","0","","","","0",""
"Y00063","SAME DAY TREATMENT","Y52","Q37","QUAYSIDE CLINIC","QUAYSIDE HOUSE","CHATHAM MARITIME","KENT","","ME4 4UH","20030501","20120930","C","B","5L3","20030501","20120930","01634 891835","","","","0","","","","0",""
"Y00064","ENTERAL FEEDS SERVICE","Y52","Q37","TRUST HEADQURTERS","7-8 AMBLEY GREEN","GILLINGHAM BUSINESS PARK","KENT","","ME8 0NJ","20030501","20120930","C","B","5L3","20030501","20120930","01634 382760","","","","0","","","","0",""
"Y00066","PRIMECARE","Y51","Q33","CLINTON HOUSE","2/4 CLINTON TERRACE","DERBY ROAD","NOTTINGHAM","","NG7 1LY","20030401","20120930","C","B","5N8","20061001","20120930","0115 9859426","","","","0","","","","0",""
"Y00067","ST. BARTHOLEMEW'S MEDICAL CENTRE","Y52","Q38","ST.BARTHOLOMEWS MED.CTR.","MANZIL WAY","OXFORD","","","OX4 1XB","20030501","20120930","C","B","5QE","20061001","20120930","01865 254860","","","","0","","","","2",""
"Y00072","PRIMECARE","Y52","Q39","C/O CUMBERLAND CENTRE","DAMEREL CLOSE","OFF MADEN ROAD","PLYMOUTH","","PL1 4JZ","20030401","20120930","C","B","5F1","20030401","20120930","01752 568552","","","","0","","","","0",""
"Y00077","DIABETES INTERMEDIATE CLINIC","Y51","Q34","PAK HEALTH CENTRE","38 ALUM ROCK ROAD","ALUM ROCK, BIRMINGHAM","","","B8 3DZ","20030430","20120930","C","B","5PG","20061001","20120930","0121 3273926","","","","0","","","","0",""
"Y00085","GOOD HOPE MEDICAL CENTRE","Y51","Q34","GOOD HOPE MEDICAL CENTRE","DUNNING ST. HEALTH CENTRE","DUNNING STREET, TUNSTALL","STOKE-ON-TRENT","","ST6 5AP","20030601","20120930","C","B","5PJ","20061001","20120930","01782 425837","","","","0","","","","0",""
"Y00086","CONFIDENTIAL ADVICE SERVICE","Y51","Q31","ST GEORGE'S MEDICAL CTR","FIELD ROAD","NEW BRIGHTON","WALLASEY","","CH45 5LN","20030501","20120930","C","B","5NK","20061001","20120930","0151 6302080","","","","0","","","","0",""
"Y00087","BLUEBELLS SURGERY","Y51","Q35","BLUEBELLS SURGERY","DARENTH LANE","SOUTH OCKENDON","","","RM15 4AD","20030519","20120930","C","B","5PY","20061001","20120930","0844 4778675","","","","0","","","","0",""
"Y00088","THE VICTORIA ROAD MEDICAL PRACTICE","Y51","Q35","10 VICTORIA ROAD","BEDFORD","","","","MK42 0DL","20030701","20120930","C","B","5P2","20061001","20120930","01234 353966","","","","0","","","","0",""
"Y00089","POPLAR ROAD HEALTH CENTRE","Y51","Q34","POPLAR ROAD HEALTH CENTRE","58 POPLAR ROAD","KINGS HEATH","BIRMINGHAM","","B14 7AG","20030501","20130331","C","B","5M1","20030501","20130331","0121 4416300","","","","0","","","","0",""
"Y00093","BRADWELL HALL NURSING HOME","Y51","Q34","BRADWELL HALL FARM","BRADWELL","NEWCASTLE-UNDER-LYME","STAFFORDSHIRE","","ST5 8RQ","20030601","20120930","C","B","5PH","20061001","20120930","01782 636935","","","","0","","","","0",""
"Y00098","GPSI DERMATOLOGY - LEYLANDS","Y51","Q32","LEYLAND MEDICAL CENTRE","81 LEYLAND LAND","HEATON, BRADFORD","WEST YORKSHIRE","","BD9 5PZ","20030501","20120930","C","B","5NY","20061001","20120930","01274 770771","","","","0","","","","0",""
"Y00101","SORTED","Y52","Q39","EASTCLIFF CENTRE","DAWLISH ROAD","TEIGNMOUTH","DEVON","","TQ14 8TE","20030602","20120930","C","B","5QQ","20061001","20120930","01626 774532","","","","0","","","","0",""
"Y00103","DR MAQ JAMIL'S PRACTICE","Y53","Q36","WALDRON HEALTH CENTRE","STANLEY STREET","LONDON","","","SE8 4BG","20030501","20120930","C","B","5LF","20030501","20120930","020 86923152","","","","0","","","","0",""
"Y00104","SPECIAL ALLOCATION SCHEME 1","Y51","Q35","SUFFOLK HOUSE","104 BAXTER AVENUE","SOUTHEND ON SEA","ESSEX","","SS2 6HZ","20030401","20120930","C","B","5P1","20061001","20120930","01702 351398","","","","0","","","","0",""
"Y00109","GP SPECIALIST INTEREST SERVICE","Y52","Q38","OXFORD ROAD","","BANBURY","OXFORDSHIRE","","RG1 8NQ","20030501","20120930","C","B","5QE","20061001","20120930","0118 9183333","","","","0","","","","0",""
"Y00112","SURESTART","Y51","Q33","ARNBROOK CHILDREN'S CTR.","HOME CLOSE","ARNOLD, NOTTINGHAM","","","NG5 8NE","20030701","20120930","C","B","5N8","20061001","20120930","0115 9931476","","","","0","","","","0",""
"Y00113","EAST LEEDS COMBINED COPD CLIN","Y51","Q32","EAST LEEDS PCT","OAKTREE HOUSE","408 OAKWOOD LANE","LEEDS","","LS8 3LG","20030701","20120930","C","B","5N1","20061001","20120930","0113 3059521","","","","0","","","","0",""
"Y00114","STONE-CLOSE-SURGERY","Y53","Q36","39 STONE CLOSE","DAGENHAM","ESSEX","","","RM8 3BT","20030701","20120930","C","B","5C2","20030701","20120930","020 85921955","","","","0","","","","0",""
"Y00115","GYNAE CLINIC","Y51","Q35","CHESHUNT COMMUNITY HPL","KING ARTHUR COURT","CHESHUNT","HERTFORDSHIRE","","EN8 8XE","20030601","20120930","C","B","5QV","20100401","20120930","01992 622157","","","","0","","","","0",""
"Y00117","INTERMED. DIABETES CLINIC 1","Y51","Q35","INTERMED. DIABETES CLINIC","HODDESDON HEALTH CENTRE","HIGH STREET","HODDESDON, HERTS","","EN11 8BE","20030601","20120930","C","B","5QV","20100401","20120930","01992 706120","","","","0","","","","0",""
"Y00118","INTERMED. DIABETES CLINIC 2","Y51","Q35","INTERMED. DIABETES CLINIC","WALTHAM CROSS CLINIC","STANHOPE ROAD","WALTHAM CROSS, HERTS","","EN8 7DJ","20030601","20120930","C","B","5QV","20100401","20120930","01992 706120","","","","0","","","","0",""
"Y00119","CROWMOOR I/MEDIATE CARE","Y51","Q34","CROWMOOR I/MEDIATE CARE","CROWMOOR HOUSE","FIRTH CLOSE","MONKMOOR,SHREWSBURY","","SY2 5XW","20030701","20120930","C","B","5M2","20030701","20120930","01743 235835","","","","0","","","","0",""
"Y00121","ST JAMES CHILDRENS PRACTICE","Y53","Q36","ST JAMES STREET","","WALTHAMSTOW","","","E17 7NH","20030701","20120930","C","B","5NC","20030701","20120930","020 85209330","","","","0","","","","0",""
"Y00122","THE CHILD HEALTH PRACTICE","Y53","Q36","LANGTHORNE HEALTH CENTRE","13 LANGTHORNE ROAD","LEYTONSTONE","","","E11 4HX","20030701","20120930","C","B","5NC","20030701","20120930","020 85587821","","","","0","","","","0",""
"Y00123","DIABETIC INTERFACE","Y53","Q36","LANGTHORNE HEALTH CENTRE","13 LANGTHORNE ROAD","LEYTONSTONE","","","E11 4HX","20030701","20120930","C","B","5NC","20030701","20120930","020 85587821","","","","0","","","","0",""
"Y00125","THORPE COOMBE PRACTICE","Y53","Q36","714 FOREST ROAD","","WALTHAMSTOW","","","E17 7HP","20030701","20120930","C","B","5NC","20030701","20120930","020 95356793","","","","0","","","","0",""
"Y00127","THE REVIEW CLINIC PRACTICE","Y53","Q36","COMLEY BANK CLINIC","RAVENSWOOD ROAD","WALTHAMSTOW","LONDON","","E17 9LY","20030701","20120930","C","B","5NC","20030701","20120930","020 85218742","","","","0","","","","0",""
"Y00128","DENTISTRY CLINIC","Y53","Q36","COMELY BANK","46 RAVENSWOOD ROAD","WALTHAMSTOW","LONDON","","E17 9LY","20030701","20120930","C","B","5NC","20030701","20120930","020 83532110","","","","0","","","","0",""
"Y00129","THE MEDICAL OFFICER PRACTICE","Y53","Q36","CHINGFORD HEALTH CENTRE","109 YORK ROAD","CHINGFORD","","","E4 8LA","20030701","20120930","C","B","5NC","20030701","20120930","020 85298655","","","","0","","","","0",""
"Y00132","GPWSI","Y51","Q32","13 YORKERSGATE","MALTON","NORTH YORKSHIRE","","","YO17 7AA","20030625","20120930","C","B","5NV","20061001","20120930","01653 604617","","","","0","","","","0",""
"Y00133","WEST HULL PTL","Y51","Q32","BRUNSWICK HOUSE","STRAND CLOSE","HULL","","","HU2 9DB","20030701","20120930","C","B","5NX","20061001","20120930","01482 606644","","","","0","","","","0",""
"Y00138","NEWSTEAD HEALTHY LIVING CENTRE","Y51","Q33","CORNERSTONE HOUSE","32 TILFORD ROAD","NEWSTEAD VILLAGE","NOTTINGHAM","","NG15 0BS","20030701","20120930","C","B","5N8","20061001","20120930","01623 759778","","","","0","","","","0",""
"Y00141","ST EDMUNDS","Y52","Q39","ST EDMUNDS","VICTORIA PARK ROAD","PLAINMOOR","TORQUAY","","TQ1 3QH","20030701","20120930","C","B","TAL","20051001","20120930","01803 324595","","","","0","","","","0",""
"Y00145","PRIMARY CARE DERMATOLOGY GPWSI CLINIC","Y51","Q31","GPWSI DERMATOLOGY CLINIC","5 CURZON ROAD","SOUTHPORT","","","PR8 6LW","20030601","20120930","C","B","5NJ","20061001","20120930","01704 530940","","","","0","","","","0",""
"Y00146","MATTOCK LANE HEALTH CTR. (NYI)","Y53","Q36","MATTOCK LANE HEALTH CTR.","78 MATTOCK LANE","WEST EALING","LONDON","","W13 9NZ","20030712","20120930","C","B","5HX","20030712","20120930","020 85671121","","","","0","","","","0",""
"Y00147","DERMATOLOGY CLINIC","Y51","Q35","PARK LANE SURGERY","8 PARK LANE","BROXBOURNE","HERTS","","EN10 7NQ","20030614","20120930","C","B","5QV","20100401","20120930","01992 465555","","","","0","","","","0",""
"Y00149","GPSI SERV.IN DRUG MISUSE CAMBRIDGE","Y51","Q35","GPSI SERV.IN DRUG MISUSE","125 NEWMARKET ROAD","CAMBRIDGE","","","CB5 8HA","20030801","20120930","C","B","5PP","20061001","20120930","01223 885736","","","","0","","","","0",""
"Y00150","GPSI SERV DIABETIC CARE BRIDGE ST CAMB","Y51","Q35","GPSI SERVICE","IN DIABETIC CARE","BRIDGE STREET SURGERY","67 BRIDGE STREET,CAMB.","","CB2 1UU","20030801","20120930","C","B","5PP","20061001","20120930","01223 885736","","","","0","","","","0",""
"Y00153","CAROLE BROWN HEALTH CENTRE 1","Y51","Q35","CAROLE BROWN HEALTH CTR.","SAXON WAY, DERSINGHAM","KINGS LYNN","NORFOLK","","PE31 6LY","20030804","20120930","C","B","5PQ","20061001","20120930","0845 0096066","","","","0","","","","0",""
"Y00154","CAROLE BROWN HEALTH CENTRE 2","Y51","Q35","CAROLE BROWN HEALTH CTR.","SAXON WAY, DERSINGHAM","KINGS LYNN","NORFOLK","","PE31 6LY","20030804","20120930","C","B","5PQ","20061001","20120930","0845 0096066","","","","0","","","","0",""
"Y00157","GPDERM","Y51","Q31","COTTAGE 7","NEWHALL CAMPUS LONGMOOR L","FAZAKERLEY","","","L10 1LD","20030922","20120930","C","B","5NL","20061001","20120930","0151 2931900","","","","0","","","","0",""
"Y00158","GPPAIN","Y51","Q31","COTTAGE 7","NEWHALL CAMPUS","LONGMOOR LANE","FAZAKERLEY","","L10 1LD","20030901","20120930","C","B","5NL","20061001","20120930","0151 2931900","","","","0","","","","0",""
"Y00160","THE JOHN POUNDS SURGERY","Y52","Q38","JOHN POUNDS MEDICAL CTR","AYLWARD STREET","PORTSEA","HAMPSHIRE","","PO1 3AP","20030901","20120930","C","B","5FE","20030901","20120930","023 92812033","","","","0","","","","0",""
"Y00161","DERMATOLOGY CLINIC","Y51","Q34","LEA VILLAGE MEDICAL CTR","KITTS GREEN","BIRMINGHAM","","","B33 9SD","20030701","20120930","C","B","5PG","20061001","20120930","0121 3334113","","","","0","","","","0",""
"Y00165","BUCKINGHAM HOSPITAL","Y52","Q38","HIGH STREET","BUCKINGHAM","BUCKS","","","MK18 1NU","20030801","20120930","C","B","5QD","20061001","20120930","01280 813243","","","","0","","","","0",""
"Y00166","DEPT OF GENITOURINARY MEDICINE","Y52","Q38","BROOKSIDE CLINIC","AYLESBURY","BUCKS","","","HP20 2SQ","20030801","20120930","C","B","5QD","20061001","20120930","01296 421677","","","","0","","","","0",""
"Y00168","FAMILY PLANNING CLINIC","Y52","Q38","BROOKSIDE CLINIC","AYLESBURY","","","","HP20 2SQ","20030801","20120930","C","B","5QD","20061001","20120930","01296 421722","","","","0","","","","0",""
"Y00169","COMMUNITY PAEDIATRICS SERVICE","Y52","Q38","VERNEY HOUSE","GATEHOUSE ROAD","AYLESBURY","BUCKINGHAMSHIRE","","HP19 8ET","20030801","20120930","C","B","5QD","20061001","20120930","01296 566046","","","","0","","","","0",""
"Y00170","FLORENCE NIGHTINGALE HOUSE","Y52","Q38","STOKE MANDEVILLE HOSPITAL","MANDEVILLE ROAD","AYLESBURY","BUCKS","","HP21 8AL","20030801","20120930","C","B","5QD","20061001","20120930","01296 394710","","","","0","","","","0",""
"Y00174","PRIM CARE DERMATOLOGY SERVICE","Y51","Q31","DOVECOT HEALTH CENTRE","LONGREACH ROAD","DOVECOT","LIVERPOOL","","L14 0NL","20030922","20130331","C","B","5NL","20061001","20130331","0151 2283846","","","","0","","","","0",""
"Y00176","HOLLY PARK CLINIC","Y53","Q36","HOLLY PARK CLINIC","HOLLY PARK ROAD","","LONDON","","N11 3HB","20030601","20120930","C","B","5A9","20030601","20120930","020 83687626","","","","0","","","","0",""
"Y00179","BURGESS HILL FPC","Y52","Q37","BURGESS HILL CLINIC","THE BROW","BURGESS HILL","","","RH15 9BW","20030901","20130331","C","B","5P6","20061001","20130331","01444 248901","","","","0","","","","0",""
"Y00180","EAST GRINSTEAD FPC","Y52","Q37","EAST GRINSTEAD CLINIC","ST.MICHAEL'S ROAD","EAST GRINSTEAD","","","RH19 3JS","20030901","20130331","C","B","5P6","20061001","20130331","01342 325513","","","","0","","","","0",""
"Y00188","GREENFIELD SITE","Y51","Q35","GREYFRIARS CLINIC","GREYFRIARS WAY","GREAT YARMOUTH","NORFOLK","","NR30 2QE","20031101","20120930","C","B","5PR","20061001","20120930","01493 850505","","","","0","","","","0",""
"Y00190","ROWLEY REFERRAL CENTRE","Y51","Q34","ROWLEY REGIS HOSPITAL","MOOR LANE","ROWLEY REGIS","WEST MIDLANDS","","B65 8DA","20030901","20120930","C","B","5PF","20061001","20120930","0121 5076393","","","","0","","","","0",""
"Y00193","FIRWOOD REHABILITATION","Y52","Q37","FIRWOOD HOUSE","BRASSEY AVENUE","EASTBOURNE","","","BN22 9QJ","20030901","20130331","C","B","5P7","20061001","20130331","01323 503758","","","","0","","","","0",""
"Y00194","GREENFIELDS","Y51","Q34","VICTORIA HEALTH CENTRE","5 SUFFRAGE STREET","SMETHWICK","","","B66 3PZ","20031001","20120930","C","B","5PF","20061001","20120930","0121 6123055","","","","0","","","","0",""
"Y00197","SUMMERHOUSE MEDICAL PRACTICE","Y52","Q37","BEACONSFIELD ROAD","MAYPOLE","BEXLEY","KENT","","DA5 2AE","20031001","20120930","C","B","5P9","20061001","20120930","01322 402210","","","","0","","","","4",""
"Y00199","AVONDALE HEALTH CENTRE 3","Y51","Q31","AVONDALE HEALTH CENTRE","AVONDALE STREET","BOLTON","","","BL1 4JP","20031001","20120930","C","B","5HQ","20031001","20120930","01204 463434","","","","0","","","","0",""
"Y00201","COPD CLINIC","Y51","Q34","17 WILLARD ROAD","","BIRMINGHAM","","","B25 8AB","20031001","20130331","C","B","5PG","20061001","20130331","0121 4652651","","","","0","","","","0",""
"Y00202","THE UPPERMOOR PRACTICE","Y51","Q33","THE UPPERMOOR PRACTICE","52 UPPERMOOR ROAD","ALLENTON","DERBY","","DE24 9BY","20031001","20120930","C","B","5N7","20061001","20120930","01332 298124","","","","0","","","","0",""
"Y00204","ST. MARTIN'S DAY CENTRE","Y52","Q37","30-32 WEST STREET","BOGNOR REGIS","WEST SUSSEX","","","PO21 1XE","20031101","20130331","C","B","5P6","20061001","20130331","01243 838266","","","","0","","","","4",""
"Y00207","A&E PMS PRIMARY CARE SERVICE","Y53","Q36","A&E PMS PRIMARY CARE SERV","CENTRAL MIDDLESEX HOSP","ACTON LANE, PARK ROYAL","LONDON","","NW10 7NS","20030901","20120930","C","B","5K5","20030901","20120930","020 89655733","","","","0","","","","0",""
"Y00210","ADDICTIVE BEHAVIOURS SERVICE","Y51","Q30","63 KINGS ROAD","NORTH ORMESBY","MIDDLESBROUGH","","","TS3 6EP","20031001","20120930","C","B","5KM","20031001","20120930","01642 516351","","","","0","","","","0",""
"Y00211","EX DR ADAMS PRACTICE","Y53","Q36","EX DR ADAMS PRAC","454 LEA BRIDGE ROAD","LEYTON","LONDON","","E10 7DY","20031001","20120930","C","B","5NC","20031001","20120930","020 85393246","","","","0","","","","0",""
"Y00216","2/SPRINGFIELD HOUSE MEDICAL PRACTICE","Y51","Q31","SPRINGFIELD HOUSE","110 NEW LANE","PATRICROFT, ECCLES","MANCHESTER","","M30 7JE","20031001","20120930","C","B","5F5","20031001","20120930","0161 7895858","","","","0","","","","0",""
"Y00220","PCT DERMATOLOGY","Y51","Q31","HANTS LANE CLINIC","HANTS LANE","ORMSKIRK","LANCASHIRE","","L39 1PX","20031021","20120930","C","B","5NG","20061001","20120930","01695 573526","","","","0","","","","0",""
"Y00221","ISAACS HILL PRACTICE","Y51","Q32","1 ISAACS HILL","CLEETHORPES","","NORTH EAST LINCOLNSHIRE","","DN35 8JU","20031001","20130331","C","B","TAN","20031001","20130331","01472 691162","","","","0","","","","0",""
"Y00223","ALTERNATIVE HEALTH CARE SCHEME","Y53","Q36","STERLING WAY","EDMONTON","LONDON","","","N18 1QX","20030801","20130331","C","B","5C1","20030801","20130331","020 88874128","","","","0","","","","0",""
"Y00224","GLOUCESTERSHIRE HEART & DIABETES SERVICE","Y52","Q39","EDWARD JENNER COURT","1010 PIONEER AVENUE","GLOUCESTER","","","GL3 4AW","20031014","20120930","C","B","5QH","20061001","20120930","0845 4221212","","","","0","","","","0",""
"Y00231","ROCHESTER HC OLD SURGERY E","Y52","Q37","ROCHESTER HEALTH CENTRE","DELCE ROAD","ROCHESTER","KENT","","ME1 2EL","20031001","20120930","C","B","5L3","20031001","20120930","01634 401111","","","","0","","","","0",""
"Y00235","FAMILY PLANNING CLINIC","Y51","Q32","DONCASTER GATE HOSPITAL","DONCASTER ROAD","ROTHERHAM","","","S65 1DW","20031101","20120930","C","B","5H8","20031101","20120930","01709 304845","","","","0","","","","0",""
"Y00236","ORTHOPAEDIC TRIAGING CLINIC","Y51","Q32","DONCASTER GATE HOSPITAL","DONCASTER ROAD","ROTHERHAM","","","S65 1DW","20031101","20120930","C","B","5H8","20031101","20120930","01709 304825","","","","0","","","","0",""
"Y00237","SAFFRON DRUG MISUSE SERVICE","Y51","Q33","DRUG MISUSE SERVICE","SAFFRON GROUP PRACTICE","509 SAFFRON LANE","LEICESTER","","LE2 6UL","20031029","20120930","C","B","5PC","20061001","20120930","0116 2440888","","","","0","","","","0",""
"Y00238","MERRIDALE DRUG MISUSE SVS","Y51","Q33","MERRIDALE MEDICAL CENTRE","5 FULLHURST AVENUE","LEICESTER","","","LE3 1BL","20031020","20120930","C","B","5PC","20061001","20120930","0844 4778891","","","","0","","","","0",""
"Y00239","BLAKENALL MEADOW","Y51","Q34","BLAKENALL MEADOW PRACTICE","BLAKENALL VILLAGE CENTRE","THAMES ROAD, WALSALL","WEST MIDLANDS","","WS3 1LZ","20031001","20120930","C","B","5M3","20031001","20120930","01922 443729","","","","0","","","","0",""
"Y00240","HEART FUNCTION CLINIC","Y52","Q39","CORINIUM HOUSE RM9","CIRENCESTER HOSPITAL","TETBURY ROAD","CIRENCESTER","","GL7 1UX","20031101","20120930","C","B","5QH","20061001","20120930","01285 884694","","","","0","","","","0",""
"Y00242","ST JULIA'S HOSPICE","Y52","Q39","ST JULIA'S HOSPICE","FOUNDRY HILL","HAYLE","CORNWALL","","TR27 4HW","20031001","20120930","C","B","5QP","20061001","20120930","01736 759444","","","","0","","","","0",""
"Y00244","HOUNSLOW GP SHARED CARE PROJ","Y53","Q36","PHOENIX COURT","531 STAINES ROAD","MIDDLESEX","","","TW4 5DP","20031015","20120930","C","B","5HY","20031015","20120930","020 83215070","","","","0","","","","0",""
"Y00245","WASHINGTON TREATMENT PROJECT","Y51","Q30","WASHINGTON NECA SERVICES","SPECULATION HOUSE","SPECULATION PLACE","CONCORD, WASHINGTON","","NE37 2AL","20031101","20120930","C","B","5KL","20031101","20120930","0191 4193680","","","","0","","","","0",""
"Y00246","SAFE HAVEN UNIT","Y53","Q36","260-262 HARROW ROAD","","WEMBLEY","MIDDLESEX","","HA9 6QL","20031016","20120930","C","B","5K5","20060801","20120930","020 89037400","","","","0","","","","0",""
"Y00249","SUBST MISUSE-THIRSK","Y51","Q32","THIRSK HEALTH CENTRE","CHAPEL STREET","THIRSK","","","YO7 1LG","20031010","20120930","C","B","5NV","20061001","20120930","01609 763267","","","","0","","","","0",""
"Y00250","VA SERVICE","Y52","Q37","THE BRAMBER BUILDING","9 COLLEGE LANE","CHICHESTER","WEST SUSSEX","","PO19 6FX","20031101","20120930","C","B","5P6","20061001","20120930","01243 770770","","","","0","","","","0",""
"Y00251","PCAC","Y53","Q36","71-73 THE BROADWAY","SOUTHALL","MIDDLESEX","","","UB1 1LA","20031001","20120930","C","B","5HX","20031001","20120930","020 88431473","","","","0","","","","0",""
"Y00254","CASTLE GARTH","Y51","Q30","ST MARGARETS HEALTH CTR","ST MARGARETS GARTH","CROSSGATE","DURHAM","","DH1 4DS","20031001","20120930","C","B","5ND","20061001","20120930","0191 3843895","","","","0","","","","0",""
"Y00255","ST MARGARETS HEALTH CTR","Y51","Q30","ST MARGARETS HEALTH CTR","ST MARGARETS GARTH","CROSSGATE","DURHAM","","DH1 4DS","20031001","20120930","C","B","5ND","20061001","20120930","0191 3843895","","","","0","","","","0",""
"Y00257","THE ORTHOPAEDIC II PRACTICE","Y53","Q36","SILVERTHORNE MEDICAL CTR","2 FRIARS CLOSE","LARKSHALL ROAD","CHINGFORD, LONDON","","E4 6UN","20031029","20120930","C","B","5NC","20031029","20120930","020 85293706","","","","0","","","","0",""
"Y00261","BOOTLE HEALTH CENTRE (DERMATOLOGY SERV)","Y51","Q31","BOOTLE HEALTH CENTRE","PARK STREET","BOOTLE","","","L20 3RF","20031201","20120930","C","B","5NJ","20061001","20120930","0151 9336606","","","","0","","","","0",""
"Y00263","DEVON DOCTORS ON CALL OOH","Y52","Q39","UNIT 10, MANATON COURT","MANATON CLOSE","MATFORD BUSINESS PARK","EXETER","","EX2 8PF","20031101","20120930","C","B","5QQ","20061001","20120930","01392 824600","","","","0","","","","2",""
"Y00266","DUNELM SURGERY","Y51","Q30","DUNELM","1 DELAVAL AVENUE","SEATON DELAVAL","WHITLEY BAY, TYNE & WEAR","","NE25 0EF","20031101","20120930","C","B","TAC","20031101","20120930","0191 2371555","","","","0","","","","0",""
"Y00267","LANGBAURGH TIME OUT","Y51","Q30","LANGBAURGH HOUSE","BOW STREET","GUISBOROUGH","CLEVELAND","","TS14 7AA","20031103","20120930","C","B","5QR","20061001","20120930","01287 284400","","","","0","","","","0",""
"Y00269","BENIGN GYNAECOLOGY CLINIC","Y51","Q32","BENIGN GYNAECOLOGY CLINIC","OAKTREE HOUSE","408 OAKWOOD LANE","LEEDS","","LS8 3LG","20031101","20120930","C","B","5N1","20061001","20120930","0113 3059521","","","","0","","","","0",""
"Y00270","FAMILY PLANNING CLINIC","Y52","Q37","ELM HOUSE CLINIC","15 NEW ROAD AVENUE","CHATHAM","","","ME4 6BA","20031101","20120930","C","B","5QA","20061001","20120930","01634 400123","","","","0","","","","0",""
"Y00276","NTPCT ORTHO CLINIC","Y51","Q30","SERVICE DEVELOPMENT TEAM","TITHEBARN (1ST FLOOR)","HIGH NEWHAM COURT","HARDWICK,STOCKTON ON TEES","","TS19 8PD","20031106","20120930","C","B","5E1","20031106","20120930","01642 354624","","","","0","","","","0",""
"Y00283","SOUTH PARK PMS","Y53","Q36","SOUTH PARK CLINIC","100 SOUTH PARK DRIVE","ILFORD","ESSEX","","IG1 2PL","20031201","20120930","C","B","5NA","20031201","20120930","020 84913380","","","","0","","","","0",""
"Y00284","SWANTON MORLEY GREENFIELD NURSE","Y51","Q35","SWANTON MORLEY PMS PRACT","C/OLINCOLN HSE,DEREHAM RD","SWANTON MORLEY","","","NR20 4LT","20040101","20120930","C","B","5PQ","20061001","20120930","01362 668215","","","","0","","","","0",""
"Y00285","SWINTON HALL/CHU","Y51","Q31","SWINTON HALL","WORSLEY ROAD","SWINTON","MANCHESTER","","M27 5SN","20031101","20120930","C","B","5F5","20031101","20120930","0161 7270044","","","","0","","","","0",""
"Y00288","HARLOW INTERMEDIATE DIABETES","Y51","Q35","ADDISON HOUSE CLINIC","HAMSTEL ROAD","HARLOW","ESSEX","","CM20 1EP","20031201","20120930","C","B","5PV","20061001","20120930","01279 698675","","","","0","","","","0",""
"Y00289","DR MF HAQ'S PRACTICE","Y53","Q36","ACCESS CLINIC","ABBEY MEDICAL CENTRE","1 HARBOUR ROAD","BARKING,ESSEX","","IG11 8RJ","20031201","20120930","C","B","5C2","20031201","20120930","020 85941158","","","","0","","","","0",""
"Y00290","TRINITY MEDICAL PRACTICE","Y51","Q30","THE TRINITY MEDICAL PRACT","ELIZABETH TERRACE","WESTBOURNE GROVE","NORTH ORMESBY","","TS3 6EN","20040101","20120930","C","B","5KM","20040101","20120930","01642 223900","","","","0","","","","0",""
"Y00292","HINCKLEY & BOSWORTH PCT","Y51","Q33","THE PARK","SWAN HOUSE","MARKET BOSWORTH","WARWICKSHIRE","","CV13 0LJ","20031201","20120930","C","B","5PA","20061001","20120930","01455 293200","","","","0","","","","0",""
"Y00298","PRIMARY CARE ACCESS CLINIC","Y53","Q36","MINOR INJURIES UNIT","FINCHLEY MEMORIAL HOSP.","GRANVILLE ROAD","NORTH FINCHLEY,LONDON","","N12 0JE","20031208","20120930","C","B","5A9","20031208","20120930","020 83496363","","","","0","","","","0",""
"Y00299","MISTLEY ENT CLINIC","Y51","Q35","MISTLEY ENT CLINIC","NEW ROAD","MISTLEY","","","CO11 1ER","20031201","20120930","C","B","5PW","20061001","20120930","01206 392858","","","","0","","","","0",""
"Y00300","PRIMECARE OOH","Y51","Q35","CLACTON HOSPITAL","TOWER ROAD","CLACTON-ON-SEA","","","CO15 1LH","20031201","20120930","C","B","5PW","20061001","20120930","0114 2637304","","","","0","","","","2",""
"Y00302","NORDOC","Y52","Q39","NORTH BRISTOL DOCTORS LTD","PRIMARY CARE CENTRE","OUTPATIENTS 2","SOUTHMEAD HOSP. BRISTOL","","BS10 5NB","20031201","20120930","C","B","5QJ","20061001","20120930","0117 9696330","","","","0","","","","0",""
"Y00303","WILLOW BANK HEALTH CENTRE","Y51","Q34","WILLOW BANK HEALTH CENTRE","TRENTHAM ROAD","LONGTON","STOKE-ON-TRENT","","ST3 4SJ","20040223","20120930","C","B","5PJ","20061001","20120930","01782 427720","","","","0","","","","0",""
"Y00306","DR SZ HAIDER'S PRACTICE","Y53","Q36","1 GROSVENOR ROAD","DAGENHAM","ESSEX","","","RM8 1NR","20031218","20120930","C","B","5C2","20031218","20120930","020 85921082","","","","0","","","","0",""
"Y00307","DERMATOLOGY INTERFACE","Y53","Q36","SILVERTHORNE MEDICAL CTR.","2 FRIARS CLOSE","LARKSHALL ROAD","CHINGFORD, LONDON","","E4 6UN","20031218","20120930","C","B","5NC","20031218","20120930","020 85293706","","","","0","","","","0",""
"Y00308","DEVON DOCTORS  LTD OOH","Y52","Q39","UNIT 10, MANATON COURT","MANATON CLOSE","MATFORD BUSINESS PARK","EXETER, DEVON","","EX2 8PF","20031201","20120930","C","B","5QQ","20061001","20120930","01392 824600","","","","0","","","","2",""
"Y00309","HOLLYBANK MEDICAL PRACTICE","Y51","Q31","HOLLYBANK MEDICAL PRACT.","THE HEALTH CENTRE","CANNON STREET","OLDHAM","","OL9 6EP","20040101","20120930","C","B","5J5","20040101","20120930","0161 9098225","","","","0","","","","0",""
"Y00311","SMOKING CESSATION SERVICE","Y52","Q37","THE JARVIS CENTRE","60 STOUGHTON ROAD","GUILDFORD","SURREY","","GU1 1LJ","20040105","20130331","C","B","5P5","20061001","20130331","01483 571139","","","","0","","","","0",""
"Y00314","PCT LOCUM CLOSED","Y51","Q31","GROSVENOR MEDICAL CENTRE","62 GROSVENOR STREET","STALYBRIDGE","CHESHIRE","","SK15 1RZ","20040109","20120930","C","B","5LH","20040109","20120930","0161 3037250","","","","0","","","","0",""
"Y00317","ECCLES","Y52","Q37","WHITE HOUSE","MACKENDERS LANE","ECCLES","MAIDSTONE, KENT","","ME20 7HX","20040101","20120930","C","B","5P9","20061001","20120930","01622 718558","","","","0","","","","0",""
"Y00318","TIPTON REFERRAL CENTRE","Y51","Q34","GLEBEFIELDS HEALTH CENTRE","ST MARKS ROAD","TIPTON","WEST MIDLANDS","","DY4 0UB","20040105","20120930","C","B","5PF","20061001","20120930","0121 5308022","","","","0","","","","0",""
"Y00319","TEMPEST ROAD SURGERY","Y51","Q32","PARKSIDE COMM HEALTH CTR","311 DEWSBURY ROAD","LEEDS","","","LS11 5LQ","20040116","20120930","C","B","5N1","20061001","20120930","0113 2773374","","","","0","","","","0",""
"Y00320","SMOKING CESSATION SERVICES","Y52","Q37","36-38 FRIARS WALK","LEWES","EAST SUSSEX","","","BN7 2PB","20040101","20120930","C","B","5P7","20061001","20120930","01273 485300","","","","0","","","","0",""
"Y00324","OUT OF HOURS LEIGHTON HOSPITAL","Y51","Q31","MICHAEL HEAL UNIT-WARD 8","LEIGHTON HOSPITAL","CREWE","CHESHIRE","","CW1 4QJ","20040101","20120930","C","B","5NP","20061001","20120930","01270 415390","","","","0","","","","0",""
"Y00325","OUT OF HOURS VICTORIA INFIRMARY","Y51","Q31","VICTORIA INFIRMARY","NORTHWICH","CHESHIRE","","","CW8 1AN","20040101","20120930","C","B","5NP","20061001","20120930","01606 564040","","","","0","","","","0",""
"Y00331","AEGIS MEDICAL CENTRE","Y51","Q35","AEGIS MEDICAL CENTRE","568 WHITMORE WAY","BASILDON","ESSEX","","SS14 2ER","20040101","20120930","C","B","5PY","20061001","20120930","01268 520641","","","","0","","","","0",""
"Y00335","GUIDE POST MEDICAL GROUP","Y51","Q30","THE HEALTH CENTRE","BUTELAND TERRACE","NEWBIGGIN BY THE SEA","NORTHUMBERLAND","","NE64 6NS","20031218","20120930","C","B","TAC","20031218","20120930","01670 816921","","","","0","","","","0",""
"Y00337","BANSTEAD FP CLINIC","Y52","Q37","THE HORSESHOE","BANSTEAD","SURREY","","","SM7 2BQ","20040201","20120930","C","B","5P5","20061001","20120930","01737 351836","","","","0","","","","0",""
"Y00348","COPPER BEECHES NURSING HOME","Y52","Q38","COPPER BEECHES","WOODLANDS WAY","LONDON ROAD","ANDOVER, HANTS.","","SP10 2QU","20040101","20120930","C","B","5QC","20061001","20120930","01264 353703","","","","0","","","","0",""
"Y00353","HEATH JG - KNOWSLEY MEDICAL CENTRE","Y51","Q31","KNOWSLEY MEDICAL CENTRE","FREDERICK LUNT AVENUE","KNOWSLEY","MERSEYSIDE","","L34 0HF","20040201","20120930","C","B","5J4","20040201","20120930","0151 5463458","","","","0","","","","0",""
"Y00357","WALK IN CENTRE WX","Y53","Q36","WXUHT","WHIPPS CROSS ROAD","LEYTONSTONE","LONDON","","E11 1NR","20040303","20120930","C","B","5NC","20040303","20120930","020 85588965","","","","0","","","","1",""
"Y00358","BOLSOVER CLINIC","Y51","Q33","BAYHEATH HOUSE","ROSE HILL WEST","CHESTERFIELD","","","S40 1JF","20040201","20130331","C","B","5N6","20061001","20130331","01246 277388","","","","0","","","","0",""
"Y00359","NORTH PARK HEALTH CENTRE","Y51","Q31","290 KNOWSLEY ROAD","BOOTLE","LIVERPOOL","","","L20 5DQ","20040201","20120930","C","B","5NJ","20061001","20120930","0151 9223841","","","","0","","","","0",""
"Y00360","OOH","Y52","Q39","C/O ORTHOPAEDIC DEPT","MUSGROVE PARK HOSPITAL","TAUNTON","SOMERSET","","TA1 5DA","20040201","20120930","C","B","5QL","20061001","20120930","0845 4088000","","","","0","","","","2",""
"Y00362","ST LUKES","Y51","Q31","PALACEFIELDS AVENUE","PALACEFIELDS","RUNCORN","","","WA7 2SU","20040201","20120930","C","B","5NM","20061001","20120930","01928 791552","","","","0","","","","0",""
"Y00363","MENDIP OUT OF HOURS","Y52","Q39","C/O KAREN THOMAS","SHEPTON HOSP OLD WELLS RD","SHEPTON MALLET","SOMERSET","","BA4 4PG","20040201","20120930","C","B","5QL","20061001","20120930","0845 4088000","","","","0","","","","2",""
"Y00365","INTERMEDIATE ORTHOPAEDICS","Y52","Q39","MELCOMBE AVENUE","WEYMOUTH","","","","DT4 7TB","20040305","20120930","C","B","5QM","20061001","20120930","01305 760022","","","","0","","","","0",""
"Y00366","JORDANTHORPE HEALTH CENTRE","Y51","Q32","JORDANTHORPE HTH CENTRE","1 DYCHE CLOSE","SHEFFIELD","","","S8 8DJ","20040426","20120930","C","B","5N4","20061001","20120930","0845 1265686","","","","0","","","","0",""
"Y00368","EARLSWOOD MED PRACT","Y52","Q37","EARLSWOOD PARK MED PRACT","1 ANDERSON COURT","ROYAL EARLSWOOD","REDHILL,SURREY","","RH1 6TP","20040315","20120930","C","B","5P5","20061001","20120930","01737 236491","","","","0","","","","4",""
"Y00369","PRIMARY CARE SKIN SERVICE","Y51","Q30","3RD FLOOR,ONE LIFE CENTRE","LINTHOPRE ROAD","MIDDLESBROUGH","","","TS1 3QY","20040101","20120930","C","B","5KM","20040101","20120930","01642 737737","","","","0","","","","0",""
"Y00371","MINOR INJURIES TMENT UNIT","Y53","Q36","SURBITON HOSPITAL","EWELL ROAD","SURBITON","SURREY","","KT6 6EZ","20040301","20130331","C","B","5M7","20040301","20130331","020 83997111","","","","0","","","","0",""
"Y00375","MINOR INJURIES T/MENT CTR","Y53","Q36","MINOR INJURIES T/MENT CTR","QUEEN MARY'S HOSPITAL","ROEHAMPTON LANE","LONDON","","SW15 5PN","20040301","20120930","C","B","5LG","20040301","20120930","020 84876999","","","","0","","","","0",""
"Y00376","LOCUM 1","Y51","Q30","SHINWELL GROUP PRACTICE","FORTH STREET","HORDEN, PETERLEE","COUNTY DURHAM","","SR8 4LD","20040216","20120930","C","B","5ND","20061001","20120930","0191 5183646","","","","0","","","","0",""
"Y00378","SDWCDT SERVICES(UCKFIELD)","Y52","Q37","UCKFIELD COMM HOSPITAL","FRAMFIELD ROAD","UCKFIELD","","","TN22 5AW","20040201","20130331","C","B","5P7","20061001","20130331","01892 652284","","","","0","","","","0",""
"Y00379","OUT OF HOURS SERVICE","Y52","Q39","WILTSHIRE MEDICAL SERVICE","CHIPPENHAM HOSPITAL","ROWDEN HILL, CHIPPENHAM","WILTSHIRE","","SN15 2AJ","20040401","20120930","C","B","5QK","20061001","20120930","01225 711359","","","","0","","","","2",""
"Y00380","MINOR INJURIES UNIT","Y53","Q36","SURBITON HOSPITAL","EWELL ROAD","SURBITON","SURREY","","KT6 6EZ","20040301","20120930","C","B","5M6","20040301","20120930","020 83997111","","","","0","","","","0",""
"Y00381","CENTRAL HEALTH CLINIC","Y51","Q32","1 MULBERRY STREET","SHEFFIELD","","","","S1 2PJ","20040201","20130331","C","B","5N4","20061001","20130331","0114 2716800","","","","0","","","","0",""
"Y00383","REDBRIDGE PCT ACCESS CENTRE","Y53","Q36","C/O WALK IN CENTRE","201-205 CRANBROOK ROAD","ILFORD","ESSEX","","IG1 4TD","20040301","20120930","C","B","5NA","20040301","20120930","020 89246633","","","","0","","","","0",""
"Y00387","CRANBROOK (OOH)","Y52","Q37","CRANBROOK HEALTH CLINIC","JOCKEY LANE","CRANBROOK","KENT","","TN17 3JN","20040401","20120930","C","B","5P9","20061001","20120930","01732 376060","","","","0","","","","2",""
"Y00388","CROWBOROUGH (OOH)","Y52","Q37","CROWBOROUGH HPL,SOUTH","VIEW RD,OFF BEACON ROAD","CROWBOROUGH","","","TN6 1HB","20040401","20120930","C","B","5P9","20061001","20120930","01732 376060","","","","0","","","","2",""
"Y00389","EAST GRINSTEAD (OOH)","Y52","Q37","QUEEN VICTORIA HOSPITAL","HOLTYE ROAD","EAST GRINSTEAD","WEST SUSSEX","","RH19 3DZ","20040401","20120930","C","B","5P9","20061001","20120930","01732 376060","","","","0","","","","2",""
"Y00391","UCKFIELD (OOH)","Y52","Q37","UCKFIELD COMMUNITY HOSP","FRAMFIELD ROAD","UCKFIELD","EAST SUSSEX","","TN22 5AW","20040401","20120930","C","B","5P9","20061001","20120930","01732 376060","","","","0","","","","2",""
"Y00392","TONBRIDGE (OOH)","Y52","Q37","TONBRIDGE COTTAGE HOSP","VAUXHALL LANE","TONBRIDGE","KENT","","TN11 0NE","20040401","20120930","C","B","5P9","20061001","20120930","01732 376060","","","","0","","","","2",""
"Y00393","MAIDSTONE (OOH)","Y52","Q37","MAIDSTONE HOSPITAL","HERMITAGE LANE","MAIDSTONE","KENT","","ME16 9QQ","20040401","20120930","C","B","5P9","20061001","20120930","01732 376060","","","","0","","","","2",""
"Y00396","THE GLENS MEDICAL CENTRE","Y51","Q30","THE GLENS MEDICAL CENTRE","TRUNK ROAD.ESTON","MIDDLESBROUGH","","","TS6 9QG","20040401","20120930","C","B","5QR","20061001","20120930","01642 454551","","","","0","","","","0",""
"Y00397","DEVON DOCTORS ON CALL","Y52","Q39","UNIT 10, MANATON COURT","MANATON BUSINESS PARK","EXETER","","","EX2 8PF","20040301","20120930","C","B","5QQ","20061001","20120930","01392 823636","","","","0","","","","2",""
"Y00398","SOMERSET COAST OOH","Y52","Q39","C/O JANET THOMAS","BRIDGWATER HPL SALMON PDE","BRIDGWATER","SOMERSET","","TA6 5AH","20040401","20120930","C","B","5QL","20061001","20120930","0845 4088000","","","","0","","","","2",""
"Y00402","DAVID MEDCIAL CENTRE- DR SS PARIHAR","Y51","Q31","DAVID MC PARIHAR","274 BARLOW MOOR ROAD","CHORLTON-CUM-HARDY","MANCHESTER","","M21 8HA","20040401","20120930","C","B","5NT","20061001","20120930","0161 8812297","","","","0","","","","0",""
"Y00404","THE WELCOME CENTRE","Y51","Q31","1ST FLOOR KATH LOCKE","123 MOSS LANE EAST","HULME","MANCHESTER","","M15 5DD","20040401","20120930","C","B","5NT","20061001","20120930","0161 3420042","","","","0","","","","0",""
"Y00405","CHERWELL VALE OOH","Y52","Q38","C/O OUTPATIENT DEPARTMENT","HORTON HOSPITAL","OXFORD ROAD","BANBURY","","OX16 9AL","20040401","20120930","C","B","5QE","20061001","20120930","01295 267980","","","","0","","","","2",""
"Y00406","DR Z AHMAD'S PRACTICE","Y51","Q31","MARKET SQUARE SURGERY","14 MARKET SQUARE","ROYTON","OLDHAM","","OL2 5QD","20040216","20120930","C","B","5J5","20040216","20120930","0161 6529433","","","","0","","","","0",""
"Y00407","DIABETES ONE STOP SHOP","Y53","Q36","CRAVEN PARK HEALTH CENTRE","SHAKESPEARE CRESCENT","LONDON","","","NW10 8XW","20040227","20120930","C","B","5K5","20040227","20120930","020 89650151","","","","0","","","","0",""
"Y00414","NEWTON LE WILLOWS CDT","Y51","Q31","29 QUEEN STREET","","NEWTON LE WILLOWS","","","WA12 9AS","20040401","20120930","C","B","5NM","20061001","20120930","01925 221234","","","","0","","","","0",""
"Y00421","ON CALL CARE(QV) OOH","Y52","Q37","HOLTYE ROAD","EAST GRINSTEAD","WEST SUSSEX","","","RH19 3DZ","20040401","20130331","C","B","5P6","20061001","20130331","0845 3306723","","","","0","","","","0",""
"Y00423","SALARIED GP","Y51","Q33","BROXTOWE & HUCKNALL PCT","PRIORY COURT","PRIORY ISLAND,DERBY ROAD","NOTTINGHAM","","NG9 2TA","20040201","20120930","C","B","5N8","20061001","20120930","0115 8754900","","","","0","","","","0",""
"Y00425","ENT CLINIC GPSI","Y51","Q32","BRANSHOLME HEALTH CENTRE","GOODHART ROAD","BRANSHOLME","","","HU7 4DW","20040401","20130331","C","B","5NX","20061001","20130331","01482 825438","","","","0","","","","0",""
"Y00428","BLUE A&E PMS SERVICE","Y53","Q36","A&E PMS PRIMARY CARE SERV","CENTRAL MIDDLESEX HOSP","ACTON LANE, PARK ROYAL","LONDON","","NW10 7NS","20040401","20120930","C","B","5K5","20040401","20120930","020 84532666","","","","0","","","","0",""
"Y00430","GEORGE MASON LODGE ICB","Y53","Q36","24 GRANGE PARK ROAD","LEYTON","","","","E10 5EP","20040401","20120930","C","B","5NC","20040401","20120930","0844 4778940","","","","0","","","","0",""
"Y00431","WALTON HOUSE ICB","Y53","Q36","THE MICROFACULTY","107-109 CHINGFORD MNT RD","CHINGFORD","","","E4 8LT","20040401","20120930","C","B","5NC","20040401","20120930","020 85241230","","","","0","","","","0",""
"Y00432","BAKERS COURT ICB","Y53","Q36","THE HEALTH CENTRE","HANDSWORTH AVENUE","HIGHAMS PARK","LONDON","","E4 9PD","20040401","20120930","C","B","5NC","20040401","20120930","020 85270913","","","","0","","","","0",""
"Y00435","EAST PK RD HC (HIGHFIELDS SPOKE)","Y51","Q33","352 EAST PARK ROAD","LEICESTER","","","","LE5 5AY","20040401","20120930","C","B","5PC","20061001","20120930","0116 2951400","","","","0","","","","0",""
"Y00439","THE KINGSMEAD PRACTICE","Y51","Q31","THE KINGSMEAD PRACTICE","2 KINGSMEAD SQUARE","REGENCY WAY","NORTHWICH  CHESHIRE","","CW9 8UW","20040701","20120930","C","B","5NP","20061001","20120930","01606 861140","","","","0","","","","0",""
"Y00440","ALASTAIR ROSS 3","Y51","Q31","ALASTAIR ROSS HEALTH CTR.","BREIGHTMET FOLD LANE","BREIGHTMET","BOLTON","","BL2 6NT","20040401","20120930","C","B","5HQ","20040401","20120930","01204 364626","","","","0","","","","0",""
"Y00443","HORIZON PRIMARY CARE CENTRE MEDICAL PRAC","Y51","Q31","WILLOW TREE HEALTHY","LIVING CENTRE","94 LITTLETON ROAD","SALFORD, MANCHESTER","","M7 3SE","20040401","20120930","C","B","5F5","20040401","20120930","0161 2125800","","","","0","","","","4",""
"Y00444","LR KERSAL/CHARLESTOWN PCT MED PRAC CLOSE","Y51","Q31","LOWER KERSAL","&CHARLESTOWN PMS","PENDELTON HOUSE","BROUGHTON RD,SALFORD","","M6 6LS","20040401","20120930","C","B","5F5","20040401","20120930","0161 7379729","","","","0","","","","0",""
"Y00447","INTEGRATED CARE SEFTON OOH","Y51","Q31","LITHERLAND TOWN HALL CTR","HATTON HILL ROAD","LITHERLAND","","","L21 9JN","20040401","20120930","C","B","5NJ","20061001","20120930","0151 4754667","","","","0","","","","2",""
"Y00450","CRAWLEY CSMT","Y52","Q37","CRAWLEY HOSPITAL","WEST GREEN DRIVE","CRAWLEY","WEST SUSSEX","","RH11 7DH","20040401","20120930","C","B","5P6","20061001","20120930","01293 600340","","","","0","","","","0",""
"Y00455","PERSISTANT OFFENDERS PROJECT","Y51","Q32","THE LODGE","63 BOOTHAM","YORK","","","YO30 7BT","20040405","20120930","C","B","5NV","20061001","20120930","01904 526000","","","","0","","","","0",""
"Y00463","COMM HOSP(VISITING CONSULT)","Y51","Q34","ISAAC MADDOX HOUSE","SHRUB HILL ROAD","WORCESTER","","","WR4 9RW","20040401","20120930","C","B","5PL","20061001","20120930","01905 760000","","","","0","","","","0",""
"Y00464","COMM HOSP(GP PRESCRIBING)","Y51","Q34","ISAAC MADDOX HOUSE","SHRUB HILL ROAD","WORCESTER","","","WR4 9RW","20040401","20120930","C","B","5PL","20061001","20120930","01905 760000","","","","0","","","","0",""
"Y00465","PCT LOCUM SURGERY","Y51","Q34","THE SURGERY","348 BEARWOOD ROAD","SMETHWICK, WARLEY","WEST MIDLANDS","","B66 4ES","20040401","20120930","C","B","5PF","20061001","20120930","0121 4291999","","","","0","","","","0",""
"Y00466","DEEPCAR TEEN CLINIC","Y51","Q32","DEEPCAR MEDICAL CENTRE","241 MANCHESTER ROAD","SHEFFIELD","","","S36 2QZ","20040420","20120930","C","B","5N4","20061001","20120930","0114 2882146","","","","0","","","","0",""
"Y00467","SHELLEY AVENUE LOCUM PRACTICE","Y53","Q36","59 SHELLEY AVENUE","","LONDON","","","E12 6PX","20040401","20120930","C","B","5C5","20040401","20120930","020 84729332","","","","0","","","","0",""
"Y00468","DIPPLE MEDICAL CENTRE","Y51","Q35","DIPPLE MED CTR, WEST WING","WICKFORD AVENUE, PITSEA","BASILDON","ESSEX","","SS13 3HQ","20040401","20120930","C","B","5PY","20061001","20120930","01268 556669","","","","0","","","","0",""
"Y00470","ASTON HEALTH CENTRE","Y51","Q34","ASTON HEALTH CENTRE","175 TRINITY ROAD","ASTON","BIRMINGHAM","","B6 6JA","20040401","20120930","C","B","5MX","20040401","20120930","0845 0740454","","","","0","","","","0",""
"Y00472","HANDSWORTH WOOD MED CTR","Y51","Q34","HANDSWORTH WOOD MED CTR","110 CHURCH LANE","HANDSWORTH","BIRMINGHAM","","B20 2ES","20040401","20120930","C","B","5MX","20040401","20120930","0121 5237117","","","","0","","","","0",""
"Y00473","THE MEDICAL PRACTICE (RAJAN)","Y51","Q31","THE MEDICAL PRACTICE","53 MANCHESTER ROAD","OLDHAM","LANCASHIRE","","OL8 4LR","20040401","20120930","C","B","5J5","20040401","20120930","0161 6245434","","","","0","","","","0",""
"Y00476","HEATH JG - WHISTON HEALTH CENTRE","Y51","Q31","WHISTON HEALTH CENTRE","OLD COLLIERY ROAD","WHISTON","","","L35 3SX","20040401","20120930","C","B","5J4","20040401","20120930","0151 4266288","","","","0","","","","0",""
"Y00477","SALFORD SAFE HAVEN SERVICE MEDICAL PRACT","Y51","Q31","HULTON DISTRICT HC","HAYSBROOK AVENUE","LITTLE HULTON, MANCHESTER","","","M28 0AY","20040401","20120930","C","B","5F5","20040401","20120930","0161 2125305","","","","0","","","","0",""
"Y00479","TRAFFORD NORTH CDT","Y51","Q31","1-3 ASHTON LANE","SALE","MANCHESTER","","","M33 6WT","20040401","20120930","C","B","5NR","20061001","20120930","0161 9058570","","","","0","","","","0",""
"Y00495","GPSI ENT CLINIC","Y53","Q36","NELSON HOSPITAL","KINGSTON ROAD","","","","SW20 8DB","20040501","20130331","C","B","5M7","20040501","20130331","020 82963705","","","","0","","","","0",""
"Y00497","PRIMECARE(CLEVELAND)LTD","Y51","Q30","MASSEY ROAD","TEESDALE PARK","THORNABY","STOCKTON ON TEES","","TS17 6EY","20040401","20120930","C","B","5D9","20040401","20120930","01642 631000","","","","0","","","","2",""
"Y00499","VERRINGTON MINOR INJURY OOH","Y52","Q39","VERRINGTON HOSPITAL","DANCING LANE","WINCANTON","SOMERSET","","BA9 9DQ","20040501","20130331","C","B","5QL","20061001","20130331","01963 32006","","","","0","","","","2",""
"Y00500","CHARD MINOR INJURY UNIT OOH","Y52","Q39","CHARD HOSPITAL","CREWKERNE ROAD","CHARD","SOMERSET","","TA20 1NF","20040501","20130331","C","B","5QL","20061001","20130331","01460 63175","","","","0","","","","2",""
"Y00501","SOUTH SOMERSET OOH","Y52","Q39","C/O YVONNE WHITE","HOSP PHARM YEOVIL HPL","HIGHER KINGSTON YEOVIL","SOMERSET","","BA21 4AT","20040501","20120930","C","B","5QL","20061001","20120930","0845 4088000","","","","0","","","","2",""
"Y00506","ADDITIONAL ACCESS CENTRE","Y53","Q36","ST CHARLES HOSPITAL","EXMOOR STREET","LONDON","","","W10 6DZ","20040401","20120930","C","B","5LA","20040401","20120930","020 89627606","","","","0","","","","0",""
"Y00508","PRESTWICH WALK-IN CENTRE","Y51","Q31","FAIRFAX ROAD","PRESTWICH","MANCHESTER","","","M25 1BT","20040501","20120930","C","B","5JX","20040501","20120930","0161 7974589","","","","0","","","","1",""
"Y00512","DEVON DOCTORS ON CALL LTD","Y52","Q39","UNIT 10, MANATON COURT","MANATON CLOSE","MATFORD BUSINESS PARK","EXETER","","EX2 8PF","20040601","20120930","C","B","5QQ","20061001","20120930","01392 824600","","","","0","","","","2",""
"Y00515","YPSMS","Y52","Q39","40B LONDON ROAD","GLOUCESTER","","","","GL1 3NU","20040401","20120930","C","B","5QH","20061001","20120930","01452 503186","","","","0","","","","0",""
"Y00517","ABINGDON DRUG TREATMENT CENTRE","Y52","Q38","C/O SCAS, RECTORY CENTRE"," RECTORY ROAD","OXFORD","","","OX4 1BU","20040501","20120930","C","B","5QE","20061001","20120930","01865 455623","","","","0","","","","0",""
"Y00518","WITNEY DRUG TREATMENT CENTRE","Y52","Q38","C/O SCAS, RECTORY CENTRE"," RECTORY ROAD","OXFORD","","","OX4 1BU","20040501","20120930","C","B","5QE","20061001","20120930","01865 455623","","","","0","","","","0",""
"Y00519","DIDCOT TRUG TREATMENT CENTRE","Y52","Q38","C/O SCAS, RECTORY CENTRE"," RECTORY ROAD","OXFORD","","","OX4 1BU","20040501","20120930","C","B","5QE","20061001","20120930","01865 455623","","","","0","","","","0",""
"Y00520","MARKET STREET CLINIC","Y53","Q36","16-20 MARKET STREET","","WOOLWICH","","","SE18 6QR","20040512","20120930","C","B","5A8","20040512","20120930","020 83179415","","","","0","","","","0",""
"Y00521","DERMATOLOGY GPSI CLINIC","Y52","Q39","WESTOVER HOUSE","WEST QUAY ROAD","POOLE","DORSET","","BH15 1JF","20040701","20120930","C","B","5QN","20061001","20120930","01202 688880","","","","0","","","","0",""
"Y00524","DURNFORD TIER 2 DERMATOLOGY","Y51","Q31","DURNFORD MEDICAL CENTRE","113 LONG STREET","MIDDLETON","MANCHESTER","","M24 6DL","20040401","20120930","C","B","5NQ","20061001","20120930","0161 6432011","","","","0","","","","0",""
"Y00530","DRIFFIELD GP OOH","Y51","Q32","MINOR INJURIES UNIT","ALFRED BEAN HOSPITAL","DRIFFIELD","","","YO25 5JR","20040601","20120930","C","B","5NW","20061001","20120930","01904 621621","","","","0","","","","2",""
"Y00531","TIER 2 DERMATOLOGY SERVICE","Y51","Q31","HEYWOOD,MIDDLETON &","ROCHDALE PCT","TELEGRAPH HSE, BAILLIE ST","ROCHDALE, LANCS","","OL16 1JA","20040401","20120930","C","B","5NQ","20061001","20120930","07891 566706","","","","0","","","","0",""
"Y00536","BLACKBURN WITH DARWEN OOH","Y51","Q31","PRIMARY CARE CENTRE","QUEENS PARK HOSPITAL","HASLINGDEN ROAD","BLACKBURN","","BB2 3HH","20040601","20120930","C","B","TAP","20040601","20120930","01254 266400","","","","0","","","","2",""
"Y00537","HRV OOHS SERVICE","Y51","Q31","PRIMARY CARE CENTRE","QUEENS PARK HOSPITAL","HASLINGDEN ROAD","BLACKBURN","","BB2 3HH","20040601","20120930","C","B","5NH","20061001","20120930","01254 266400","","","","0","","","","0",""
"Y00541","EAST YORKSHIRE OOH SERVICE","Y51","Q32","SELBY MEMORIAL HOSPITAL","DONCASTER ROAD","SELBY","","","YO8 9BX","20040601","20120930","C","B","5NW","20061001","20120930","01757 213094","","","","0","","","","2",""
"Y00545","OOH HUNTSDOC","Y51","Q35","THE EMERGENCY CARE CTRE","HINCHINGBROOKE HOSPITAL","HUNTINGDON","","","PE29 6NT","20040701","20120930","C","B","5PP","20061001","20120930","01480 447800","","","","0","","","","2",""
"Y00547","WESTERN COMPASS PROJECT","Y51","Q35","THINGOE HOUSE","COTTON LANE","BURY ST EDMUNDS","SUFFOLK","","IP33 1YJ","20040601","20120930","C","B","5PT","20061001","20120930","01284 766666","","","","0","","","","0",""
"Y00548","BRENT GPSI CARDIOLOGY SERV.","Y53","Q36","MATS UNIT","CENTRE FOR HEALTH & CARE","116 CHAPLIN ROAD","WEMBLEY, MIDDLESEX","","HA0 4UZ","20040801","20120930","C","B","5K5","20040801","20120930","020 87957488","","","","0","","","","0",""
"Y00551","ROMSEY OOH","Y52","Q38","ROMSEY HOSPITAL","WINCHESTER HILL","ROMSEY","","","SO51 7ZA","20040701","20120930","C","B","5QC","20061001","20120930","01794 830589","","","","0","","","","2",""
"Y00555","COMMUNITY ENT SERVICE","Y51","Q32","COMMUNITY ENT SERVICE","95 TOWN STREET","LEEDS","","","LS12 3HD","20040622","20120930","C","B","5N1","20061001","20120930","0113 2951288","","","","0","","","","0",""
"Y00557","BARKING & DAGENHAM WIC","Y53","Q36","UPNEY LANE MEDICAL CENTRE","UPNEY LANE","BARKING","","","IG11 9YD","20040524","20120930","C","B","5C2","20040524","20120930","020 89246262","","","","0","","","","1",""
"Y00558","SEATON SLUICE PRACTICE","Y51","Q30","THE CLINIC","COLLYWELL BAY ROAD","SEATON SLUICE,WHITLEY BAY","TYNE & WEAR","","NE26 4QZ","20040601","20120930","C","B","TAC","20040601","20120930","0191 2370910","","","","0","","","","0",""
"Y00563","SPLIST M/WIFE SUB MISUSE","Y51","Q33","JOHN STORER CLINIC","115 THE ROPEWALK","NOTTINGHAM","","","NG1 6HA","20040801","20130331","C","B","5EM","20040801","20130331","0115 9485561","","","","0","","","","0",""
"Y00564","PRIMECARE(CLEVELAND)LTD OOH","Y51","Q30","MASSEY ROAD","TEESDALE PARK","THORNABY","STOCKTON ON TEES","","TS17 6EY","20040701","20130331","C","B","5QR","20061001","20130331","01642 631000","","","","0","","","","2",""
"Y00566","PARACHUTE TEAM","Y51","Q35","CITY HEALTH CLINIC","WELLINGTON STREET","PETERBOROUGH","","","PE1 5DU","20040601","20120930","C","B","5PN","20061001","20120930","01733 466647","","","","0","","","","0",""
"Y00567","GARDENS NEUROLOGICAL CENTRE","Y51","Q35","HIGH WYCH ROAD","SAWBRIDGEWORTH","HERTFORDSHIRE","","","CM21 0HH","20040701","20120930","C","B","5QV","20100401","20120930","01279 600201","","","","0","","","","0",""
"Y00569","NEW CROSS WALK IN CENTRE","Y53","Q36","HENDERSON HOUSE","GOODWOOD ROAD","LONDON","","","SE14 6BL","20040628","20130331","C","B","5LF","20040628","20130331","020 72063100","","","","0","","","","1",""
"Y00571","WOOD HOUSE TRAVELLING FAMILIES","Y51","Q35","WOOD HOUSE","ST JOHN'S HOSPITAL","WOOD STREET","CHELMSFORD","","CM2 9BG","20040520","20120930","C","B","5PX","20061001","20120930","01245 295000","","","","0","","","","0",""
"Y00574","Z T SCHEME","Y51","Q31","18 PARSONS LANE","","BURY","","","BL9 0JZ","20040701","20120930","C","B","5NQ","20061001","20120930","0161 7634242","","","","0","","","","0",""
"Y00575","Z.T.SCHEME (ROCHDALE)","Y51","Q31","18 PARSONS LANE","","BURY","","","BL9 0JZ","20040701","20120930","C","B","5NQ","20061001","20120930","0161 7634242","","","","0","","","","0",""
"Y00579","SUFFOLK DOCTORS ON CALL","Y51","Q35","RIVERSIDE CLINIC","2 LANDSEER ROAD","IPSWICH","SUFFOLK","","IP3 0AZ","20040601","20120930","C","B","5PT","20061001","20120930","01473 299600","","","","0","","","","2",""
"Y00584","OOH - WEST HAMPSHIRE","Y52","Q38","S. CENTRAL AMBULANCE SERV","HIGHCROFT, ROMSEY ROAD","WINCHESTER","","","SO22 5DH","20040701","20120930","C","B","5QC","20061001","20120930","0844 8113060","","","","0","","","","2",""
"Y00585","HANTSDOC B","Y52","Q38","NORTH HAMPSHIRE HOSPITAL","ALDERMASTON ROAD","BASINGSTOKE","HAMPSHIRE","","RG24 9NA","20040701","20120930","C","B","5QC","20061001","20120930","01256 473202","","","","0","","","","0",""
"Y00594","TRINITY HOSPICE","Y53","Q36","30 CLAPHAM COMMON","        NORTHSIDE","","LONDON","","SW4 0RN","20040601","20120930","C","B","5LD","20040601","20120930","020 76229481","","","","0","","","","0",""
"Y00595","BRENT CENTRE FOR YOUNG PEOPLE","Y53","Q36","51 WINCHESTER AVENUE","LONDON","","","","NW6 7TT","20040616","20120930","C","B","5K5","20040616","20120930","020 73280918","","","","0","","","","0",""
"Y00598","SELLY OAK HEALTH CENTRE","Y51","Q34","15 KATIE ROAD","SELLY OAK","BIRMINGHAM","","","B29 6JG","20040701","20130331","C","B","5M1","20040701","20130331","0121 4152090","","","","0","","","","0",""
"Y00600","TANFIELD REHABILITATION UNIT","Y52","Q38","2 HEXHAM ROAD","READING","BERKSHIRE","","","RG2 7UG","20040801","20120930","C","B","5QF","20061001","20120930","0118 9015389","","","","0","","","","0",""
"Y00604","SD&W/SEADOC OOH SERVICE","Y52","Q37","SUITES A&B,KINGSTON HOUSE","THE LONG BARROW","ORBITAL PARK,ASHFORD","KENT","","TN24 0GP","20040701","20120930","C","B","5P7","20061001","20120930","0845 4349655","","","","0","","","","2",""
"Y00606","CONTRACEPTION & SEXUAL HEALTH SERVICE","Y51","Q30","LAWSON STREET HEALTH CTR.","2ND FLOOR, LAWSON WALK","STOCKTON ON TEES","","","TS18 1HX","20040501","20120930","C","B","5E1","20040501","20120930","01642 704310","","","","0","","","","0",""
"Y00607","OUT OF HOURS","Y51","Q34","MERLIN HOUSE","ETCHELL ROAD","BITTERSCOTE","TAMWORTH","","B78 3HF","20040625","20120930","C","B","5PK","20061001","20120930","01827 306111","","","","0","","","","0",""
"Y00608","CASTLE CENTRE PMS PRACTICE","Y51","Q32","CASTLE CENTRE","ST MARYS PARISH HOUSE","AUBOROUGH ST","SCARBOROUGH","","YO11 1HT","20040701","20120930","C","B","5NV","20061001","20120930","01723 506582","","","","0","","","","0",""
"Y00609","HASTINGS OOH","Y52","Q37","UNIT 1, KINGSMEAD","PARK FARM INDUSTRIAL EST","FOLKESTONE","KENT","","CT19 5EU","20040701","20120930","C","B","5P8","20061001","20120930","0845 4349655","","","","0","","","","2",""
"Y00611","LOCUM FOR DR DAVENPORT-JONES","Y53","Q36","THE DUN COW SURGERY","279 OLD KENT ROAD","","LONDON","","SE1 5LU","20040701","20120930","C","B","5LE","20040701","20120930","020 72375187","","","","0","","","","0",""
"Y00614","INDUCTION ASSESSMENT CENTRE","Y51","Q31","CRICKETS LANE CLINIC","CRICKETS LANE","ASHTON UNDER LYNE","","","OL6 6NG","20040726","20120930","C","B","5LH","20040726","20120930","0161 3399400","","","","0","","","","0",""
"Y00615","INDUCTION ASSESSMENT CENTRE","Y51","Q31","STALYBRIDGE CLINIC","WATERLOO ROAD","STALYBRIDGE","CHESHIRE","","SK15 2AU","20040726","20120930","C","B","5LH","20040726","20120930","0161 3034900","","","","0","","","","0",""
"Y00616","THE ELMS HEALTH CENTRE","Y51","Q34","ELMS HEALTH CENTRE","SLADE ROAD","HALESOWEN","","","B63 2UR","20040712","20120930","C","B","5PE","20061001","20120930","01384 366803","","","","0","","","","0",""
"Y00619","MENTAL HEALTH TEAM","Y51","Q31","BALKER HOUSE","COWLEY HILL LANE","ST HELENS","","","WA10 2AP","20040701","20120930","C","B","5NM","20061001","20120930","01744 457247","","","","0","","","","0",""
"Y00625","THE ROSSINGTON PROJECT","Y51","Q32","THE SHOPS","6 KING AVENUE","ROSSINGTON","DONCASTER","","DN11 0PF","20040601","20120930","C","B","5N5","20061001","20120930","01302 866023","","","","0","","","","0",""
"Y00628","PRIMECARE (CLEVELAND) OOH","Y51","Q30","MASSEY ROAD","TEESDALE PARK","THORNABY","STOCKTON-ON-TEES","","TS17 6EY","20040801","20120930","C","B","5E1","20040801","20120930","01642 631000","","","","0","","","","2",""
"Y00632","TIER 2 OPTHALMOLOGY SERVICE","Y51","Q31","BAILLIE STREET HEALTH CTR","BAILLIE STREET","ROCHDALE","","","OL16 1XS","20040801","20120930","C","B","5NQ","20061001","20120930","01706 517677","","","","0","","","","0",""
"Y00633","WHITECHAPEL NHS WALK IN CENTRE","Y53","Q36","174 WHITECHAPEL ROAD","","LONDON","","","E1 1BZ","20040801","20120930","C","B","5C4","20040801","20120930","020 79431333","","","","0","","","","1",""
"Y00634","DRUGS REHABILITATION REQUIREMENT SERVICE","Y53","Q36","ADDACTION","97 COBBALD ROAD","WILLESDEN","LONDON","","NW10 9SU","20040707","20130331","C","B","5K5","20040707","20130331","020 84599510","","","","0","","","","0",""
"Y00637","CAMBERLEY HEALTH CENTRE","Y52","Q37","CAMBERLEY HEALTH CENTRE","159 FRIMLEY ROAD","CAMBERLEY","","","GU15 2QA","20040801","20130331","C","B","5P5","20061001","20130331","01276 21199","","","","0","","","","0",""
"Y00638","WOKING HOSPITAL FP CLINIC","Y52","Q37","WOKING COMMUNITY HOSPITAL","HEATHSIDE ROAD","WOKING","","","GU22 7HS","20040801","20130331","C","B","5P5","20061001","20130331","01483 714160","","","","0","","","","0",""
"Y00639","WOKING COMMUNITY HOSPITAL","Y52","Q37","WOKING COMMUNITY HOSPITAL","HEATHSIDE ROAD","WOKING","","","GU22 7HS","20040801","20120930","C","B","5P5","20061001","20120930","01483 846344","","","","0","","","","0",""
"Y00642","SS PCT IN HOURS SERVICE","Y51","Q31","SS PCT IN HOURS SERVICE","C/O MEDICINES MANAGEMENT","BURLINGTON HOUSE","CROSBY RD NORTH,WATERLOO","","L22 0QB","20040701","20120930","C","B","5NJ","20061001","20120930","0151 4781828","","","","0","","","","0",""
"Y00649","DR BURNS","Y51","Q30","EQUINOX HOUSE","SILVER FOX WAY","COBALT BUSINESS PARK","NEWCASTLE UPON TYNE","","NE27 0QJ","20040723","20120930","C","B","5D8","20040723","20120930","0191 2919371","","","","0","","","","0",""
"Y00652","DERMATOLOGY OUTREACH","Y53","Q36","SOVEREIGN COURT","15-21 STAINES ROAD","HOUNSLOW","MIDDLESEX","","TW3 3HR","20040801","20120930","C","B","5HY","20040801","20120930","020 83215473","","","","0","","","","0",""
"Y00653","COMMUNITY GYNAE CLINIC","Y53","Q36","SOVEREIGN COURT","15-21 STAINES ROAD","HOUNSLOW","MIDDLESEX","","TW3 3HR","20040801","20120930","C","B","5HY","20040801","20120930","020 83212303","","","","0","","","","0",""
"Y00654","PRIMARY CARE RESOURCE CENTRE","Y51","Q31","THE ROYAL OLDHAM HOSPITAL","ROCHDALE ROAD","OLDHAM","LANCASHIRE","","OL1 2JH","20040816","20120930","C","B","5J5","20040816","20120930","0161 6240420","","","","0","","","","0",""
"Y00655","ENT TIER 2 SERVICE","Y51","Q31","THORNLEY MEDICAL CTR","THORNLEY STREET","HYDE","CHESHIRE","","SK14 1JY","20040801","20130331","C","B","5LH","20040801","20130331","0161 3677910","","","","0","","","","0",""
"Y00659","IECS HENLEY OOH","Y52","Q38","TOWNLANDS HOSPITAL","YORK ROAD","HENLEY ON THAMES","OXON","","RG9 2EB","20040901","20120930","C","B","5QE","20061001","20120930","01491 572301","","","","0","","","","2",""
"Y00660","IECS WITNEY OOH","Y52","Q38","WITNEY COMMUNITY HOSPITAL","WELCH WAY","WITNEY","OXFORDSHIRE","","OX28 6JJ","20040901","20120930","C","B","5QE","20061001","20120930","01993 209408","","","","0","","","","2",""
"Y00662","MAY LOGAN CENTRE (WALK-IN-CENTRE)","Y51","Q31","294 KNOWSLEY ROAD","BOOTLE","LIVERPOOL","","","L20 5DQ","20040801","20120930","C","B","5NJ","20061001","20120930","0151 9228588","","","","0","","","","0",""
"Y00663","STOURCARE OOH","Y52","Q37","MANSTON AIRPORT","","MANSTON","KENT","","CT12 5BL","20040901","20120930","C","B","5QA","20061001","20120930","0844 8001234","","","","0","","","","2",""
"Y00664","SUFF DOC (OOH) WEST","Y51","Q35","RIVERSIDE CLINIC","2 LANDSEER ROAD","IPSWICH","","","IP3 0AZ","20041001","20120930","C","B","5PT","20061001","20120930","01473 299600","","","","0","","","","2",""
"Y00665","OLDHAM PCT WALK IN CENTRE","Y51","Q31","INTEGRATED CARE CENTRE","NEW RADCLIFFE STREET","OLDHAM","LANCASHIRE","","OL1 1NL","20040901","20120930","C","B","5J5","20040901","20120930","0161 6213736","","","","0","","","","0",""
"Y00667","HARMONI IN HOURS GP SERVICE","Y53","Q36","A/E DEPARTMENT","HILLINGDON HPL NHS TRUST","PIELD HEATH ROAD","HILLINGDON","","UB8 3NN","20040801","20120930","C","B","5AT","20040801","20120930","020 88671398","","","","0","","","","0",""
"Y00668","SOUTH LEEDS DRUG SERVICE","Y51","Q32","PARKSIDE COMM HEALTH CTR","1ST FLOOR,311 DEWSBURY RD","LEEDS","","","LS11 5LQ","20040912","20120930","C","B","5N1","20061001","20120930","0113 2952881","","","","0","","","","0",""
"Y00669","FAMILY PLANNING","Y53","Q36","MANOR BROOK MEDICAL CTR","117 BROOK LANE","BLACKHEATH","","","SE3 0EA","20040810","20120930","C","B","5A8","20040810","20120930","020 88563126","","","","0","","","","0",""
"Y00671","GPSI CARDIOLOGY DR WOLFF","Y51","Q32","ASHCROFT SURGERY","446 HARROGATE ROAD","BRADFORD","","","BD10 0JE","20040801","20130331","C","B","5NY","20061001","20130331","01274 637076","","","","0","","","","0",""
"Y00676","COMMUNITY DIABETIC SERVICE","Y53","Q36","FEATHERSTONE ROAD CLINIC","HARTINGTON ROAD","SOUTHALL","MIDDLESEX","","UB2 5BQ","20040913","20120930","C","B","5HX","20040913","20120930","020 83835454","","","","0","","","","0",""
"Y00677","CANNOCK CHASE OOH CENTRE","Y51","Q34","M.I.U CANNOCK CHASE HPL","BRUNSWICK ROAD","CANNOCK","","","WS11 5XY","20041001","20130331","C","B","5PK","20061001","20130331","01543 576200","","","","0","","","","2",""
"Y00679","TEEN HEALTH STOP","Y51","Q33","ASHBY HOSPITAL","C/O SCHOOL NURSE TEAM","LEICESTER ROAD","ASHBY DE LA ZOUCH","","LE65 1DG","20040901","20120930","C","B","5PA","20061001","20120930","01530 566916","","","","0","","","","0",""
"Y00680","ELDERLY DEPARTMENT","Y51","Q35","EDITH CAVELL HOSPITAL","BRETTON GATE","PETERBOROUGH","","","PE3 9GZ","20040901","20120930","C","B","5PN","20061001","20120930","01733 874870","","","","0","","","","0",""
"Y00686","SOUTH LIVERPOOL PCT","Y51","Q31","THE MATCHWORKS","PAVILION 6","SPEKE ROAD,GARSTON","LIVERPOOL","","L19 2PH","20040901","20120930","C","B","5NL","20061001","20120930","0151 2341027","","","","0","","","","0",""
"Y00689","PRIMARY CARE ACCESS CLINIC","Y51","Q34","SUITE 20, WATERLINKS HSE","RICHARD STREET","ASTON","BIRMINGHAM","","B7 4AA","20040901","20120930","C","B","5PG","20061001","20120930","0121 3334113","","","","0","","","","0",""
"Y00692","CDSMC","Y52","Q38","CDSMC","ST JAMES HOSPITAL","LOCKSWAY ROAD","PORTSMOUTH","","PO4 8LD","20040901","20120930","C","B","5FE","20040901","20120930","02392 822444","","","","0","","","","0",""
"Y00695","PRIMECARE (CLEVELAND) OOH","Y51","Q30","MASSEY ROAD","TEESDALE PARK","THORNABY","STOCKTON-ON-TEES","","TS17 6EY","20040901","20120930","C","B","5J9","20040901","20120930","01642 631000","","","","0","","","","2",""
"Y00699","OOH SDOC","Y51","Q35","RIVERSIDE CLINIC","2 LANDSEER ROAD","IPSWICH","SUFFOLK","","IP3 0AZ","20041001","20120930","C","B","5PP","20061001","20120930","01473 299622","","","","0","","","","2",""
"Y00702","SOUTH WILTS PCT OOH","Y52","Q39","AMESBURY HEALTH CENTRE","SMITHFIELD STREET","AMESBURY","WILTSHIRE","","SP4 7AN","20041001","20120930","C","B","5QK","20061001","20120930","01980 626226","","","","0","","","","2",""
"Y00709","DERMATOLOGY GPWSI","Y52","Q37","VALE PRIMARY CARE CENTRE","BOLDING WAY","HAYWARDS HEATH","WEST SUSSEX","","RH16 4SY","20040901","20120930","C","B","5P6","20061001","20120930","01444 450627","","","","0","","","","0",""
"Y00712","TRENT VALLEY SURGERY","Y51","Q33","C/O 65 NORTH GATE","","NEWARK","NOTTINGHAMSHIRE","","NG24 1HD","20040901","20120930","C","B","5N8","20061001","20120930","01636 700238","","","","0","","","","0",""
"Y00725","OOH CAMBRIDGE DOCTORS","Y51","Q35","CHESTERTON MEDICAL CENTRE","UNION LANE","CAMBRIDGE","","","CB4 1PX","20041001","20120930","C","B","5PP","20061001","20120930","01223 464242","","","","0","","","","2",""
"Y00727","GPWSI-INT CARE","Y51","Q34","WATERHOUSES MED PRACTICE","WATERFALL LANE","WATERHOUSES","STOKE ON TRENT","","ST10 3HY","20040901","20120930","C","B","5PH","20061001","20120930","01538 308207","","","","0","","","","0",""
"Y00728","HERTFORDSHIRE OOH","Y51","Q35","HERTFORD COUNTY HOSPITAL","NORTH ROAD","HERTFORD","","","SG14 1HH","20040908","20120930","C","B","5QV","20100401","20120930","01707 365279","","","","0","","","","2",""
"Y00730","LISTER HOUSE DERMATOLOGY CLINIC","Y51","Q35","LISTER HOUSE SURGERY","THE COMMON","HATFIELD","HERTFORDSHIRE","","AL10 0NL","20040913","20120930","C","B","5QV","20100401","20120930","01707 268822","","","","0","","","","0",""
"Y00731","EAST BERKS PRIMARY CARE OOH(BRACKNELL)","Y52","Q38","44 FINCHAMPSTEAD ROAD","","WOKINGHAM","","","RG40 2NN","20041001","20120930","C","B","5QG","20061001","20120930","0118 9365390","","","","0","","","","2",""
"Y00734","COMMUNITY PAEDIATRIC SERVICE","Y51","Q32","C/O NORTHWAY CLINIC","NORTHWAY","SCARBOROUGH","NORTH YORKSHIRE","","YO12 7AF","20041001","20120930","C","B","5NV","20061001","20120930","01723 345743","","","","0","","","","0",""
"Y00735","FAMILY PLANNING UNIT","Y51","Q32","NORTHWAY CLINIC","NORTHWAY","SCARBOROUGH","NORTH YORKSHIRE","","YO12 7AF","20041001","20120930","C","B","5NV","20061001","20120930","01723 345743","","","","0","","","","0",""
"Y00736","GU-MEDICINE UNIT","Y51","Q32","NORTHWAY CLINIC","NORTHWAY","SCARBOROUGH","NORTH YORKSHIRE","","YO12 7AF","20041001","20120930","C","B","5NV","20061001","20120930","01723 345743","","","","0","","","","0",""
"Y00739","MALVERN ROAD SURGERY","Y52","Q37","MALVERN ROAD SURGERY","90-92 MALVERN ROAD","GILLINGHAM","KENT","","ME7 4BB","20041001","20120930","C","B","5L3","20041001","20120930","01634 578333","","","","0","","","","0",""
"Y00740","EAST BERKS PRIMARY CARE OOH(SLOUGH)","Y52","Q38","44 FINCHAMPSTEAD ROAD","","WOKINGHAM","","","RG40 2NN","20041001","20120930","C","B","5QG","20061001","20120930","0118 9365390","","","","0","","","","2",""
"Y00743","BICESTER DRUG TREATMENT CENTRE","Y52","Q38","C/O SCAS, RECTORY CENTRE"," RECTORY ROAD","OXFORD","","","OX4 1BU","20040920","20120930","C","B","5QE","20061001","20120930","01865 455623","","","","0","","","","0",""
"Y00744","DHW OOH PRACTICE","Y51","Q35","C/O A&E DEPARTMENT","WATFORD GENERAL HOSPITAL","VICARAGE ROAD","","","WD18 0HB","20041001","20120930","C","B","5QV","20100401","20120930","01923 715000","","","","0","","","","2",""
"Y00745","ACCESS CENTRE, PRESTON PCT","Y51","Q31","ISSA MEDICAL CENTRE","73 ST GREGORY ROAD","PRESTON","LANCASHIRE","","PR1 6YA","20041001","20120930","C","B","5NG","20061001","20120930","01772 203838","","","","0","","","","0",""
"Y00746","ENT TIER TWO SERVICE","Y51","Q31","ENT OUTPATIENT DEPT.","THE ROYAL BOLTON HOSPITAL","MINERVA ROAD","FARNWORTH","","BL4 0JR","20041001","20130331","C","B","5HQ","20041001","20130331","01204 390100","","","","0","","","","0",""
"Y00750","NETHERTON TREATMENT CENTRE","Y51","Q31","MAGDALEN SQUARE","NETHERTON","LIVERPOOL","","","L30 5SP","20040901","20120930","C","B","5NJ","20061001","20120930","0151 9214000","","","","0","","","","0",""
"Y00756","SETTLE OOH","Y51","Q32","CASTLEBERG HOSPITAL","RAINES ROAD","GIGGLESWICK","","","BD24 0BN","20041001","20120930","C","B","5NV","20061001","20120930","08450 568060","","","","0","","","","2",""
"Y00766","COMMUNITY DIABETES SERVICE","Y51","Q30","FLAGG COURT HEALTH CENTRE","FLAGG COURT","SOUTH SHIELDS","","","NE33 2PG","20041014","20120930","C","B","5KG","20041014","20120930","0191 4555922","","","","0","","","","0",""
"Y00775","MARLOW COMMUNITY HOSPITAL","Y52","Q38","GLADE ROAD","","MARLOW","BUCKINGHAMSHIRE","","SL7 1DJ","20041001","20120930","C","B","5QD","20061001","20120930","01628 482292","","","","0","","","","0",""
"Y00777","CROSSLEY HOUSE SURGERY","Y53","Q36","CROSSLEY HOUSE","SUTTON LANE NORTH","CHISWICK","LONDON","","W4 4HF","20040901","20120930","C","B","5HY","20040901","20120930","0870 8902452","","","","0","","","","0",""
"Y00778","BEDFONT SURGERY","Y53","Q36","THE SURGERY","BEDFONT CLINIC","IMPERIAL ROAD","BEDFONT","","TW14 8AG","20040901","20120930","C","B","5HY","20040901","20120930","020 88902245","","","","0","","","","0",""
"Y00786","OASIS YEOVIL","Y52","Q39","ABBEY MANOR MEDICAL CTRE","ABBEY MANOR PARK","YEOVIL","SOMERSET","","BA21 3TL","20041001","20130331","C","B","5QL","20061001","20130331","01935 383260","","","","0","","","","0",""
"Y00787","REPRODUCTIVE HEALTH SERVICE","Y51","Q35","LOWER BROOK STREET","","IPSWICH","","","IP4 1BN","20041101","20120930","C","B","5PT","20061001","20120930","01473 428001","","","","0","","","","0",""
"Y00788","(GPSI) DR AP DHITAL","Y53","Q36","73 UPPER WICKHAM LANE","","WELLING","KENT","","DA16 3AF","20041001","20120930","C","B","TAK","20041001","20120930","020 88541910","","","","0","","","","0",""
"Y00789","(GPSI) DR AC BARUAH","Y53","Q36","73 UPPER WICKHAM LANE","WELLING","KENT","","","DA16 3AF","20041001","20120930","C","B","TAK","20041001","20120930","020 88541910","","","","0","","","","0",""
"Y00791","(GPSI) DR HL BHATTAD","Y53","Q36","2 CHURCH AVENUE","","SIDCUP","KENT","","DA14 6BU","20041001","20120930","C","B","TAK","20041001","20120930","020 83021114","","","","0","","","","0",""
"Y00792","(GPSI) DR S MENDONCA","Y53","Q36","208 PARKSIDE AVENUE","","BARNEHURST","KENT","","DA7 6NW","20041001","20120930","C","B","TAK","20041001","20120930","01322 521184","","","","0","","","","0",""
"Y00793","(GPSI) DR RJ DAVE","Y53","Q36","THE CAIRNGALL MED.CENTRE","2 ERITH ROAD","BELVEDERE","KENT","","DA17 6EZ","20041001","20120930","C","B","TAK","20041001","20120930","01322 432315","","","","0","","","","0",""
"Y00794","(GPSI) DR SI LIU","Y53","Q36","BELVEDERE MEDICAL CENTRE","15 ALBERT ROAD","BELVEDERE","KENT","","DA17 5LQ","20041001","20120930","C","B","TAK","20041001","20120930","01322 446700","","","","0","","","","0",""
"Y00795","(GPSI) DR WA COTTER","Y53","Q36","174 BELLEGROVE ROAD","","WELLING","KENT","","DA16 3RE","20041001","20120930","C","B","TAK","20041001","20120930","020 88561770","","","","0","","","","0",""
"Y00796","(GPSI) DR RWT NICHOLS","Y53","Q36","STATION ROAD SURGERYU","69 STATION ROAD","SIDCUP","KENT","","DA15 7DS","20041001","20120930","C","B","TAK","20041001","20120930","020 83090201","","","","0","","","","0",""
"Y00797","(GPSI) DR RP MONEY","Y53","Q36","STATION ROAD SURGERY","69 STATION ROAD","SIDCUP","KENT","","DA15 7DS","20041001","20120930","C","B","TAK","20041001","20120930","020 83090201","","","","0","","","","0",""
"Y00798","(GPSI)DR BFS KNIGGE-JAUNCH","Y53","Q36","STATION ROAD SURGERY","69 STATION ROAD","SIDCUP","KENT","","DA15 7DS","20041001","20120930","C","B","TAK","20041001","20120930","020 83090201","","","","0","","","","0",""
"Y00800","(GPSI) DR S KARKARE","Y53","Q36","2 CHURCH AVENUE","","SIDCUP","KENT","","DA14 6BU","20041001","20120930","C","B","TAK","20041001","20120930","020 83021114","","","","0","","","","0",""
"Y00801","(GPSI) DR S DESHMUKH","Y53","Q36","2 CHURCH AVENUE","","SIDCUP","KENT","","DA14 6BU","20041001","20120930","C","B","TAK","20041001","20120930","020 83021114","","","","0","","","","0",""
"Y00802","(GPSI) DR SN BERG","Y53","Q36","BURSTED WOOD SURGERY","219 ERITH ROAD","BARNEHURST","KENT","","DA7 6HZ","20041001","20120930","C","B","TAK","20041001","20120930","020 83035027","","","","0","","","","0",""
"Y00803","(GPSI) DR MJ TAHMASSEBI","Y53","Q36","LAKESIDE HEALTH CENTRE","TAVY BRIDGE","THAMESMEAD","","","SE2 9LH","20041001","20120930","C","B","TAK","20041001","20120930","020 83103281","","","","0","","","","0",""
"Y00810","KING GEORGE HOSP GPS IN A&E","Y53","Q36","KING GEORGE HOSPITAL","BARLEY LANE","GOODMAYES","ESSEX","","IG3 8YB","20041025","20120930","C","B","5NA","20041025","20120930","020 89838000","","","","0","","","","0",""
"Y00811","GPS IN A&E","Y53","Q36","WHIPPS CROSS HOSPITAL","","LEYTONSTONE","LONDON","","E11 1NR","20041025","20120930","C","B","5NC","20041025","20120930","020 85395522","","","","0","","","","0",""
"Y00813","GREENWICH DERMATOLOGY SERVICES","Y53","Q36","31-37 GREENWICH PARK ST","","GREENWICH","","","SE10 9LR","20041101","20120930","C","B","5A8","20041101","20120930","020 83335003","","","","0","","","","0",""
"Y00815","WAKEFIELD NHS WIC","Y51","Q32","TRINITY MEDICAL CENTRE","THORNHILL STREET","WAKEFIELD","","","WF1 1PG","20041101","20120930","C","B","5N3","20061001","20120930","01924 398030","","","","0","","","","0",""
"Y00816","GPSI NEUROLOGY DR PETTY","Y51","Q32","ECCLESHILL OUTPATIENTS","450 HARROGATE ROAD","BRADFORD","WEST YORKSHIRE","","BD10 0JE","20041101","20120930","C","B","5NY","20061001","20120930","","","","","0","","","","0",""
"Y00817","NEUROLOGY SERVICE","Y51","Q32","ECCLESHILL OUTPATIENTS","450 HARROGATE ROAD","BRADFORD","WEST YORKSHIRE","","BD10 0JE","20041101","20130331","C","B","5NY","20061001","20130331","01274 323562","","","","0","","","","0",""
"Y00818","GPSI NEUROLOGY DR HANSEN","Y51","Q32","ECCLESHILL OUTPATIENTS","450 HARROGATE ROAD","BRADFORD","WEST YORKSHIRE","","BD10 0JE","20041101","20120930","C","B","5NY","20061001","20120930","01274 323562","","","","0","","","","0",""
"Y00821","GPSI ENT DR M SMITH","Y51","Q32","ECCLESHILL OUTPATIENTS","450 HARROGATE ROAD","BRADFORD","WEST YORKSHIRE","","BD10 0JE","20041201","20130331","C","B","5NY","20061001","20130331","01274 323218","","","","0","","","","0",""
"Y00823","WILLITON SURGERY-L.E.S. DIABETES CLINIC","Y52","Q39","WILLITON SURGERY","ROBERT STREET","WILLITON","SOMERSET","","TA4 4QE","20041101","20120930","C","B","5QL","20061001","20120930","01984 632701","","","","0","","","","0",""
"Y00829","DRUG AND ALCOHOL SERVICE","Y52","Q38","KINGSWAY HOUSE","130-136 ELMGROVE","","SOUTHSEA","","PO5 1LR","20041115","20120930","C","B","5FE","20041115","20120930","02392 377921","","","","0","","","","0",""
"Y00830","BLT PCT RP OOH","Y51","Q34","SIR ROBERT PEEL HOSPITAL","PLANTATION LANE","MILE OAK","TAMWORTH","","B78 3NG","20041101","20130331","C","B","5PK","20061001","20130331","01827 263806","","","","0","","","","2",""
"Y00831","ASIAN HEALTH CLINIC","Y52","Q39","ST JOHN'S LANE HTH CENTRE","ST JOHN'S LANE","BEDMINSTER","BRISTOL","","BS3 5AS","20041105","20120930","C","B","5QJ","20061001","20120930","0117 9536667","","","","0","","","","0",""
"Y00832","ACCESS DIVERSION SCHEME","Y53","Q36","C/O WOODGRANGE MED.PRACT.","40 WOODGRANGE ROAD","","LONDON","","E7 0QH","20041101","20120930","C","B","5C5","20041101","20120930","020 82507585","","","","0","","","","0",""
"Y00834","CHILD MENTAL HEALTH UNIT 2","Y51","Q32","CHILD MENTAL HLTH UNIT 2","S.CAMHS, 12A CLARENDON RD","LEEDS","","","LS2 9NN","20041101","20120930","C","B","5N1","20061001","20120930","0113 2951760","","","","0","","","","0",""
"Y00837","HARNESS HOUSE PRACTICE (UNREGISTERED )","Y52","Q38","HARNESS HOUSE","ALDERMASTON ROAD","BASINGSTOKE","","","RG24 9NB","20041101","20120930","C","B","5QC","20061001","20120930","01256 312242","","","","0","","","","0",""
"Y00841","COMMUNITY DRUG SERVICE","Y51","Q32","COMMUNITY DRUG SERVICE","5-7 EAST PARK ROAD","LEEDS","","","LS9 9JD","20041101","20120930","C","B","5N1","20061001","20120930","0113 2958115","","","","0","","","","0",""
"Y00843","CHILD & FAMILY UNIT 3","Y51","Q32","CHILD & FAMILY UNIT 3","E.CAMHS,ST JAMES HOSPITAL","LEEDS","","","LS9 7TF","20041101","20120930","C","B","5N1","20061001","20120930","0113 2064033","","","","0","","","","0",""
"Y00845","GPSI SERVICES (EEMS)","Y52","Q37","GPSI SERVICES","CEDAR COURT","GUILDFORD RD,LEATHERHEAD","SURREY","","KT22 9RX","20041101","20120930","C","B","5P5","20061001","20120930","01306 882422","","","","0","","","","0",""
"Y00846","CHILD HEALTH SERVICES","Y51","Q31","THE ELMS","COWLEY HILL LANE","ST.HELENS","","","WA10 2AW","20041101","20120930","C","B","5NM","20061001","20120930","01744 28098","","","","0","","","","0",""
"Y00849","A&E DEPT(HEYWOOD&MID ZTS)","Y51","Q31","ACCIDENT & EMERGENCY DEPT","ROCHDALE INFIRMARY","WHITEHALL STREET","ROCHDALE,LANCASHIRE","","OL12 0NB","20041115","20120930","C","B","5NQ","20061001","20120930","0161 7634242","","","","0","","","","0",""
"Y00850","DR D SLOVICK'S PRACTICE","Y53","Q36","CLAYPONDS HOSPITAL","STIRLING PLACE","OFF CLAYPONDS LANE","EALING","","W5 4RN","20041101","20120930","C","B","5HX","20041101","20120930","020 89675000","","","","0","","","","0",""
"Y00853","PRIMARY CARE OOH SERVICE - LISTER HOSP","Y51","Q35","LISTER HPL L93,P/CABIN L2","COREYS MILL LANE","STEVENAGE","HERTFORDSHIRE","","SG1 4AB","20041101","20120930","C","B","5QV","20100401","20120930","01438 361426","","","","0","","","","2",""
"Y00854","PARKINSONS PRACTICE","Y51","Q33","NENE HOUSE","SOPWITH WAY","DAVENTRY","","","NN11 4EA","20041101","20120930","C","B","5PD","20061001","20120930","01327 708163","","","","0","","","","0",""
"Y00858","GPWSI ENT SYSTON","Y51","Q33","COUNTY PRACTICE, HLTH CTR","MELTON RD, SYSTON","LEICESTER","","","LE7 2EQ","20041101","20120930","C","B","5PA","20061001","20120930","0116 2950500","","","","0","","","","0",""
"Y00861","PARKINSON PRACTICE","Y51","Q33","HIGHFIELD","CLIFTONVILLE ROAD","NORTHAMPTON","","","NN1 5DN","20041118","20120930","C","B","5PD","20061001","20120930","01604 615394","","","","0","","","","0",""
"Y00863","GUILDFORD WALK-IN CENTRE","Y52","Q37","ROYAL SURREY COUNTY HPL","EGERTON ROAD","GUILDFORD","SURREY","","GU2 7XX","20041201","20120930","C","B","5P5","20061001","20120930","01483 402788","","","","0","","","","1",""
"Y00865","GYNAECOLOGY INTERFACE CLINIC","Y52","Q39","C/O OUTPATIENTS DEPT","BRIDGWATER COMMUNITY HOSP","BRIDGWATER","SOMERSET","","TA6 5AH","20041201","20120930","C","B","5QL","20061001","20120930","01278 451501","","","","0","","","","0",""
"Y00867","UNREGISTERED PATIENTS","Y52","Q37","PO BOX 124","","ST LEONARDS-ON-SEA","","","TN38 9WH","20041201","20130331","C","B","5P8","20061001","20130331","01424 457100","","","","0","","","","0",""
"Y00869","DHC LTD OOH","Y51","Q33","SCARSDALE","NEWBOLD ROAD","CHESTERFIELD","DERBYSHIRE","","S41 7PF","20041201","20120930","C","B","5N6","20061001","20120930","01246 550818","","","","0","","","","2",""
"Y00870","HMR ZTS","Y51","Q31","CLOUGH STREET SURGERY","CLOUGH STREET, MIDDLETON","MANCHESTER","","","M24 2YJ","20041115","20130331","C","B","5NQ","20061001","20130331","0161 6544103","","","","0","","","","0",""
"Y00871","X-TRA REFERRAL CENTRE","Y51","Q34","511 ETRURIA ROAD","BASFORD","STOKE ON TRENT","","","ST4 6HT","20041206","20120930","C","B","5PJ","20061001","20120930","01782 719100","","","","0","","","","0",""
"Y00873","PMS PILOT SCHEME","Y51","Q35","2ND FLOOR TOWN HALL","","PETERBOROUGH","","","PE1 1FA","20050101","20120930","C","B","5PN","20061001","20120930","01733 758542","","","","0","","","","0",""
"Y00875","GPSI ENT CLINIC","Y53","Q36","OUTPATIENT DEPT","SUTTON HOSPITAL","COTSWOLD ROAD","SUTTON,SURREY","","SM2 5NF","20050201","20120930","C","B","5M7","20050201","20120930","020 82964395","","","","0","","","","0",""
"Y00876","DERMATOLOGY CLINIC 1","Y53","Q36","RAVENSCROFT MEDICAL CTR","166-168 GOLDERS GREEN RD","","LONDON","","NW11 8BB","20050101","20120930","C","B","5A9","20050101","20120930","020 84552477","","","","0","","","","0",""
"Y00877","DERMATOLOGY CLINIC 2","Y53","Q36","EDGWARE COMMUNITY HOSP","BURNT OAK BROADWAY","EDGWARE","","","HA8 0AD","20050101","20120930","C","B","5A9","20050101","20120930","020 89522381","","","","0","","","","0",""
"Y00880","P.CARE ACCESS","Y51","Q34","STAFFS MOORLANDS PCT","MOORLANDS HOUSE","STOCKWELL STREET","LEEK","","ST13 6HQ","20041206","20120930","C","B","5PH","20061001","20120930","01538 487234","","","","0","","","","0",""
"Y00883","ARCHWAYS","Y51","Q32","1-26 CLARENDON COURT","HAXBY ROAD","YORK","NORTH YORKSHIRE","","YO31 8YT","20050101","20120930","C","B","5NV","20061001","20120930","01904 724700","","","","0","","","","0",""
"Y00884","WATERSIDE WARD","Y52","Q38","AMERSHAM HOSPITAL","WHIELDEN STREET","AMERSHAM","BUCKINGHAMSHIRE","","HP7 0JD","20041201","20120930","C","B","5QD","20061001","20120930","01494 734711","","","","0","","","","0",""
"Y00885","DERMATOLOGY SERVICE","Y52","Q38","BIRCH HOUSE,UPTON HOSP","ALBERT STREET","SLOUGH","","","SL1 2BJ","20041208","20120930","C","B","5QG","20061001","20120930","01753 635191","","","","0","","","","0",""
"Y00888","DR I REES GPWSI DRUG MISUSE SERVICE","Y51","Q33","HINCKLEY & DISTRICT HOSP","MOUNT ROAD","HINCKLEY","LEICESTERSHIRE","","LE10 1AG","20041210","20120930","C","B","5PA","20061001","20120930","01455 441800","","","","0","","","","0",""
"Y00889","DRUG INTERVENTION PROGRAMME","Y51","Q31","MERSEYVIEW","18 GREAT GEORGES ROAD","WATERLOO","","","L22 1RB","20050101","20120930","C","B","5NJ","20061001","20120930","0151 9202068","","","","0","","","","0",""
"Y00892","STORTHFIELD HOUSE","Y51","Q33","STORTH LANE","","SOUTH NORMANTON","","","DE55 3AA","20050101","20120930","C","B","5N6","20061001","20120930","01773 515600","","","","0","","","","0",""
"Y00893","THE LIMES","Y51","Q33","MAIN STREET","LANGWITH","MANSFIELD","","","NG20 9HD","20050101","20120930","C","B","5N6","20061001","20120930","01623 746002","","","","0","","","","0",""
"Y00900","MANOR WAY SURGERY(LOCUM)","Y51","Q35","27 MANOR WAY","","BOREHAMWOOD","HERTFORDSHIRE","","WD6 1QR","20050101","20120930","C","B","5QV","20100401","20120930","020 89533095","","","","0","","","","0",""
"Y00901","COPD TIER 2 SERVICE","Y51","Q31","COPD ICATS","KINGSGATE HOUSE","WELLINGTON ROAD NORTH","STOCKPORT","","SK4 1LW","20050101","20120930","C","B","5F7","20050101","20120930","0161 4265420","","","","0","","","","0",""
"Y00903","DERBYSHIRE MEDICAL SERVICES OOH","Y51","Q33","105A DUFFIELD ROAD","","DERBY","","","DE22 1AE","20050101","20120930","C","B","5N7","20061001","20120930","01332 223606","","","","0","","","","2",""
"Y00906","DERMATOLOGY SERVICE","Y51","Q32","DERMATOLOGY SERVICE","TISSUE VIABILITY ST MARYS","LEEDS","","","LS12 3QE","20050101","20120930","C","B","5N1","20061001","20120930","0113 3055099","","","","0","","","","0",""
"Y00907","PASS PROVIDER","Y51","Q33","NOTTINGHAM CITY PCT","STANDARD COURT, PARK ROW","NOTTINGHAM","","","NG1 6GN","20050110","20120930","C","B","5EM","20050110","20120930","0115 9123344","","","","0","","","","0",""
"Y00909","BWD MUSCULOSKELETAL GPWSI CLINIC","Y51","Q31","C/O LARKHILL HEALTH CENTR","MOUNT PLEASANT","BLACKBURN","","","BB1 5BJ","20050201","20130331","C","B","TAP","20050201","20130331","01254 263611","","","","0","","","","0",""
"Y00916","BBW PCT SMOKING CESSATION SERVICE","Y51","Q35","HIGH WOOD HOSPITAL","GEARY DRIVE","BRENTWOOD","ESSEX","","CM15 9DY","20050124","20120930","C","B","5PY","20061001","20120930","01277 302251","","","","0","","","","0",""
"Y00917","AMS - NHS NYY","Y51","Q32","NYY PCT - MED. MANAGEMENT","THE HAMLET, HORNBEAM PARK","HARROGATE","","","HG2 8RE","20050101","20120930","C","B","5NV","20061001","20120930","01423 859718","","","","0","","","","0",""
"Y00923","B.D.I.P.HARLEQUIN","Y51","Q34","THE HARLEQUIN SURGERY","160 SHARD END CRESCENT","SHARD END","BIRMINGHAM","","B34 7BP","20041213","20120930","C","B","5PG","20061001","20120930","0121 7478291","","","","0","","","","0",""
"Y00924","EXETER (WONFORD) NHS WIC","Y52","Q39","ROYAL DEVON & EXETER HOSP","BARRACK ROAD","EXETER","DEVON","","EX2 5DW","20050201","20120930","C","B","5QQ","20061001","20120930","01392 411735","","","","0","","","","1",""
"Y00928","ARCH DRR","Y51","Q31","51A ORMSKIRK STREET","","ST HELENS","MERSEYSIDE","","WA10 2TB","20050201","20120930","C","B","5NM","20061001","20120930","01744 737359","","","","0","","","","0",""
"Y00930","GPWSI MEMORY CLINIC","Y42","Q15","SEABANK M/C","213/215 SEABANK ROAD","","WALLASEY","MERSEYSIDE","CH45 1HE","20050101","20050102","C","B","5H2","20050101","20050102","0151 6306577","","","","1","","","","0",""
"Y00932","DONCASTER CENTRAL OOH","Y51","Q32","THE OLD AMBULANCE STATION","ARMTHORPE ROAD","DONCASTER","","","DN2 5LU","20050201","20120930","C","B","5N5","20061001","20120930","01302 811100","","","","0","","","","2",""
"Y00933","DONCASTER WEST OOH","Y51","Q32","THE OLD AMBULANCE STATION","ARMTHORPE ROAD","DONCASTER","","","DN2 5LU","20050201","20120930","C","B","5N5","20061001","20120930","01302 811100","","","","0","","","","2",""
"Y00935","PALLIATIVE CARE - DR KING","Y53","Q36","ELLENOR LIONS HOSPICE","COLDHARBOUR ROAD","NORTHFLEET","KENT","","DA11 7HQ","20050201","20130331","C","B","TAK","20050201","20130331","01474 538520","","","","0","","","","0",""
"Y00937","PALLIATIVE CARE - DR ANDHOGA","Y53","Q36","ELEANOR FOUNDATION","LIVINGSTONE HPL,EAST HILL","DARTFORD","","","DA1 1SA","20050201","20120930","C","B","TAK","20050201","20120930","01322 221315","","","","0","","","","0",""
"Y00938","PALLIATIVE CARE - DR ROWE","Y53","Q36","ELEANOR FOUNDATION","LIVINGSTONE HPL,EAST HILL","DARTFORD","","","DA1 1SA","20050201","20120930","C","B","TAK","20050201","20120930","01322 221315","","","","0","","","","0",""
"Y00940","PALLIATIVE CARE - DR CORBETT","Y53","Q36","ELEANOR FOUNDATION","LIVINGSTONE HPL,EAST HILL","DARTFORD","","","DA1 1SA","20050201","20120930","C","B","TAK","20050201","20120930","01322 221315","","","","0","","","","0",""
"Y00941","EXCLUDED PATIENT SCHEME","Y51","Q34","KINGSTON HOUSE","438 HIGH STREET","WEST BROMWICH","WEST MIDLANDS","","B70 9LD","20050201","20120930","C","B","5PF","20061001","20120930","0845 1550500","","","","0","","","","0",""
"Y00942","JUBILEE PARK MEDICAL PRACTICE","Y51","Q30","NELSON HEALTH CENTRE","CECIL STREET","NORTH SHIELDS","","","NE29 0DZ","20050101","20120930","C","B","5D8","20050101","20120930","0191 2571191","","","","0","","","","0",""
"Y00946","CARDIAC MONITORING CLINIC","Y52","Q38","1 BLACKWATER WAY","","ALDERSHOT","HAMPSHIRE","","GU12 4DN","20050301","20120930","C","B","5QC","20061001","20120930","01252 344434","","","","0","","","","0",""
"Y00950","WEST/ NORTH WEST CDT SERVICE","Y51","Q32","THE MANOR HOUSE","259 UPPER TOWN STREET","LEEDS","","","LS13 3JT","20050214","20120930","C","B","5N1","20061001","20120930","0113 2559582","","","","0","","","","0",""
"Y00953","GPSI (CHD)","Y51","Q31","LITHERLAND TOWN HALL","HEALTH CTR,HATTON HILL RD","LITHERLAND, LIVERPOOL","MERSEYSIDE","","L21 9JN","20050601","20130331","C","B","5NJ","20061001","20130331","0151 4754007","","","","0","","","","0",""
"Y00956","LEICESTERSHIRE OOH SERVICE","Y51","Q33","OSL HOUSE","MERIDIAN BUSINESS PARK","EAST LINK","LEICESTER","","LE19 1XW","20050201","20120930","C","B","5PA","20061001","20120930","0116 2958439","","","","0","","","","2",""
"Y00957","COMMUNITY PAEDIATRICIAN","Y53","Q36","BUNGALOW 1","WENSLEY CLOSE","","ELTHAM","","SE9 5AD","20050216","20120930","C","B","5A8","20050216","20120930","020 88509165","","","","0","","","","0",""
"Y00958","COMMUNITY PAEDIATRICIAN","Y53","Q36","MARKET STREET CLINIC","16 MARKET STREET","WOOLWICH","","","SE18 6QR","20050216","20120930","C","B","5A8","20050216","20120930","020 88552697","","","","0","","","","0",""
"Y00959","COMMUNITY PAEDIATRICIAN","Y53","Q36","MARKET STREET CLINIC","16 MARKET STREET","WOOLWICH","","","SE18 6QR","20050216","20120930","C","B","5A8","20050216","20120930","020 83179415","","","","0","","","","0",""
"Y00960","SOUTH WILTS PCT-DES","Y52","Q39","SMITHFIELD STREET","AMESBURY","","WILTSHIRE","","SP4 7AN","20050217","20130331","C","B","5QK","20061001","20130331","01980 634838","","","","0","","","","0",""
"Y00964","BASSETLAW DERMATOLOGY SERVICE","Y51","Q33","C/O BASSETLAW PCT","RETFORD HOSPITAL","NORTH ROAD","RETFORD","","DN22 7XF","20050223","20120930","C","B","5ET","20050223","20120930","01777 274527","","","","0","","","","0",""
"Y00965","DIABETES CLINIC","Y52","Q37","STAINES HEALTH CENTRE","BURGESS WAY","KNOWLE GREEN","STAINES MIDDLESEX","","TW18 1XD","20050401","20120930","C","B","5P5","20061001","20120930","01784 883666","","","","0","","","","0",""
"Y00967","THE GARDENS NEUROLOGICAL CENTRE","Y51","Q35","HIGH WYCH ROAD","","SAWBRIDGEWORTH","HERTFORDSHIRE","","CM21 0HH","20050301","20120930","C","B","5QV","20100401","20120930","01279 600201","","","","0","","","","0",""
"Y00968","DERMATOLOGY SERVICES","Y51","Q35","SOLUTIONS HOUSE","DUNHAMS LANE","LETCHWORTH GARDEN CITY","HERTFORDSHIRE","","SG6 1BE","20050311","20120930","C","B","5QV","20100401","20120930","01462 708470","","","","0","","","","0",""
"Y00974","DERMATOLOGY SERVICE","Y51","Q32","MIDDLETON CLINIC","MIDDLETON PARK AVENUE","LEEDS","","","LS10 4HT","20050301","20120930","C","B","5N1","20061001","20120930","0113 2700773","","","","0","","","","0",""
"Y00975","DIABETES INTERMEDIATE CLINIC","Y52","Q38","C/O CHURCH HILL HOUSE","51-52 TURING DRIVE","BRACKNELL","BERKSHIRE","","RG12 7FR","20050331","20120930","C","B","5QG","20061001","20120930","07836644378","","","","0","","","","0",""
"Y00977","ACCIDENT & EMERGENCY DEPARTMENT","Y53","Q36","WIC, ROYAL LONDON HPL","174 WHITECHAPEL ROAD","LONDON","","","E1 1BZ","20050301","20120930","C","B","5C4","20050301","20120930","020 79431333","","","","0","","","","0",""
"Y00979","HARTCLIFFE YOUTH CLINIC","Y52","Q39","HARECLIVE YOUTH CENTRE","MOXHAM DRIVE","HARTCLIFFE","BRISTOL","","BS13 0HP","20050304","20120930","C","B","5QJ","20061001","20120930","0117 3015240","","","","0","","","","0",""
"Y00985","THE MONDAY CLUB","Y51","Q33","NETHERFIELD MEDICAL CTR","2A FORESTER STREET","NOTTINGHAM","","","NG4 2NJ","20050401","20120930","C","B","5N8","20061001","20120930","0115 9403775","","","","0","","","","0",""
"Y00989","SUBSTANCE ABUSE CLINIC","Y51","Q35","62 LINCOLN ROAD","","PETERBOROUGH","","","PE1 2SN","20050407","20120930","C","B","5PN","20061001","20120930","01733 898385","","","","0","","","","0",""
"Y00991","YOUTH DRUG & ALCOHOL PROJECT","Y51","Q30","11 JOHN STREET","","SUNDERLAND","","","SR1 1HT","20050404","20120930","C","B","5KL","20050404","20120930","0191 5663150","","","","0","","","","0",""
"Y01000","CENTRAL CLINIC","Y51","Q32","DONCASTER GATE HOSPITAL","DONCASTER GATE","ROTHERHAM","","","S65 1DW","20050325","20120930","C","B","5H8","20050325","20120930","01709 303707","","","","0","","","","0",""
"Y01001","SPACE","Y51","Q34","6 SHAW STREET","WORCESTER","WORCESTERSHIRE","","","WR1 3QQ","20050401","20120930","C","B","5PL","20061001","20120930","01905 724754","","","","0","","","","0",""
"Y01012","RAPHAEL MEDICAL CENTRE","Y52","Q37","RAPHAEL MEDICAL CENTRE","COLDHARBOUR LANE","HILDENBOROUGH","KENT","","TN11 9LE","20050401","20120930","C","B","5P9","20061001","20120930","01732 833924","","","","0","","","","0",""
"Y01015","BRIDGWATER COMMUNITY HOSPITAL","Y52","Q39","SALMON PARADE","","BRIDGWATER","SOMERSET","","TA6 5AH","20050401","20120930","C","B","5QL","20061001","20120930","01278 451501","","","","0","","","","0",""
"Y01017","MINEHEAD COMMUNITY HOSPITAL","Y52","Q39","THE AVENUE","","MINEHEAD","SOMERSET","","TA24 5LY","20050401","20120930","C","B","5QL","20061001","20120930","01643 707251","","","","0","","","","0",""
"Y01018","WILLITON COMMUNITY HOSPITAL","Y52","Q39","","","WILLITON","SOMERSET","","TA4 4RA","20050401","20120930","C","B","5QL","20061001","20120930","01984 635600","","","","0","","","","0",""
"Y01019","BURNHAM COMMUNITY HOSPITAL","Y52","Q39","LOVE LANE","","BURNHAM ON SEA","","","TA8 1ED","20050401","20120930","C","B","5QL","20061001","20120930","01278 773118","","","","0","","","","0",""
"Y01020","MUSCULOSKELETAL INTERFACE CLINIC","Y52","Q39","MINEHEAD COMMUNITY HOSP","THE AVENUE","MINEHEAD","SOMERSET","","TA24 5LY","20050401","20120930","C","B","5QL","20061001","20120930","01643 707251","","","","0","","","","0",""
"Y01021","DERMATOLOGY INTERFACE CLINIC","Y52","Q39","WILLITON COMMUNITY HOSP","","WILLITON","SOMERSET","","TA4 4RA","20050401","20120930","C","B","5QL","20061001","20120930","01984 635600","","","","0","","","","0",""
"Y01022","DR C DEACON'S PRACTICE","Y53","Q36","PASSEY PLACE CENTRE","32 PASSEY PLACE","ELTHAM","","","SE9 5DQ","20050401","20120930","C","B","5A8","20050401","20120930","020 88506572","","","","0","","","","0",""
"Y01024","CHRISTOPHER GRANGE","Y51","Q31","CHRISTOPHER GRANGE","YOUENS WAY,E.PRESCOT RD","LIVERPOOL","","","L14 2EW","20050401","20120930","C","B","5NL","20061001","20120930","0151 2202525","","","","0","","","","0",""
"Y01030","COMMUNITY PAEDIATRICIANS","Y53","Q36","KIDBROOKE CLINIC","TELEMANN SQUARE","KIDBROOKE","","","SE3 9YR","20050401","20120930","C","B","5A8","20050401","20120930","020 83193388","","","","0","","","","0",""
"Y01041","BRENTWOOD GPWSI DIABETES SERVICE","Y51","Q35","HIGH WOOD DAY HOSPITAL","GEARY DRIVE","BRENTWOOD","ESSEX","","CM15 9DY","20050501","20120930","C","B","5PY","20061001","20120930","01277 302214","","","","0","","","","0",""
"Y01042","WICKFORD GPWSI DIABETES SERVICE","Y51","Q35","340 SOUTHEND ROAD","SHOTGATE","WICKFORD","ESSEX","","SS11 8QS","20050601","20120930","C","B","5PY","20061001","20120930","01268 561888","","","","0","","","","0",""
"Y01043","BILLERICAY GPWSI DIABETES SERVICE","Y51","Q35","BILLERICAY DAY HOSPITAL","BLUNTS WALL ROAD","BILLERICAY","ESSEX","","CM12 9SA","20050601","20120930","C","B","5PY","20061001","20120930","01277 621140","","","","0","","","","0",""
"Y01048","KLEINWORT CENTRE","Y52","Q37","BUTLERS GREEN ROAD","HAYWARDS HEATH","WEST SUSSEX","","","RH16 4BE","20050401","20120930","C","B","5P6","20061001","20120930","01444 445600","","","","0","","","","0",""
"Y01053","SOUTHWARK INTERMEDIATE CARE UNIT","Y53","Q36","INTERMEDIATE CARE UNIT","DULWICH HPL,E.DULWICH GR","","LONDON","","SE22 8PT","20050502","20120930","C","B","5LE","20050502","20120930","020 73466196","","","","0","","","","0",""
"Y01055","GPWSI HEADACHE CLINIC","Y51","Q32","C/O OUT-PATIENT DEPT","YORK HOSPITAL","WIGGINTON ROAD","YORK","","YO31 8HE","20050601","20120930","C","B","5NV","20061001","20120930","01904 631313","","","","0","","","","0",""
"Y01059","THE SURGERY","Y51","Q31","THE SURGERY","155 WIGAN ROAD","","LEIGH","","WN7 5DE","20050701","20120930","C","B","5HG","20050701","20120930","01942 672870","","","","0","","","","4",""
"Y01060","GREENWICH PARK STREET","Y53","Q36","GREENWICH TEACHING PCT","51-53 BURNEY STREET","GREENWICH","LONDON","","SE10 8EX","20050506","20120930","C","B","5A8","20050506","20120930","020 82936989","","","","0","","","","0",""
"Y01062","DRUG MISUSE CLINIC","Y51","Q30","CLARENDON","WINDMILL WAY","HEBBURN","TYNE & WEAR","","NE31 1AT","20050510","20120930","C","B","5KG","20050510","20120930","0191 2831000","","","","0","","","","0",""
"Y01073","COMMUNITY BASED MINOR SURGERY SERVICE","Y51","Q33","SOUTH WIGSTON HEALTH CTR.","80 BLABY ROAD","SOUTH WIGSTON","LEICESTER","","LE18 4SE","20050516","20120930","C","B","5PA","20061001","20120930","0116 2782028","","","","0","","","","0",""
"Y01074","COMMUNITY BASED MUSCULOSKELETAL SERVICE","Y51","Q33","LIMES MEDICAL CENTRE","65 LEICESTER ROAD","NARBOROUGH, LEICESTER","","","LE19 2DU","20050516","20120930","C","B","5PA","20061001","20120930","0116 2864421","","","","0","","","","0",""
"Y01082","URGENT CARE OUT OF HOURS","Y51","Q32","ECCLESHILL COMMUNITY HOSP","450 HARROGATE ROAD","BRADFORD","WEST YORKSHIRE","","BD10 0JE","20050401","20120930","C","B","5NY","20061001","20120930","01274 366007","","","","0","","","","2",""
"Y01087","DTTO/DRR","Y51","Q30","PROBATION SERVICE","AVENUE ROAD","HARTLEPOOL","","","TS24 8BL","20050524","20130331","C","B","5D9","20050524","20130331","01429 851208","","","","0","","","","0",""
"Y01088","AMBER VALLEY MEDIC TEAM OOH","Y51","Q33","RIPLEY COMMUNITY HOSPITAL","SANDHAM LANE","RIPLEY","DERBYSHIRE","","DE5 3HE","20050501","20120930","C","B","5N6","20061001","20120930","01773 743456","","","","0","","","","2",""
"Y01089","INTERMEDIATE CARE UNIT","Y52","Q37","PLATTER'S FARM LDGE LINK","SERVICE CTR,HIGHFIELD RD","RAINHAM","KENT","","ME8 0EQ","20050601","20120930","C","B","5L3","20050601","20120930","01634 377579","","","","0","","","","0",""
"Y01092","DARLINGTON PCT DIABETES CLINIC","Y51","Q30","DARLINGTON DIABETES CLIN","DR PIPER HOUSE, KING ST","DARLINGTON","CO.DURHAM","","DL3 6JL","20050801","20120930","C","B","5J9","20050801","20120930","01325 746300","","","","0","","","","0",""
"Y01093","COMM. BASED DERMATOLOGY","Y51","Q33","ENDERBY MEDICAL CENTRE","SHORTRIDGE LANE","ENDERBY","LEICESTERSHIRE","","LE19 4LY","20050601","20120930","C","B","5PA","20061001","20120930","0116 2866088","","","","0","","","","0",""
"Y01098","GPSI-LD TAFFINDER","Y51","Q33","GRANTHAM HEALTH CLINIC","ST CATHERINES ROAD","GRANTHAM","LINCS","","NG31 6TP","20050701","20120930","C","B","5N9","20061001","20120930","01476 565232","","","","0","","","","0",""
"Y01100","GPSI-IM WHEATLEY","Y51","Q33","BOURNE HEALTH CENTRE","ST GILBERTS ROAD","BOURNE","LINCS","","PE10 9XA","20050701","20120930","C","B","5N9","20061001","20120930","01778 423101","","","","0","","","","0",""
"Y01102","GPSI-GD CAMPBELL","Y51","Q33","GRANTHAM HOSPITAL","101 MANTHORPE ROAD","GRANTHAM","LINCS","","NG31 8DG","20050701","20120930","C","B","5N9","20061001","20120930","01476 565232","","","","0","","","","0",""
"Y01103","OAKTREE HOUSE","Y52","Q38","OAKTREE HOUSE","14-18 CHRISTCHURCH ROAD","RINGWOOD","HAMPSHIRE","","BH24 1DN","20050701","20120930","C","B","5QC","20061001","20120930","01425 483352","","","","0","","","","0",""
"Y01107","LOCAL CARE DIRECT OOH","Y51","Q32","TRINITY MEDICAL CENTRE","THORNHILL STREET","WAKEFIELD","","","WF1 1PG","20050601","20120930","C","B","5N3","20061001","20120930","01924 434809","","","","0","","","","2",""
"Y01109","GPSI RHEUMATOLOGY DR PENNINGTON","Y51","Q32","ECCLESHILL OUTPATIENTS","450 HARROGATE ROAD","BRADFORD","WEST YORKSHIRE","","BD10 0JE","20050701","20130331","C","B","5NY","20061001","20130331","01274 323215","","","","0","","","","0",""
"Y01111","MERSEYFEST","Y51","Q31","JUBILEE MEDICAL CENTRE","52 CROXTETH HALL LANE","LIVERPOOL","","","L11 4UG","20050701","20120930","C","B","5NL","20061001","20120930","0151 5463956","","","","0","","","","0",""
"Y01113","PLUMSTEAD CLINIC","Y53","Q36","PLUMSTEAD CLINIC","TEWSON ROAD","PLUMSTEAD","","","SE18 1BH","20050623","20120930","C","B","5A8","20050623","20120930","020 88559341","","","","0","","","","0",""
"Y01114","KIDBROOKE CLINIC","Y53","Q36","KIDBROOKE CLINIC","10 TELEMANN SQUARE","KIDBROOKE","","","SE3 9YR","20050623","20120930","C","B","5A8","20050623","20120930","020 83193388","","","","0","","","","0",""
"Y01115","PASSEY PLACE CLINIC","Y53","Q36","PASSEY PLACE CLINIC","32A PASSEY PLACE","ELTHAM","","","SE9 5DQ","20050623","20120930","C","B","5A8","20050623","20120930","020 88594609","","","","0","","","","0",""
"Y01121","LEEDS NE PCT RAPS","Y51","Q32","MILL 1","MABGATE MILLS","MABGATE, LEEDS","","","LS9 7DZ","20050701","20120930","C","B","5N1","20061001","20120930","0113 2427924","","","","0","","","","0",""
"Y01125","PALLIATIVE CARE CONSULTANT","Y51","Q31","HAZEL GROVE CLINIC","253 LONDON ROAD","HAZEL GROVE","STOCKPORT","","SK7 4PW","20050801","20120930","C","B","5F7","20050801","20120930","0161 6124229","","","","0","","","","0",""
"Y01131","INITIAL ACCOMMODATION CENTRE","Y53","Q36","C/O MRS K PEARCE","INITIAL ACCOMMODATION","146 TWICKENHAM ROAD","ISLEWORTH, MIDDLESEX","","TW7 7DJ","20050801","20120930","C","B","5HY","20050801","20120930","020 86303975","","","","0","","","","0",""
"Y01134","SAFE HAVEN SERVICE","Y51","Q32","LUPSET HEALTH CENTRE","OFF HORBURY ROAD","LUPSET","WAKEFIELD","","WF2 8RE","20050901","20120930","C","B","5N3","20061001","20120930","01924 202272","","","","0","","","","0",""
"Y01143","THE OLD PRIORY SURGERY","Y51","Q34","THE OLD PRIORY SURGERY","319 VICARAGE ROAD","KINGS HEATH","BIRMINGHAM","","B14 7NN","20050808","20130331","C","B","5M1","20050808","20130331","0121 4441120","","","","0","","","","0",""
"Y01144","DRUIDS HEATH SURGERY","Y51","Q34","DRUIDS HEATH SURGERY","27 POUND ROAD","DRUIDS HEATH","BIRMINGHAM","","B14 5SB","20050808","20130331","C","B","5M1","20050808","20130331","0121 4305461","","","","0","","","","0",""
"Y01145","RIDGACRE HOUSE SURGERY","Y51","Q34","RIDGACRE HOUSE SURGERY","83 RIDGACRE ROAD, QUINTON","BIRMINGHAM","","","B32 2TJ","20050808","20130331","C","B","5M1","20050808","20130331","0121 4223111","","","","0","","","","0",""
"Y01148","THE DOVECOTE SURGERY","Y51","Q34","464 HAGLEY ROAD WEST","OLDBURY","WARLEY","WEST MIDLANDS","","B68 0DJ","20050808","20130331","C","B","5M1","20050808","20130331","0121 4222267","","","","0","","","","0",""
"Y01149","HARBORNE MEDICAL PRACTICE","Y51","Q34","HARBORNE MEDICAL PRACTICE","4 YORK STREET","HARBORNE","BIRMINGHAM","","B17 0HG","20050808","20130331","C","B","5M1","20050808","20130331","0121 4275246","","","","0","","","","0",""
"Y01150","WOODGATE VALLEY HEALTH CENTRE","Y51","Q34","WOODGATE VALLEY HTH. CTR.","61 STEVENS AVENUE","WOODGATE VALLEY","BIRMINGHAM","","B32 3SD","20050808","20130331","C","B","5M1","20050808","20130331","0121 4276174","","","","0","","","","0",""
"Y01155","GRANTON SURGERY","Y51","Q34","GRANTON SURGERY","114 MIDDLETON HALL ROAD","KINGS NORTON","BIRMINGHAM","","B30 1DH","20050808","20130331","C","B","5M1","20050808","20130331","0121 4599117","","","","0","","","","0",""
"Y01157","SOUTHGATE SURGERY","Y51","Q34","THE SOUTHGATE SURGERY","11 BOURNBROOK ROAD","SELLY OAK","BIRMINGHAM","","B29 7BL","20050808","20130331","C","B","5M1","20050808","20130331","0121 4155237","","","","0","","","","0",""
"Y01158","SELLY OAK HEALTH CENTRE","Y51","Q34","SELLY OAK HEALTH CENTRE","15 KATIE ROAD","SELLY OAK","BIRMINGHAM","","B29 6JG","20050808","20130331","C","B","5M1","20050808","20130331","0121 4720016","","","","0","","","","0",""
"Y01159","HAWKESLEY MEDICAL PRACTICE","Y51","Q34","HAWKESLEY MEDICAL PRACT.","375 SHANNON ROAD","KINGS NORTON","BIRMINGHAM","","B38 9TJ","20050808","20130331","C","B","5M1","20050808","20130331","0121 4864200","","","","0","","","","0",""
"Y01160","SW HAMPSHIRE PCTS OOH","Y52","Q38","HIGHCROFT","ROMSEY ROAD","","WINCHESTER","","SO22 5DH","20050927","20120930","C","B","5QC","20061001","20120930","02380 673668","","","","0","","","","2",""
"Y01167","SUBSTANCE MISUSE CLINIC","Y51","Q33","COLWICK VALE SURGERY","RECTORY ROAD","COLWICK, NOTTINGHAM","","","NG4 2DU","20050811","20120930","C","B","5N8","20061001","20120930","0115 9404989","","","","0","","","","0",""
"Y01172","LONGTON CLOSE MEDICAL PRACTICE","Y51","Q31","LONGTON CLOSE MED PRACT","LONGTON CLOSE","BLACKBURN","","","BB1 1XA","20050801","20120930","C","B","TAP","20050801","20120930","01254 681008","","","","0","","","","0",""
"Y01178","MUSCULO-SKELETAL SERVICE","Y51","Q34","LYNG CENTRE FOR HEALTH","FRANK FISHER WAY","WEST BROMWICH","WEST MIDLANDS","","B70 7AW","20050822","20120930","C","B","5PF","20061001","20120930","0121 6122025","","","","0","","","","0",""
"Y01179","TOOTING WIC","Y53","Q36","ST GEORGE'S HOSPITAL","BLACKSHAW ROAD","","LONDON","","SW17 0QT","20050824","20130331","C","B","5LG","20050824","20130331","020 86721255","","","","0","","","","1",""
"Y01180","BROAD STREET DERMATOLOGY","Y53","Q36","MORLAND ROAD","","DAGENHAM","ESSEX","","RM10 9HU","20050802","20120930","C","B","5C2","20050802","20120930","020 85079654","","","","0","","","","0",""
"Y01181","BROAD STREET GYNAECOLOGY","Y53","Q36","MORLAND ROAD","","DAGENHAM","ESSEX","","RM10 9HU","20050802","20120930","C","B","5C2","20050802","20120930","020 85079654","","","","0","","","","0",""
"Y01189","CHD COMMUNITY CLINIC","Y53","Q36","HESA PRIMARY CARE CENTRE","52 STATION ROAD","HAYES","MIDDLESEX","","UB3 4DS","20050901","20120930","C","B","5AT","20050901","20120930","01895 486001","","","","0","","","","0",""
"Y01190","PRIMARY CARE PAIN MANAGEMENT","Y52","Q39","C/O THE ORCHARD MED CTR","MACDONALD WALK","KINGSWOOD","BRISTOL","","BS15 8NJ","20050928","20120930","C","B","5A3","20050928","20120930","0117 9805100","","","","0","","","","0",""
"Y01196","HEART FAILURE CLINIC","Y51","Q32","CARDIOLOGY,ROTHERHAM GEN","MOORGATE ROAD","ROTHERHAM","","","S60 2UD","20050914","20120930","C","B","5H8","20050914","20120930","0845 1220669","","","","0","","","","0",""
"Y01197","ROTHERHAM HOSPICE","Y51","Q32","BROOM ROAD","","ROTHERHAM","","","S60 2SW","20050901","20120930","C","B","5H8","20050901","20120930","01709 829071","","","","0","","","","0",""
"Y01198","GERIATRICIAN PRESCRIBING","Y51","Q33","NEWARK AND SHERWOOD PCT","65 NORTHGATE","NEWARK","NOTTS","","NG24 1HD","20050912","20120930","C","B","5N8","20061001","20120930","01636 700238","","","","0","","","","0",""
"Y01203","CORNERSTONE UNSCHED MED PRACT","Y51","Q31","LANGWORTHY CORNERSTONE","451 LIVERPOOL STREET","SALFORD","MANCHESTER","","M6 5QQ","20050921","20120930","C","B","5F5","20050921","20120930","0161 2124430","","","","0","","","","0",""
"Y01207","THE HEATH SURGERY","Y51","Q35","128 LITTLE BUSHEY LANE","BUSHEY","HERTFORDSHIRE","","","WD23 4SA","20051001","20120930","C","B","5QV","20100401","20120930","020 89501285","","","","0","","","","0",""
"Y01211","ACCESS DIVERSION SERVICE","Y53","Q36","KIRK HOUSE","97-107 HIGH STREET","YIEWSLEY, WEST DRAYTON","MIDDLESEX","","UB7 7HJ","20051024","20120930","C","B","5AT","20051024","20120930","01895 452000","","","","0","","","","0",""
"Y01212","ASSERTIVE OUTREACH TEAM","Y51","Q32","22 THE AVENUE","CLIFTON","YORK","","","YO30 6AS","20051001","20120930","C","B","5NV","20061001","20120930","01904 553170","","","","0","","","","0",""
"Y01213","ST MONICA'S","Y51","Q32","COMMUNITY HOSPITAL","LONG ST, EASINGWOLD","YORK","","","YO61 3JD","20051001","20120930","C","B","5NV","20061001","20120930","01347 821214","","","","0","","","","0",""
"Y01216","OPHTHALMIC CLINIC","Y51","Q35","HEALTH OFFICES","TURNER ROAD","COLCHESTER","ESSEX","","CO4 5JR","20051001","20120930","C","B","5PW","20061001","20120930","01473 279145","","","","0","","","","0",""
"Y01217","JOHN TALLOCK CENTRE","Y51","Q35","JOHN TALLOCK CTR THURROCK","COMM HOSPITAL LONG LANE","GRAYS","ESSEX","","RM16 2PX","20051101","20120930","C","B","5PY","20061001","20120930","01375 393388","","","","0","","","","0",""
"Y01219","COMMUNITY DERMATOLOGY CLINIC","Y51","Q35","DEREHAM HOSPITAL","NORTHGATE","DEREHAM","NORFOLK","","NR19 2EX","20051101","20130331","C","B","5PQ","20061001","20130331","01362 692391","","","","0","","","","0",""
"Y01222","OAKWOOD","Y52","Q38","PROSPECT PARK HOSPITAL","HONEY END LANE,TILEHURST","READING","BERKSHIRE","","RG30 4EJ","20051101","20120930","C","B","5QF","20061001","20120930","0118 9605933","","","","0","","","","0",""
"Y01228","PCT MEDICAL SERVICES SCHEME","Y51","Q32","MONKGATE HEALTH CENTRE","31 MONKGATE","YORK","","","YO31 7WA","20051031","20120930","C","B","5NV","20061001","20120930","01904 724106","","","","0","","","","0",""
"Y01230","DERMATOLOGY SERVICE","Y52","Q39","LITCHDON HOUSE","LANDKEY ROAD","BARNSTAPLE","DEVON","","EX32 9LL","20051128","20120930","C","B","5QQ","20061001","20120930","01271 312850","","","","0","","","","0",""
"Y01234","COMMUNITY CHILDREN'S NURSING TEAM","Y53","Q36","QUEEN ELIZABETH HOSPITAL","STADIUM ROAD","","LONDON","","SE18 4QH","20051101","20120930","C","B","5A8","20051101","20120930","020 88365275","","","","0","","","","0",""
"Y01235","PRIMARY CARE UNIT","Y51","Q34","A&E DEPT","ROYAL SHREWSBURY HOSPITAL","SHREWSBURY","","","SY3 8XQ","20051101","20120930","C","B","5M2","20051101","20120930","01743 261180","","","","0","","","","0",""
"Y01237","COPD CLINIC","Y51","Q35","CROMER HOSPITAL","MILL ROAD","CROMER","","","NR27 0BQ","20051101","20120930","C","B","5PQ","20061001","20120930","01263 513571","","","","0","","","","0",""
"Y01238","WESTGATE HOUSE","Y51","Q35","WESTGATE HOUSE","6-7 EAST STREET","WARE","HERTFORDSHIRE","","SG12 9HJ","20051101","20120930","C","B","5QV","20100401","20120930","01920 468777","","","","0","","","","0",""
"Y01240","BRICKET WOOD NURSING HOME APMS","Y51","Q35","SOUTH WEST HERTS HTH CTR","OXHEY DRIVE","SOUTH OXHEY, WATFORD","HERTFORDSHIRE","","WD19 7SF","20051101","20120930","C","B","5QV","20100401","20120930","020 84216746","","","","0","","","","0",""
"Y01241","CDAT","Y52","Q38","CDAT, GEMINI HOUSE","MANOR HSE SITE,BIERTON RD","AYLESBURY","","","HP20 1EG","20051108","20120930","C","B","5QD","20061001","20120930","01296 504565","","","","0","","","","0",""
"Y01244","PCI DERMATOLOGY SERVICE","Y52","Q39","SOUTHGATE HOUSE","PANS LANE","DEVIZES","WILTSHIRE","","SN10 5EQ","20051201","20120930","C","B","5QK","20061001","20120930","01380 733881","","","","0","","","","0",""
"Y01248","DIDSBURY MEDICAL SURGERY-PCT LOCUM","Y51","Q31","645 WILMSLOW ROAD","DIDSBURY","MANCHESTER","","","M20 6BA","20051101","20120930","C","B","5NT","20061001","20120930","0161 4453731","","","","0","","","","0",""
"Y01251","THE D.I.P CLINIC","Y52","Q38","SCAS","RECTORY CENTRE,RECTORY RD","OXFORD","","","OX4 1BU","20051201","20120930","C","B","5QE","20061001","20120930","01865 455672","","","","0","","","","0",""
"Y01254","PWSI OPHTHALMOLOGY SERVICE","Y51","Q34","MODERNISATION-","OPHTHALMOLOGY","WESTGATE HOUSE, MARKET ST","WARWICK","","CV34 4DE","20051201","20130331","C","B","5PM","20061001","20130331","01926 493491","","","","0","","","","0",""
"Y01261","PRIMARY CARE PAIN MANAGEMENT","Y51","Q30","ONE LIFE","LINTHORPE ROAD","MIDDLESBROUGH","","","TS1 3QY","20051201","20120930","C","B","5KM","20051201","20120930","01642 737737","","","","0","","","","0",""
"Y01265","WEST BROM GP REFERRAL CENTRE","Y51","Q34","CO-OP PHARMACY","34-36 CARTERS GREEN","WEST BROMWICH","WEST MIDLANDS","","B70 9LW","20051125","20120930","C","B","5PF","20061001","20120930","0121 5536639","","","","0","","","","0",""
"Y01266","W'BURY GP REFERRAL CENTRE","Y51","Q34","WESLEY CENTRE","SPRINGHEAD","WEDNESBURY","","","WS10 9AD","20051125","20120930","C","B","5PF","20061001","20120930","0121 5053490","","","","0","","","","0",""
"Y01269","DRR SERVICE","Y51","Q32","MILL 1","MABGATE MILLS","LEEDS","","","LS9 7DZ","20051201","20120930","C","B","5N1","20061001","20120930","0113 2427924","","","","0","","","","0",""
"Y01270","PRIMARY CARE CENTRE","Y53","Q36","EALING HOSPITAL","UXBRIDGE ROAD","SOUTHALL","","","UB1 3HW","20051201","20120930","C","B","5HX","20051201","20120930","020 88679864","","","","0","","","","0",""
"Y01271","RITA SCHEME","Y52","Q39","BEAUCHAMP CENTRE","MOUNT GOULD HOSPITAL","PLYMOUTH","","","PL4 7QD","20051201","20130331","C","B","5F1","20051201","20130331","01752 272547","","","","0","","","","0",""
"Y01272","TOWN STREET MEDICAL PRACTICE","Y51","Q32","BRAMLEY CLINIC","255 TOWN STREET","BRAMLEY","LEEDS","","LS13 3EJ","20060201","20120930","C","B","5N1","20061001","20120930","0113 2951550","","","","0","","","","0",""
"Y01273","SHARED CARE (LIGHTHOUSE)","Y51","Q31","SHARED CARE (LIGHTHOUSE)","S.SEFTON CDT, 22 ORIEL RD","BOOTLE","","","L20 7AD","20051205","20120930","C","B","5NJ","20061001","20120930","0151 9556200","","","","0","","","","0",""
"Y01274","DRUG REHABILITATION","Y51","Q31","DRUG REHABILITATION","18 GREAT GEORGES ROAD","WATERLOO","","","L22 1RB","20051205","20120930","C","B","5NJ","20061001","20120930","0151 9202068","","","","0","","","","0",""
"Y01275","ELLESMERE PORT HOSPITAL","Y51","Q31","ELLESMERE PORT HOSPITAL","114 CHESTER ROAD","ELLESMERE PORT","CHESHIRE","","CH65 6SG","20051201","20120930","C","B","5NN","20061001","20120930","01244 365000","","","","0","","","","0",""
"Y01277","MARIE CURIE HOSPICE","Y52","Q37","HARESTONE DRIVE","CATERHAM","SURREY","","","CR3 6YQ","20051201","20120930","C","B","5P5","20061001","20120930","01883 832600","","","","0","","","","0",""
"Y01278","MUSCULOSKELETAL CLINIC","Y52","Q37","THE HYTHE MEDICAL CENTRE","ROCHESTER ROAD","STAINES","","","TW18 3HN","20051201","20120930","C","B","5P5","20061001","20120930","01784 454965","","","","0","","","","0",""
"Y01279","ECZEMA CLINIC","Y52","Q37","STAINES HEALTH CENTRE","KNOWLE GREEN","STAINES","MIDDLESEX","","TW18 1XD","20051201","20120930","C","B","5P5","20061001","20120930","01784 883637","","","","0","","","","0",""
"Y01283","DR CD HEATH","Y51","Q34","CD & JH MEDICAL LTD","C/O WYRE FOREST PCT","KIDDERMINSTER","WORCESTERSHIRE","","DY11 6RJ","20051101","20120930","C","B","5PL","20061001","20120930","01527 872393","","","","0","","","","0",""
"Y01284","MUSCULOSKELETAL CLINIC","Y51","Q30","CLARENDON","WINDMILL WAY","HEBBURN","","","NE31 1AT","20060112","20120930","C","B","5KG","20060112","20120930","0191 2831000","","","","0","","","","0",""
"Y01288","CHORLEY RD LOCUM","Y51","Q31","CHORLEY ROAD MED PRAC","417 CHORLEY ROAD","SWINTON","MANCHESTER","","M27 9UQ","20060102","20120930","C","B","5F5","20060102","20120930","0161 2814111","","","","0","","","","0",""
"Y01289","GENERAL CARDIOLOGY CLINIC","Y53","Q36","BRENT TPCT","116 CHAPLIN ROAD","WEMBLEY","MIDDLESEX","","HA0 4UZ","20060117","20120930","C","B","5K5","20060117","20120930","020 87957488","","","","0","","","","0",""
"Y01290","HYPERTENSION CLINIC","Y53","Q36","BRENT TPCT","116 CHAPLIN ROAD","WEMBLEY","MIDDLESEX","","HA0 4UX","20060116","20120930","C","B","5K5","20060116","20120930","020 87957488","","","","0","","","","0",""
"Y01292","COMMUNITY MUSCULOSKELETAL SERV CAMBRIDGE","Y51","Q35","SAWSTON MEDICAL PRACTICE","LONDON ROAD,SAWSTON","CAMBRIDGE","","","CB22 3HU","20060101","20120930","C","B","5PP","20061001","20120930","01223 727555","","","","0","","","","0",""
"Y01295","MUSCULOSKELETAL CATS","Y52","Q39","C/O CHIPPING SODBURY CLN","250 STATION ROAD","SOUTH GLOUCESTERSHIRE","","","BS37 4AF","20060101","20120930","C","B","5A3","20060101","20120930","01454 319160","","","","0","","","","0",""
"Y01300","DERMATOLOGY GPWSI","Y52","Q37","CAS OFFICE,","HORSHAM HOSPITAL,HURST RD","HORSHAM","WEST SUSSEX","","RH12 2DR","20060113","20120930","C","B","5P6","20061001","20120930","01403 227042","","","","0","","","","0",""
"Y01301","ASHFIELD SURGERY","Y51","Q34","ASHFIELD SURGERY","8 WALMLEY ROAD","SUTTON COLDFIELD","","","B76 1QN","20060125","20130331","C","B","5PG","20061001","20130331","0121 3513238","","","","0","","","","0",""
"Y01304","MID HAMPSHIRE PCT","Y52","Q38","UNIT 3 TIDBURY FARM","BULLINGTON CROSS","WINCHESTER","","","SO21 3QQ","20060201","20120930","C","B","5QC","20061001","20120930","01962 763940","","","","0","","","","0",""
"Y01305","SEXUAL HEALTH","Y51","Q30","JOHN SNOW HOUSE","DURHAM UNIV. SCIENCE PARK","DURHAM","","","DH1 3YG","20060201","20120930","C","B","5ND","20061001","20120930","0191 3744118","","","","0","","","","0",""
"Y01306","PROSTATE ASSESSMENT CLINIC","Y51","Q35","MAYFLOWER HOUSE","BLUNTS WALL ROAD","BILLERICAY","ESSEX","","CM12 9SA","20060201","20120930","C","B","5PY","20061001","20120930","01277 621140","","","","0","","","","0",""
"Y01617","CARDIOLOGY SERVICE","Y53","Q36","PRIMARY URGENT CARE CTR","HOMERTON UNIVERSITY HOSP","HOMERTON ROW","LONDON","","E9 6SR","20060321","20130331","C","B","5C3","20060321","20130331","020 85105346","","","","0","","","","0",""
"Y01622","SEXUAL HEALTH & REPRODUCTIVE CARE","Y51","Q34","25 WARWICK ROAD","COVENTRY","","","","CV1 2EZ","20060301","20120930","C","B","5MD","20060301","20120930","024 76961326","","","","0","","","","0",""
"Y01623","MCH CHILD HEALTH","Y51","Q33","KINGS MILL HOSPITAL","MANSFIELD ROAD","SUTTON-IN-ASHFIELD","NOTTINGHAMSHIRE","","NG17 4JL","20060306","20120930","C","B","5N8","20061001","20120930","01623 622515","","","","0","","","","0",""
"Y01630","GRAYS' COURT DAY HOSPITAL","Y53","Q36","JOHN PARKER CLOSE","","DAGENHAM","","","RM10 9SR","20060301","20120930","C","B","5C2","20060301","20120930","020 82704577","","","","0","","","","0",""
"Y01631","DRUG INTERVENTION PROGRAMME","Y51","Q31","25 DERBY ROAD","HUYTON","LIVERPOOL","","","L36 9UG","20060301","20120930","C","B","5J4","20060301","20120930","0151 4805398","","","","0","","","","0",""
"Y01637","HALIWELL HEALTH CENTRE","Y51","Q31","HALLIWELL HEALTH CENTRE","AYLESFORD WALK","BOLTON","","","BL1 3SQ","20060401","20130331","C","B","5HQ","20060401","20130331","01204 529381","","","","0","","","","0",""
"Y01638","TG EARNSHAW","Y51","Q31","ST.JOHN'S MEDICAL CENTRE","ST.JOHN'S ROAD","ALTRINCHAM","CHESHIRE","","WA14 2NW","20060401","20120930","C","B","5NR","20061001","20120930","0844 4778715","","","","0","","","","0",""
"Y01641","DR COPPER'S CLINIC","Y52","Q39","C/O SOUTH HAMS HOSPITAL","PLYMOUTH ROAD","KINGSBRIDGE","","","TQ7 1AT","20060401","20120930","C","B","5QQ","20061001","20120930","01548 852349","","","","0","","","","0",""
"Y01642","GPSI DERMATOLOGY CLINIC","Y52","Q37","THE HEALTH CENTRE","UNIVERSITY OF SURREY","GUILDFORD","SURREY","","GU2 7XH","20060401","20120930","C","B","5P5","20061001","20120930","01483 259051","","","","0","","","","0",""
"Y01644","SPENCER HOUSE SUBSTANCE MISUSE","Y52","Q38","63 ROMSEY ROAD","WINCHESTER","","","","SO22 5DE","20060401","20120930","C","B","5QC","20061001","20120930","01962 825071","","","","0","","","","0",""
"Y01645","OAKTREE HOUSE SUBSTANCE MISUSE","Y52","Q38","14-18 CHRISTCHURCH ROAD","RINGWOOD","HANTS","","","BH24 1DN","20060401","20120930","C","B","5QC","20061001","20120930","01425 483352","","","","0","","","","0",""
"Y01646","SWAYTHLING HEALTH CLINIC","Y52","Q38","MAYFIELD ROAD","HAMPTON PARK","SOUTHAMPTON","","","SO17 3SW","20060401","20120930","C","B","5QC","20061001","20120930","023 80677588","","","","0","","","","0",""
"Y01647","COMMUNITY DRUGS SERVICE","Y52","Q38","FAIRFIELDS HOUSE","8 FAIRFIELDS ROAD","BASINGSTOKE","","","RG21 3DR","20060401","20120930","C","B","5QC","20061001","20120930","01256 469006","","","","0","","","","0",""
"Y01648","BARGATE PROJECT","Y52","Q38","70 LONDON ROAD","","SOUTHAMPTON","","","SO15 2AJ","20060401","20120930","C","B","5QC","20061001","20120930","023 80635011","","","","0","","","","0",""
"Y01650","CABLE STREET SURGERY","Y53","Q36","455 CABLE STREET","","","LONDON","","E1W 3DE","20060401","20120930","C","B","5C4","20060401","20120930","020 77911502","","","","0","","","","0",""
"Y01653","CANARY WHARF NHS WALK IN CENTRE","Y53","Q36","30 MARSH WALL","CANARY WHARF","LONDON","","","E14 9TP","20060418","20120930","C","B","5C4","20060418","20120930","020 75173300","","","","0","","","","0",""
"Y01654","DR RATNARAJAH","Y53","Q36","DANIEL PRACTICE,EVERGREEN","PRIM CRE CTR,1 SMYTHE CL","EDMONTON","","","N9 0TW","20060401","20120930","C","B","5C1","20060401","20120930","020 88072176","","","","0","","","","0",""
"Y01656","FAMILY PLANNING","Y51","Q32","CENTRAL CLINIC","DONCASTER GATE","ROTHERHAM","","","S65 1DW","20060331","20120930","C","B","5H8","20060331","20120930","01709 304845","","","","0","","","","0",""
"Y01657","ORTHOPAEDIC TRIAGE","Y51","Q32","DONCASTER GATE HOSPITAL","DONCASTER GATE","ROTHERHAM","","","S65 1DW","20060331","20120930","C","B","5H8","20060331","20120930","01709 304825","","","","0","","","","0",""
"Y01659","CARDIOLOGY OUTPATIENT CLINIC","Y51","Q32","LG FLR,W/BOURNE GREEN CHC","50 HEATON ROAD","BRADFORD","","","BD8 8RA","20060502","20130331","C","B","5NY","20061001","20130331","01274 202485","","","","0","","","","0",""
"Y01664","MUSCULOSKELETAL SERVICE","Y51","Q35","BOTOLPH BRIDGE COMM H/C","SUGAR WAY, OUNDLE ROAD","PETERBOROUGH","","","PE2 9RT","20060418","20120930","C","B","5PN","20061001","20120930","01733 774500","","","","0","","","","0",""
"Y01668","COMMUNITY DERMATOLOGY SERVICE","Y52","Q37","ST STEPHEN'S HEALTH CTR","ST STEPEHEN'S WALK","ASHFORD","KENT","","TN23 5AQ","20060502","20120930","C","B","5QA","20061001","20120930","01233 622474","","","","0","","","","0",""
"Y01671","THE NORTHUMBERLAND AVENUE SURGERY","Y51","Q35","NORTHUMBERLAND AVENUE","","SOUTHEND-ON-SEA","ESSEX","","SS1 2TH","20060501","20120930","C","B","5P1","20061001","20120930","01702 440720","","","","0","","","","0",""
"Y01672","BUXTON HOUSE REHAB","Y52","Q39","BUXTON HOUSE","423B RADIPOLE LANE","WEYMOUTH","","","DT4 0QE","20060401","20120930","C","B","5QM","20061001","20120930","01305 760834","","","","0","","","","0",""
"Y01674","CAMHS","Y51","Q32","BEECH HOUSE","15 MARGARET STREET","WAKEFIELD","","","WF1 2DQ","20060401","20120930","C","B","5N3","20061001","20120930","01924 327604","","","","0","","","","0",""
"Y01675","MAKE A CHANGE","Y51","Q30","SOUTHLANDS CENTRE","ORMESBY ROAD","MIDDLESBROUGH","","","TS3 0HB","20060420","20120930","C","B","5QR","20061001","20120930","01642 317293","","","","0","","","","0",""
"Y01677","LIVERPOOL ST WIC NON C&H","Y53","Q36","LIVERPOOL ST. W.I.C.","EXCHANGE ARCADE","BISHOPSGATE","LONDON","","EC2M 3WA","20060401","20130331","C","B","5C3","20060401","20130331","0845 8801315","","","","0","","","","1",""
"Y01679","THE PARK HOUSE SKIN CLINIC","Y51","Q33","PARK HOUSE","61 BURTON ROAD","CARLTON,NOTTINGHAM","","","NG4 3DQ","20060501","20120930","C","B","5N8","20061001","20120930","0115 9617616","","","","0","","","","0",""
"Y01684","CARDIOLOGY GPSI","Y51","Q32","WESTBOURNE GREEN","50 HEATON ROAD","BRADFORD","","","BD8 8RA","20060501","20120930","C","B","5NY","20061001","20120930","01274 202485","","","","0","","","","0",""
"Y01688","SEXUAL HEALTH CLINIC","Y52","Q37","WEYBRIDGE PRIMARY CARE CT","CHURCH STREET","WEYBRIDGE","SURREY","","KT13 8DW","20060512","20120930","C","B","5P5","20061001","20120930","01932 826082","","","","0","","","","0",""
"Y01702","THE RETREAT","Y51","Q32","HESLINGTON ROAD","","YORK","","","YO10 5BN","20060601","20120930","C","B","5NV","20061001","20120930","01904 412551","","","","0","","","","0",""
"Y01703","YORK HOUSE","Y51","Q32","107 HESLINGTON ROAD","YORK","NORTH YORKSHIRE","","","YO10 5BN","20060601","20120930","C","B","5NV","20061001","20120930","01904 412666","","","","0","","","","0",""
"Y01708","TRAFFORD ENT SERVICE","Y51","Q31","OAKLAND HOUSE","TALBOT ROAD","OLD TRAFFORD","MANCHESTER","","M16 0PQ","20060601","20120930","C","B","5NR","20061001","20120930","0161 8739500","","","","0","","","","0",""
"Y01711","HEATH JG - GRESFORD MEDICAL CENTRE","Y51","Q31","GRESFORD MEDICAL CENTRE","PILCH LANE, HUYTON","LIVERPOOL","MERSEYSIDE","","L14 0JE","20060601","20120930","C","B","5J4","20060601","20120930","0151 4892020","","","","0","","","","0",""
"Y01714","MINOR AILMENTS UNIT - WHITBY","Y51","Q32","WHITBY","","","NORTH YORKSHIRE","","YO21 1DP","20060701","20120930","C","B","5NV","20061001","20120930","01947 824238","","","","0","","","","0",""
"Y01720","GPSI ENT","Y52","Q37","SELLINDGE SURGERY","","ASHFORD","KENT","","TN25 6JX","20060601","20120930","C","B","5QA","20061001","20120930","01303 812180","","","","0","","","","0",""
"Y01721","DASH","Y51","Q34","30 COMMERCIAL ROAD","HEREFORD","","","","HR1 2BG","20060701","20120930","C","B","5CN","20060701","20120930","01432 263636","","","","0","","","","0",""
"Y01733","MIDWIFE SC","Y51","Q34","HERBERT MINTON BUILDING","79 LONDON ROAD,STOKE","STOKE ON TRENT","STAFFORDSHIRE","","ST4 7PZ","20060701","20120930","C","B","5PJ","20061001","20120930","01782 552454","","","","0","","","","0",""
"Y01736","ST.GEORGE'S MEDICAL CTR","Y51","Q30","ST.GEORGE'S MEDICAL CTR","NEW GEORGE STREET","SOUTH SHIELDS","TYNE AND WEAR","","NE33 5DU","20060615","20120930","C","B","5KG","20060615","20120930","0191 4555958","","","","0","","","","0",""
"Y01737","GPWSI DERMATOLOGY SERVICE","Y51","Q30","BUNNY HILL PCC","HYLTON LANE","SUNDERLAND","","","SR5 4EA","20060701","20120930","C","B","5KL","20060701","20120930","0191 5195854","","","","0","","","","0",""
"Y01738","DERMATOLOGY MINOR SURGERY","Y51","Q30","BUNNY HILL PCC","HYLTON LANE","SUNDERLAND","","","SR5 4EA","20060701","20120930","C","B","5KL","20060701","20120930","0191 5195854","","","","0","","","","0",""
"Y01745","CARAVAN PROJECT","Y53","Q36","9A SOUTH WHARF ROAD","","LONDON","","","W2 1NY","20060701","20120930","C","B","5LC","20060701","20120930","020 78861972","","","","0","","","","0",""
"Y01750","CARPAL TUNNEL DECOMPRESSION CLINIC","Y45","Q36","CHURCHILL MEDICAL CENTRE","1 CHURCHILL TERRACE","CHINGFORD","LONDON","GREATER LONDON","E4 8DG","20060701","20060702","C","B","5NC","20060701","20060702","020 85291777","","","","1","","","","0",""
"Y01753","PPO/TOWER","Y51","Q31","18 GREAT GEORGES ROAD","","WATERLOO","","","L22 1RB","20060717","20120930","C","B","5NJ","20061001","20120930","0151 9202068","","","","0","","","","0",""
"Y01754","MINOR INJURY AND ILLNESS CENTRE","Y51","Q33","COMM PHYSIOTHERAPY DEPT","NORTHAMPTON GENERAL HPL","CLIFTONVILLE","NORTHAMPTON","","NN1 5BD","20060717","20120930","C","B","5PD","20061001","20120930","01604 523552","","","","0","","","","0",""
"Y01757","URGENT CARE","Y51","Q34","BRADWELL HOSPITAL","TALKE ROAD, CHESTERTON","NEWCASTLE-UNDER-LYME","","","ST5 7NJ","20060701","20120930","C","B","5PH","20061001","20120930","01782 425400","","","","0","","","","0",""
"Y01758","ICAT GPSI CLINIC","Y52","Q37","ROYAL VICTORIA HOSPITAL","","FOLKESTONE","KENT","","CT19 5BL","20060901","20120930","C","B","5QA","20061001","20120930","01303 854494","","","","0","","","","0",""
"Y01760","DERMATOLOGY GPSI CLINIC","Y52","Q37","ROYAL VICTORIA HOSPITAL","","FOLKESTONE","KENT","","CT19 5BL","20060801","20120930","C","B","5QA","20061001","20120930","01303 854494","","","","0","","","","0",""
"Y01761","ENT GPSI CLINIC","Y52","Q37","ROYAL VICTORIA HOSPTIAL","","FOLKESTONE","KENT","","CT19 5BL","20060901","20120930","C","B","5QA","20061001","20120930","01303 854494","","","","0","","","","0",""
"Y01763","DERMATOLOGY CLINIC","Y52","Q37","WALTON HEALTH CENTRE","RODNEY ROAD","WALTON ON THAMES","SURREY","","KT12 3LB","20060724","20120930","C","B","5P5","20061001","20120930","01932 228999","","","","0","","","","0",""
"Y01766","WEMBLEY NHS WIC","Y53","Q36","WEMBLEY CENTRE FOR HEALTH","116 CHAPLIN ROAD","WEMBLEY","MIDDLESEX","","HA0 4UZ","20060710","20120930","C","B","5K5","20060710","20120930","020 87956270","","","","0","","","","0",""
"Y01767","H TPCT","Y53","Q36","HARINGEY TPCT","ST ANN'S HOSPITAL","ST ANNS ROAD","LONDON","","N15 3TH","20060701","20130331","C","B","5C9","20060701","20130331","020 84426152","","","","0","","","","0",""
"Y01768","NUH OUTREACH","Y51","Q35","NORWICH COMMUNITY HOSP.","BOWTHORPE ROAD","NORWICH","","","NR2 3TU","20060815","20120930","C","B","5PQ","20061001","20120930","01603 776776","","","","0","","","","0",""
"Y01770","KCA PRESCRIBING SERVICE","Y53","Q36","1C WOOLWICH NEW ROAD","","WOOLWICH","","","SE18 6EX","20060701","20120930","C","B","5A8","20060701","20120930","020 83160116","","","","0","","","","0",""
"Y01772","RXSCHOOL","Y51","Q31","COTTAGE 4, NEWHALL CAMPUS","LONGMOOR LANE","FAZAKERLEY","","","L10 1LD","20060901","20120930","C","B","5NL","20061001","20120930","0151 2931900","","","","0","","","","0",""
"Y01773","DMC EDMONTON GREEN","Y53","Q36","DMC EDMONTON GREEN","EVERGREEN PCC,1 SMYTHE CL","EDMONTON","","","N9 0TW","20060818","20120930","C","B","5C1","20060818","20120930","020 88878322","","","","0","","","","0",""
"Y01779","NORTH HIGH PEAK URGENT CARE CENTRE","Y51","Q33","GOYT VALLEY MEDICAL CTR","CHAPEL STREET","WHALEY BRIDGE","HIGH PEAK","","SK23 7SR","20061001","20120930","C","B","5N6","20061001","20120930","01663 732911","","","","0","","","","0",""
"Y01780","BRIXTON HEALTH CENTRE","Y53","Q36","BRIXTON HEALTH CENTRE","JEBB AVENUE","BRIXTON HILL","LONDON","","SW2 5XF","20060801","20120930","C","B","5LD","20060801","20120930","020 75886375","","","","0","","","","0",""
"Y01790","LONG TERM CONDITIONS UNIT","Y53","Q36","PORTERS AVENUE HEALTH CTR","234 PORTERS AVENUE","DAGENHAM","ESSEX","","RM8 2EQ","20060901","20120930","C","B","5C2","20060901","20120930","020 85229856","","","","0","","","","0",""
"Y01796","JOINT INJECTION CLINIC","Y52","Q37","STUDHOLME MEDICAL CENTRE","50 CHURCH ROAD","ASHFORD","MIDDLESEX","","TW15 2TU","20060906","20120930","C","B","5P5","20061001","20120930","01784 420700","","","","0","","","","0",""
"Y01797","MKWIC & OOH","Y52","Q38","MILTON KEYNES WIC &","OUT OF HOURS UNIT","FLEMING DRIVE, EAGLESTONE","MILTON KEYNES","","MK6 5NG","20060925","20120930","C","B","5CQ","20060925","20120930","01908 303030","","","","0","","","","3",""
"Y01799","PRIMARY CARE DERMATOLOGY SERVICE","Y53","Q36","P.CARE DERMATOLOGY SERV","51 KENSINGTON PARK ROAD","LONDON","","","W11 1PA","20061001","20120930","C","B","5LA","20061001","20120930","020 72212650","","","","0","","","","0",""
"Y01804","SEXUAL HEALTH SERVICES (WATFORD)","Y51","Q35","C/O CALLOWLAND SURGERY","141A LEAVESDEN ROAD","WATFORD","HERTFORDSHIRE","","WD24 5DG","20061001","20120930","C","B","5QV","20100401","20120930","01923 225128","","","","0","","","","0",""
"Y01805","MINOR OPERATIONS (WATFORD)","Y51","Q35","C/O ATTENBOROUGH SURGERY","BUSHEY HEALTH CENTRE","LONDON RD, BUSHEY","HERTFORDSHIRE","","WD23 2NN","20061001","20120930","C","B","5QV","20100401","20120930","01923 231633","","","","0","","","","0",""
"Y01808","CJ (LIGHTHOUSE)","Y51","Q31","22 ORIEL ROAD","","BOOTLE","","","L20 7AD","20061001","20120930","C","B","5NJ","20061001","20120930","0151 955620","","","","0","","","","0",""
"Y01809","CHILVERSMCCREA","Y51","Q35","ST NEOTS RD MED CTR","12 ST NEOTS ROAD","SANDY","BEDFORDSHIRE","","SG19 1LB","20061001","20120930","C","B","5P2","20061001","20120930","01767 683322","","","","0","","","","0",""
"Y01811","THE OCTAGON SURGERY","Y51","Q35","THE OCTAGON SURGERY","LYNN ROAD","ELY","CAMBRIDGESHIRE","","CB6 1DN","20061101","20120930","C","B","5PP","20061101","20120930","01353 669923","","","","0","","","","0",""
"Y01813","CROYDON INTERMEDIATE CARE","Y53","Q36","MORLAND LODGE","4 MORLAND LODGE","CROYDON","","","CR0 6NA","20060901","20120930","C","B","5K9","20060901","20120930","020 86566722","","","","0","","","","0",""
"Y01814","DR NOBLE LEAD GP","Y51","Q34","DUNCAN STREET PRIMARY","CARE CENTRE","BLAKENHALL","WOLVERHAMPTON","","WV2 3AN","20061001","20120930","C","B","5MV","20061001","20120930","0845 6750584","","","","0","","","","0",""
"Y01816","BRIGHTON SMS","Y52","Q37","VANTAGE POINT","NEW ENGLAND ROAD","BRIGHTON","","","BN1 4GW","20061020","20120930","C","B","5LQ","20061020","20120930","01273 242172","","","","0","","","","0",""
"Y01817","MINOR SURGERY SERVICE","Y51","Q33","CROSS STREET SURGERY","4 CROSS STREET","LEICESTER","","","LE4 5BA","20061101","20120930","C","B","5PC","20061101","20120930","0116 2681242","","","","0","","","","0",""
"Y01818","YOUNG PEOPLES D & A SERVICE","Y52","Q38","EASTLEIGH HEALTH CENTRE","NEWTOWN ROAD","EASTLEIGH","","","SO50 9AG","20061019","20120930","C","B","5QC","20061019","20120930","023 80610961","","","","0","","","","0",""
"Y01819","DR G VARUGHESE (ENT)","Y53","Q36","CONCORDIA PARKSIDE","52 CAMBERWELL GREEN","LONDON","","","SE5 7AQ","20061001","20120930","C","B","5LE","20061001","20120930","020 77030596","","","","0","","","","0",""
"Y01820","DARLINGTON A&E SERVICE","Y51","Q30","DARLINGTON MEMORIAL HPL","HOLLYHURST ROAD","DARLINGTON","CO.DURHAM","","DL3 6HX","20061101","20120930","C","B","5J9","20061101","20120930","01325 380100","","","","0","","","","0",""
"Y01832","COMM HOSP WARDS (WF GP UNIT)","Y51","Q34","A1 KIDDERMINSTER HOSP","BEWDLEY ROAD","KIDDERMINSTER","WORCS","","DY11 6RJ","20061101","20120930","C","B","5PL","20061101","20120930","01562 826333","","","","0","","","","0",""
"Y01833","HARROW OPTHALMOLOGY GPWSI","Y53","Q36","HARROW OPTHALMOLOGY GPWSI","36 NORTHWICK PARK ROAD","HARROW","MIDDLESEX","","HA1 2NU","20061101","20120930","C","B","5K6","20061101","20120930","0844 4778687","","","","0","","","","0",""
"Y01835","GYNAECOLOGY GPWSI","Y52","Q37","VALE PRIMARY CARE CENTRE","BOLDING WAY","HAYWARDS HEATH","WEST SUSSEX","","RH16 4SY","20061101","20130331","C","B","5P6","20061101","20130331","01444 450627","","","","0","","","","0",""
"Y01837","CARDIOLOGY GPWSI","Y52","Q37","CIS HORSHAM HOSPITAL","HURST ROAD","HORSHAM","WEST SUSSEX","","RH12 2DR","20061103","20130331","C","B","5P6","20061103","20130331","01403 227042","","","","0","","","","0",""
"Y01847","DERMATOLOGY CLINIC","Y51","Q32","JORDANTHORPE HEALTH CTR","DYCHE LANE","SHEFFIELD","","","S8 8DX","20070109","20120930","C","B","5N4","20070109","20120930","0845 1265686","","","","0","","","","0",""
"Y01849","VICTORIA NHS WALK IN CENTRE","Y53","Q36","63 BUCKINGHAM GATE","WESTMINSTER","LONDON","","","SW1E 6AT","20061101","20120930","C","B","5LC","20061101","20120930","020 73401190","","","","0","","","","1",""
"Y01850","ONE STOP CLINIC","Y51","Q35","12 PARK AVENUE","","WATFORD","HERTFORDSHIRE","","WD18 7LX","20061201","20120930","C","B","5QV","20100401","20120930","01923 223178","","","","0","","","","0",""
"Y01853","DIP/RAP BUDGET","Y52","Q37","PCT ADDICTION SERVICES","PROBATION PROGRAMME","FARNCOMBE RD, WORTHING","","","BN11 2BE","20061201","20130331","C","B","5P6","20061201","20130331","01903 218677","","","","0","","","","0",""
"Y01854","PRIMARY CARE CENTRE","Y53","Q36","NORTHWICK PARK HOSPITAL","WATFORD ROAD","HARROW","MIDDLESEX","","HA1 3UJ","20061201","20120930","C","B","5K6","20061201","20120930","020 89661054","","","","0","","","","0",""
"Y01860","COMMUNITY DRUG TEAM","Y51","Q31","LOWER PRIORY HALL","CHINA STREET","LANCASTER","","","LA1 1EX","20061204","20120930","C","B","5NF","20061204","20120930","01524 846106","","","","0","","","","0",""
"Y01868","STROKE SERVICES","Y52","Q37","UNIT 2 AMBLEY GR,BAILEY","DRIVE,GILLINGHAM B/PARK","GILLINGHAM","KENT","","ME5 0NJ","20070101","20120930","C","B","5L3","20070101","20120930","01634 382870","","","","0","","","","0",""
"Y01874","OXFORD DRUG TREATMENT CENTRE","Y52","Q38","SCAS","RECTORY CENTRE,RECTORY RD","OXFORD","","","OX4 1BU","20070131","20120930","C","B","5QE","20070131","20120930","01865 455623","","","","0","","","","0",""
"Y01875","INTERMEDIATE CARE SERVICE","Y52","Q39","CHALET A","CHRISTCHURCH HOSPITAL","FAIRMILE RD, CHRISTCHURCH","DORSET","","BH23 2JX","20070115","20120930","C","B","5QM","20070115","20120930","01202 483971","","","","0","","","","0",""
"Y01876","HEADROW WIC","Y51","Q32","UNIT B25 THE LIGHT","THE HEADROW","LEEDS","","","LS1 8TL","20070125","20120930","C","B","5N1","20070125","20120930","0113 2516000","","","","0","","","","1",""
"Y01877","URGENT CARE TEAM","Y52","Q39","NUNTON UNIT","SALISBURY FOUNDATION TRUS","ODSTOCK ROAD, SALISBURY","WILTSHIRE","","SP2 8BJ","20070121","20120930","C","B","5QK","20070121","20120930","01722 425157","","","","0","","","","0",""
"Y01880","DERMATOLOGY CLINIC","Y52","Q37","EARLSWOOD MEDICAL PRACT.","1 ANDERSON COURT","ROYAL EARLSWOOD, REDHILL","SURREY","","RH1 6TP","20070101","20120930","C","B","5P5","20070101","20120930","01737 236491","","","","0","","","","0",""
"Y01890","COMMUNITY CARDIAC SERVICE","Y51","Q33","DANETRE HOSP, OUTPATIENTS","DEPT, LONDON ROAD","DAVENTRY","","","NN11 4DY","20070201","20120930","C","B","5PD","20070201","20120930","01327 708801","","","","0","","","","0",""
"Y01892","GYNAECOLOGY GPWSI - KB","Y53","Q36","KENTON BRIDGE MEDICAL CTR","155/175 KENTON ROAD","KENTON","","","HA3 0YX","20070201","20120930","C","B","5K6","20070201","20120930","020 89076013","","","","0","","","","0",""
"Y01896","TURNING POINT SMITHFIELD UNIT","Y51","Q31","SMITHFIELD CENTRE","THOMPSON STREET","COLLYHURST, MANCHESTER","","","M4 5FY","20070202","20120930","C","B","5NT","20070202","20120930","0161 8398829","","","","0","","","","0",""
"Y01899","ADDACTION TOWER PROGRAMME","Y51","Q31","BICKERSTAFFE HOUSE","53 GARSTANG ROAD","PRESTON","","","PR1 1LB","20070301","20120930","C","B","5NG","20070301","20120930","01772 286000","","","","0","","","","0",""
"Y01902","ADDACTION - CAMBRIDGE","Y51","Q35","MILL HOUSE","BROOKFIELDS HOSPITAL","CAMBRIDGE","","","CB1 3DF","20070301","20120930","C","B","5PP","20070301","20120930","01223 723020","","","","0","","","","0",""
"Y01903","MHT DIP SOUTHERN DIVISION","Y51","Q35","THE BRIDGE","152-154 MILL ROAD","CAMBRIDGE","","","CB1 3LP","20070301","20120930","C","B","5PP","20070301","20120930","01223 214614","","","","0","","","","0",""
"Y01904","ADDACTION - FENLAND","Y51","Q35","16 CHURCH MEWS","WISBEACH","CAMBRIDGESHIRE","","","PE13 1HL","20070301","20120930","C","B","5PP","20070301","20120930","01945 584444","","","","0","","","","0",""
"Y01905","MHT CJIT","Y51","Q35","7 AVRO COURT","ERMINE BUSINESS PARK","HUNTINGDON","CAMBRIDGESHIRE","","PE29 6XS","20070301","20120930","C","B","5PP","20070301","20120930","01480 425732","","","","0","","","","0",""
"Y01906","ADDACTION - HUNTINGDON","Y51","Q35","7 & 8 MARKET HILL","HUNTINGDON","CAMBRIDGESHIRE","","","PE29 3NR","20070301","20120930","C","B","5PP","20070301","20120930","01480 413800","","","","0","","","","0",""
"Y01907","MHT DIP CENTRAL DIVISION","Y51","Q35","COMMUNITY UNIT","PRIMROSE LANE","HUNTINGDON","","","PE29 1WG","20070301","20120930","C","B","5PP","20070301","20120930","01480 415231","","","","0","","","","0",""
"Y01913","LAURISTON","Y52","Q37","LAURISTON CHRISTIAN","NURSING HOME","40 THE GREEN","ST.LEONARDS ON SEA","","TN38 0SY","20070401","20120930","C","B","5P8","20070401","20120930","01424 447544","","","","0","","","","0",""
"Y01917","NURSING HOMES GP","Y51","Q31","CHAPELFIELDS CLINIC","WILSDEN ROAD","WIDNES","CHESHIRE","","WA8 7XS","20070301","20120930","C","B","5NM","20070301","20120930","07900 490650","","","","0","","","","0",""
"Y01919","BATH EYE CARE GB LTD","Y52","Q39","WESTBURY HOSPITAL","THE BUTTS","WESTBURY","","","BA13 3EL","20070301","20120930","C","B","5QK","20070301","20120930","01373 823616","","","","0","","","","0",""
"Y01927","THE FAIRINGTON CENTRE","Y51","Q30","THE FAIRINGTON CENTRE","CORBRIDGE ROAD","HEXHAM","NORTHUMBERLAND","","NE46 1QJ","20070401","20120930","C","B","TAC","20070401","20120930","01434 656220","","","","0","","","","0",""
"Y01933","CREST","Y51","Q30","UNIT 5,REDCAR STN BUS CTR","STATION ROAD","REDCAR","","","TS10 1RD","20070401","20130331","C","B","5QR","20070401","20130331","01642 495737","","","","0","","","","0",""
"Y01934","ADDACTION TOWER PROGRAMME","Y51","Q31","EAST LANCASHIRE PCT","BURNLEY HOUSE","31-47 WESTGATE","BURNLEY","","BB11 1RY","20070401","20120930","C","B","5NH","20070401","20120930","01282 500800","","","","0","","","","0",""
"Y01937","DR PB DE SOUZA - MINOR SURGERY","Y53","Q36","C/O CROOK LOG SURGERY","19 CROOK LOG","BEXLEYHEATH","KENT","","DA6 8DZ","20070321","20120930","C","B","TAK","20070321","20120930","0844 4773340","","","","0","","","","0",""
"Y01938","DR M THAVAPALAN - MINOR SURGERY","Y53","Q36","221 ERITH ROAD","","BEXLEYHEATH","KENT","","DA7 6HZ","20070321","20120930","C","B","TAK","20070321","20120930","020 82986193","","","","0","","","","0",""
"Y01940","COMMUNITY OUTREACH TEAM","Y51","Q32","STOCKDALE HOUSE","VICTORIA RD, HEADINGLEY","LEEDS","","","LS6 1WA","20070401","20120930","C","B","5N1","20070401","20120930","0113 2033448","","","","0","","","","0",""
"Y01941","BLAIR ATHOLL","Y51","Q32","120-122 YORK ROAD","HAXBY","YORK","","","YO32 3EG","20070401","20120930","C","B","5NV","20070401","20120930","01904 768738","","","","0","","","","0",""
"Y01942","GREAT OAKS SURGERY","Y52","Q39","LITTLEMOOR CLINIC","LOUVIERS ROAD","LITTLEMOOR, WEYMOUTH","DORSET","","DT3 6SA","20070702","20120930","C","B","5QM","20070702","20120930","01305 814641","","","","0","","","","4",""
"Y01944","CAMHS","Y51","Q31","ELLEN HOUSE","1-3 ELLEN COURT","","PRESTON","LANCASHIRE","PR1 7RH","20070401","20070402","C","B","5NG","20070401","20070402","01772 401040","","","","1","","","","0",""
"Y01946","COMMUNITY GERIATRICIAN","Y51","Q32","DONCASTER GATE HOSPITAL","DONCASTER GATE","ROTHERHAM","","","S65 1DW","20070401","20120930","C","B","5H8","20070401","20120930","01709 304937","","","","0","","","","0",""
"Y01947","LD/MH SUPPORT TEAM","Y51","Q32","ORCHARD CHILDREN'S CENTRE","ST. BEDES ROAD","MASBROUGH, ROTHERHAM","","","S60 1HG","20070401","20120930","C","B","5H8","20070401","20120930","01709 556358","","","","0","","","","0",""
"Y01954","OPHTHALMOLOGY TRIAGE CLINIC","Y51","Q34","ST CLEMENTS SURGERY","56 NECHELLS PARK ROAD","NECHELLS, BIRMINGHAM","","","B7 5PR","20070415","20120930","C","B","5MX","20070415","20120930","0121 3270147","","","","0","","","","0",""
"Y01955","GPWSI CORONARY HEART DISEASE","Y51","Q30","CARDIOLOGY SUITE","SOUTH TYNESIDE HOSPITAL","SOUTH SHEILDS","TYNE & WEAR","","NE34 0PL","20070416","20120930","C","B","5KG","20070416","20120930","0191 4041000","","","","0","","","","0",""
"Y01963","DERMATOLOGY CLINIC","Y51","Q35","W.SUFFOLK HOSP NHS TRUST","HARDWICK LANE","BURY ST EDMUNDS","SUFFOLK","","IP33 2QZ","20070401","20120930","C","B","5PT","20070401","20120930","01284 713000","","","","0","","","","0",""
"Y01972","BDASS - WEST SPECIALIST","Y52","Q38","BDASS-WEST SPECIALIST","2-10 BRIDGE STREET","READING","","","RG1 2LU","20070501","20120930","C","B","5QF","20070501","20120930","0118 9557330","","","","0","","","","0",""
"Y01973","CJS BDASS - WEST","Y52","Q38","CJS BDASS - WEST","2-10 BRIDGE STREET","READING","","","RG1 2LU","20070501","20120930","C","B","5QF","20070501","20120930","0118 9557330","","","","0","","","","0",""
"Y01975","PETERBOROUGH YOUNG USERS","Y51","Q35","CITY CARE CENTRE","THORPE ROAD","PETERBOROUGH","","","PE3 6DB","20070601","20120930","C","B","5PN","20070601","20120930","01733 776504","","","","0","","","","0",""
"Y01976","PETERBOROUGH CDT","Y51","Q35","62 LINCOLN ROAD","","PETERBOROUGH","CAMBRIDGESHIRE","","PE1 2SN","20070601","20120930","C","B","5PN","20070601","20120930","01733 898385","","","","0","","","","0",""
"Y01995","ARCHER UNIT","Y51","Q35","BEDFORD HEALTH VILLAGE","2 KIMBOLTON ROAD","BEDFORD","","","MK40 2NT","20070523","20130331","C","B","5P2","20070523","20130331","01234 310141","","","","0","","","","0",""
"Y01996","PRIMARY CARE ACCESS CLINIC","Y53","Q36","STREATFIELD ROAD SURGERY","1 STREATFIELD ROAD","HARROW","MIDDLESEX","","HA3 9BP","20070501","20120930","C","B","5K6","20070501","20120930","020 89661068","","","","0","","","","0",""
"Y02003","PRIMECARE IN-HOURS","Y51","Q35","CLACTON HOSPITAL","TOWER ROAD","CLACTON-ON-SEA","","","CO15 1LH","20070601","20120930","C","B","5PW","20070601","20120930","01255 225220","","","","0","","","","0",""
"Y02010","COMMUNITY PHYSIOTHERAPY CLINIC HUNTS","Y51","Q35","HINCHINGBROOKE HOSPITAL","HINCHINGBROOKE PARK","HUNTINGDON","CAMBRIDGESHIRE","","PE29 6NT","20070601","20120930","C","B","5PP","20070601","20120930","01480 416091","","","","0","","","","0",""
"Y02013","SURREY HEATH WOMEN'S CLINIC","Y52","Q37","LIGHTWATER SURGERY","ALL SAINTS HOUSE","LIGHTWATER","SURREY","","GU18 5SQ","20070601","20120930","C","B","5P5","20070601","20120930","01276 472248","","","","0","","","","0",""
"Y02020","SOUTH CENTRAL DERMATOLOGY ICATS (ASSURA)","Y51","Q31","ASSURA HEALTH & WELLNESS","28 ARGYLE STREET","LIVERPOOL","","","L1 5DL","20070618","20130331","C","B","5NL","20070618","20130331","0151 7037700","","","","0","","","","0",""
"Y02021","SOUTH CENTRAL DERMATOLOGY ICATS-OUR CARE","Y51","Q31","OUR CARE LTD","1A AIGBURTH ROAD","LIVERPOOL","","","L17 4JP","20070618","20120930","C","B","5NL","20070618","20120930","0151 7274741","","","","0","","","","0",""
"Y02023","MEDWAY INTERMEDIATE CARE TEAM","Y52","Q37","ST BARTHOLOMEW'S HOSPITAL","NEW ROAD","ROCHESTER","KENT","","ME1 1DS","20070701","20120930","C","B","5L3","20070701","20120930","01634 810907","","","","0","","","","0",""
"Y02024","FRANKLIN HOUSE","Y53","Q36","OTTERFIELD MEDICAL CENTRE","25 OTTERFIELD ROAD","YIEWSLEY","MIDDLESEX","","UB7 8PE","20070622","20130331","C","B","5AT","20070622","20130331","01895 422611","","","","0","","","","0",""
"Y02027","CORONARY INTERVENTION NURSE","Y53","Q36","C/O EALING HOSPITAL","UXBRIDGE ROAD","SOUTHALL","","","UB1 3HW","20070701","20120930","C","B","5HX","20070701","20120930","020 89675413","","","","0","","","","0",""
"Y02031","PBC EMC DERMATOLOGY","Y53","Q36","EMC - PO BOX 10","ST GEORGES HOSPITAL","HORNCHURCH","ESSEX","","RM12 6RS","20070701","20120930","C","B","5A4","20070701","20120930","01708 465000","","","","0","","","","0",""
"Y02032","PBC EMC ENT","Y53","Q36","EMC - PO BOX 10","ST GEORGES HOSPITAL","HORNCHURCH","ESSEX","","RM12 6RS","20070701","20120930","C","B","5A4","20070701","20120930","01708 465000","","","","0","","","","0",""
"Y02033","PBC EMC DIABETES","Y53","Q36","EMC - PO BOX 10","ST GEORGES HOSPITAL","HORNCHURCH","ESSEX","","RM12 6RS","20070701","20120930","C","B","5A4","20070701","20120930","01708 465000","","","","0","","","","0",""
"Y02034","PBC EMC GYNAECOLOGY","Y53","Q36","EMC - PO BOX 10","ST GEORGES HOSPITAL","HORNCHURCH","ESSEX","","RM12 6RS","20070701","20120930","C","B","5A4","20070701","20120930","01708 465000","","","","0","","","","0",""
"Y02035","PBC EMC GEN MINOR SURGERY","Y53","Q36","EMC - PO BOX 10","ST GEORGES HOSPITAL","HORNCHURCH","ESSEX","","RM12 6RS","20070701","20120930","C","B","5A4","20070701","20120930","01708 465000","","","","0","","","","0",""
"Y02036","PBC EMC OPHTHALMOLOGY","Y53","Q36","EMC - PO BOX 10","ST GEORGES HOSPITAL","HORNCHURCH","ESSEX","","RM12 6RS","20070701","20120930","C","B","5A4","20070701","20120930","01708 465000","","","","0","","","","0",""
"Y02037","PBC EMC ORTHOPAEDICS","Y53","Q36","EMC - PO BOX 10","ST GEORGES HOSPITAL","HORNCHURCH","ESSEX","","RM12 6RS","20070701","20120930","C","B","5A4","20070701","20120930","01708 465000","","","","0","","","","0",""
"Y02038","PBC EMC RHEUMATOLOGY","Y53","Q36","EMC - PO BOX 10","ST GEORGES HOSPITAL","HORNCHURCH","ESSEX","","RM12 6RS","20070701","20120930","C","B","5A4","20070701","20120930","01708 465000","","","","0","","","","0",""
"Y02039","PBC EMC UROLOGY","Y53","Q36","EMC - PO BOX 10","ST GEORGES HOSPITAL","HORNCHURCH","ESSEX","","RM12 6RS","20070701","20120930","C","B","5A4","20070701","20120930","01708 465000","","","","0","","","","0",""
"Y02042","PRIMARY CARE PARKINSONS DISEASE","Y52","Q39","SOUTH PLAZA","MARLBOROUGH STREET","BRISTOL","","","BS1 3NX","20070703","20120930","C","B","5QJ","20070703","20120930","0117 9766600","","","","0","","","","0",""
"Y02043","CATS ENT","Y51","Q31","KINGSGATE","GROUND FLOOR","WELLINGTON ROAD NORTH","STOCKPORT","","SK4 1LW","20070713","20120930","C","B","5F7","20070713","20120930","0161 4265420","","","","0","","","","0",""
"Y02044","N COTS INTERMEDIATE CARE TEAM","Y52","Q39","VICTORIA HOUSE","SHEEP STREET","STOW-ON-THE-WOLD","GLOUCESTERSHIRE","","GL54 1AA","20070701","20120930","C","B","5QH","20070701","20120930","01451 832272","","","","0","","","","0",""
"Y02047","HARBOUR RECOVERY CENTRE","Y53","Q36","20 GARFORD STREET","","LONDON","","","E14 8JG","20070701","20120930","C","B","5C4","20070701","20120930","020 75389421","","","","0","","","","0",""
"Y02048","KINGSHILL HOUSE","Y52","Q39","KINGSHILL HOUSE","KINGSHILL ROAD","SWINDON","WILTSHIRE","","SN1 4LG","20070723","20120930","C","B","5K3","20070723","20120930","01793 401300","","","","0","","","","0",""
"Y02057","E'BOURNE/OUSE VALLEY SMS","Y52","Q37","AVENIDA LODGE","3 UPPER AVENUE","EASTBOURNE","","","BN21 3UY","20070725","20120930","C","B","5P7","20070725","20120930","01323 749567","","","","0","","","","0",""
"Y02063","ORSETT GPWSI DERMATOLOGY CLINIC","Y51","Q35","THE SURGERY","63 ROWLEY ROAD, ORSETT","ESSEX","","","RM16 3ET","20070807","20120930","C","B","5PY","20070807","20120930","01375 892082","","","","0","","","","0",""
"Y02067","BERRYFIELDS MEDICAL CENTRE","Y52","Q38","COLONEL GRANTHAM AVENUE","","","AYLESBURY","BUCKINGHAMSHIRE","HP19 9AP","20070701","20070702","C","B","5QD","20070701","20070702","01865 759719","","","","1","","","","0",""
"Y02072","PARKINSON'S CLINIC","Y53","Q36","HEALTH CENTRE, THE STOWE","260 HARROW ROAD","LONDON","","","W2 5ES","20070906","20120930","C","B","5LC","20070906","20120930","020 72892810","","","","0","","","","0",""
"Y02073","ACORNS PMS/A","Y51","Q35","QUEENSGATE CENTRE","ORSETT ROAD","GRAYS","ESSEX","","RM17 5DF","20070924","20120930","C","B","5PY","20070924","20120930","01375 397470","","","","0","","","","0",""
"Y02078","TIER 2 RAPID PRESCRIBING SERVICE","Y52","Q38","THE BRIDGE","14-18 COLLEGE STREET","SOUTHAMPTON","","","SO14 3EJ","20071001","20120930","C","B","5QC","20071001","20120930","023 80881400","","","","0","","","","0",""
"Y02088","WEST BERKSHIRE COMM HOSP - OPHTHALMOLOGY","Y52","Q38","WEST BERKSHIRE COMM HOSP","BENHAM HILL, LONDON ROAD","THATCHAM","","","RG18 5AS","20071001","20130331","C","B","5QF","20071001","20130331","01635 273300","","","","0","","","","0",""
"Y02089","WOOSEHILL SURGERY - OPHTHALMOLOGY","Y52","Q38","WOOSEHILL SURGERY","FERNLEA DRIVE, WOOSEHILL","WOKINGHAM","","","RG14 3DR","20071001","20130331","C","B","5QF","20071001","20130331","0118 9788266","","","","0","","","","0",""
"Y02098","GPSI NEUROLOGY DR FALLS","Y51","Q32","ECCLESHILL OUTPATIENTS","450 HARROGATE ROAD","BRADFORD","WEST YORKSHIRE","","BD10 0JE","20071001","20130331","C","B","5NY","20071001","20130331","01274 323562","","","","0","","","","0",""
"Y02100","KNOWLE RESIDENTIAL HOME","Y51","Q34","HARVEST ROAD","ROWLEY REGIS","WEST MIDLANDS","","","B65 8HR","20071009","20120930","C","B","5PF","20071009","20120930","0121 5591869","","","","0","","","","0",""
"Y02105","SUBSTANCE MISUSE","Y51","Q34","NEW HOUSE","2/3 ST AUSTIN'S FRIARS","SHREWSBURY","SHROPSHIRE","","SY1 1RY","20071001","20120930","C","B","5M2","20071001","20120930","01743 273380","","","","0","","","","0",""
"Y02106","CASTLE LODGE","Y51","Q34","ATTWOOD TERRACE","DAWLET","TELFORD","","","TF4 2HQ","20071001","20130331","C","B","5M2","20071001","20130331","01952 632440","","","","0","","","","0",""
"Y02107","SOUTH CENTRAL DERMATOLOGY (PCT/RLUBH)","Y51","Q31","ABERCROMBY HEALTH CENTRE","GROVE STREET","LIVERPOOL","","","L7 7HG","20071017","20130331","C","B","5NL","20071017","20130331","0151 7089370","","","","0","","","","0",""
"Y02108","DRUG & ALCOHOL SERVICE","Y52","Q39","47 BOULEVARD","","WESTON-SUPER-MARE","","","BS23 1PG","20071101","20120930","C","B","5M8","20071101","20120930","01934 412273","","","","0","","","","0",""
"Y02109","INTERMEDIATE CARE OUT-PATIENTS CLINIC","Y51","Q31","DARLEY COURT","SHEPHERD CROSS STREET","","BOLTON","","BL1 3EJ","20071101","20120930","C","B","5HQ","20071101","20120930","01204 337833","","","","0","","","","0",""
"Y02110","HALE BANK PRIMARY CARE ACCESS CENTRE","Y51","Q31","HALES ROAD","","WIDNES","","","WA8 8PX","20071019","20120930","C","B","5NM","20071019","20120930","0151 4254950","","","","0","","","","0",""
"Y02111","WINDMILL HILL PRIMARY CARE ACCESS CENTRE","Y51","Q31","416 EASTWOOD","WINDMILL HILL","RUNCORN","CHESHIRE","","WA7 6LJ","20071019","20120930","C","B","5NM","20071019","20120930","01928 719090","","","","0","","","","0",""
"Y02116","REFERRAL ASSESSMENT SERVICE","Y53","Q36","FINCHLEY MEMORIAL HOSP","GRANVILLE ROAD","FINCHLEY","LONDON","","N12 0JE","20071101","20130331","C","B","5A9","20071101","20130331","020 83497444","","","","0","","","","0",""
"Y02118","OTLEY OOH SERVICE","Y51","Q32","WHARFEDALE GENERAL HPL","NEWELL CARR ROAD","OTLEY","","","LS21 2LY","20071001","20120930","C","B","5NV","20071001","20120930","0113 3921648","","","","0","","","","2",""
"Y02120","RM SEXUAL HEALTH","Y53","Q36","RIVERSIDE MEDICAL CENTRE","HOBART HSE, WANDSWORTH RD","","LONDON","","SW8 2JW","20071015","20120930","C","B","5LD","20071015","20120930","020 30494500","","","","0","","","","0",""
"Y02133","CARDIOLOGY CLINIC","Y53","Q36","OLIVER RD MEDICAL CENTRE","75 OLIVER ROAD","LEYTON","","","E10 5LG","20071121","20120930","C","B","5NC","20071121","20120930","020 84308282","","","","0","","","","0",""
"Y02135","SATURDAY PCT CLINIC","Y51","Q33","484 DERBY ROAD","","NOTTINGHAM","","","NG7 2GW","20071201","20120930","C","B","5EM","20071201","20120930","0115 9166060","","","","0","","","","0",""
"Y02136","PRIMARY CARE URGENT CARE UNIT","Y51","Q34","EMERGENCY CARE CENTRE","PRINCES ROAD, HARTSHILL","STOKE ON TRENT","STAFFORDSHIRE","","ST4 7LN","20080105","20130331","C","B","5PJ","20080105","20130331","01782 554723","","","","0","","","","0",""
"Y02137","ENT SERVICE","Y53","Q36","GREENFORD GREEN CLINIC","WADHAM GARDENS","GREENFORD","MIDDLESEX","","UB6 0BP","20071201","20120930","C","B","5HX","20071201","20120930","020 83838484","","","","0","","","","0",""
"Y02138","DERMATOLOGY SERVICE","Y53","Q36","THE SHACKLETON MED. CTR.","SHACKLETON ROAD","SOUTHALL","MIDDLESEX","","UB1 2QH","20071201","20120930","C","B","5HX","20071201","20120930","020 30061840","","","","0","","","","0",""
"Y02140","GTPCT COMMUNITY PAEDIATRIC CLINICS","Y53","Q36","BUNGALOW ONE","WENSLEY CLOSE","ELTHAM","LONDON","","SE9 5AB","20080102","20120930","C","B","5A8","20080102","20120930","020 88508165","","","","0","","","","0",""
"Y02144","BOOTS GP SERVICE","Y51","Q30","BOOTS, THE CLEVELAND CTR","88/90 LINTHORPE ROAD","MIDDLESBROUGH","","","TS1 2JZ","20080101","20120930","C","B","5KM","20080101","20120930","01642 249616","","","","0","","","","0",""
"Y02145","CARDIAC REFERRAL TRIAGE SERVICE","Y52","Q39","POOLE NHS HEALTHCARE CTR","1ST FLOOR, BOOTS THE CHEM","190-196 HIGH STREET","POOLE, DORSET","","BH15 1SZ","20071201","20130331","C","B","5QN","20071201","20130331","01202 493250","","","","0","","","","0",""
"Y02149","GP PILOT INTERMEDIATE CARE","Y51","Q31","SANDRINGHAM HOUSE","CASTLE COURT","WINDSOR STREET, SALFORD","MANCHESTER","","M5 4DG","20080102","20120930","C","B","5F5","20080102","20120930","0161 2124226","","","","0","","","","0",""
"Y02150","OPTOMETRY AND DENTAL REFERRALS CENTRE","Y52","Q39","KING SQUARE HOUSE","KING SQUARE","BRISTOL","AVON","","BS2 8EE","20080101","20120930","C","B","5QJ","20080101","20120930","0117 9766600","","","","0","","","","0",""
"Y02153","ACUTE CARE GP SERVICE","Y52","Q39","MEDICAL ADMISSIONS UNIT","YEOVIL DISTRICT HOSPITAL","HIGHER KINGSTON, YEOVIL","SOMERSET","","BA21 4AT","20080101","20120930","C","B","5QL","20080101","20120930","01935 384703","","","","0","","","","0",""
"Y02154","PORTFIELD HALL NHS CLINIC","Y52","Q39","PORTFIELD HALL","PORTFIELD ROAD","CHRISTCHURCH","DORSET","","BH23 1LT","20080101","20120930","C","B","5QM","20080101","20120930","01202 473965","","","","0","","","","0",""
"Y02156","SEDCDAT","Y52","Q39","11 PENNY'S WALK","","FERNDOWN","DORSET","","BH22 9JY","20080114","20120930","C","B","5QM","20080114","20120930","01202 868268","","","","0","","","","0",""
"Y02165","BATH NHS WALK IN CENTRE","Y52","Q39","RIVERSIDE HEALTH CENTRE","JAMES STREET WEST","BATH","","","BA1 2BT","20080201","20120930","C","B","5FL","20080201","20120930","01225 474240","","","","0","","","","1",""
"Y02169","WMB GPSI DERMATOLOGY","Y51","Q35","WEST MID BEDS HEALTH","C/O DR LING & PTRS","HIGHLANDS, FLITWICK","BEDFORDSHIRE","","MK45 1DZ","20080206","20120930","C","B","5P2","20080206","20120930","0844 4996928","","","","0","","","","0",""
"Y02170","WMB MINOR SKIN SURGERY","Y51","Q35","WEST MID BEDS HEALTH","C/O HOUGHTON CLOSE SURG","AMPTHILL","BEDFORDSHIRE","","MK45 2TG","20080206","20120930","C","B","5P2","20080206","20120930","0844 8151055","","","","0","","","","0",""
"Y02172","NORPRIME","Y51","Q30","MONKSEATON MED CTR","CAULDWELL AVENUE","WHITLEY BAY","","","NE25 9PH","20080201","20130331","C","B","5D8","20080201","20130331","07885 851962","","","","0","","","","0",""
"Y02173","GP ACCESS SERVICE","Y51","Q30","11 TRINITY MEWS,N.ORMESBY","HTH VILLAGE,NTH ORMESBY","MIDDLESBROUGH","","","TS3 6AL","20080301","20120930","C","B","5KM","20080301","20120930","0845 516911","","","","0","","","","0",""
"Y02174","CONNECT YOUNG PEOPLES SERVICE","Y51","Q31","26 TALBOT ROAD","","BLACKPOOL","LANCASHIRE","","FY1 1LF","20080401","20120930","C","B","5HP","20080401","20120930","01253 476010","","","","0","","","","1",""
"Y02178","SEATON SLUICE SURGERY","Y51","Q30","COLLYWELL BAY ROAD","SEATON SLUICE","WHITLEY BAY","","","NE26 4QZ","20080207","20120930","C","B","TAC","20080207","20120930","0191 2106200","","","","0","","","","0",""
"Y02183","H&M EXTENDED HOUR PILOT","Y51","Q31","SAINSBURY'S HEATON PARK","170 HEATON PARK RD WEST","HIGHER BLACKLEY","MANCHESTER","","M9 0QS","20080303","20120930","C","B","5NQ","20080303","20120930","0161 6554537","","","","0","","","","0",""
"Y02184","ROCHDALE EXTENED HOUR PILOT","Y51","Q31","WALK-IN CENTRE","90 WHITEHALL STREET","ROCHDALE","LANCASHIRE","","OL12 0ND","20080303","20120930","C","B","5NQ","20080303","20120930","01706 708051","","","","0","","","","0",""
"Y02190","WELLINGBOROUGH SUBSTANCE MISUSE SERVICE","Y51","Q33","WELLINGBOROUGH SMS","41 OXFORD STREET","WELLINGBOROUGH","NORTHAMPTONSHIRE","","NN8 4JN","20080214","20120930","C","B","5PD","20080214","20120930","01933 271879","","","","0","","","","0",""
"Y02191","COMMUNITY SCHOOLS SERVICE","Y51","Q31","BURY PCT","CHILDREN'S SERVICE","CARNE HOUSE PARSONS LANE","BURY","","BL9 0JT","20080401","20120930","C","B","5JX","20080401","20120930","0161 7646081","","","","0","","","","0",""
"Y02196","MALLING HEALTH","Y52","Q37","103-107 HIGH STREET","RAINHAM","","GILLINGHAM","KENT","ME8 8AA","20080401","20080402","C","B","5L3","20080401","20080402","01634 337632","","","","1","","","","0",""
"Y02205","MARIE CURIE HOSPICE","Y52","Q37","HARESTONE DRIVE","CATERHAM","","SURREY","","CR3 6YQ","20080401","20120930","C","B","5P5","20080401","20120930","01883 832628","","","","0","","","","0",""
"Y02214","SMOKING CESSATION SERVICE PORTSMOUTH","Y52","Q38","KINGSWAY HOUSE","130 ELM GROVE","SOUTHSEA","","","PO5 1LR","20080401","20120930","C","B","5FE","20080401","20120930","023 92369234","","","","0","","","","0",""
"Y02215","WANDSWORTH CLDT","Y53","Q36","THE JOAN BICKNELL CENTRE","BURNTWOOD LANE","TOOTING","LONDON","","SW17 7DJ","20080207","20120930","C","B","5LG","20080207","20120930","020 87000454","","","","0","","","","0",""
"Y02216","VIDYA MEDICAL PRACTICE (UHUK)","Y51","Q33","151 ST THOMAS ROAD","DERBY","","","","DE23 8RH","20080401","20120930","C","B","5N7","20080401","20120930","01332 765100","","","","0","","","","0",""
"Y02217","HERTSMERE RESPIRATORY CATS","Y51","Q35","POTTERS BAR HOSPITAL","BARNET ROAD","POTTERS BAR","HERTFORDSHIRE","","EN6 2RY","20080401","20120930","C","B","5QV","20100401","20120930","020 82362955","","","","0","","","","0",""
"Y02220","UNREGISTERED PATIENTS","Y53","Q36","SOVEREIGN COURT","15-21 STAINES ROAD","HOUNSLOW","MIDDLESEX","","TW3 3HR","20080401","20120930","C","B","5HY","20080401","20120930","020 86303399","","","","0","","","","0",""
"Y02221","URGENT CARE CENTRE","Y52","Q37","DARENT VALLEY HOSPITAL","","DARTFORD","KENT","","DA2 8DA","20080318","20120930","C","B","5P9","20080318","20120930","01322 428335","","","","0","","","","0",""
"Y02224","KALEIDOSCOPE SERVICE","Y53","Q36","7 BADSWORTH ROAD","","CAMBERWELL","LONDON","","SE5 0JG","20080401","20120930","C","B","5LE","20080401","20120930","020 77086130","","","","0","","","","0",""
"Y02244","YTH OFFENDING TEAM","Y51","Q34","STIRLING HOUSE","12 HAMILTON TERRACE","LEAMINGTON SPA","WARWICKSHIRE","","CV32 4LY","20080401","20120930","C","B","5MD","20080401","20120930","01926 313126","","","","0","","","","0",""
"Y02254","YNG PERSONS SUB MIS","Y51","Q34","ROYAL LEAM SPA REHAB HOSP","HEATHCOTE LANE","WARWICK","","","CV34 6SR","20080401","20120930","C","B","5MD","20080401","20120930","01926 317700","","","","0","","","","0",""
"Y02255","STRATFORD ON AVON CDT","Y51","Q34","STRATFORD HEALTH CARE","ARDEN STREET","STRATFORD UPON AVON","","","CV37 6NQ","20080401","20120930","C","B","5MD","20080401","20120930","01789 261800","","","","0","","","","0",""
"Y02257","RAPID PRESCRIBING SERVICE","Y51","Q34","COURT STREET","","LEAMINGTON SPA","WARWICKSHIRE","","CV31 2BB","20080401","20120930","C","B","5MD","20080401","20120930","01926 313126","","","","0","","","","0",""
"Y02258","CRIMINAL JUSTICE DRUG TEAM","Y51","Q34","COURT STREET","","LEAMINGTON SPA","WARWICKSHIRE","","CV31 2BB","20080401","20120930","C","B","5MD","20080401","20120930","01926 313126","","","","0","","","","0",""
"Y02261","ACUTE CARE GP SERVICE (TAUNTON)","Y52","Q39","MEDICAL ADMISSIONS UNIT","MUSGROVE PARK HOSPITAL","TAUNTON","SOMERSET","","TA1 5DA","20080421","20120930","C","B","5QL","20080421","20120930","01823 343152","","","","0","","","","0",""
"Y02267","CHILD AND FAMILY SERVICES","Y52","Q39","CHATSWORTH HOUSE","BATH ROAD","SWINDON","WILTSHIRE","","SN1 4BP","20080401","20130331","C","B","5K3","20080401","20130331","01793 719001","","","","0","","","","0",""
"Y02269","APHCS (WESSEX)","Y52","Q39","BUILDING 60","BHURTPORE BARRACKS","TIDWORTH","WILTSHIRE","","SP9 7AS","20080425","20120930","C","B","5QK","20080425","20120930","01980 603062","","","","0","","","","0",""
"Y02270","MALTON MIU","Y51","Q32","MALTON COMMUNITY HOSPITAL","MIDDLECAVE ROAD","MALTON","","","YO17 0NG","20080422","20120930","C","B","5NV","20080422","20120930","01653 693041","","","","0","","","","0",""
"Y02271","THE PRACTICE PLC","Y53","Q36","346 YEADING LANE","","HAYES","MIDDLESEX","","UB4 9AY","20080501","20120930","C","B","5AT","20080501","20120930","01494 690950","","","","0","","","","0",""
"Y02272","352 MEDICAL CONSULTING LTD","Y53","Q36","DERMATOLOGY CATS","HESA CENTRE 52 STATION RD","HAYES","","","UB9 6JY","20080501","20120930","C","B","5AT","20080501","20120930","07894 595056","","","","0","","","","0",""
"Y02280","OPTOMETRY & DENTAL REFERRAL","Y52","Q39","MALLARD COURT","EXPRESS PARK","BRISTOL RD, BRIDGEWATER","SOMERSET","","TA6 4RN","20080501","20120930","C","B","5QL","20080501","20120930","01278 727424","","","","0","","","","0",""
"Y02281","SUBSTANCE MISUSE SHARED CARE","Y51","Q35","ALLINGTON HOUSE","427 WOODBRIDGE ROAD","IPSWICH","","","IP4 2DT","20080401","20120930","C","B","5PT","20080401","20120930","01473 275216","","","","0","","","","0",""
"Y02282","PAIN MANAGEMENT SOLUTIONS NEC","Y51","Q33","CLAREMONT HOSPITAL","401 SANDYGATE ROAD","SHEFFIELD","","","S10 5UV","20080501","20120930","C","B","5N8","20080501","20120930","0114 2632111","","","","0","","","","0",""
"Y02283","STEP UP STEP DOWN","Y53","Q36","QUEEN MARY'S HOSPITAL","FROGNAL AVENUE","SIDCUP","KENT","","DA14 6LT","20080616","20120930","C","B","TAK","20080616","20120930","020 83022678","","","","0","","","","0",""
"Y02287","ELDERLY DAY UNIT","Y51","Q32","WHITBY COMMUNITY HOSPITAL","SPRING HILL","WHITBY","","","YO21 1DP","20080514","20120930","C","B","5NV","20080514","20120930","01947 604851","","","","0","","","","0",""
"Y02290","ACORN SHARED CARE CLINIC","Y52","Q38","SALISBURY ROAD SURGERY","2 SALISBURY ROAD","FARNBOROUGH","","","GU14 7AW","20080601","20120930","C","B","5QC","20080601","20120930","01252 541155","","","","0","","","","0",""
"Y02293","OPHTHALMOLOGY CLINIC","Y51","Q34","LYNG CENTRE FOR HEALTH","FRANK FISHER WAY","WEST BROMWICH","WEST MIDLANDS","","B70 7AW","20080519","20120930","C","B","5PF","20080519","20120930","0121 6122300","","","","0","","","","0",""
"Y02294","COMMUNITY SPECIALIST UROLOGY SERVICE","Y53","Q36","WOOD ST HEALTH CTR","6 LINFORD ROAD","WALTHAMSTOW","","","E17 3LA","20080601","20120930","C","B","5NC","20080601","20120930","020 84307710","","","","0","","","","0",""
"Y02306","INTERMEDIATE CARE","Y52","Q39","30 INNS COURT GREEN","KNOWLE","BRISTOL","","","BS4 1TF","20080601","20120930","C","B","5QJ","20080601","20120930","0117 9038450","","","","0","","","","0",""
"Y02308","MALVERN COLLEGE","Y51","Q34","THE MEDICAL CENTRE","MALVERN COLLEGE","MALVERN","WORCESTERSHIRE","","WR13 3DF","20080701","20120930","C","B","5PL","20080701","20120930","01684 581536","","","","0","","","","0",""
"Y02309","ST JAMES' SCHOOL","Y51","Q34","THE HEALTH CENTRE","MALVERN ST JAMES' SCHOOL","8 AVENUE ROAD, MALVERN","WORCESTERSHIRE","","WR13 3AR","20080701","20120930","C","B","5PL","20080701","20120930","01684 754454","","","","0","","","","0",""
"Y02317","SEXUAL HEALTH & CONTRACEPTION / NWC","Y51","Q33","BRAMCOTE SURGERY","2 HANLEY AVENUE, BRAMCOTE","NOTTINGHAM","","","NG9 3HF","20080601","20120930","C","B","5N8","20080601","20120930","0115 9224960","","","","0","","","","0",""
"Y02320","INTERMEDIATE CARE","Y51","Q31","DARLEY COURT","SHEPHERD CROSS STREET","BOLTON","","","BL1 3EJ","20080601","20120930","C","B","5HQ","20080601","20120930","01204 337833","","","","0","","","","0",""
"Y02328","THE VILLAGE SURGERY","Y51","Q32","COMMUNITY HEALTH CENTRE","ROSE STREET","TODMORDEN","","","OL14 5AT","20080802","20120930","C","B","5J6","20080802","20120930","01706 817121","","","","0","","","","0",""
"Y02329","THE WILLOWS/GPSWIDERM","Y51","Q31","THE WILLOWS CENTRE","FOR HEALTH CARE, LORDS AV","WEASTE","SALFORD","","M5 5JR","20080626","20120930","C","B","5F5","20080626","20120930","0161 2124300","","","","0","","","","0",""
"Y02334","WEAVER LODGE INDEPENDENT HOSPITAL","Y51","Q31","STATION ROAD BY-PASS","","WINSFORD","CHESHIRE","","CW7 3DT","20080701","20130331","C","B","5NP","20080701","20130331","01606 861615","","","","0","","","","0",""
"Y02336","SUBSTANCE MISUSE - WHITEHEAD","Y52","Q39","BARTON SURGERY","BARTON TERRACE","DAWLISH","","","EX7 9QH","20080701","20130331","C","B","5QQ","20080701","20130331","01647 888877","","","","0","","","","0",""
"Y02337","SUBSTANCE MISUSE - ROGERS","Y52","Q39","ABBEY SURGERY","28 PLYMOUTH ROAD","TAVISTOCK","","","PL19 8BU","20080701","20130331","C","B","5QQ","20080701","20130331","01822 612247","","","","0","","","","0",""
"Y02338","NEC COMMUNITY OPHTHALMOLOGY CLINIC","Y51","Q33","PARK HOUSE CENTRE","61 BURTON ROAD, CARLTON","NOTTINGHAM","","","NG4 3DQ","20080804","20120930","C","B","5N8","20080804","20120930","0115 9249924","","","","0","","","","0",""
"Y02346","ELIC HEART FAILURE SERVICE","Y53","Q36","LOWER CLAPTON GROUP PRACT","36 LOWER CLAPTON ROAD","","LONDON","","E5 0PD","20080701","20130331","C","B","5C3","20080701","20130331","020 89867111","","","","0","","","","0",""
"Y02349","WOODLANDS IC UNIT","Y52","Q39","SANGER HOUSE","GLOUCESTER BUSINESS PK","GLOUCESTER","","","GL3 4FE","20080901","20120930","C","B","5QH","20080901","20120930","01452 389400","","","","0","","","","0",""
"Y02351","COMMUNITY GYNAECOLOGY SERVICE","Y53","Q36","SOUTHALL BROADWAY HC","71-73 THE BROADWAY","SOUTHALL","MIDDLESEX","","UB1 1LA","20080901","20120930","C","B","5HX","20080901","20120930","020 83836006","","","","0","","","","0",""
"Y02353","HARLOW WALK IN CENTRE","Y51","Q35","1A WYCH ELM","","HARLOW","","","CM20 1QP","20080819","20130331","C","B","5PV","20080819","20130331","020 89111133","","","","0","","","","1",""
"Y02356","PRIMROSE DAY HOSPICE","Y51","Q34","ST GODWALD'S ROAD","FINSTALL","BROMSGROVE","WORCESTERSHIRE","","B60 3BW","20080901","20130331","C","B","5PL","20080901","20130331","01527 871051","","","","0","","","","0",""
"Y02357","INTEGRATED URGENT CARE CENTRE","Y51","Q30","UNIVERSITY HPL HARTLEPOOL","HOLDFORTH ROAD","HARTLEPOOL","","","TS24 9AE","20080901","20120930","C","B","5D9","20080901","20120930","01429 522660","","","","0","","","","0",""
"Y02360","BELLE VUE SURGERY- SUBSTANCE MISUSE","Y51","Q31","BELLE VUE SURGERY","WEST VIEW HEALTH VILLAGE","BROADWAY, FLEETWOOD","LANCASHIRE","","FY7 8GU","20080819","20120930","C","B","5NF","20080819","20120930","01253 657575","","","","0","","","","0",""
"Y02367","PAIN SERVICE UTTLESFORD","Y51","Q35","SAFFRON WALDEN COMM HOSP","RADWINTER ROAD","SAFFRON WALDEN","","","CB11 3HY","20080910","20130331","C","B","5PV","20080910","20130331","01799 562926","","","","0","","","","0",""
"Y02376","GYNAECOLOGY EPPING","Y51","Q35","WALTHAM ABBEY PRM CRE CTR","SEWARDSTONE ROAD","WALTHAM ABBEY","","","EN9 1NP","20080910","20120930","C","B","5PV","20080910","20120930","01992 707123","","","","0","","","","0",""
"Y02380","COUNTED4 EQUINOX","Y53","Q36","126 LOWER CLAPTON ROAD","","","LONDON","","E5 0QR","20080910","20130331","C","B","5C3","20080910","20130331","020 85257680","","","","0","","","","0",""
"Y02383","COUNTESTHORPE DERMATOLOGY","Y51","Q33","COUNTESTHORPE HC","CENTRAL STREET","COUNTESTHORPE","LEICESTER","","LE8 5QJ","20080901","20120930","C","B","5PA","20080901","20120930","0116 2776336","","","","0","","","","0",""
"Y02391","GRAYS COURT - PELC","Y53","Q36","JOHN PARKER CLOSE","","","DAGENHAM","ESSEX","RM10 9SR","20081001","20081002","C","B","5NC","20081001","20081002","020 87241462","","","","1","","","","0",""
"Y02397","COMMUNITY SPECIALIST MSK SERVICE 2","Y53","Q36","LANGTHORNE HEALTH CENTRE","13 LANGTHORNE ROAD","LEYTONSTONE","","","E11 4HX","20081001","20120930","C","B","5NC","20081001","20120930","020 85587821","","","","0","","","","0",""
"Y02399","COMMUNITY SPECIALIST CARDIOLOGY SERV 2","Y53","Q36","LANGTHORNE HEALTH CENTRE","13 LANGTHORNE ROAD","LEYTONSTONE","","","E11 4HX","20081001","20120930","C","B","5NC","20081001","20120930","020 85587821","","","","0","","","","0",""
"Y02400","COMMUNITY SPECIALIST CARDIOLOGY SERV 3","Y53","Q36","COMLEY BANK CLINIC","RAVENSWOOD ROAD","WALTHAMSTOW","LONDON","","E17 9LY","20081001","20120930","C","B","5NC","20081001","20120930","020 85218742","","","","0","","","","0",""
"Y02401","SEDGEFIELD COMMUNITY HOSPITAL","Y51","Q30","SALTERS LANE","SEDGEFIELD","STOCKTON ON TEES","","","TS21 3EE","20081001","20130331","C","B","5ND","20081001","20130331","01740 626600","","","","0","","","","0",""
"Y02411","DIABETES HARLOW","Y51","Q35","KEATS HOUSE","BUSH FAIR","HARLOW","","","CM18 6LY","20081014","20120930","C","B","5PV","20081014","20120930","0845 6020648","","","","0","","","","0",""
"Y02412","DIABETES UTTLESFORD","Y51","Q35","SAFFRON WALDEN COMM HOSP","RADWINTER RD","SAFFRON WALDEN","","","CB11 3HY","20081014","20120930","C","B","5PV","20081014","20120930","01799 562926","","","","0","","","","0",""
"Y02415","RAPID RESPONSE TEAM","Y53","Q36","GRAYS COURT","JOHN PARKER CLOSE","DAGENHAM","","","RM10 9SR","20081010","20120930","C","B","5C2","20081010","20120930","07940 301396","","","","0","","","","0",""
"Y02417","WOKING PAIN CLINIC","Y52","Q37","SOUTHVIEW SURGERY","GUILDFORD ROAD","WOKING","","","GU22 7RR","20081017","20120930","C","B","5P5","20081017","20120930","01483 763186","","","","0","","","","0",""
"Y02425","LAKESIDE PLUS WALK IN","Y51","Q33","COTTINGHAM ROAD","","","CORBY","NORTHAMPTONSHIRE","NN17 2UR","20081201","20081202","C","B","5PD","20081201","20081202","01536 204154","","","","1","","","","0",""
"Y02427","WILCARE ENT SERVICES","Y52","Q39","FOX TALBOT HOUSE","GREENWAYS BUSINESS PARK","CHIPPENHAM","WILTSHIRE","","SN15 1BN","20081101","20120930","C","B","5QK","20081101","20120930","01249 454000","","","","0","","","","0",""
"Y02444","GTPCT HOMELESS HV CLINICS","Y53","Q36","GREENWICH TEACHING PCT","51-53 BURNEY STREET","GREENWICH","","","SE10 8EX","20081124","20120930","C","B","5A8","20081124","20120930","020 82936978","","","","0","","","","0",""
"Y02446","CHILDREN'S URGENT CARE TEAM","Y53","Q36","MAYDAY HOSPITAL A&E","530 LONDON ROAD","CROYDON","","","CR7 7YE","20081112","20120930","C","B","5K9","20081112","20120930","020 84013012","","","","0","","","","0",""
"Y02447","SGH PRIMARY CARE SERVICE","Y52","Q38","EMERGENCY DEPARTMENT","TREMONA ROAD","SOUTHAMPTON","","","SO16 6YD","20081118","20120930","C","B","5L1","20081118","20120930","0844 8113060","","","","0","","","","0",""
"Y02449","ACUTE VISITING SCHEME","Y51","Q31","GARVEN PLACE CLINIC RECP","GARVEN PLACE","WARRINGTON","CHESHIRE","","WA1 1GP","20081117","20120930","C","B","5HG","20081117","20120930","01925 650999","","","","0","","","","0",""
"Y02454","EBOR MEDICAL SERVICES LTD","Y51","Q32","28 MILLFIELD AVENUE","","YORK","NORTH YORKSHIRE","","YO10 3AB","20081201","20120930","C","B","5NV","20081201","20120930","01904 721878","","","","0","","","","0",""
"Y02473","P'BORO HOSP A&E GP","Y51","Q35","EMERGENCY DEPT","PETERBOROUGH CITY HOSP","PETERBOROUGH","CAMBRIDGESHIRE","","PE3 9GZ","20081207","20130331","C","B","5PN","20081207","20130331","01733 678000","","","","0","","","","0",""
"Y02485","COMMUNITY SPEC UROLOGY SERVICE","Y53","Q36","ST JAMES HEALTH CENTRE","47 ST JAMES STREET","WALTHAMSTOW","","","E17 7NH","20081201","20120930","C","B","5NC","20081201","20120930","020 85200921","","","","0","","","","0",""
"Y02486","COMMUNITY SPEC UROLOGY SERVICE","Y53","Q36","OLIVER ROAD MEDICAL CTR","OLIVER ROAD","LEYTON","","","E10 5NF","20081201","20120930","C","B","5NC","20081201","20120930","020 84308211","","","","0","","","","0",""
"Y02487","CARE HOME PROJECT","Y51","Q34","KINGSTON HOUSE","438 HIGH STREET","WEST BROMWICH","WEST MIDLANDS","","B70 9LD","20090101","20120930","C","B","5PF","20090101","20120930","0845 1550500","","","","0","","","","0",""
"Y02498","HIGH PASTURES SURGERY","Y51","Q31","HIGH PASTURES SURGERY","138 LIVERPOOL ROAD NORTH","MAGHULL, LIVERPOOL","","","L31 2HW","20081201","20120930","C","B","5NJ","20081201","20120930","0151 5262161","","","","0","","","","0",""
"Y02513","WIDNES GP HEALTH CENTRE","Y51","Q31","WIDNES GP HEALTH CENTRE","OAKS PLACE,CALDWELL ROAD","WIDNES","","","WA8 7GD","20090401","20120930","C","B","5NM","20090401","20120930","0151 4955249","","","","0","","","","4",""
"Y02518","BAY HEALTH CENTRE","Y52","Q39","BAY HEALTH CENTRE,ED","TORBAY HPL,LAWES BRIDGE","TORQUAY","","","TQ2 7AA","20090401","20120930","C","B","TAL","20090401","20120930","01803 822345","","","","0","","","","0",""
"Y02524","COMMUNITY GYNAE CLINIC - SPINNEY ST IVES","Y51","Q35","HUNTS AREA OFFICES","CALIFORNIA ROAD","HUNTINGDON","","","PE29 1BN","20090223","20120930","C","B","5PP","20090223","20120930","01480 484000","","","","0","","","","0",""
"Y02553","THE ORCHARD MEDICAL CENTRE/APMS","Y52","Q39","ORCHARD MEDICAL CENTRE","MACDONALD WALK, KINGSWOOD","BRISTOL","AVON","","BS15 8NJ","20090401","20120930","C","B","5A3","20090401","20120930","0117 9805100","","","","0","","","","4",""
"Y02576","BRAMPTON PRIMARY CARE MEDICAL CENTRE","Y51","Q32","THE BRAMPTON CENTRE","BRAMPTON ROAD","ROTHERHAM","","","S63 6AW","20090401","20120930","C","B","5H8","20090401","20120930","01709 763920","","","","0","","","","0",""
"Y02577","EASTVILLE WALK IN CENTRE","Y52","Q39","EASTVILLE PARK","EASTVILLE","BRISTOL","","","BS5 6YA","20090901","20120930","C","B","5QJ","20090901","20120930","0117 9026752","","","","0","","","","0",""
"Y02588","FULHAM CENTRE FOR HEALTH","Y53","Q36","CHARING CROSS HOSPITAL","FULHAM PALACE ROAD","FULHAM","LONDON","GREATER LONDON","W6 8RF","20090401","20100402","C","B","5H1","20090401","20100402","020 33137180","","","","1","","","","0",""
"Y02590","GP CARE","Y51","Q31","184 YORKSHIRE STREET","","ROCHDALE","","","OL16 2DN","20090301","20120930","C","B","5NQ","20090301","20120930","01706 521722","","","","0","","","","0",""
"Y02593","CROWN HEALTH CENTRE","Y51","Q35","CROWN HEALTH CENTRE","WITHERSFIELD ROAD","HAVERHILL","SUFFOLK","","CB9 9LA","20090401","20120930","C","B","5PT","20090401","20120930","01440 282000","","","","0","","","","4",""
"Y02618","COMMUNITY RECOVERY UNIT","Y51","Q31","SHAWSIDE NURSING HOME","77 OLDHAM ROAD","OLDHAM","","","OL2 8SP","20090312","20120930","C","B","5J5","20090312","20120930","01706 880874","","","","0","","","","0",""
"Y02623","CANAL SIDE MEDICAL PRACTICE","Y51","Q31","CANAL SIDE, MONTON GREEN","MONTON ECCLES","MANCHESTER","","","M30 8AR","20090601","20120930","C","B","5F5","20090601","20120930","0161 7898845","","","","0","","","","0",""
"Y02631","BURGHLEY ROAD SURGERY","Y51","Q35","94 BURGHLEY ROAD","","PETERBOROUGH","","","PE1 2QE","20090401","20120930","C","B","5PN","20090401","20120930","01733 346085","","","","0","","","","0",""
"Y02649","EDMONTON GP HEALTH CENTRE","Y53","Q36","EVERGREEN PRIMARY CARE CT","1 SMYTHE CLOSE","EDMONTON","","","N9 0TW","20090201","20120930","C","B","5C1","20090201","20120930","020 88878354","","","","0","","","","0",""
"Y02654","GUILDHALL & BARROW SURG","Y51","Q35","LOWER BAXTER STREET","","","BURY ST. EDMUNDS","SUFFOLK","IP33 1ET","20090401","20090402","C","B","5PT","20090401","20090402","01284 701601","","","","1","","","","0",""
"Y02668","RETFORD HEALTH","Y51","Q33","RIVERSIDE SURGERY","RIVERSIDE WALK","RETFORD","NOTTINGHAMSHIRE","","DN22 6AA","20090501","20120930","C","B","5ET","20090501","20120930","01777 863542","","","","0","","","","0",""
"Y02678","GPWSI UROLOGY SERVICE","Y51","Q32","PLANE TREES GRP PRACTICE","SANDBEDS LANE,PELLON","HALIFAX","","","HX2 0QL","20090319","20120930","C","B","5J6","20090319","20120930","01422 330860","","","","0","","","","0",""
"Y02679","WEST-CHATS","Y53","Q36","HEALTH @ THE STOWE","260 HARROW ROAD","","LONDON","","W2 5ES","20090401","20120930","C","B","5LC","20090401","20120930","020 73166800","","","","0","","","","0",""
"Y02681","INTERMEDIATE CARDIAC CLINIC","Y51","Q31","INTERMED. CARDIAC CLINIC","ST CATHERINE'S HOSPITAL","BIRKENHEAD","WIRRAL","","CH42 0LQ","20090401","20120930","C","B","5NK","20090401","20120930","0151 6047307","","","","0","","","","0",""
"Y02682","CROYDON COMMUNITY DRUG AGENCY","Y53","Q36","100 CHURCH STREET","","CROYDON","","","CR0 1RD","20090501","20120930","C","B","5K9","20090501","20120930","020 86867500","","","","0","","","","0",""
"Y02690","RICHMOND PLD","Y53","Q36","6TH FLOOR, REGAL HOUSE","70 LONDON ROAD","TWICKENHAM","","","TW1 3QB","20090427","20120930","C","B","5A5","20090427","20120930","020 84875315","","","","0","","","","0",""
"Y02691","ROSELANDS CLINIC PLD","Y53","Q36","163 KINGSTON ROAD","","NEW MALDEN","","","KT3 3NN","20090427","20120930","C","B","5A5","20090427","20120930","020 89420800","","","","0","","","","0",""
"Y02705","ESTUARY VIEW MEDICAL CENTRE","Y52","Q37","ESTUARY VIEW BUSINESS PRK","BOORMAN WAY","","WHITSTABLE","KENT","CT5 3SE","20090701","20090702","C","B","5QA","20090701","20090702","01227 773501","","","","1","","","","0",""
"Y02709","NHS BARNSLEY HEALTH CENTRE","Y51","Q32","UNIT 1, GATEWAY PLAZA","SACKVILLE STREET","BARNSLEY","SOUTH YORKSHIRE","","S70 2RD","20090701","20120930","C","B","5JE","20090701","20120930","0330 1239188","","","","0","","","","0",""
"Y02712","MEDICUS FAMILY PRACTICE","Y51","Q30","3A BEACONSFIELD AVENUE","LOW FELL","GATESHEAD","TYNE AND WEAR","","NE9 5XT","20090601","20120930","C","B","5KF","20090601","20120930","0191 4914654","","","","0","","","","4",""
"Y02723","WELLINGTON COMMUNITY BED UNIT (SOUTH)","Y51","Q31","WELLINGTON UNIT","BENCHILL MEDICAL PRACTICE","BENCHILL","MANCHESTER","","M22 9UH","20090501","20120930","C","B","5NT","20090501","20120930","0161 4939101","","","","0","","","","0",""
"Y02734","COMMUNITY PAEDIATRICS SERVICES","Y52","Q39","CHATSWORTH HOUSE","BATH ROAD","SWINDON","","","SN1 4BA","20090522","20130331","C","B","5K3","20090522","20130331","01793 719001","","","","0","","","","0",""
"Y02739","GYNAECOLOGY CLINIC","Y53","Q36","HESA CENTRE","52 STATION ROAD","HAYES","","","UB3 4DS","20090601","20120930","C","B","5AT","20090601","20120930","07956 689234","","","","0","","","","0",""
"Y02740","PAEDIATRIC CLINIC","Y53","Q36","YIEWSLEY HEALTH CENTRE","20 HIGH STREET","YIEWSLEY","","","UB7 7DP","20090601","20120930","C","B","5AT","20090601","20120930","07956 689234","","","","0","","","","0",""
"Y02741","RHEUMATOLOGY CLINIC","Y53","Q36","HESA CENTRE","52 STATION ROAD","HAYES","MIDDLESEX","","UB3 4DS","20090601","20120930","C","B","5AT","20090601","20120930","07956 689234","","","","0","","","","0",""
"Y02742","DERMATOLOGY CLINIC","Y53","Q36","CEDARS MEDICAL CENTRE","118 ELLIOTT AVENUE","RUISLIP","","","HA4 9LZ","20090601","20120930","C","B","5AT","20090601","20120930","07956 689234","","","","0","","","","0",""
"Y02746","SAS ELPCT BPR","Y51","Q31","SAS ELPCT BPR","WALSHAW HSE, REGENT ST","NELSON","","","BB9 8AS","20090601","20130331","C","B","5NH","20090601","20130331","01282 644700","","","","0","","","","0",""
"Y02752","ASHFORD HEALTH CENTRE","Y52","Q37","LONDON ROAD","","","ASHFORD","MIDDLESEX","TW15 3AA","20090701","20090702","C","B","5P5","20090701","20090702","01784 884828","","","","1","","","","0",""
"Y02760","SOUTH CAMDEN GPLHC","Y53","Q36","STEPHENSON HOUSE","75 HAMPSTEAD ROAD","","LONDON","","NW1 2PL","20091201","20120930","C","B","5K7","20091201","20120930","020 75271182","","","","0","","","","0",""
"Y02761","NORTH LINCS COMMUNITY ENT","Y51","Q32","C/O SKIPPINGDALE HTH CTR","FERRY ROAD WEST","SCUNTHORPE","","","DN15 8EA","20090630","20120930","C","B","5EF","20090630","20120930","0844 4778655","","","","0","","","","0",""
"Y02763","OPEN ROAD VPC","Y51","Q35","132A WELLESLEY ROAD","","","CLACTON-ON-SEA","ESSEX","CO15 3QD","20090601","20090602","C","B","5PW","20090601","20090602","0845 6076624","","","","1","","","","0",""
"Y02768","A & E FRONT END CLINIC","Y51","Q34","LYNDON","","WEST BROMWICH","WEST MIDLANDS","","B71 4HJ","20090612","20120930","C","B","5PF","20090612","20120930","0121 5543801","","","","0","","","","0",""
"Y02775","DUDLEY WALK-IN CENTRE","Y51","Q34","HOLLY HALL CLINIC","174 STOURBRIDGE ROAD","","DUDLEY","WEST MIDLANDS","DY1 2ER","20090501","20100131","C","B","5PE","20090501","20100131","03301 239225","","","","1","","","","1",""
"Y02777","WEST CANFORD HEATH APMS","Y52","Q39","8-12 RYALL ROAD","CANFORD HEATH","POOLE","","","BH17 9FA","20090626","20120930","C","B","5QN","20090626","20120930","01202 658767","","","","0","","","","0",""
"Y02783","DR BOON JACKSON KACKER MCGRATH GONI","Y51","Q32","THE HEALTH CENTRE","GARDENS LANE CONISBROUGH","DONCASTER","","","DN12 3JW","20090701","20120930","C","B","5N5","20090701","20120930","01709 863443","","","","0","","","","0",""
"Y02788","BROWNHILL HOUSE REHAB UNIT","Y52","Q38","BROWNHILL HSE REHAB UNIT","LOWER BROWNHILL ROAD","SOUTHAMPTON","HAMPSHIRE","","SO16 9LA","20090701","20120930","C","B","5L1","20090701","20120930","02380 738801","","","","0","","","","0",""
"Y02789","COMMUNITY MEDICINES FOR OLDER PEOPLE","Y52","Q38","COM MEDS FOR OLDER PEOPLE","2-6 OAKHILL HSE ROMSEY RD","SOUTHAMPTON","HAMPSHIRE","","SO16 4BZ","20090701","20120930","C","B","5L1","20090701","20120930","02380 608951","","","","0","","","","0",""
"Y02791","CONTRACEPTION AND SEXUAL HEALTH","Y51","Q30","N. ORMESBY HEALTH VILLAGE","11A TRINITY MEWS","MIDDLESBROUGH","","","TS3 6AL","20090801","20120930","C","B","5QR","20090801","20120930","01642 459583","","","","0","","","","0",""
"Y02798","SMPCT FLU EMERGENCY SERVICE","Y53","Q36","HAMILTON WING NELSON HOSP","KINGSTON ROAD,RAYNES PARK","","LONDON","","SW20 8DB","20090801","20130331","C","B","5M7","20090801","20130331","020 82510568","","","","0","","","","0",""
"Y02799","CARDIOLOGY CLINIC","Y53","Q36","NORTHWOOD HEALTH CENTRE","ACRE WAY","NORTHWOOD","MIDDLESEX","","HA6 1TQ","20090720","20120930","C","B","5AT","20090720","20120930","07956 689234","","","","0","","","","0",""
"Y02803","COPELAND UNIT","Y51","Q31","WEST CUMBERLAND HOSPITAL","HENSINGHAM","WHITEHAVEN","","","CA28 8JG","20090717","20130331","C","B","5NE","20090717","20130331","01946 523391","","","","0","","","","0",""
"Y02817","RHT THREE BOROUGHS TEAM","Y53","Q36","GRACEFIELD GARDENS","2-8 GRACEFIELD GARDENS","","LONDON","","SW16 2ST","20090707","20130331","C","B","5LD","20090707","20130331","020 30494700","","","","0","","","","0",""
"Y02818","BBV THREE BOROUGHS TEAM","Y53","Q36","RIVERSIDE MEDICAL CENTRE","HOBART HSE,WANDSWORTH RD","","LONDON","","SW8 2JW","20090707","20130331","C","B","5LD","20090707","20130331","020 30494550","","","","0","","","","4",""
"Y02825","CJ INTERVENTION TEAM","Y51","Q31","THE ANNEXE, TOWN HALL","VICTORIA SQUARE","ST HELENS","","","WA10 1HP","20090801","20120930","C","B","5NM","20090801","20120930","01744 675815","","","","0","","","","0",""
"Y02831","BEXLEY NORTH HEALTH CENTRE","Y53","Q36","17 CRAYFORD HIGH STREET","CRAYFORD","","","","DA1 4HH","20090810","20120930","C","B","TAK","20090810","20120930","01322 429924","","","","0","","","","0",""
"Y02841","EARLY INTERVENTION SERVICE","Y51","Q31","EIS","KINGSGATE, WELLINGTON RD","STOCKPORT","CHESHIRE","","SK4 1LW","20090817","20120930","C","B","5F7","20090817","20120930","0161 4269467","","","","0","","","","0",""
"Y02853","STUDHOLME DERMATOLOGY CLINIC","Y52","Q37","STUDHOLME MEDICAL CENTRE","50 CHURCH ROAD","ASHFORD","MIDDLESEX","","TW15 2TU","20090901","20120930","C","B","5P5","20090901","20120930","01784 420700","","","","0","","","","0",""
"Y02855","ACUTE VISITING SERVICE","Y51","Q33","LOUGHBOROUGH HEALTH CTR","PINFOLD GATE","LOUGHBOROUGH","LEICESTERSHIRE","","LE11 1BE","20091001","20130331","C","B","5PA","20091001","20130331","0116 2950076","","","","0","","","","0",""
"Y02856","HAWTHORNS DERMATOLOGY CLINIC","Y52","Q37","THE HAWTHORNS","1 OXFORD ROAD","REDHILL","SURREY","","RH1 1DT","20090901","20120930","C","B","5P5","20090901","20120930","01737 762902","","","","0","","","","0",""
"Y02864","CHESHUNT URGENT CARE CENTRE","Y51","Q35","CHESHUNT COMMUNITY HOSP","KING ARTHUR COURT","CHESHUNT","HERTS","","EN8 8XN","20090908","20120930","C","B","5QV","20100401","20120930","01992 622157","","","","0","","","","0",""
"Y02877","FAIRMORE MEDICAL PRACTICE NELSON","Y51","Q31","211-213 LEEDS ROAD","","NELSON","LANCASHIRE","","BB9 8EH","20091001","20120930","C","B","5NH","20091001","20120930","01282 616481","","","","0","","","","0",""
"Y02878","HERTFORD URGENT CARE CENTRE","Y51","Q35","HERTFORD COUNTY HOSPITAL","NORTH ROAD","HERTFORD","HERTFORDSHIRE","","SG14 1LP","20090928","20120930","C","B","5QV","20100401","20120930","01438 314333","","","","0","","","","0",""
"Y02882","FLU PRACTICE","Y51","Q34","HERON HOUSE","GROVE ROAD, FENTON","STOKE ON TRENT","","","ST4 4LX","20091005","20120930","C","B","5PJ","20091005","20120930","01782 298145","","","","0","","","","0",""
"Y02894","PRINCIPIA DERM SKIN SURGERY","Y51","Q33","KEYWORTH MEDICAL PRACTICE","BUNNY LANE, KEYWORTH","NOTTINGHAM","","","NG12 5JU","20091008","20120930","C","B","5N8","20091008","20120930","0115 9373527","","","","0","","","","0",""
"Y02904","SEFTON SOUTH GP PRACTICE","Y51","Q31","20 SEAFORTH ROAD","SEAFORTH","LIVERPOOL","MERSEYSIDE","","L21 4LF","20091101","20120930","C","B","5NJ","20091101","20120930","0151 9491717","","","","0","","","","0",""
"Y02911","THE PRIORY GRANGE","Y52","Q39","C/O THE MAYTREES PRACTICE","EASTVILLE H/C, EAST PARK","BRISTOL","","","BS5 6YA","20091029","20120930","C","B","5QJ","20091029","20120930","0117 9510042","","","","0","","","","0",""
"Y02918","BREATHING SPACE","Y51","Q32","BREATHING SPACE","BADSLEY MOOR LANE","ROTHERHAM","","","S65 2QS","20091113","20120930","C","B","5H8","20091113","20120930","01709 441700","","","","0","","","","0",""
"Y02921","CHILDRENS OP CLINIC","Y51","Q31","EPILEPSYCLINIC","PENDLETON GATEWAY,","SALFORD","MANCHESTER","","M6 5FX","20091116","20120930","C","B","5F5","20091116","20120930","0161 2117385","","","","0","","","","0",""
"Y02922","CHILDRENS OP CLINIC","Y51","Q31","ENT CLINIC","PENDLETON GATEWAY","SALFORD","MANCHESTER","","M6 5TX","20091116","20120930","C","B","5F5","20091116","20120930","0161 2117385","","","","0","","","","0",""
"Y02923","CHILDRENS OP CLINIC","Y51","Q31","NEUROLOGYCLINIC","PENDLETON GATEWAY","SALFORD","MANCHESTER","","M6 5FX","20091116","20120930","C","B","5F5","20091116","20120930","0161 2117385","","","","0","","","","0",""
"Y02924","CHILDRENS OP CLINIC","Y51","Q31","CARDIOLOGY CLINIC","PENDLETON GATEWAY","SALFORD","MANCHESTER","","M6 5FX","20091116","20120930","C","B","5F5","20091116","20120930","0161 2117385","","","","0","","","","0",""
"Y02940","NHS NOTTINGHAM CITY 8AM-8PM HEALTH CTR","Y51","Q33","79A UPPER PARLIAMENT STREET","","","NOTTINGHAM","NOTTINGHAMSHIRE","NG1 6LD","20100101","20100102","C","B","5EM","20100101","20100102","0115 9166061","","","","1","","","","0",""
"Y02941","PLATFORM ONE PRACTICE","Y51","Q33","FORWARD HOUSE","STATION STREET","","NOTTINGHAM","NOTTINGHAMSHIRE","NG2 3AJ","20100201","20100202","C","B","5EM","20100201","20100202","0115 9166061","","","","1","","","","0",""
"Y02944","DRUG & ALCOHOL ACTION TEAM","Y51","Q33","COALVILLE CLINIC","42 HIGH STREET","COALVILLE","LEICESTERSHIRE","","LE67 3EE","20091222","20120930","C","B","5PA","20091222","20120930","01530 830865","","","","0","","","","0",""
"Y02948","LEG ULCER CLINIC","Y51","Q34","LYNG CENTRE FOR HEALTH","FRANK FISHER WAY","WEST BROMWICH","WEST MIDLANDS","","B70 7AW","20100118","20120930","C","B","5PF","20100118","20120930","0121 6123378","","","","0","","","","0",""
"Y02964","TEDDINGTON MEMORIAL HEALTH CENTRE","Y53","Q36","HAMPTON ROAD","","TEDDINGTON","MIDDLESEX","","TW11 0JL","20100301","20120930","C","B","5M6","20100301","20120930","020 87144220","","","","0","","","","4",""
"Y02966","HEATHSCAPE DERMATOLOGY FG","Y52","Q37","FRIMLEY GREEN MEDICAL CTR","1 BEECH RD, FRIMLEY GREEN","CAMBERLEY","SURREY","","GU16 6QQ","20100126","20130331","C","B","5P5","20100126","20130331","01252 835016","","","","0","","","","0",""
"Y02981","MILLOM COMMUNITY HOSPITAL","Y51","Q31","MILLOM HOSPITAL","LAPSTONE ROAD","MILLOM","CUMBRIA","","LA18 4BY","20100401","20130331","C","B","5NE","20100401","20130331","01229 772631","","","","0","","","","0",""
"Y02982","NHS ALW WEIGHT MANAGEMENT","Y51","Q31","C/O DIABETES SECRETARIES","WALTON HOSPITAL,RICE LANE","LIVERPOOL","","","L9 1AE","20100208","20130331","C","B","5HG","20100208","20130331","0151 5294729","","","","0","","","","0",""
"Y02983","WORKINGTON HOSPITAL","Y51","Q31","PARK LANE","","WORKINGTON","CUMBRIA","","CA14 2RW","20100201","20130331","C","B","5NE","20100201","20130331","01900 705190","","","","0","","","","0",""
"Y02984","WEEKENDER SERVICE","Y51","Q33","29-31 BOWLING GREEN ST.","","LEICESTER","","","LE1 6AS","20100201","20130331","C","B","5PC","20100201","20130331","0116 2047249","","","","0","","","","0",""
"Y02985","ASHFIELD WALK IN CENTRE","Y51","Q33","KIRKBY WALK IN CENTRE","PORTLAND STREET","KIRKBY-IN-ASHFIELD","NOTTINGHAM","NOTTINGHAMSHIRE","NG17 7AE","20100201","20100202","C","B","5N8","20100201","20100202","01623 434600","","","","1","","","","1",""
"Y03000","SDAS SHARED CARE CLINIC","Y52","Q39","THE HUB","HIGH ST, MIDSOMER NORTON","BATH","","","BA3 2DP","20100308","20130331","C","B","5FL","20100308","20130331","01761 419086","","","","0","","","","0",""
"Y03008","MINOR INJURY UNIT","Y52","Q39","THE YATE WESTGATE CENTRE","21 WEST WALK, YATE","BRISTOL","","","BS37 4AX","20100401","20120930","C","B","5A3","20100401","20120930","01454 315355","","","","0","","","","0",""
"Y03024","LEICESTER CITY & LEICS FFWS","Y51","Q33","VOLUNTARY ACTION LEICS","2ND FLR, 9 NEWARKE STREET","LEICESTER","LEICESTERSHIRE","","LE1 5SN","20100401","20120930","C","B","5PA","20100401","20120930","0116 2851710","","","","0","","","","0",""
"Y03026","ADDACTION DIP HUNTINGDON","Y51","Q35","7-8 MARKET HILL","","HUNTINGDON","CAMBRIDGESHIRE","","PE29 3NR","20100401","20120930","C","B","5PP","20100401","20120930","01480 413800","","","","0","","","","0",""
"Y03028","ADDACTION DIP CAMBRIDGE","Y51","Q35","MILL HOUSE","BROOKFIELDS HOSP,MILL RD","CAMBRIDGE","","","CB1 3DF","20100401","20120930","C","B","5PP","20100401","20120930","01223 723020","","","","0","","","","0",""
"Y03029","ADDACTION DIP FENLAND","Y51","Q35","CHURCH TERRACE","","WISBECH","CAMBRIDGESHIRE","","PE13 1BW","20100401","20120930","C","B","5PP","20100401","20120930","01945 584444","","","","0","","","","0",""
"Y03043","INTERDIAB CLINIC","Y53","Q36","CHINGWAY MEDICAL CENTRE","7 CHING WAY","CHINGFORD","LONDON","","E4 8YD","20100419","20120930","C","B","5NC","20100419","20120930","020 84307650","","","","0","","","","0",""
"Y03045","NWC HAMA SEXUAL HEALTH AND CONTRACEPTION","Y51","Q33","HAMA MC,11A NOTTINGHAM RD","KIMBERLY","NOTTINGHAM","","","NG16 2NB","20100401","20120930","C","B","5N8","20100401","20120930","0115 9382101","","","","0","","","","0",""
"Y03059","FAIRMORE MED PRAC PADIHAM","Y51","Q31","PADIHAM CLINIC","STATION ROAD, PADIHAM","BURNLEY","","","BB12 8EA","20100601","20120930","C","B","5NH","20100601","20120930","01282 644600","","","","0","","","","0",""
"Y03064","THE LAURELS WIC","Y53","Q36","THE LAURELS N/HOOD PRACT","256 ST ANNS ROAD","","LONDON","","N15 5AZ","20100514","20120930","C","B","5C9","20100514","20120930","020 84425448","","","","0","","","","1",""
"Y03065","HORNSEY CENTRAL WIC","Y53","Q36","HORNSEY CENTRAL N/HOOD HC","151 PARK ROAD","","LONDON","","N8 8JD","20100514","20120930","C","B","5C9","20100514","20120930","020 30742402","","","","0","","","","1",""
"Y03080","COMMUNITY DERMATOLOGY","Y51","Q34","OLDBURY HEALTH CENTRE","ALBERT STREET","OLDBURY","WEST MIDLANDS","","B69 4DE","20100527","20120930","C","B","5PF","20100527","20120930","0845 1110499","","","","0","","","","0",""
"Y03083","CULCHETH HEALTHCARE","Y51","Q31","JACKSON AVENUE","CULCHETH","WARRINGTON","CHESHIRE","","WA3 4DZ","20100401","20130331","C","B","5J2","20100401","20130331","01925 763077","","","","0","","","","0",""
"Y03084","TOWER HAMLETS COMM ALCOHOL TEAM (RAPT)","Y53","Q36","22 SKYLINES VILLAGE","LIMEHARBOUR,DOCKLANDS","","LONDON","","E14 9TS","20100601","20120930","C","B","5C4","20100601","20120930","020 70932669","","","","0","","","","0",""
"Y03087","TALL SHIPS PRACTICE","Y51","Q30","MANDALE HOUSE","MARIA WAY","HARTLEPOOL","","","TS24 0UX","20100802","20120930","C","B","5D9","20100802","20120930","01429 285079","","","","0","","","","0",""
"Y03088","WEIGHT MANAGEMENT SERVICE","Y51","Q30","EAST CLEVELAND PCH","ALFORD ROAD","BROTTON","","","TS12 2FF","20100608","20130331","C","B","5QR","20100608","20130331","01287 676205","","","","0","","","","0",""
"Y03095","BAYCLIFFE F.H.C","Y51","Q31","73 BAYCLIFFE ROAD","","LIVERPOOL","","","L12 6QX","20100701","20130331","C","B","5NL","20100701","20130331","0151 2284272","","","","0","","","","0",""
"Y03100","GARSTON F.H.C","Y51","Q31","GARSTON URBAN VILL. HALL","70 BANKS ROAD","LIVERPOOL","","","L19 8JZ","20100701","20130331","C","B","5NL","20100701","20130331","0151 4278514","","","","0","","","","0",""
"Y03107","MSK ICATS CLINIC","Y53","Q36","MANOR BROOK HEALTH CENTRE","117 BROOK LANE","BLACKHEATH","LONDON","","SE3 0EN","20100701","20130331","C","B","5A8","20100701","20130331","020 83313250","","","","0","","","","0",""
"Y03137","PRIMECARE NORTHAMPTONSHIRE","Y51","Q33","4/500 SUMMERHILL ROAD","","BIRMINGHAM","","","B1 3RD","20100901","20120930","C","B","5PD","20100901","20120930","0330 1231014","","","","0","","","","0",""
"Y03147","BARKANTINE PRACTICE","Y53","Q36","BARKANTINE CENTRE","121 WESTFERRY ROAD","LONDON","","","E14 8JH","20100901","20120930","C","B","5C4","20100901","20120930","020 77918080","","","","0","","","","0",""
"Y03155","ASSURA MEDICAL","Y51","Q31","CANDY PARK","NEW CHESTER ROAD","BROMBOROUGH","WIRRAL","","CH62 3PE","20100801","20130331","C","B","5NL","20100801","20130331","0151 7037700","","","","0","","","","0",""
"Y03172","HMP CANTERBURY","Y52","Q37","HMP CANTERBURY","46 LONGPORT","CANTERBURY","KENT","","CT1 1PJ","20100910","20130331","C","B","5QA","20100910","20130331","01227 862872","","","","0","","","","5",""
"Y03176","CHORLEY AND SOUTH RIBBLE SMS","Y51","Q31","6 GOLDEN HILL LANE","","LEYLAND","LANCASHIRE","","PR25 3NP","20101001","20120930","C","B","5NG","20101001","20120930","01772 773540","","","","0","","","","0",""
"Y03177","PRESTON SMS","Y51","Q31","BICKERSTAFFE HOUSE","53 GARSTANG ROAD","PRESTON","","","PR1 1LB","20101001","20120930","C","B","5NG","20101001","20120930","01772 67600","","","","0","","","","0",""
"Y03178","WEST LANCASHIRE SMS","Y51","Q31","75-79 WESTGATE","SANDY LANE,SHOPPING PCINT","SKELMERSDALE","","","WN8 8LP","20101001","20120930","C","B","5NG","20101001","20120930","01695 50740","","","","0","","","","0",""
"Y03187","SKIPTON CASH CLINIC","Y51","Q32","SKIPTON GENERAL HOSPITAL","KEIGHLEY ROAD","SKIPTON","NORTH YORKSHIRE","","BD23 2RJ","20101001","20130331","C","B","5NY","20101001","20130331","01756 792233","","","","0","","","","0",""
"Y03196","ABOUT HEALTH DERMATOLOGY SERVICE","Y51","Q31","YARNSPINNERS","CARR ROAD","NELSON","LANCASHIRE","","BB9 7SR","20101101","20120930","C","B","5NH","20101101","20120930","01282 644878","","","","0","","","","0",""
"Y03197","ABOUT HEALTH DERMATOLOGY SERVICE","Y51","Q31","ST PETERS HEALTH CENTRE","CHURCH STREET","BURNLEY","LANCASHIRE","","BB11 2DL","20101101","20120930","C","B","5NH","20101101","20120930","01282 644878","","","","0","","","","0",""
"Y03198","ABOUT HEALTH DERMATOLOGY SERVICE","Y51","Q31","CLITHEROE HEALTH CENTRE","RAILWAY VIEW ROAD","CLITHEROE","LANCASHIRE","","BB7 2JG","20101101","20120930","C","B","5NH","20101101","20120930","01200 413569","","","","0","","","","0",""
"Y03199","ABOUT HEALTH DERMATOLOGY SERVICE","Y51","Q31","WATERFOOT HEALTH CENTRE","COWPE ROAD, WATERFOOT","ROSSENDALE","LANCASHIRE","","BB4 7DN","20101101","20120930","C","B","5NH","20101101","20120930","01282 644878","","","","0","","","","0",""
"Y03216","ELMS MEDICAL PRACTICE - UROLOGY CATS","Y51","Q35","5 STEWART ROAD","","HARPENDEN","HERTFORDSHIRE","","AL5 4QA","20101001","20120930","C","B","5QV","20101001","20120930","01582 767444","","","","0","","","","0",""
"Y03226","ST NEOTS ROAD PRACTICE","Y51","Q35","ST NEOTS RD MED CTR","12 ST NEOTS ROAD","SANDY","BEDFORDSHIRE","","SG19 1LB","20101101","20120930","C","B","5P2","20101101","20120930","01767 683322","","","","0","","","","0",""
"Y03227","DIABETES THERAPY SERVICE(AXA-PPP)","Y51","Q33","6TH FLOOR CITY EAST GATE","TOLL HOUSE HILL","NOTTINGHAM","","","NG1 5FS","20101201","20120930","C","B","5EM","20101201","20120930","0844 4631295","","","","0","","","","0",""
"Y03230","HURLEY HAROLD WOOD GP CLINIC","Y53","Q36","HAROLD WOOD POLYCLINIC","GUBBINS LANE,HAROLD WOOD","ROMFORD","","","RM3 0FE","20101101","20120930","C","B","5A4","20101101","20120930","01708 792000","","","","0","","","","0",""
"Y03237","SPINNEYFIELDS SPECIALIST CARE CENTRE","Y51","Q33","HE BATES WAY","PEMBERTON","RUSHDEN","NORTHAMPTONSHIRE","","NN10 9YP","20101101","20120930","C","B","5PD","20101101","20120930","01933 352840","","","","0","","","","0",""
"Y03238","TURN FURLONG SPECIALIST CARE CENTRE","Y51","Q33","OFF ROCKERY LANE","TURN FURLONG,KINGSTHRORPE","NORTHAMPTON","","","NN2 8BZ","20101101","20120930","C","B","5PD","20101101","20120930","01604 850800","","","","0","","","","0",""
"Y03262","LYME MEDICAL CENTRE","Y52","Q39","LYME COMMUNITY CARE CTR","UPLYME ROAD","","LYME REGIS","DORSET","DT7 3LS","20101220","20101221","C","B","5QM","20101220","20101221","01297 445777","","","","1","","","","0",""
"Y03270","A & E GP OOH","Y51","Q31","TAMESIDE GENERAL A & E","FOUNTAIN STREET","ASHTON UNDER LYNE","","","OL6 9RW","20110117","20130331","C","B","5LH","20110117","20130331","0161 3045167","","","","0","","","","2",""
"Y03273","JPH EADU GP","Y51","Q35","JPUH NHS FOUND. TRUST","LOWESTOFT RD, GORLESTON","GREAT YARMOUTH","NORFOLK","","NR31 6LA","20110110","20120930","C","B","5PR","20110110","20120930","01493 452452","","","","0","","","","0",""
"Y03286","HIGH POINT COMMUNITY DIABETES SERVICE","Y51","Q33","HIGHPOINT DIABETES CLINIC","KINGS MILL HOSPITAL","SUTTON-IN-ASHFIELD","NOTTINGHAMSHIRE","","NG17 4JL","20110131","20120930","C","B","5N8","20110131","20120930","01623 622515","","","","0","","","","0",""
"Y03292","MEDWAY TV FOR SWALE PATIENTS","Y52","Q37","TISSUE VIABILITY(TV) TEAM","ST BARTS HOSP, NEW ROAD","ROCHESTER","KENT","","ME1 1DS","20110201","20120930","C","B","5QA","20110201","20120930","01634 810922","","","","0","","","","0",""
"Y03293","MEDWAY CRT FOR SWALE PATIENTS","Y52","Q37","COMM. RESP. TEAM (CRT)","UNIT 7-8, AMBLEY GREEN","GILLINGHAM","KENT","","ME8 0NJ","20110201","20120930","C","B","5QA","20110201","20120930","01634 382860","","","","0","","","","0",""
"Y03305","HORNSEY CENTRAL MINOR SURGERY SERVICE","Y53","Q36","HORNSEY CENTRAL NHC","151 PARK ROAD","HORNSEY","LONDON","","N8 8JD","20110201","20120930","C","B","5C9","20110201","20120930","020 30742790","","","","0","","","","0",""
"Y03311","MABLETHORPE OOH","Y51","Q33","MARISCO MP","STANLEY AVENUE","MABLETHORPE","LINCOLNSHIRE","","LN12 1DP","20110307","20130331","C","B","5N9","20110307","20130331","01507 474117","","","","0","","","","2",""
"Y03318","HMP GARTH","Y51","Q31","HMP GARTH","ULNES WALTON LANE,LEYLAND","PRESTON","","","PR26 8NE","20110401","20130331","C","B","5NG","20110401","20130331","01772 443418","","","","0","","","","5",""
"Y03320","HMP WYMOTT","Y51","Q31","HMP WYMOTT","ULNES WALTON LANE,LEYLAND","PRESTON","","","PR26 8LW","20110401","20130331","C","B","5NG","20110401","20130331","01772 442286","","","","0","","","","5",""
"Y03338","EAST DEVON SEXUAL HEALTH CLINIC","Y52","Q39","49 IMPERIAL ROAD","","EXMOUTH","DEVON","","EX8 1DQ","20110401","20120930","C","B","5QQ","20110401","20120930","01395 266295","","","","0","","","","0",""
"Y03367","HAVEN MEDICAL CENTRE","Y51","Q33","690 OSMASTON ROAD","","","DERBY","DERBYSHIRE","DE24 8GT","20110615","20110616","C","B","5N7","20110615","20110616","01332 348845","","","","1","","","","0",""
"Y03415","HEART FAILURE CLINIC","Y53","Q36","MOUNT VERNON HOSPITAL","RICKMANSWORTH ROAD","NORTHWOOD","MIDDLESEX","","HA6 2RN","20110601","20120930","C","B","5AT","20110601","20120930","01923 828488","","","","0","","","","0",""
"Y03431","G.U.M. CLINIC WORKINGTON","Y51","Q31","WORKINGTON COMMUNITY HPL","PARK LANE","WORKINGTON","CUMBRIA","","CA14 2RW","20110804","20130331","C","B","5NE","20110804","20130331","01900 705050","","","","0","","","","0",""
"Y03463","CDAS DETOX SCHEME SE","Y51","Q35","SANKEY HOUSE","81 HIGH STREET","PITSEA","ESSEX","","SS13 3BB","20111117","20130331","C","B","5PY","20111117","20130331","01268 498438","","","","0","","","","0",""
"Y03524","EKHUFT COMMUNITY DERMATOLOGY","Y52","Q37","FRIENDS DERMATOLOGY CENT","KENT & CANTERBURY HOSP","CANTERBURY","KENT","","CT1 3NG","20120401","20130331","C","B","5QA","20120401","20130331","01227 783036","","","","0","","","","0",""
"Y03565","DERMATOLOGY GPSI-TEWKESBURY","Y52","Q39","TEWKESBURY HOSPITAL","BARTON ROAD","TEWKESBURY","GLOUCESTERSHIRE","","GL20 5QN","20120621","20120930","C","B","5QH","20120621","20120930","01684 293303","","","","0","","","","0",""
"Y03566","ENT PRIMARY CARE","Y52","Q39","VALE COMMUNITY HOSPITAL","LISTER ROAD","DURSLEY","GLOUCESTERSHIRE","","GL11 4BA","20120701","20130331","C","B","5QH","20120701","20130331","0345 6598494","","","","0","","","","0",""
"Y03589","HASTINGS & ROTHER COMMUNITY MSK SERVICE","Y52","Q37","RYE HEALTH AND CARE LTD","PEASMARSH ROAD","RYE FOREIGN","EAST SUSSEX","","TN31 7UD","20120901","20130331","C","B","5P8","20120901","20130331","01797 223810","","","","0","","","","0",""
"Y03613","HMP LEWES PRISON HEALTH SERVICE","Y52","Q37","HMP LEWES","1 BRIGHTON ROAD","LEWES","EAST SUSSEX","","BN7 1EA","20120917","20130331","C","B","5P7","20120917","20130331","01273 785100","","","","0","","","","5",""
"Y03650","LEODIS COMMUNITY ENT CLINIC","Y51","Q32","LEODIS CARE COLTONMILL MC","STYLE HILL WAY","LEEDS","WEST YORKSHIRE","","LS15 9JH","20121101","20130331","C","B","5N1","20121101","20130331","0113 2952992","","","","0","","","","0",""
"Y03652","THE PRACTICE COM DERM ECK","Y52","Q37","ROSE HOUSE, BELL LANE","LITTLE CHALFONT","AMERSHAM","BUCKINGHAMSHIRE","","HP6 6FA","20130119","20130331","C","B","5QA","20130119","20130331","01494 690950","","","","0","","","","0",""
