"State","Measure ID","Measure Name","Number of Hospitals Worse","Number of Hospitals Same","Number of Hospitals Better","Number of Hospitals Too Few","Footnote","Start Date","End Date","Number of Hospitals Fewer","Number of Hospitals Average","Number of Hospitals More","Number of Hospitals Too Small"
AK,EDAC_30_AMI,Hospital return days for heart attack patients,Not Applicable,Not Applicable,Not Applicable,Not Applicable,,07/01/2022,06/30/2025,0,4,0,12
AK,EDAC_30_HF,Hospital return days for heart failure patients,Not Applicable,Not Applicable,Not Applicable,Not Applicable,,07/01/2022,06/30/2025,1,9,1,9
AK,EDAC_30_PN,Hospital return days for pneumonia patients,Not Applicable,Not Applicable,Not Applicable,Not Applicable,,07/01/2022,06/30/2025,3,11,0,7
AK,Hybrid_HWR,Hybrid Hospital-Wide All-Cause Readmission Measure (HWR),Not Available,Not Available,Not Available,Not Available,4,07/01/2024,06/30/2025,Not Applicable,Not Applicable,Not Applicable,Not Applicable
AK,OP_32,"Rate of unplanned hospital visits after colonoscopy (per 1,000 colonoscopies)",0,7,0,6,,01/01/2022,12/31/2024,Not Applicable,Not Applicable,Not Applicable,Not Applicable
AK,OP_35_ADM,Rate of inpatient admissions for patients receiving outpatient chemotherapy,0,8,0,6,,01/01/2024,12/31/2024,Not Applicable,Not Applicable,Not Applicable,Not Applicable
AK,OP_35_ED,Rate of emergency department (ED) visits for patients receiving outpatient chemotherapy,0,8,0,6,,01/01/2024,12/31/2024,Not Applicable,Not Applicable,Not Applicable,Not Applicable
AK,OP_36,Ratio of unplanned hospital visits after hospital outpatient surgery,2,5,0,1,,01/01/2024,12/31/2024,Not Applicable,Not Applicable,Not Applicable,Not Applicable
AK,READM_30_AMI,Acute Myocardial Infarction (AMI) 30-Day Readmission Rate,0,4,0,11,,07/01/2023,06/30/2025,Not Applicable,Not Applicable,Not Applicable,Not Applicable
AK,READM_30_CABG,Rate of readmission for CABG,0,1,0,2,,07/01/2023,06/30/2025,Not Applicable,Not Applicable,Not Applicable,Not Applicable
AK,READM_30_COPD,Rate of readmission for chronic obstructive pulmonary disease (COPD) patients,0,8,0,13,,07/01/2023,06/30/2025,Not Applicable,Not Applicable,Not Applicable,Not Applicable
AK,READM_30_HF,Heart failure (HF) 30-Day Readmission Rate,0,9,0,9,,07/01/2023,06/30/2025,Not Applicable,Not Applicable,Not Applicable,Not Applicable
AK,READM_30_HIP_KNEE,Rate of readmission after hip/knee replacement,0,4,0,5,,07/01/2023,06/30/2025,Not Applicable,Not Applicable,Not Applicable,Not Applicable
AK,READM_30_PN,Pneumonia (PN) 30-Day Readmission Rate,0,14,0,7,,07/01/2023,06/30/2025,Not Applicable,Not Applicable,Not Applicable,Not Applicable
AL,EDAC_30_AMI,Hospital return days for heart attack patients,Not Applicable,Not Applicable,Not Applicable,Not Applicable,,07/01/2022,06/30/2025,0,25,0,42
AL,EDAC_30_HF,Hospital return days for heart failure patients,Not Applicable,Not Applicable,Not Applicable,Not Applicable,,07/01/2022,06/30/2025,2,51,5,28
AL,EDAC_30_PN,Hospital return days for pneumonia patients,Not Applicable,Not Applicable,Not Applicable,Not Applicable,,07/01/2022,06/30/2025,3,66,3,16
AL,Hybrid_HWR,Hybrid Hospital-Wide All-Cause Readmission Measure (HWR),Not Available,Not Available,Not Available,Not Available,4,07/01/2024,06/30/2025,Not Applicable,Not Applicable,Not Applicable,Not Applicable
AL,OP_32,"Rate of unplanned hospital visits after colonoscopy (per 1,000 colonoscopies)",0,65,0,7,,01/01/2022,12/31/2024,Not Applicable,Not Applicable,Not Applicable,Not Applicable
AL,OP_35_ADM,Rate of inpatient admissions for patients receiving outpatient chemotherapy,0,16,0,36,,01/01/2024,12/31/2024,Not Applicable,Not Applicable,Not Applicable,Not Applicable
AL,OP_35_ED,Rate of emergency department (ED) visits for patients receiving outpatient chemotherapy,0,16,0,36,,01/01/2024,12/31/2024,Not Applicable,Not Applicable,Not Applicable,Not Applicable
AL,OP_36,Ratio of unplanned hospital visits after hospital outpatient surgery,0,43,1,22,,01/01/2024,12/31/2024,Not Applicable,Not Applicable,Not Applicable,Not Applicable
AL,READM_30_AMI,Acute Myocardial Infarction (AMI) 30-Day Readmission Rate,0,33,0,36,,07/01/2023,06/30/2025,Not Applicable,Not Applicable,Not Applicable,Not Applicable
AL,READM_30_CABG,Rate of readmission for CABG,0,19,0,4,,07/01/2023,06/30/2025,Not Applicable,Not Applicable,Not Applicable,Not Applicable
AL,READM_30_COPD,Rate of readmission for chronic obstructive pulmonary disease (COPD) patients,1,62,0,24,,07/01/2023,06/30/2025,Not Applicable,Not Applicable,Not Applicable,Not Applicable
AL,READM_30_HF,Heart failure (HF) 30-Day Readmission Rate,1,64,0,23,,07/01/2023,06/30/2025,Not Applicable,Not Applicable,Not Applicable,Not Applicable
AL,READM_30_HIP_KNEE,Rate of readmission after hip/knee replacement,1,33,0,12,,07/01/2023,06/30/2025,Not Applicable,Not Applicable,Not Applicable,Not Applicable
AL,READM_30_PN,Pneumonia (PN) 30-Day Readmission Rate,0,76,0,12,,07/01/2023,06/30/2025,Not Applicable,Not Applicable,Not Applicable,Not Applicable
AR,EDAC_30_AMI,Hospital return days for heart attack patients,Not Applicable,Not Applicable,Not Applicable,Not Applicable,,07/01/2022,06/30/2025,0,22,0,32
AR,EDAC_30_HF,Hospital return days for heart failure patients,Not Applicable,Not Applicable,Not Applicable,Not Applicable,,07/01/2022,06/30/2025,3,42,1,30
AR,EDAC_30_PN,Hospital return days for pneumonia patients,Not Applicable,Not Applicable,Not Applicable,Not Applicable,,07/01/2022,06/30/2025,6,49,5,17
AR,Hybrid_HWR,Hybrid Hospital-Wide All-Cause Readmission Measure (HWR),Not Available,Not Available,Not Available,Not Available,4,07/01/2024,06/30/2025,Not Applicable,Not Applicable,Not Applicable,Not Applicable
AR,OP_32,"Rate of unplanned hospital visits after colonoscopy (per 1,000 colonoscopies)",0,48,0,7,,01/01/2022,12/31/2024,Not Applicable,Not Applicable,Not Applicable,Not Applicable
AR,OP_35_ADM,Rate of inpatient admissions for patients receiving outpatient chemotherapy,0,16,0,27,,01/01/2024,12/31/2024,Not Applicable,Not Applicable,Not Applicable,Not Applicable
AR,OP_35_ED,Rate of emergency department (ED) visits for patients receiving outpatient chemotherapy,0,16,0,27,,01/01/2024,12/31/2024,Not Applicable,Not Applicable,Not Applicable,Not Applicable
AR,OP_36,Ratio of unplanned hospital visits after hospital outpatient surgery,1,32,0,15,,01/01/2024,12/31/2024,Not Applicable,Not Applicable,Not Applicable,Not Applicable
AR,READM_30_AMI,Acute Myocardial Infarction (AMI) 30-Day Readmission Rate,0,27,0,23,,07/01/2023,06/30/2025,Not Applicable,Not Applicable,Not Applicable,Not Applicable
AR,READM_30_CABG,Rate of readmission for CABG,1,10,0,5,,07/01/2023,06/30/2025,Not Applicable,Not Applicable,Not Applicable,Not Applicable
AR,READM_30_COPD,Rate of readmission for chronic obstructive pulmonary disease (COPD) patients,0,41,0,32,,07/01/2023,06/30/2025,Not Applicable,Not Applicable,Not Applicable,Not Applicable
AR,READM_30_HF,Heart failure (HF) 30-Day Readmission Rate,1,47,0,24,,07/01/2023,06/30/2025,Not Applicable,Not Applicable,Not Applicable,Not Applicable
AR,READM_30_HIP_KNEE,Rate of readmission after hip/knee replacement,0,13,0,23,,07/01/2023,06/30/2025,Not Applicable,Not Applicable,Not Applicable,Not Applicable
AR,READM_30_PN,Pneumonia (PN) 30-Day Readmission Rate,1,62,1,12,,07/01/2023,06/30/2025,Not Applicable,Not Applicable,Not Applicable,Not Applicable
AS,EDAC_30_AMI,Hospital return days for heart attack patients,Not Applicable,Not Applicable,Not Applicable,Not Applicable,5,07/01/2022,06/30/2025,Not Available,Not Available,Not Available,Not Available
AS,EDAC_30_HF,Hospital return days for heart failure patients,Not Applicable,Not Applicable,Not Applicable,Not Applicable,5,07/01/2022,06/30/2025,Not Available,Not Available,Not Available,Not Available
AS,EDAC_30_PN,Hospital return days for pneumonia patients,Not Applicable,Not Applicable,Not Applicable,Not Applicable,5,07/01/2022,06/30/2025,Not Available,Not Available,Not Available,Not Available
AS,Hybrid_HWR,Hybrid Hospital-Wide All-Cause Readmission Measure (HWR),Not Available,Not Available,Not Available,Not Available,5,07/01/2024,06/30/2025,Not Applicable,Not Applicable,Not Applicable,Not Applicable
AS,OP_32,"Rate of unplanned hospital visits after colonoscopy (per 1,000 colonoscopies)",Not Available,Not Available,Not Available,Not Available,5,01/01/2022,12/31/2024,Not Applicable,Not Applicable,Not Applicable,Not Applicable
AS,OP_35_ADM,Rate of inpatient admissions for patients receiving outpatient chemotherapy,Not Available,Not Available,Not Available,Not Available,5,01/01/2024,12/31/2024,Not Applicable,Not Applicable,Not Applicable,Not Applicable
AS,OP_35_ED,Rate of emergency department (ED) visits for patients receiving outpatient chemotherapy,Not Available,Not Available,Not Available,Not Available,5,01/01/2024,12/31/2024,Not Applicable,Not Applicable,Not Applicable,Not Applicable
AS,OP_36,Ratio of unplanned hospital visits after hospital outpatient surgery,Not Available,Not Available,Not Available,Not Available,5,01/01/2024,12/31/2024,Not Applicable,Not Applicable,Not Applicable,Not Applicable
AS,READM_30_AMI,Acute Myocardial Infarction (AMI) 30-Day Readmission Rate,Not Available,Not Available,Not Available,Not Available,5,07/01/2023,06/30/2025,Not Applicable,Not Applicable,Not Applicable,Not Applicable
AS,READM_30_CABG,Rate of readmission for CABG,Not Available,Not Available,Not Available,Not Available,5,07/01/2023,06/30/2025,Not Applicable,Not Applicable,Not Applicable,Not Applicable
AS,READM_30_COPD,Rate of readmission for chronic obstructive pulmonary disease (COPD) patients,Not Available,Not Available,Not Available,Not Available,5,07/01/2023,06/30/2025,Not Applicable,Not Applicable,Not Applicable,Not Applicable
AS,READM_30_HF,Heart failure (HF) 30-Day Readmission Rate,Not Available,Not Available,Not Available,Not Available,5,07/01/2023,06/30/2025,Not Applicable,Not Applicable,Not Applicable,Not Applicable
AS,READM_30_HIP_KNEE,Rate of readmission after hip/knee replacement,Not Available,Not Available,Not Available,Not Available,5,07/01/2023,06/30/2025,Not Applicable,Not Applicable,Not Applicable,Not Applicable
AS,READM_30_PN,Pneumonia (PN) 30-Day Readmission Rate,Not Available,Not Available,Not Available,Not Available,5,07/01/2023,06/30/2025,Not Applicable,Not Applicable,Not Applicable,Not Applicable
AZ,EDAC_30_AMI,Hospital return days for heart attack patients,Not Applicable,Not Applicable,Not Applicable,Not Applicable,,07/01/2022,06/30/2025,0,37,0,22
AZ,EDAC_30_HF,Hospital return days for heart failure patients,Not Applicable,Not Applicable,Not Applicable,Not Applicable,,07/01/2022,06/30/2025,2,50,2,22
AZ,EDAC_30_PN,Hospital return days for pneumonia patients,Not Applicable,Not Applicable,Not Applicable,Not Applicable,,07/01/2022,06/30/2025,2,63,1,16
AZ,Hybrid_HWR,Hybrid Hospital-Wide All-Cause Readmission Measure (HWR),Not Available,Not Available,Not Available,Not Available,4,07/01/2024,06/30/2025,Not Applicable,Not Applicable,Not Applicable,Not Applicable
AZ,OP_32,"Rate of unplanned hospital visits after colonoscopy (per 1,000 colonoscopies)",0,49,0,7,,01/01/2022,12/31/2024,Not Applicable,Not Applicable,Not Applicable,Not Applicable
AZ,OP_35_ADM,Rate of inpatient admissions for patients receiving outpatient chemotherapy,0,23,0,36,,01/01/2024,12/31/2024,Not Applicable,Not Applicable,Not Applicable,Not Applicable
AZ,OP_35_ED,Rate of emergency department (ED) visits for patients receiving outpatient chemotherapy,0,23,0,36,,01/01/2024,12/31/2024,Not Applicable,Not Applicable,Not Applicable,Not Applicable
AZ,OP_36,Ratio of unplanned hospital visits after hospital outpatient surgery,2,50,1,7,,01/01/2024,12/31/2024,Not Applicable,Not Applicable,Not Applicable,Not Applicable
AZ,READM_30_AMI,Acute Myocardial Infarction (AMI) 30-Day Readmission Rate,0,42,0,18,,07/01/2023,06/30/2025,Not Applicable,Not Applicable,Not Applicable,Not Applicable
AZ,READM_30_CABG,Rate of readmission for CABG,0,20,0,6,,07/01/2023,06/30/2025,Not Applicable,Not Applicable,Not Applicable,Not Applicable
AZ,READM_30_COPD,Rate of readmission for chronic obstructive pulmonary disease (COPD) patients,0,54,0,24,,07/01/2023,06/30/2025,Not Applicable,Not Applicable,Not Applicable,Not Applicable
AZ,READM_30_HF,Heart failure (HF) 30-Day Readmission Rate,0,56,0,19,,07/01/2023,06/30/2025,Not Applicable,Not Applicable,Not Applicable,Not Applicable
AZ,READM_30_HIP_KNEE,Rate of readmission after hip/knee replacement,0,37,0,17,,07/01/2023,06/30/2025,Not Applicable,Not Applicable,Not Applicable,Not Applicable
AZ,READM_30_PN,Pneumonia (PN) 30-Day Readmission Rate,0,71,0,10,,07/01/2023,06/30/2025,Not Applicable,Not Applicable,Not Applicable,Not Applicable
CA,EDAC_30_AMI,Hospital return days for heart attack patients,Not Applicable,Not Applicable,Not Applicable,Not Applicable,,07/01/2022,06/30/2025,0,128,1,163
CA,EDAC_30_HF,Hospital return days for heart failure patients,Not Applicable,Not Applicable,Not Applicable,Not Applicable,,07/01/2022,06/30/2025,7,234,13,62
CA,EDAC_30_PN,Hospital return days for pneumonia patients,Not Applicable,Not Applicable,Not Applicable,Not Applicable,,07/01/2022,06/30/2025,9,247,23,41
CA,Hybrid_HWR,Hybrid Hospital-Wide All-Cause Readmission Measure (HWR),Not Available,Not Available,Not Available,Not Available,4,07/01/2024,06/30/2025,Not Applicable,Not Applicable,Not Applicable,Not Applicable
CA,OP_32,"Rate of unplanned hospital visits after colonoscopy (per 1,000 colonoscopies)",0,187,2,62,,01/01/2022,12/31/2024,Not Applicable,Not Applicable,Not Applicable,Not Applicable
CA,OP_35_ADM,Rate of inpatient admissions for patients receiving outpatient chemotherapy,9,97,0,117,,01/01/2024,12/31/2024,Not Applicable,Not Applicable,Not Applicable,Not Applicable
CA,OP_35_ED,Rate of emergency department (ED) visits for patients receiving outpatient chemotherapy,3,102,1,117,,01/01/2024,12/31/2024,Not Applicable,Not Applicable,Not Applicable,Not Applicable
CA,OP_36,Ratio of unplanned hospital visits after hospital outpatient surgery,2,181,10,83,,01/01/2024,12/31/2024,Not Applicable,Not Applicable,Not Applicable,Not Applicable
CA,READM_30_AMI,Acute Myocardial Infarction (AMI) 30-Day Readmission Rate,0,185,0,107,,07/01/2023,06/30/2025,Not Applicable,Not Applicable,Not Applicable,Not Applicable
CA,READM_30_CABG,Rate of readmission for CABG,0,96,2,24,,07/01/2023,06/30/2025,Not Applicable,Not Applicable,Not Applicable,Not Applicable
CA,READM_30_COPD,Rate of readmission for chronic obstructive pulmonary disease (COPD) patients,0,265,0,50,,07/01/2023,06/30/2025,Not Applicable,Not Applicable,Not Applicable,Not Applicable
CA,READM_30_HF,Heart failure (HF) 30-Day Readmission Rate,5,272,1,37,,07/01/2023,06/30/2025,Not Applicable,Not Applicable,Not Applicable,Not Applicable
CA,READM_30_HIP_KNEE,Rate of readmission after hip/knee replacement,0,178,1,88,,07/01/2023,06/30/2025,Not Applicable,Not Applicable,Not Applicable,Not Applicable
CA,READM_30_PN,Pneumonia (PN) 30-Day Readmission Rate,6,290,0,20,,07/01/2023,06/30/2025,Not Applicable,Not Applicable,Not Applicable,Not Applicable
CO,EDAC_30_AMI,Hospital return days for heart attack patients,Not Applicable,Not Applicable,Not Applicable,Not Applicable,,07/01/2022,06/30/2025,1,23,0,37
CO,EDAC_30_HF,Hospital return days for heart failure patients,Not Applicable,Not Applicable,Not Applicable,Not Applicable,,07/01/2022,06/30/2025,8,41,0,32
CO,EDAC_30_PN,Hospital return days for pneumonia patients,Not Applicable,Not Applicable,Not Applicable,Not Applicable,,07/01/2022,06/30/2025,11,47,4,21
CO,Hybrid_HWR,Hybrid Hospital-Wide All-Cause Readmission Measure (HWR),Not Available,Not Available,Not Available,Not Available,4,07/01/2024,06/30/2025,Not Applicable,Not Applicable,Not Applicable,Not Applicable
CO,OP_32,"Rate of unplanned hospital visits after colonoscopy (per 1,000 colonoscopies)",0,58,0,8,,01/01/2022,12/31/2024,Not Applicable,Not Applicable,Not Applicable,Not Applicable
CO,OP_35_ADM,Rate of inpatient admissions for patients receiving outpatient chemotherapy,0,31,1,34,,01/01/2024,12/31/2024,Not Applicable,Not Applicable,Not Applicable,Not Applicable
CO,OP_35_ED,Rate of emergency department (ED) visits for patients receiving outpatient chemotherapy,1,31,0,34,,01/01/2024,12/31/2024,Not Applicable,Not Applicable,Not Applicable,Not Applicable
CO,OP_36,Ratio of unplanned hospital visits after hospital outpatient surgery,2,54,0,16,,01/01/2024,12/31/2024,Not Applicable,Not Applicable,Not Applicable,Not Applicable
CO,READM_30_AMI,Acute Myocardial Infarction (AMI) 30-Day Readmission Rate,0,35,1,25,,07/01/2023,06/30/2025,Not Applicable,Not Applicable,Not Applicable,Not Applicable
CO,READM_30_CABG,Rate of readmission for CABG,0,15,0,4,,07/01/2023,06/30/2025,Not Applicable,Not Applicable,Not Applicable,Not Applicable
CO,READM_30_COPD,Rate of readmission for chronic obstructive pulmonary disease (COPD) patients,0,46,0,36,,07/01/2023,06/30/2025,Not Applicable,Not Applicable,Not Applicable,Not Applicable
CO,READM_30_HF,Heart failure (HF) 30-Day Readmission Rate,0,44,5,33,,07/01/2023,06/30/2025,Not Applicable,Not Applicable,Not Applicable,Not Applicable
CO,READM_30_HIP_KNEE,Rate of readmission after hip/knee replacement,0,31,0,33,,07/01/2023,06/30/2025,Not Applicable,Not Applicable,Not Applicable,Not Applicable
CO,READM_30_PN,Pneumonia (PN) 30-Day Readmission Rate,0,61,0,21,,07/01/2023,06/30/2025,Not Applicable,Not Applicable,Not Applicable,Not Applicable
CT,EDAC_30_AMI,Hospital return days for heart attack patients,Not Applicable,Not Applicable,Not Applicable,Not Applicable,,07/01/2022,06/30/2025,0,13,0,12
CT,EDAC_30_HF,Hospital return days for heart failure patients,Not Applicable,Not Applicable,Not Applicable,Not Applicable,,07/01/2022,06/30/2025,0,26,0,2
CT,EDAC_30_PN,Hospital return days for pneumonia patients,Not Applicable,Not Applicable,Not Applicable,Not Applicable,,07/01/2022,06/30/2025,0,24,2,1
CT,Hybrid_HWR,Hybrid Hospital-Wide All-Cause Readmission Measure (HWR),Not Available,Not Available,Not Available,Not Available,4,07/01/2024,06/30/2025,Not Applicable,Not Applicable,Not Applicable,Not Applicable
CT,OP_32,"Rate of unplanned hospital visits after colonoscopy (per 1,000 colonoscopies)",0,26,0,0,,01/01/2022,12/31/2024,Not Applicable,Not Applicable,Not Applicable,Not Applicable
CT,OP_35_ADM,Rate of inpatient admissions for patients receiving outpatient chemotherapy,0,19,0,7,,01/01/2024,12/31/2024,Not Applicable,Not Applicable,Not Applicable,Not Applicable
CT,OP_35_ED,Rate of emergency department (ED) visits for patients receiving outpatient chemotherapy,0,18,1,7,,01/01/2024,12/31/2024,Not Applicable,Not Applicable,Not Applicable,Not Applicable
CT,OP_36,Ratio of unplanned hospital visits after hospital outpatient surgery,0,23,2,0,,01/01/2024,12/31/2024,Not Applicable,Not Applicable,Not Applicable,Not Applicable
CT,READM_30_AMI,Acute Myocardial Infarction (AMI) 30-Day Readmission Rate,0,16,0,10,,07/01/2023,06/30/2025,Not Applicable,Not Applicable,Not Applicable,Not Applicable
CT,READM_30_CABG,Rate of readmission for CABG,1,8,0,1,,07/01/2023,06/30/2025,Not Applicable,Not Applicable,Not Applicable,Not Applicable
CT,READM_30_COPD,Rate of readmission for chronic obstructive pulmonary disease (COPD) patients,0,26,0,1,,07/01/2023,06/30/2025,Not Applicable,Not Applicable,Not Applicable,Not Applicable
CT,READM_30_HF,Heart failure (HF) 30-Day Readmission Rate,0,25,1,2,,07/01/2023,06/30/2025,Not Applicable,Not Applicable,Not Applicable,Not Applicable
CT,READM_30_HIP_KNEE,Rate of readmission after hip/knee replacement,0,15,0,10,,07/01/2023,06/30/2025,Not Applicable,Not Applicable,Not Applicable,Not Applicable
CT,READM_30_PN,Pneumonia (PN) 30-Day Readmission Rate,0,26,0,1,,07/01/2023,06/30/2025,Not Applicable,Not Applicable,Not Applicable,Not Applicable
DC,EDAC_30_AMI,Hospital return days for heart attack patients,Not Applicable,Not Applicable,Not Applicable,Not Applicable,,07/01/2022,06/30/2025,0,3,0,3
DC,EDAC_30_HF,Hospital return days for heart failure patients,Not Applicable,Not Applicable,Not Applicable,Not Applicable,,07/01/2022,06/30/2025,0,6,1,0
DC,EDAC_30_PN,Hospital return days for pneumonia patients,Not Applicable,Not Applicable,Not Applicable,Not Applicable,,07/01/2022,06/30/2025,0,5,2,0
DC,Hybrid_HWR,Hybrid Hospital-Wide All-Cause Readmission Measure (HWR),Not Available,Not Available,Not Available,Not Available,4,07/01/2024,06/30/2025,Not Applicable,Not Applicable,Not Applicable,Not Applicable
DC,OP_32,"Rate of unplanned hospital visits after colonoscopy (per 1,000 colonoscopies)",0,6,0,0,,01/01/2022,12/31/2024,Not Applicable,Not Applicable,Not Applicable,Not Applicable
DC,OP_35_ADM,Rate of inpatient admissions for patients receiving outpatient chemotherapy,1,2,0,2,,01/01/2024,12/31/2024,Not Applicable,Not Applicable,Not Applicable,Not Applicable
DC,OP_35_ED,Rate of emergency department (ED) visits for patients receiving outpatient chemotherapy,0,3,0,2,,01/01/2024,12/31/2024,Not Applicable,Not Applicable,Not Applicable,Not Applicable
DC,OP_36,Ratio of unplanned hospital visits after hospital outpatient surgery,0,5,0,1,,01/01/2024,12/31/2024,Not Applicable,Not Applicable,Not Applicable,Not Applicable
DC,READM_30_AMI,Acute Myocardial Infarction (AMI) 30-Day Readmission Rate,0,5,0,2,,07/01/2023,06/30/2025,Not Applicable,Not Applicable,Not Applicable,Not Applicable
DC,READM_30_CABG,Rate of readmission for CABG,0,2,0,0,,07/01/2023,06/30/2025,Not Applicable,Not Applicable,Not Applicable,Not Applicable
DC,READM_30_COPD,Rate of readmission for chronic obstructive pulmonary disease (COPD) patients,0,7,0,0,,07/01/2023,06/30/2025,Not Applicable,Not Applicable,Not Applicable,Not Applicable
DC,READM_30_HF,Heart failure (HF) 30-Day Readmission Rate,0,7,0,0,,07/01/2023,06/30/2025,Not Applicable,Not Applicable,Not Applicable,Not Applicable
DC,READM_30_HIP_KNEE,Rate of readmission after hip/knee replacement,0,5,0,2,,07/01/2023,06/30/2025,Not Applicable,Not Applicable,Not Applicable,Not Applicable
DC,READM_30_PN,Pneumonia (PN) 30-Day Readmission Rate,0,7,0,0,,07/01/2023,06/30/2025,Not Applicable,Not Applicable,Not Applicable,Not Applicable
DE,EDAC_30_AMI,Hospital return days for heart attack patients,Not Applicable,Not Applicable,Not Applicable,Not Applicable,,07/01/2022,06/30/2025,0,4,0,3
DE,EDAC_30_HF,Hospital return days for heart failure patients,Not Applicable,Not Applicable,Not Applicable,Not Applicable,,07/01/2022,06/30/2025,0,7,0,0
DE,EDAC_30_PN,Hospital return days for pneumonia patients,Not Applicable,Not Applicable,Not Applicable,Not Applicable,,07/01/2022,06/30/2025,1,6,0,0
DE,Hybrid_HWR,Hybrid Hospital-Wide All-Cause Readmission Measure (HWR),Not Available,Not Available,Not Available,Not Available,4,07/01/2024,06/30/2025,Not Applicable,Not Applicable,Not Applicable,Not Applicable
DE,OP_32,"Rate of unplanned hospital visits after colonoscopy (per 1,000 colonoscopies)",0,6,0,0,,01/01/2022,12/31/2024,Not Applicable,Not Applicable,Not Applicable,Not Applicable
DE,OP_35_ADM,Rate of inpatient admissions for patients receiving outpatient chemotherapy,0,5,0,1,,01/01/2024,12/31/2024,Not Applicable,Not Applicable,Not Applicable,Not Applicable
DE,OP_35_ED,Rate of emergency department (ED) visits for patients receiving outpatient chemotherapy,0,5,0,1,,01/01/2024,12/31/2024,Not Applicable,Not Applicable,Not Applicable,Not Applicable
DE,OP_36,Ratio of unplanned hospital visits after hospital outpatient surgery,0,5,1,0,,01/01/2024,12/31/2024,Not Applicable,Not Applicable,Not Applicable,Not Applicable
DE,READM_30_AMI,Acute Myocardial Infarction (AMI) 30-Day Readmission Rate,0,6,0,1,,07/01/2023,06/30/2025,Not Applicable,Not Applicable,Not Applicable,Not Applicable
DE,READM_30_CABG,Rate of readmission for CABG,0,3,0,0,,07/01/2023,06/30/2025,Not Applicable,Not Applicable,Not Applicable,Not Applicable
DE,READM_30_COPD,Rate of readmission for chronic obstructive pulmonary disease (COPD) patients,0,7,0,0,,07/01/2023,06/30/2025,Not Applicable,Not Applicable,Not Applicable,Not Applicable
DE,READM_30_HF,Heart failure (HF) 30-Day Readmission Rate,0,7,0,0,,07/01/2023,06/30/2025,Not Applicable,Not Applicable,Not Applicable,Not Applicable
DE,READM_30_HIP_KNEE,Rate of readmission after hip/knee replacement,0,1,0,5,,07/01/2023,06/30/2025,Not Applicable,Not Applicable,Not Applicable,Not Applicable
DE,READM_30_PN,Pneumonia (PN) 30-Day Readmission Rate,0,7,0,0,,07/01/2023,06/30/2025,Not Applicable,Not Applicable,Not Applicable,Not Applicable
FL,EDAC_30_AMI,Hospital return days for heart attack patients,Not Applicable,Not Applicable,Not Applicable,Not Applicable,,07/01/2022,06/30/2025,0,117,3,57
FL,EDAC_30_HF,Hospital return days for heart failure patients,Not Applicable,Not Applicable,Not Applicable,Not Applicable,,07/01/2022,06/30/2025,1,171,2,16
FL,EDAC_30_PN,Hospital return days for pneumonia patients,Not Applicable,Not Applicable,Not Applicable,Not Applicable,,07/01/2022,06/30/2025,3,167,11,10
FL,Hybrid_HWR,Hybrid Hospital-Wide All-Cause Readmission Measure (HWR),Not Available,Not Available,Not Available,Not Available,4,07/01/2024,06/30/2025,Not Applicable,Not Applicable,Not Applicable,Not Applicable
FL,OP_32,"Rate of unplanned hospital visits after colonoscopy (per 1,000 colonoscopies)",1,148,0,24,,01/01/2022,12/31/2024,Not Applicable,Not Applicable,Not Applicable,Not Applicable
FL,OP_35_ADM,Rate of inpatient admissions for patients receiving outpatient chemotherapy,3,39,0,108,,01/01/2024,12/31/2024,Not Applicable,Not Applicable,Not Applicable,Not Applicable
FL,OP_35_ED,Rate of emergency department (ED) visits for patients receiving outpatient chemotherapy,0,40,2,108,,01/01/2024,12/31/2024,Not Applicable,Not Applicable,Not Applicable,Not Applicable
FL,OP_36,Ratio of unplanned hospital visits after hospital outpatient surgery,4,146,6,15,,01/01/2024,12/31/2024,Not Applicable,Not Applicable,Not Applicable,Not Applicable
FL,READM_30_AMI,Acute Myocardial Infarction (AMI) 30-Day Readmission Rate,0,141,0,35,,07/01/2023,06/30/2025,Not Applicable,Not Applicable,Not Applicable,Not Applicable
FL,READM_30_CABG,Rate of readmission for CABG,1,72,0,8,,07/01/2023,06/30/2025,Not Applicable,Not Applicable,Not Applicable,Not Applicable
FL,READM_30_COPD,Rate of readmission for chronic obstructive pulmonary disease (COPD) patients,1,175,0,14,,07/01/2023,06/30/2025,Not Applicable,Not Applicable,Not Applicable,Not Applicable
FL,READM_30_HF,Heart failure (HF) 30-Day Readmission Rate,2,173,1,13,,07/01/2023,06/30/2025,Not Applicable,Not Applicable,Not Applicable,Not Applicable
FL,READM_30_HIP_KNEE,Rate of readmission after hip/knee replacement,0,121,0,41,,07/01/2023,06/30/2025,Not Applicable,Not Applicable,Not Applicable,Not Applicable
FL,READM_30_PN,Pneumonia (PN) 30-Day Readmission Rate,1,180,1,8,,07/01/2023,06/30/2025,Not Applicable,Not Applicable,Not Applicable,Not Applicable
GA,EDAC_30_AMI,Hospital return days for heart attack patients,Not Applicable,Not Applicable,Not Applicable,Not Applicable,,07/01/2022,06/30/2025,0,50,1,46
GA,EDAC_30_HF,Hospital return days for heart failure patients,Not Applicable,Not Applicable,Not Applicable,Not Applicable,,07/01/2022,06/30/2025,5,74,7,42
GA,EDAC_30_PN,Hospital return days for pneumonia patients,Not Applicable,Not Applicable,Not Applicable,Not Applicable,,07/01/2022,06/30/2025,10,73,15,32
GA,Hybrid_HWR,Hybrid Hospital-Wide All-Cause Readmission Measure (HWR),Not Available,Not Available,Not Available,Not Available,4,07/01/2024,06/30/2025,Not Applicable,Not Applicable,Not Applicable,Not Applicable
GA,OP_32,"Rate of unplanned hospital visits after colonoscopy (per 1,000 colonoscopies)",0,98,0,9,,01/01/2022,12/31/2024,Not Applicable,Not Applicable,Not Applicable,Not Applicable
GA,OP_35_ADM,Rate of inpatient admissions for patients receiving outpatient chemotherapy,3,38,1,40,,01/01/2024,12/31/2024,Not Applicable,Not Applicable,Not Applicable,Not Applicable
GA,OP_35_ED,Rate of emergency department (ED) visits for patients receiving outpatient chemotherapy,0,41,1,40,,01/01/2024,12/31/2024,Not Applicable,Not Applicable,Not Applicable,Not Applicable
GA,OP_36,Ratio of unplanned hospital visits after hospital outpatient surgery,1,80,2,18,,01/01/2024,12/31/2024,Not Applicable,Not Applicable,Not Applicable,Not Applicable
GA,READM_30_AMI,Acute Myocardial Infarction (AMI) 30-Day Readmission Rate,0,60,0,41,,07/01/2023,06/30/2025,Not Applicable,Not Applicable,Not Applicable,Not Applicable
GA,READM_30_CABG,Rate of readmission for CABG,0,20,0,10,,07/01/2023,06/30/2025,Not Applicable,Not Applicable,Not Applicable,Not Applicable
GA,READM_30_COPD,Rate of readmission for chronic obstructive pulmonary disease (COPD) patients,0,86,0,38,,07/01/2023,06/30/2025,Not Applicable,Not Applicable,Not Applicable,Not Applicable
GA,READM_30_HF,Heart failure (HF) 30-Day Readmission Rate,1,88,1,35,,07/01/2023,06/30/2025,Not Applicable,Not Applicable,Not Applicable,Not Applicable
GA,READM_30_HIP_KNEE,Rate of readmission after hip/knee replacement,0,41,0,39,,07/01/2023,06/30/2025,Not Applicable,Not Applicable,Not Applicable,Not Applicable
GA,READM_30_PN,Pneumonia (PN) 30-Day Readmission Rate,1,104,0,22,,07/01/2023,06/30/2025,Not Applicable,Not Applicable,Not Applicable,Not Applicable
GU,EDAC_30_AMI,Hospital return days for heart attack patients,Not Applicable,Not Applicable,Not Applicable,Not Applicable,5,07/01/2022,06/30/2025,Not Available,Not Available,Not Available,Not Available
GU,EDAC_30_HF,Hospital return days for heart failure patients,Not Applicable,Not Applicable,Not Applicable,Not Applicable,5,07/01/2022,06/30/2025,Not Available,Not Available,Not Available,Not Available
GU,EDAC_30_PN,Hospital return days for pneumonia patients,Not Applicable,Not Applicable,Not Applicable,Not Applicable,5,07/01/2022,06/30/2025,Not Available,Not Available,Not Available,Not Available
GU,Hybrid_HWR,Hybrid Hospital-Wide All-Cause Readmission Measure (HWR),Not Available,Not Available,Not Available,Not Available,5,07/01/2024,06/30/2025,Not Applicable,Not Applicable,Not Applicable,Not Applicable
GU,OP_32,"Rate of unplanned hospital visits after colonoscopy (per 1,000 colonoscopies)",Not Available,Not Available,Not Available,Not Available,5,01/01/2022,12/31/2024,Not Applicable,Not Applicable,Not Applicable,Not Applicable
GU,OP_35_ADM,Rate of inpatient admissions for patients receiving outpatient chemotherapy,Not Available,Not Available,Not Available,Not Available,5,01/01/2024,12/31/2024,Not Applicable,Not Applicable,Not Applicable,Not Applicable
GU,OP_35_ED,Rate of emergency department (ED) visits for patients receiving outpatient chemotherapy,Not Available,Not Available,Not Available,Not Available,5,01/01/2024,12/31/2024,Not Applicable,Not Applicable,Not Applicable,Not Applicable
GU,OP_36,Ratio of unplanned hospital visits after hospital outpatient surgery,Not Available,Not Available,Not Available,Not Available,5,01/01/2024,12/31/2024,Not Applicable,Not Applicable,Not Applicable,Not Applicable
GU,READM_30_AMI,Acute Myocardial Infarction (AMI) 30-Day Readmission Rate,Not Available,Not Available,Not Available,Not Available,5,07/01/2023,06/30/2025,Not Applicable,Not Applicable,Not Applicable,Not Applicable
GU,READM_30_CABG,Rate of readmission for CABG,Not Available,Not Available,Not Available,Not Available,5,07/01/2023,06/30/2025,Not Applicable,Not Applicable,Not Applicable,Not Applicable
GU,READM_30_COPD,Rate of readmission for chronic obstructive pulmonary disease (COPD) patients,Not Available,Not Available,Not Available,Not Available,5,07/01/2023,06/30/2025,Not Applicable,Not Applicable,Not Applicable,Not Applicable
GU,READM_30_HF,Heart failure (HF) 30-Day Readmission Rate,Not Available,Not Available,Not Available,Not Available,5,07/01/2023,06/30/2025,Not Applicable,Not Applicable,Not Applicable,Not Applicable
GU,READM_30_HIP_KNEE,Rate of readmission after hip/knee replacement,Not Available,Not Available,Not Available,Not Available,5,07/01/2023,06/30/2025,Not Applicable,Not Applicable,Not Applicable,Not Applicable
GU,READM_30_PN,Pneumonia (PN) 30-Day Readmission Rate,Not Available,Not Available,Not Available,Not Available,5,07/01/2023,06/30/2025,Not Applicable,Not Applicable,Not Applicable,Not Applicable
HI,EDAC_30_AMI,Hospital return days for heart attack patients,Not Applicable,Not Applicable,Not Applicable,Not Applicable,,07/01/2022,06/30/2025,0,6,0,8
HI,EDAC_30_HF,Hospital return days for heart failure patients,Not Applicable,Not Applicable,Not Applicable,Not Applicable,,07/01/2022,06/30/2025,0,9,2,4
HI,EDAC_30_PN,Hospital return days for pneumonia patients,Not Applicable,Not Applicable,Not Applicable,Not Applicable,,07/01/2022,06/30/2025,2,9,1,4
HI,Hybrid_HWR,Hybrid Hospital-Wide All-Cause Readmission Measure (HWR),Not Available,Not Available,Not Available,Not Available,4,07/01/2024,06/30/2025,Not Applicable,Not Applicable,Not Applicable,Not Applicable
HI,OP_32,"Rate of unplanned hospital visits after colonoscopy (per 1,000 colonoscopies)",0,15,0,1,,01/01/2022,12/31/2024,Not Applicable,Not Applicable,Not Applicable,Not Applicable
HI,OP_35_ADM,Rate of inpatient admissions for patients receiving outpatient chemotherapy,0,11,0,5,,01/01/2024,12/31/2024,Not Applicable,Not Applicable,Not Applicable,Not Applicable
HI,OP_35_ED,Rate of emergency department (ED) visits for patients receiving outpatient chemotherapy,0,11,0,5,,01/01/2024,12/31/2024,Not Applicable,Not Applicable,Not Applicable,Not Applicable
HI,OP_36,Ratio of unplanned hospital visits after hospital outpatient surgery,1,13,0,1,,01/01/2024,12/31/2024,Not Applicable,Not Applicable,Not Applicable,Not Applicable
HI,READM_30_AMI,Acute Myocardial Infarction (AMI) 30-Day Readmission Rate,0,8,0,6,,07/01/2023,06/30/2025,Not Applicable,Not Applicable,Not Applicable,Not Applicable
HI,READM_30_CABG,Rate of readmission for CABG,0,4,0,1,,07/01/2023,06/30/2025,Not Applicable,Not Applicable,Not Applicable,Not Applicable
HI,READM_30_COPD,Rate of readmission for chronic obstructive pulmonary disease (COPD) patients,0,11,0,4,,07/01/2023,06/30/2025,Not Applicable,Not Applicable,Not Applicable,Not Applicable
HI,READM_30_HF,Heart failure (HF) 30-Day Readmission Rate,0,11,0,3,,07/01/2023,06/30/2025,Not Applicable,Not Applicable,Not Applicable,Not Applicable
HI,READM_30_HIP_KNEE,Rate of readmission after hip/knee replacement,0,5,0,6,,07/01/2023,06/30/2025,Not Applicable,Not Applicable,Not Applicable,Not Applicable
HI,READM_30_PN,Pneumonia (PN) 30-Day Readmission Rate,0,13,0,4,,07/01/2023,06/30/2025,Not Applicable,Not Applicable,Not Applicable,Not Applicable
IA,EDAC_30_AMI,Hospital return days for heart attack patients,Not Applicable,Not Applicable,Not Applicable,Not Applicable,,07/01/2022,06/30/2025,0,20,0,73
IA,EDAC_30_HF,Hospital return days for heart failure patients,Not Applicable,Not Applicable,Not Applicable,Not Applicable,,07/01/2022,06/30/2025,7,49,3,57
IA,EDAC_30_PN,Hospital return days for pneumonia patients,Not Applicable,Not Applicable,Not Applicable,Not Applicable,,07/01/2022,06/30/2025,29,61,9,18
IA,Hybrid_HWR,Hybrid Hospital-Wide All-Cause Readmission Measure (HWR),Not Available,Not Available,Not Available,Not Available,4,07/01/2024,06/30/2025,Not Applicable,Not Applicable,Not Applicable,Not Applicable
IA,OP_32,"Rate of unplanned hospital visits after colonoscopy (per 1,000 colonoscopies)",0,66,0,18,,01/01/2022,12/31/2024,Not Applicable,Not Applicable,Not Applicable,Not Applicable
IA,OP_35_ADM,Rate of inpatient admissions for patients receiving outpatient chemotherapy,0,27,0,71,,01/01/2024,12/31/2024,Not Applicable,Not Applicable,Not Applicable,Not Applicable
IA,OP_35_ED,Rate of emergency department (ED) visits for patients receiving outpatient chemotherapy,1,26,0,71,,01/01/2024,12/31/2024,Not Applicable,Not Applicable,Not Applicable,Not Applicable
IA,OP_36,Ratio of unplanned hospital visits after hospital outpatient surgery,0,43,2,49,,01/01/2024,12/31/2024,Not Applicable,Not Applicable,Not Applicable,Not Applicable
IA,READM_30_AMI,Acute Myocardial Infarction (AMI) 30-Day Readmission Rate,0,22,0,66,,07/01/2023,06/30/2025,Not Applicable,Not Applicable,Not Applicable,Not Applicable
IA,READM_30_CABG,Rate of readmission for CABG,0,9,0,1,,07/01/2023,06/30/2025,Not Applicable,Not Applicable,Not Applicable,Not Applicable
IA,READM_30_COPD,Rate of readmission for chronic obstructive pulmonary disease (COPD) patients,0,43,0,72,,07/01/2023,06/30/2025,Not Applicable,Not Applicable,Not Applicable,Not Applicable
IA,READM_30_HF,Heart failure (HF) 30-Day Readmission Rate,0,56,0,59,,07/01/2023,06/30/2025,Not Applicable,Not Applicable,Not Applicable,Not Applicable
IA,READM_30_HIP_KNEE,Rate of readmission after hip/knee replacement,0,23,0,32,,07/01/2023,06/30/2025,Not Applicable,Not Applicable,Not Applicable,Not Applicable
IA,READM_30_PN,Pneumonia (PN) 30-Day Readmission Rate,0,94,0,21,,07/01/2023,06/30/2025,Not Applicable,Not Applicable,Not Applicable,Not Applicable
ID,EDAC_30_AMI,Hospital return days for heart attack patients,Not Applicable,Not Applicable,Not Applicable,Not Applicable,,07/01/2022,06/30/2025,0,8,0,22
ID,EDAC_30_HF,Hospital return days for heart failure patients,Not Applicable,Not Applicable,Not Applicable,Not Applicable,,07/01/2022,06/30/2025,7,12,0,20
ID,EDAC_30_PN,Hospital return days for pneumonia patients,Not Applicable,Not Applicable,Not Applicable,Not Applicable,,07/01/2022,06/30/2025,6,19,4,11
ID,Hybrid_HWR,Hybrid Hospital-Wide All-Cause Readmission Measure (HWR),Not Available,Not Available,Not Available,Not Available,4,07/01/2024,06/30/2025,Not Applicable,Not Applicable,Not Applicable,Not Applicable
ID,OP_32,"Rate of unplanned hospital visits after colonoscopy (per 1,000 colonoscopies)",0,23,0,6,,01/01/2022,12/31/2024,Not Applicable,Not Applicable,Not Applicable,Not Applicable
ID,OP_35_ADM,Rate of inpatient admissions for patients receiving outpatient chemotherapy,0,11,2,23,,01/01/2024,12/31/2024,Not Applicable,Not Applicable,Not Applicable,Not Applicable
ID,OP_35_ED,Rate of emergency department (ED) visits for patients receiving outpatient chemotherapy,0,13,0,23,,01/01/2024,12/31/2024,Not Applicable,Not Applicable,Not Applicable,Not Applicable
ID,OP_36,Ratio of unplanned hospital visits after hospital outpatient surgery,1,19,0,11,,01/01/2024,12/31/2024,Not Applicable,Not Applicable,Not Applicable,Not Applicable
ID,READM_30_AMI,Acute Myocardial Infarction (AMI) 30-Day Readmission Rate,0,9,0,21,,07/01/2023,06/30/2025,Not Applicable,Not Applicable,Not Applicable,Not Applicable
ID,READM_30_CABG,Rate of readmission for CABG,0,5,0,0,,07/01/2023,06/30/2025,Not Applicable,Not Applicable,Not Applicable,Not Applicable
ID,READM_30_COPD,Rate of readmission for chronic obstructive pulmonary disease (COPD) patients,0,16,0,23,,07/01/2023,06/30/2025,Not Applicable,Not Applicable,Not Applicable,Not Applicable
ID,READM_30_HF,Heart failure (HF) 30-Day Readmission Rate,0,19,1,18,,07/01/2023,06/30/2025,Not Applicable,Not Applicable,Not Applicable,Not Applicable
ID,READM_30_HIP_KNEE,Rate of readmission after hip/knee replacement,0,10,0,18,,07/01/2023,06/30/2025,Not Applicable,Not Applicable,Not Applicable,Not Applicable
ID,READM_30_PN,Pneumonia (PN) 30-Day Readmission Rate,0,29,0,13,,07/01/2023,06/30/2025,Not Applicable,Not Applicable,Not Applicable,Not Applicable
IL,EDAC_30_AMI,Hospital return days for heart attack patients,Not Applicable,Not Applicable,Not Applicable,Not Applicable,,07/01/2022,06/30/2025,2,63,2,88
IL,EDAC_30_HF,Hospital return days for heart failure patients,Not Applicable,Not Applicable,Not Applicable,Not Applicable,,07/01/2022,06/30/2025,6,117,9,44
IL,EDAC_30_PN,Hospital return days for pneumonia patients,Not Applicable,Not Applicable,Not Applicable,Not Applicable,,07/01/2022,06/30/2025,12,128,17,20
IL,Hybrid_HWR,Hybrid Hospital-Wide All-Cause Readmission Measure (HWR),Not Available,Not Available,Not Available,Not Available,4,07/01/2024,06/30/2025,Not Applicable,Not Applicable,Not Applicable,Not Applicable
IL,OP_32,"Rate of unplanned hospital visits after colonoscopy (per 1,000 colonoscopies)",0,139,1,12,,01/01/2022,12/31/2024,Not Applicable,Not Applicable,Not Applicable,Not Applicable
IL,OP_35_ADM,Rate of inpatient admissions for patients receiving outpatient chemotherapy,7,62,1,76,,01/01/2024,12/31/2024,Not Applicable,Not Applicable,Not Applicable,Not Applicable
IL,OP_35_ED,Rate of emergency department (ED) visits for patients receiving outpatient chemotherapy,0,67,3,76,,01/01/2024,12/31/2024,Not Applicable,Not Applicable,Not Applicable,Not Applicable
IL,OP_36,Ratio of unplanned hospital visits after hospital outpatient surgery,1,105,2,39,,01/01/2024,12/31/2024,Not Applicable,Not Applicable,Not Applicable,Not Applicable
IL,READM_30_AMI,Acute Myocardial Infarction (AMI) 30-Day Readmission Rate,0,85,0,64,,07/01/2023,06/30/2025,Not Applicable,Not Applicable,Not Applicable,Not Applicable
IL,READM_30_CABG,Rate of readmission for CABG,0,44,0,2,,07/01/2023,06/30/2025,Not Applicable,Not Applicable,Not Applicable,Not Applicable
IL,READM_30_COPD,Rate of readmission for chronic obstructive pulmonary disease (COPD) patients,1,138,0,35,,07/01/2023,06/30/2025,Not Applicable,Not Applicable,Not Applicable,Not Applicable
IL,READM_30_HF,Heart failure (HF) 30-Day Readmission Rate,0,135,0,39,,07/01/2023,06/30/2025,Not Applicable,Not Applicable,Not Applicable,Not Applicable
IL,READM_30_HIP_KNEE,Rate of readmission after hip/knee replacement,0,58,0,56,,07/01/2023,06/30/2025,Not Applicable,Not Applicable,Not Applicable,Not Applicable
IL,READM_30_PN,Pneumonia (PN) 30-Day Readmission Rate,0,161,0,12,,07/01/2023,06/30/2025,Not Applicable,Not Applicable,Not Applicable,Not Applicable
IN,EDAC_30_AMI,Hospital return days for heart attack patients,Not Applicable,Not Applicable,Not Applicable,Not Applicable,,07/01/2022,06/30/2025,0,39,0,55
IN,EDAC_30_HF,Hospital return days for heart failure patients,Not Applicable,Not Applicable,Not Applicable,Not Applicable,,07/01/2022,06/30/2025,9,79,1,24
IN,EDAC_30_PN,Hospital return days for pneumonia patients,Not Applicable,Not Applicable,Not Applicable,Not Applicable,,07/01/2022,06/30/2025,15,80,7,11
IN,Hybrid_HWR,Hybrid Hospital-Wide All-Cause Readmission Measure (HWR),Not Available,Not Available,Not Available,Not Available,4,07/01/2024,06/30/2025,Not Applicable,Not Applicable,Not Applicable,Not Applicable
IN,OP_32,"Rate of unplanned hospital visits after colonoscopy (per 1,000 colonoscopies)",0,101,0,2,,01/01/2022,12/31/2024,Not Applicable,Not Applicable,Not Applicable,Not Applicable
IN,OP_35_ADM,Rate of inpatient admissions for patients receiving outpatient chemotherapy,1,49,2,46,,01/01/2024,12/31/2024,Not Applicable,Not Applicable,Not Applicable,Not Applicable
IN,OP_35_ED,Rate of emergency department (ED) visits for patients receiving outpatient chemotherapy,0,52,0,46,,01/01/2024,12/31/2024,Not Applicable,Not Applicable,Not Applicable,Not Applicable
IN,OP_36,Ratio of unplanned hospital visits after hospital outpatient surgery,2,80,1,28,,01/01/2024,12/31/2024,Not Applicable,Not Applicable,Not Applicable,Not Applicable
IN,READM_30_AMI,Acute Myocardial Infarction (AMI) 30-Day Readmission Rate,0,49,0,47,,07/01/2023,06/30/2025,Not Applicable,Not Applicable,Not Applicable,Not Applicable
IN,READM_30_CABG,Rate of readmission for CABG,0,24,0,3,,07/01/2023,06/30/2025,Not Applicable,Not Applicable,Not Applicable,Not Applicable
IN,READM_30_COPD,Rate of readmission for chronic obstructive pulmonary disease (COPD) patients,0,89,0,20,,07/01/2023,06/30/2025,Not Applicable,Not Applicable,Not Applicable,Not Applicable
IN,READM_30_HF,Heart failure (HF) 30-Day Readmission Rate,0,91,1,18,,07/01/2023,06/30/2025,Not Applicable,Not Applicable,Not Applicable,Not Applicable
IN,READM_30_HIP_KNEE,Rate of readmission after hip/knee replacement,0,37,1,46,,07/01/2023,06/30/2025,Not Applicable,Not Applicable,Not Applicable,Not Applicable
IN,READM_30_PN,Pneumonia (PN) 30-Day Readmission Rate,0,103,1,7,,07/01/2023,06/30/2025,Not Applicable,Not Applicable,Not Applicable,Not Applicable
KS,EDAC_30_AMI,Hospital return days for heart attack patients,Not Applicable,Not Applicable,Not Applicable,Not Applicable,,07/01/2022,06/30/2025,1,17,0,60
KS,EDAC_30_HF,Hospital return days for heart failure patients,Not Applicable,Not Applicable,Not Applicable,Not Applicable,,07/01/2022,06/30/2025,9,44,2,68
KS,EDAC_30_PN,Hospital return days for pneumonia patients,Not Applicable,Not Applicable,Not Applicable,Not Applicable,,07/01/2022,06/30/2025,24,58,6,37
KS,Hybrid_HWR,Hybrid Hospital-Wide All-Cause Readmission Measure (HWR),Not Available,Not Available,Not Available,Not Available,4,07/01/2024,06/30/2025,Not Applicable,Not Applicable,Not Applicable,Not Applicable
KS,OP_32,"Rate of unplanned hospital visits after colonoscopy (per 1,000 colonoscopies)",0,81,0,14,,01/01/2022,12/31/2024,Not Applicable,Not Applicable,Not Applicable,Not Applicable
KS,OP_35_ADM,Rate of inpatient admissions for patients receiving outpatient chemotherapy,1,15,0,72,,01/01/2024,12/31/2024,Not Applicable,Not Applicable,Not Applicable,Not Applicable
KS,OP_35_ED,Rate of emergency department (ED) visits for patients receiving outpatient chemotherapy,0,15,1,72,,01/01/2024,12/31/2024,Not Applicable,Not Applicable,Not Applicable,Not Applicable
KS,OP_36,Ratio of unplanned hospital visits after hospital outpatient surgery,2,39,3,36,,01/01/2024,12/31/2024,Not Applicable,Not Applicable,Not Applicable,Not Applicable
KS,READM_30_AMI,Acute Myocardial Infarction (AMI) 30-Day Readmission Rate,0,25,0,46,,07/01/2023,06/30/2025,Not Applicable,Not Applicable,Not Applicable,Not Applicable
KS,READM_30_CABG,Rate of readmission for CABG,0,13,0,0,,07/01/2023,06/30/2025,Not Applicable,Not Applicable,Not Applicable,Not Applicable
KS,READM_30_COPD,Rate of readmission for chronic obstructive pulmonary disease (COPD) patients,0,41,0,80,,07/01/2023,06/30/2025,Not Applicable,Not Applicable,Not Applicable,Not Applicable
KS,READM_30_HF,Heart failure (HF) 30-Day Readmission Rate,0,49,0,71,,07/01/2023,06/30/2025,Not Applicable,Not Applicable,Not Applicable,Not Applicable
KS,READM_30_HIP_KNEE,Rate of readmission after hip/knee replacement,0,25,0,26,,07/01/2023,06/30/2025,Not Applicable,Not Applicable,Not Applicable,Not Applicable
KS,READM_30_PN,Pneumonia (PN) 30-Day Readmission Rate,0,76,0,47,,07/01/2023,06/30/2025,Not Applicable,Not Applicable,Not Applicable,Not Applicable
KY,EDAC_30_AMI,Hospital return days for heart attack patients,Not Applicable,Not Applicable,Not Applicable,Not Applicable,,07/01/2022,06/30/2025,0,26,0,48
KY,EDAC_30_HF,Hospital return days for heart failure patients,Not Applicable,Not Applicable,Not Applicable,Not Applicable,,07/01/2022,06/30/2025,3,52,7,32
KY,EDAC_30_PN,Hospital return days for pneumonia patients,Not Applicable,Not Applicable,Not Applicable,Not Applicable,,07/01/2022,06/30/2025,6,63,11,14
KY,Hybrid_HWR,Hybrid Hospital-Wide All-Cause Readmission Measure (HWR),Not Available,Not Available,Not Available,Not Available,4,07/01/2024,06/30/2025,Not Applicable,Not Applicable,Not Applicable,Not Applicable
KY,OP_32,"Rate of unplanned hospital visits after colonoscopy (per 1,000 colonoscopies)",0,71,0,5,,01/01/2022,12/31/2024,Not Applicable,Not Applicable,Not Applicable,Not Applicable
KY,OP_35_ADM,Rate of inpatient admissions for patients receiving outpatient chemotherapy,2,28,0,35,,01/01/2024,12/31/2024,Not Applicable,Not Applicable,Not Applicable,Not Applicable
KY,OP_35_ED,Rate of emergency department (ED) visits for patients receiving outpatient chemotherapy,0,29,1,35,,01/01/2024,12/31/2024,Not Applicable,Not Applicable,Not Applicable,Not Applicable
KY,OP_36,Ratio of unplanned hospital visits after hospital outpatient surgery,0,49,0,23,,01/01/2024,12/31/2024,Not Applicable,Not Applicable,Not Applicable,Not Applicable
KY,READM_30_AMI,Acute Myocardial Infarction (AMI) 30-Day Readmission Rate,0,36,0,39,,07/01/2023,06/30/2025,Not Applicable,Not Applicable,Not Applicable,Not Applicable
KY,READM_30_CABG,Rate of readmission for CABG,0,13,0,3,,07/01/2023,06/30/2025,Not Applicable,Not Applicable,Not Applicable,Not Applicable
KY,READM_30_COPD,Rate of readmission for chronic obstructive pulmonary disease (COPD) patients,0,74,0,22,,07/01/2023,06/30/2025,Not Applicable,Not Applicable,Not Applicable,Not Applicable
KY,READM_30_HF,Heart failure (HF) 30-Day Readmission Rate,0,68,0,26,,07/01/2023,06/30/2025,Not Applicable,Not Applicable,Not Applicable,Not Applicable
KY,READM_30_HIP_KNEE,Rate of readmission after hip/knee replacement,0,19,0,36,,07/01/2023,06/30/2025,Not Applicable,Not Applicable,Not Applicable,Not Applicable
KY,READM_30_PN,Pneumonia (PN) 30-Day Readmission Rate,0,85,0,9,,07/01/2023,06/30/2025,Not Applicable,Not Applicable,Not Applicable,Not Applicable
LA,EDAC_30_AMI,Hospital return days for heart attack patients,Not Applicable,Not Applicable,Not Applicable,Not Applicable,,07/01/2022,06/30/2025,0,27,0,42
LA,EDAC_30_HF,Hospital return days for heart failure patients,Not Applicable,Not Applicable,Not Applicable,Not Applicable,,07/01/2022,06/30/2025,5,55,5,33
LA,EDAC_30_PN,Hospital return days for pneumonia patients,Not Applicable,Not Applicable,Not Applicable,Not Applicable,,07/01/2022,06/30/2025,7,54,14,25
LA,Hybrid_HWR,Hybrid Hospital-Wide All-Cause Readmission Measure (HWR),Not Available,Not Available,Not Available,Not Available,4,07/01/2024,06/30/2025,Not Applicable,Not Applicable,Not Applicable,Not Applicable
LA,OP_32,"Rate of unplanned hospital visits after colonoscopy (per 1,000 colonoscopies)",0,73,1,11,,01/01/2022,12/31/2024,Not Applicable,Not Applicable,Not Applicable,Not Applicable
LA,OP_35_ADM,Rate of inpatient admissions for patients receiving outpatient chemotherapy,0,31,0,40,,01/01/2024,12/31/2024,Not Applicable,Not Applicable,Not Applicable,Not Applicable
LA,OP_35_ED,Rate of emergency department (ED) visits for patients receiving outpatient chemotherapy,0,31,0,40,,01/01/2024,12/31/2024,Not Applicable,Not Applicable,Not Applicable,Not Applicable
LA,OP_36,Ratio of unplanned hospital visits after hospital outpatient surgery,0,56,1,24,,01/01/2024,12/31/2024,Not Applicable,Not Applicable,Not Applicable,Not Applicable
LA,READM_30_AMI,Acute Myocardial Infarction (AMI) 30-Day Readmission Rate,0,34,0,33,,07/01/2023,06/30/2025,Not Applicable,Not Applicable,Not Applicable,Not Applicable
LA,READM_30_CABG,Rate of readmission for CABG,1,20,0,2,,07/01/2023,06/30/2025,Not Applicable,Not Applicable,Not Applicable,Not Applicable
LA,READM_30_COPD,Rate of readmission for chronic obstructive pulmonary disease (COPD) patients,0,65,0,25,,07/01/2023,06/30/2025,Not Applicable,Not Applicable,Not Applicable,Not Applicable
LA,READM_30_HF,Heart failure (HF) 30-Day Readmission Rate,0,65,0,31,,07/01/2023,06/30/2025,Not Applicable,Not Applicable,Not Applicable,Not Applicable
LA,READM_30_HIP_KNEE,Rate of readmission after hip/knee replacement,0,18,0,38,,07/01/2023,06/30/2025,Not Applicable,Not Applicable,Not Applicable,Not Applicable
LA,READM_30_PN,Pneumonia (PN) 30-Day Readmission Rate,0,79,0,18,,07/01/2023,06/30/2025,Not Applicable,Not Applicable,Not Applicable,Not Applicable
MA,EDAC_30_AMI,Hospital return days for heart attack patients,Not Applicable,Not Applicable,Not Applicable,Not Applicable,,07/01/2022,06/30/2025,0,26,0,30
MA,EDAC_30_HF,Hospital return days for heart failure patients,Not Applicable,Not Applicable,Not Applicable,Not Applicable,,07/01/2022,06/30/2025,2,47,6,3
MA,EDAC_30_PN,Hospital return days for pneumonia patients,Not Applicable,Not Applicable,Not Applicable,Not Applicable,,07/01/2022,06/30/2025,1,46,9,2
MA,Hybrid_HWR,Hybrid Hospital-Wide All-Cause Readmission Measure (HWR),Not Available,Not Available,Not Available,Not Available,4,07/01/2024,06/30/2025,Not Applicable,Not Applicable,Not Applicable,Not Applicable
MA,OP_32,"Rate of unplanned hospital visits after colonoscopy (per 1,000 colonoscopies)",0,53,1,0,,01/01/2022,12/31/2024,Not Applicable,Not Applicable,Not Applicable,Not Applicable
MA,OP_35_ADM,Rate of inpatient admissions for patients receiving outpatient chemotherapy,2,37,0,16,,01/01/2024,12/31/2024,Not Applicable,Not Applicable,Not Applicable,Not Applicable
MA,OP_35_ED,Rate of emergency department (ED) visits for patients receiving outpatient chemotherapy,0,38,1,16,,01/01/2024,12/31/2024,Not Applicable,Not Applicable,Not Applicable,Not Applicable
MA,OP_36,Ratio of unplanned hospital visits after hospital outpatient surgery,0,48,6,1,,01/01/2024,12/31/2024,Not Applicable,Not Applicable,Not Applicable,Not Applicable
MA,READM_30_AMI,Acute Myocardial Infarction (AMI) 30-Day Readmission Rate,0,35,0,21,,07/01/2023,06/30/2025,Not Applicable,Not Applicable,Not Applicable,Not Applicable
MA,READM_30_CABG,Rate of readmission for CABG,0,13,0,3,,07/01/2023,06/30/2025,Not Applicable,Not Applicable,Not Applicable,Not Applicable
MA,READM_30_COPD,Rate of readmission for chronic obstructive pulmonary disease (COPD) patients,0,53,0,6,,07/01/2023,06/30/2025,Not Applicable,Not Applicable,Not Applicable,Not Applicable
MA,READM_30_HF,Heart failure (HF) 30-Day Readmission Rate,1,54,0,3,,07/01/2023,06/30/2025,Not Applicable,Not Applicable,Not Applicable,Not Applicable
MA,READM_30_HIP_KNEE,Rate of readmission after hip/knee replacement,0,45,0,8,,07/01/2023,06/30/2025,Not Applicable,Not Applicable,Not Applicable,Not Applicable
MA,READM_30_PN,Pneumonia (PN) 30-Day Readmission Rate,0,57,0,1,,07/01/2023,06/30/2025,Not Applicable,Not Applicable,Not Applicable,Not Applicable
MD,EDAC_30_AMI,Hospital return days for heart attack patients,Not Applicable,Not Applicable,Not Applicable,Not Applicable,,07/01/2022,06/30/2025,0,26,0,17
MD,EDAC_30_HF,Hospital return days for heart failure patients,Not Applicable,Not Applicable,Not Applicable,Not Applicable,,07/01/2022,06/30/2025,0,40,3,2
MD,EDAC_30_PN,Hospital return days for pneumonia patients,Not Applicable,Not Applicable,Not Applicable,Not Applicable,,07/01/2022,06/30/2025,1,33,9,1
MD,Hybrid_HWR,Hybrid Hospital-Wide All-Cause Readmission Measure (HWR),Not Available,Not Available,Not Available,Not Available,4,07/01/2024,06/30/2025,Not Applicable,Not Applicable,Not Applicable,Not Applicable
MD,OP_32,"Rate of unplanned hospital visits after colonoscopy (per 1,000 colonoscopies)",0,40,0,1,,01/01/2022,12/31/2024,Not Applicable,Not Applicable,Not Applicable,Not Applicable
MD,OP_35_ADM,Rate of inpatient admissions for patients receiving outpatient chemotherapy,2,19,0,20,,01/01/2024,12/31/2024,Not Applicable,Not Applicable,Not Applicable,Not Applicable
MD,OP_35_ED,Rate of emergency department (ED) visits for patients receiving outpatient chemotherapy,0,20,1,20,,01/01/2024,12/31/2024,Not Applicable,Not Applicable,Not Applicable,Not Applicable
MD,OP_36,Ratio of unplanned hospital visits after hospital outpatient surgery,2,36,2,2,,01/01/2024,12/31/2024,Not Applicable,Not Applicable,Not Applicable,Not Applicable
MD,READM_30_AMI,Acute Myocardial Infarction (AMI) 30-Day Readmission Rate,0,33,0,10,,07/01/2023,06/30/2025,Not Applicable,Not Applicable,Not Applicable,Not Applicable
MD,READM_30_CABG,Rate of readmission for CABG,0,11,0,3,,07/01/2023,06/30/2025,Not Applicable,Not Applicable,Not Applicable,Not Applicable
MD,READM_30_COPD,Rate of readmission for chronic obstructive pulmonary disease (COPD) patients,0,43,0,2,,07/01/2023,06/30/2025,Not Applicable,Not Applicable,Not Applicable,Not Applicable
MD,READM_30_HF,Heart failure (HF) 30-Day Readmission Rate,0,43,0,2,,07/01/2023,06/30/2025,Not Applicable,Not Applicable,Not Applicable,Not Applicable
MD,READM_30_HIP_KNEE,Rate of readmission after hip/knee replacement,0,25,0,16,,07/01/2023,06/30/2025,Not Applicable,Not Applicable,Not Applicable,Not Applicable
MD,READM_30_PN,Pneumonia (PN) 30-Day Readmission Rate,0,42,1,1,,07/01/2023,06/30/2025,Not Applicable,Not Applicable,Not Applicable,Not Applicable
ME,EDAC_30_AMI,Hospital return days for heart attack patients,Not Applicable,Not Applicable,Not Applicable,Not Applicable,,07/01/2022,06/30/2025,0,3,0,31
ME,EDAC_30_HF,Hospital return days for heart failure patients,Not Applicable,Not Applicable,Not Applicable,Not Applicable,,07/01/2022,06/30/2025,5,15,3,12
ME,EDAC_30_PN,Hospital return days for pneumonia patients,Not Applicable,Not Applicable,Not Applicable,Not Applicable,,07/01/2022,06/30/2025,11,14,8,2
ME,Hybrid_HWR,Hybrid Hospital-Wide All-Cause Readmission Measure (HWR),Not Available,Not Available,Not Available,Not Available,4,07/01/2024,06/30/2025,Not Applicable,Not Applicable,Not Applicable,Not Applicable
ME,OP_32,"Rate of unplanned hospital visits after colonoscopy (per 1,000 colonoscopies)",0,15,0,4,,01/01/2022,12/31/2024,Not Applicable,Not Applicable,Not Applicable,Not Applicable
ME,OP_35_ADM,Rate of inpatient admissions for patients receiving outpatient chemotherapy,0,16,0,14,,01/01/2024,12/31/2024,Not Applicable,Not Applicable,Not Applicable,Not Applicable
ME,OP_35_ED,Rate of emergency department (ED) visits for patients receiving outpatient chemotherapy,0,16,0,14,,01/01/2024,12/31/2024,Not Applicable,Not Applicable,Not Applicable,Not Applicable
ME,OP_36,Ratio of unplanned hospital visits after hospital outpatient surgery,1,14,0,7,,01/01/2024,12/31/2024,Not Applicable,Not Applicable,Not Applicable,Not Applicable
ME,READM_30_AMI,Acute Myocardial Infarction (AMI) 30-Day Readmission Rate,0,9,0,24,,07/01/2023,06/30/2025,Not Applicable,Not Applicable,Not Applicable,Not Applicable
ME,READM_30_CABG,Rate of readmission for CABG,0,3,0,0,,07/01/2023,06/30/2025,Not Applicable,Not Applicable,Not Applicable,Not Applicable
ME,READM_30_COPD,Rate of readmission for chronic obstructive pulmonary disease (COPD) patients,0,29,0,6,,07/01/2023,06/30/2025,Not Applicable,Not Applicable,Not Applicable,Not Applicable
ME,READM_30_HF,Heart failure (HF) 30-Day Readmission Rate,0,28,0,7,,07/01/2023,06/30/2025,Not Applicable,Not Applicable,Not Applicable,Not Applicable
ME,READM_30_HIP_KNEE,Rate of readmission after hip/knee replacement,0,9,0,17,,07/01/2023,06/30/2025,Not Applicable,Not Applicable,Not Applicable,Not Applicable
ME,READM_30_PN,Pneumonia (PN) 30-Day Readmission Rate,0,33,0,2,,07/01/2023,06/30/2025,Not Applicable,Not Applicable,Not Applicable,Not Applicable
MI,EDAC_30_AMI,Hospital return days for heart attack patients,Not Applicable,Not Applicable,Not Applicable,Not Applicable,,07/01/2022,06/30/2025,0,42,2,55
MI,EDAC_30_HF,Hospital return days for heart failure patients,Not Applicable,Not Applicable,Not Applicable,Not Applicable,,07/01/2022,06/30/2025,12,73,12,24
MI,EDAC_30_PN,Hospital return days for pneumonia patients,Not Applicable,Not Applicable,Not Applicable,Not Applicable,,07/01/2022,06/30/2025,19,66,21,16
MI,Hybrid_HWR,Hybrid Hospital-Wide All-Cause Readmission Measure (HWR),Not Available,Not Available,Not Available,Not Available,4,07/01/2024,06/30/2025,Not Applicable,Not Applicable,Not Applicable,Not Applicable
MI,OP_32,"Rate of unplanned hospital visits after colonoscopy (per 1,000 colonoscopies)",0,102,0,14,,01/01/2022,12/31/2024,Not Applicable,Not Applicable,Not Applicable,Not Applicable
MI,OP_35_ADM,Rate of inpatient admissions for patients receiving outpatient chemotherapy,0,60,0,50,,01/01/2024,12/31/2024,Not Applicable,Not Applicable,Not Applicable,Not Applicable
MI,OP_35_ED,Rate of emergency department (ED) visits for patients receiving outpatient chemotherapy,0,60,0,50,,01/01/2024,12/31/2024,Not Applicable,Not Applicable,Not Applicable,Not Applicable
MI,OP_36,Ratio of unplanned hospital visits after hospital outpatient surgery,0,88,1,23,,01/01/2024,12/31/2024,Not Applicable,Not Applicable,Not Applicable,Not Applicable
MI,READM_30_AMI,Acute Myocardial Infarction (AMI) 30-Day Readmission Rate,0,53,0,47,,07/01/2023,06/30/2025,Not Applicable,Not Applicable,Not Applicable,Not Applicable
MI,READM_30_CABG,Rate of readmission for CABG,0,32,0,3,,07/01/2023,06/30/2025,Not Applicable,Not Applicable,Not Applicable,Not Applicable
MI,READM_30_COPD,Rate of readmission for chronic obstructive pulmonary disease (COPD) patients,0,101,0,21,,07/01/2023,06/30/2025,Not Applicable,Not Applicable,Not Applicable,Not Applicable
MI,READM_30_HF,Heart failure (HF) 30-Day Readmission Rate,1,97,0,21,,07/01/2023,06/30/2025,Not Applicable,Not Applicable,Not Applicable,Not Applicable
MI,READM_30_HIP_KNEE,Rate of readmission after hip/knee replacement,0,49,0,43,,07/01/2023,06/30/2025,Not Applicable,Not Applicable,Not Applicable,Not Applicable
MI,READM_30_PN,Pneumonia (PN) 30-Day Readmission Rate,0,110,1,11,,07/01/2023,06/30/2025,Not Applicable,Not Applicable,Not Applicable,Not Applicable
MN,EDAC_30_AMI,Hospital return days for heart attack patients,Not Applicable,Not Applicable,Not Applicable,Not Applicable,,07/01/2022,06/30/2025,1,18,0,61
MN,EDAC_30_HF,Hospital return days for heart failure patients,Not Applicable,Not Applicable,Not Applicable,Not Applicable,,07/01/2022,06/30/2025,14,43,6,60
MN,EDAC_30_PN,Hospital return days for pneumonia patients,Not Applicable,Not Applicable,Not Applicable,Not Applicable,,07/01/2022,06/30/2025,23,43,13,45
MN,Hybrid_HWR,Hybrid Hospital-Wide All-Cause Readmission Measure (HWR),Not Available,Not Available,Not Available,Not Available,4,07/01/2024,06/30/2025,Not Applicable,Not Applicable,Not Applicable,Not Applicable
MN,OP_32,"Rate of unplanned hospital visits after colonoscopy (per 1,000 colonoscopies)",0,71,0,16,,01/01/2022,12/31/2024,Not Applicable,Not Applicable,Not Applicable,Not Applicable
MN,OP_35_ADM,Rate of inpatient admissions for patients receiving outpatient chemotherapy,1,39,0,69,,01/01/2024,12/31/2024,Not Applicable,Not Applicable,Not Applicable,Not Applicable
MN,OP_35_ED,Rate of emergency department (ED) visits for patients receiving outpatient chemotherapy,1,39,0,69,,01/01/2024,12/31/2024,Not Applicable,Not Applicable,Not Applicable,Not Applicable
MN,OP_36,Ratio of unplanned hospital visits after hospital outpatient surgery,0,47,1,32,,01/01/2024,12/31/2024,Not Applicable,Not Applicable,Not Applicable,Not Applicable
MN,READM_30_AMI,Acute Myocardial Infarction (AMI) 30-Day Readmission Rate,0,22,0,61,,07/01/2023,06/30/2025,Not Applicable,Not Applicable,Not Applicable,Not Applicable
MN,READM_30_CABG,Rate of readmission for CABG,0,13,0,1,,07/01/2023,06/30/2025,Not Applicable,Not Applicable,Not Applicable,Not Applicable
MN,READM_30_COPD,Rate of readmission for chronic obstructive pulmonary disease (COPD) patients,0,55,0,65,,07/01/2023,06/30/2025,Not Applicable,Not Applicable,Not Applicable,Not Applicable
MN,READM_30_HF,Heart failure (HF) 30-Day Readmission Rate,0,72,0,48,,07/01/2023,06/30/2025,Not Applicable,Not Applicable,Not Applicable,Not Applicable
MN,READM_30_HIP_KNEE,Rate of readmission after hip/knee replacement,0,39,0,38,,07/01/2023,06/30/2025,Not Applicable,Not Applicable,Not Applicable,Not Applicable
MN,READM_30_PN,Pneumonia (PN) 30-Day Readmission Rate,0,96,0,27,,07/01/2023,06/30/2025,Not Applicable,Not Applicable,Not Applicable,Not Applicable
MO,EDAC_30_AMI,Hospital return days for heart attack patients,Not Applicable,Not Applicable,Not Applicable,Not Applicable,,07/01/2022,06/30/2025,1,46,0,32
MO,EDAC_30_HF,Hospital return days for heart failure patients,Not Applicable,Not Applicable,Not Applicable,Not Applicable,,07/01/2022,06/30/2025,15,48,12,29
MO,EDAC_30_PN,Hospital return days for pneumonia patients,Not Applicable,Not Applicable,Not Applicable,Not Applicable,,07/01/2022,06/30/2025,19,65,11,9
MO,Hybrid_HWR,Hybrid Hospital-Wide All-Cause Readmission Measure (HWR),Not Available,Not Available,Not Available,Not Available,4,07/01/2024,06/30/2025,Not Applicable,Not Applicable,Not Applicable,Not Applicable
MO,OP_32,"Rate of unplanned hospital visits after colonoscopy (per 1,000 colonoscopies)",0,82,0,9,,01/01/2022,12/31/2024,Not Applicable,Not Applicable,Not Applicable,Not Applicable
MO,OP_35_ADM,Rate of inpatient admissions for patients receiving outpatient chemotherapy,3,41,0,39,,01/01/2024,12/31/2024,Not Applicable,Not Applicable,Not Applicable,Not Applicable
MO,OP_35_ED,Rate of emergency department (ED) visits for patients receiving outpatient chemotherapy,0,43,1,39,,01/01/2024,12/31/2024,Not Applicable,Not Applicable,Not Applicable,Not Applicable
MO,OP_36,Ratio of unplanned hospital visits after hospital outpatient surgery,1,64,1,16,,01/01/2024,12/31/2024,Not Applicable,Not Applicable,Not Applicable,Not Applicable
MO,READM_30_AMI,Acute Myocardial Infarction (AMI) 30-Day Readmission Rate,0,50,0,27,,07/01/2023,06/30/2025,Not Applicable,Not Applicable,Not Applicable,Not Applicable
MO,READM_30_CABG,Rate of readmission for CABG,0,23,0,5,,07/01/2023,06/30/2025,Not Applicable,Not Applicable,Not Applicable,Not Applicable
MO,READM_30_COPD,Rate of readmission for chronic obstructive pulmonary disease (COPD) patients,0,81,0,21,,07/01/2023,06/30/2025,Not Applicable,Not Applicable,Not Applicable,Not Applicable
MO,READM_30_HF,Heart failure (HF) 30-Day Readmission Rate,0,81,0,22,,07/01/2023,06/30/2025,Not Applicable,Not Applicable,Not Applicable,Not Applicable
MO,READM_30_HIP_KNEE,Rate of readmission after hip/knee replacement,0,36,0,32,,07/01/2023,06/30/2025,Not Applicable,Not Applicable,Not Applicable,Not Applicable
MO,READM_30_PN,Pneumonia (PN) 30-Day Readmission Rate,0,95,1,7,,07/01/2023,06/30/2025,Not Applicable,Not Applicable,Not Applicable,Not Applicable
MP,EDAC_30_AMI,Hospital return days for heart attack patients,Not Applicable,Not Applicable,Not Applicable,Not Applicable,5,07/01/2022,06/30/2025,Not Available,Not Available,Not Available,Not Available
MP,EDAC_30_HF,Hospital return days for heart failure patients,Not Applicable,Not Applicable,Not Applicable,Not Applicable,5,07/01/2022,06/30/2025,Not Available,Not Available,Not Available,Not Available
MP,EDAC_30_PN,Hospital return days for pneumonia patients,Not Applicable,Not Applicable,Not Applicable,Not Applicable,5,07/01/2022,06/30/2025,Not Available,Not Available,Not Available,Not Available
MP,Hybrid_HWR,Hybrid Hospital-Wide All-Cause Readmission Measure (HWR),Not Available,Not Available,Not Available,Not Available,5,07/01/2024,06/30/2025,Not Applicable,Not Applicable,Not Applicable,Not Applicable
MP,OP_32,"Rate of unplanned hospital visits after colonoscopy (per 1,000 colonoscopies)",Not Available,Not Available,Not Available,Not Available,5,01/01/2022,12/31/2024,Not Applicable,Not Applicable,Not Applicable,Not Applicable
MP,OP_35_ADM,Rate of inpatient admissions for patients receiving outpatient chemotherapy,Not Available,Not Available,Not Available,Not Available,5,01/01/2024,12/31/2024,Not Applicable,Not Applicable,Not Applicable,Not Applicable
MP,OP_35_ED,Rate of emergency department (ED) visits for patients receiving outpatient chemotherapy,Not Available,Not Available,Not Available,Not Available,5,01/01/2024,12/31/2024,Not Applicable,Not Applicable,Not Applicable,Not Applicable
MP,OP_36,Ratio of unplanned hospital visits after hospital outpatient surgery,Not Available,Not Available,Not Available,Not Available,5,01/01/2024,12/31/2024,Not Applicable,Not Applicable,Not Applicable,Not Applicable
MP,READM_30_AMI,Acute Myocardial Infarction (AMI) 30-Day Readmission Rate,Not Available,Not Available,Not Available,Not Available,5,07/01/2023,06/30/2025,Not Applicable,Not Applicable,Not Applicable,Not Applicable
MP,READM_30_CABG,Rate of readmission for CABG,Not Available,Not Available,Not Available,Not Available,5,07/01/2023,06/30/2025,Not Applicable,Not Applicable,Not Applicable,Not Applicable
MP,READM_30_COPD,Rate of readmission for chronic obstructive pulmonary disease (COPD) patients,Not Available,Not Available,Not Available,Not Available,5,07/01/2023,06/30/2025,Not Applicable,Not Applicable,Not Applicable,Not Applicable
MP,READM_30_HF,Heart failure (HF) 30-Day Readmission Rate,Not Available,Not Available,Not Available,Not Available,5,07/01/2023,06/30/2025,Not Applicable,Not Applicable,Not Applicable,Not Applicable
MP,READM_30_HIP_KNEE,Rate of readmission after hip/knee replacement,Not Available,Not Available,Not Available,Not Available,5,07/01/2023,06/30/2025,Not Applicable,Not Applicable,Not Applicable,Not Applicable
MP,READM_30_PN,Pneumonia (PN) 30-Day Readmission Rate,Not Available,Not Available,Not Available,Not Available,5,07/01/2023,06/30/2025,Not Applicable,Not Applicable,Not Applicable,Not Applicable
MS,EDAC_30_AMI,Hospital return days for heart attack patients,Not Applicable,Not Applicable,Not Applicable,Not Applicable,,07/01/2022,06/30/2025,0,21,0,32
MS,EDAC_30_HF,Hospital return days for heart failure patients,Not Applicable,Not Applicable,Not Applicable,Not Applicable,,07/01/2022,06/30/2025,5,29,15,39
MS,EDAC_30_PN,Hospital return days for pneumonia patients,Not Applicable,Not Applicable,Not Applicable,Not Applicable,,07/01/2022,06/30/2025,10,32,27,22
MS,Hybrid_HWR,Hybrid Hospital-Wide All-Cause Readmission Measure (HWR),Not Available,Not Available,Not Available,Not Available,4,07/01/2024,06/30/2025,Not Applicable,Not Applicable,Not Applicable,Not Applicable
MS,OP_32,"Rate of unplanned hospital visits after colonoscopy (per 1,000 colonoscopies)",0,45,0,8,,01/01/2022,12/31/2024,Not Applicable,Not Applicable,Not Applicable,Not Applicable
MS,OP_35_ADM,Rate of inpatient admissions for patients receiving outpatient chemotherapy,2,14,0,29,,01/01/2024,12/31/2024,Not Applicable,Not Applicable,Not Applicable,Not Applicable
MS,OP_35_ED,Rate of emergency department (ED) visits for patients receiving outpatient chemotherapy,1,15,0,29,,01/01/2024,12/31/2024,Not Applicable,Not Applicable,Not Applicable,Not Applicable
MS,OP_36,Ratio of unplanned hospital visits after hospital outpatient surgery,1,33,0,13,,01/01/2024,12/31/2024,Not Applicable,Not Applicable,Not Applicable,Not Applicable
MS,READM_30_AMI,Acute Myocardial Infarction (AMI) 30-Day Readmission Rate,0,22,0,30,,07/01/2023,06/30/2025,Not Applicable,Not Applicable,Not Applicable,Not Applicable
MS,READM_30_CABG,Rate of readmission for CABG,0,14,0,2,,07/01/2023,06/30/2025,Not Applicable,Not Applicable,Not Applicable,Not Applicable
MS,READM_30_COPD,Rate of readmission for chronic obstructive pulmonary disease (COPD) patients,0,50,0,32,,07/01/2023,06/30/2025,Not Applicable,Not Applicable,Not Applicable,Not Applicable
MS,READM_30_HF,Heart failure (HF) 30-Day Readmission Rate,0,51,0,29,,07/01/2023,06/30/2025,Not Applicable,Not Applicable,Not Applicable,Not Applicable
MS,READM_30_HIP_KNEE,Rate of readmission after hip/knee replacement,0,16,0,13,,07/01/2023,06/30/2025,Not Applicable,Not Applicable,Not Applicable,Not Applicable
MS,READM_30_PN,Pneumonia (PN) 30-Day Readmission Rate,0,67,0,18,,07/01/2023,06/30/2025,Not Applicable,Not Applicable,Not Applicable,Not Applicable
MT,EDAC_30_AMI,Hospital return days for heart attack patients,Not Applicable,Not Applicable,Not Applicable,Not Applicable,,07/01/2022,06/30/2025,0,9,0,20
MT,EDAC_30_HF,Hospital return days for heart failure patients,Not Applicable,Not Applicable,Not Applicable,Not Applicable,,07/01/2022,06/30/2025,6,13,1,39
MT,EDAC_30_PN,Hospital return days for pneumonia patients,Not Applicable,Not Applicable,Not Applicable,Not Applicable,,07/01/2022,06/30/2025,12,11,4,33
MT,Hybrid_HWR,Hybrid Hospital-Wide All-Cause Readmission Measure (HWR),Not Available,Not Available,Not Available,Not Available,4,07/01/2024,06/30/2025,Not Applicable,Not Applicable,Not Applicable,Not Applicable
MT,OP_32,"Rate of unplanned hospital visits after colonoscopy (per 1,000 colonoscopies)",0,14,0,6,,01/01/2022,12/31/2024,Not Applicable,Not Applicable,Not Applicable,Not Applicable
MT,OP_35_ADM,Rate of inpatient admissions for patients receiving outpatient chemotherapy,0,18,0,18,,01/01/2024,12/31/2024,Not Applicable,Not Applicable,Not Applicable,Not Applicable
MT,OP_35_ED,Rate of emergency department (ED) visits for patients receiving outpatient chemotherapy,1,17,0,18,,01/01/2024,12/31/2024,Not Applicable,Not Applicable,Not Applicable,Not Applicable
MT,OP_36,Ratio of unplanned hospital visits after hospital outpatient surgery,0,13,0,13,,01/01/2024,12/31/2024,Not Applicable,Not Applicable,Not Applicable,Not Applicable
MT,READM_30_AMI,Acute Myocardial Infarction (AMI) 30-Day Readmission Rate,0,10,0,13,,07/01/2023,06/30/2025,Not Applicable,Not Applicable,Not Applicable,Not Applicable
MT,READM_30_CABG,Rate of readmission for CABG,0,5,0,1,,07/01/2023,06/30/2025,Not Applicable,Not Applicable,Not Applicable,Not Applicable
MT,READM_30_COPD,Rate of readmission for chronic obstructive pulmonary disease (COPD) patients,0,15,0,41,,07/01/2023,06/30/2025,Not Applicable,Not Applicable,Not Applicable,Not Applicable
MT,READM_30_HF,Heart failure (HF) 30-Day Readmission Rate,0,20,0,37,,07/01/2023,06/30/2025,Not Applicable,Not Applicable,Not Applicable,Not Applicable
MT,READM_30_HIP_KNEE,Rate of readmission after hip/knee replacement,0,9,0,15,,07/01/2023,06/30/2025,Not Applicable,Not Applicable,Not Applicable,Not Applicable
MT,READM_30_PN,Pneumonia (PN) 30-Day Readmission Rate,0,25,0,35,,07/01/2023,06/30/2025,Not Applicable,Not Applicable,Not Applicable,Not Applicable
NC,EDAC_30_AMI,Hospital return days for heart attack patients,Not Applicable,Not Applicable,Not Applicable,Not Applicable,,07/01/2022,06/30/2025,1,36,0,54
NC,EDAC_30_HF,Hospital return days for heart failure patients,Not Applicable,Not Applicable,Not Applicable,Not Applicable,,07/01/2022,06/30/2025,14,67,11,12
NC,EDAC_30_PN,Hospital return days for pneumonia patients,Not Applicable,Not Applicable,Not Applicable,Not Applicable,,07/01/2022,06/30/2025,14,67,19,5
NC,Hybrid_HWR,Hybrid Hospital-Wide All-Cause Readmission Measure (HWR),Not Available,Not Available,Not Available,Not Available,4,07/01/2024,06/30/2025,Not Applicable,Not Applicable,Not Applicable,Not Applicable
NC,OP_32,"Rate of unplanned hospital visits after colonoscopy (per 1,000 colonoscopies)",0,90,0,2,,01/01/2022,12/31/2024,Not Applicable,Not Applicable,Not Applicable,Not Applicable
NC,OP_35_ADM,Rate of inpatient admissions for patients receiving outpatient chemotherapy,0,45,2,39,,01/01/2024,12/31/2024,Not Applicable,Not Applicable,Not Applicable,Not Applicable
NC,OP_35_ED,Rate of emergency department (ED) visits for patients receiving outpatient chemotherapy,0,47,0,39,,01/01/2024,12/31/2024,Not Applicable,Not Applicable,Not Applicable,Not Applicable
NC,OP_36,Ratio of unplanned hospital visits after hospital outpatient surgery,1,77,3,12,,01/01/2024,12/31/2024,Not Applicable,Not Applicable,Not Applicable,Not Applicable
NC,READM_30_AMI,Acute Myocardial Infarction (AMI) 30-Day Readmission Rate,0,51,0,39,,07/01/2023,06/30/2025,Not Applicable,Not Applicable,Not Applicable,Not Applicable
NC,READM_30_CABG,Rate of readmission for CABG,0,21,0,4,,07/01/2023,06/30/2025,Not Applicable,Not Applicable,Not Applicable,Not Applicable
NC,READM_30_COPD,Rate of readmission for chronic obstructive pulmonary disease (COPD) patients,0,94,0,10,,07/01/2023,06/30/2025,Not Applicable,Not Applicable,Not Applicable,Not Applicable
NC,READM_30_HF,Heart failure (HF) 30-Day Readmission Rate,0,95,0,8,,07/01/2023,06/30/2025,Not Applicable,Not Applicable,Not Applicable,Not Applicable
NC,READM_30_HIP_KNEE,Rate of readmission after hip/knee replacement,0,51,0,35,,07/01/2023,06/30/2025,Not Applicable,Not Applicable,Not Applicable,Not Applicable
NC,READM_30_PN,Pneumonia (PN) 30-Day Readmission Rate,0,100,0,4,,07/01/2023,06/30/2025,Not Applicable,Not Applicable,Not Applicable,Not Applicable
ND,EDAC_30_AMI,Hospital return days for heart attack patients,Not Applicable,Not Applicable,Not Applicable,Not Applicable,,07/01/2022,06/30/2025,0,6,0,22
ND,EDAC_30_HF,Hospital return days for heart failure patients,Not Applicable,Not Applicable,Not Applicable,Not Applicable,,07/01/2022,06/30/2025,6,7,3,28
ND,EDAC_30_PN,Hospital return days for pneumonia patients,Not Applicable,Not Applicable,Not Applicable,Not Applicable,,07/01/2022,06/30/2025,6,14,6,18
ND,Hybrid_HWR,Hybrid Hospital-Wide All-Cause Readmission Measure (HWR),Not Available,Not Available,Not Available,Not Available,4,07/01/2024,06/30/2025,Not Applicable,Not Applicable,Not Applicable,Not Applicable
ND,OP_32,"Rate of unplanned hospital visits after colonoscopy (per 1,000 colonoscopies)",0,14,0,4,,01/01/2022,12/31/2024,Not Applicable,Not Applicable,Not Applicable,Not Applicable
ND,OP_35_ADM,Rate of inpatient admissions for patients receiving outpatient chemotherapy,0,8,0,23,,01/01/2024,12/31/2024,Not Applicable,Not Applicable,Not Applicable,Not Applicable
ND,OP_35_ED,Rate of emergency department (ED) visits for patients receiving outpatient chemotherapy,0,8,0,23,,01/01/2024,12/31/2024,Not Applicable,Not Applicable,Not Applicable,Not Applicable
ND,OP_36,Ratio of unplanned hospital visits after hospital outpatient surgery,0,6,1,11,,01/01/2024,12/31/2024,Not Applicable,Not Applicable,Not Applicable,Not Applicable
ND,READM_30_AMI,Acute Myocardial Infarction (AMI) 30-Day Readmission Rate,0,6,0,17,,07/01/2023,06/30/2025,Not Applicable,Not Applicable,Not Applicable,Not Applicable
ND,READM_30_CABG,Rate of readmission for CABG,0,6,0,0,,07/01/2023,06/30/2025,Not Applicable,Not Applicable,Not Applicable,Not Applicable
ND,READM_30_COPD,Rate of readmission for chronic obstructive pulmonary disease (COPD) patients,0,12,0,29,,07/01/2023,06/30/2025,Not Applicable,Not Applicable,Not Applicable,Not Applicable
ND,READM_30_HF,Heart failure (HF) 30-Day Readmission Rate,0,13,0,31,,07/01/2023,06/30/2025,Not Applicable,Not Applicable,Not Applicable,Not Applicable
ND,READM_30_HIP_KNEE,Rate of readmission after hip/knee replacement,0,7,0,4,,07/01/2023,06/30/2025,Not Applicable,Not Applicable,Not Applicable,Not Applicable
ND,READM_30_PN,Pneumonia (PN) 30-Day Readmission Rate,0,27,0,17,,07/01/2023,06/30/2025,Not Applicable,Not Applicable,Not Applicable,Not Applicable
NE,EDAC_30_AMI,Hospital return days for heart attack patients,Not Applicable,Not Applicable,Not Applicable,Not Applicable,,07/01/2022,06/30/2025,1,11,0,44
NE,EDAC_30_HF,Hospital return days for heart failure patients,Not Applicable,Not Applicable,Not Applicable,Not Applicable,,07/01/2022,06/30/2025,8,24,3,48
NE,EDAC_30_PN,Hospital return days for pneumonia patients,Not Applicable,Not Applicable,Not Applicable,Not Applicable,,07/01/2022,06/30/2025,16,36,7,25
NE,Hybrid_HWR,Hybrid Hospital-Wide All-Cause Readmission Measure (HWR),Not Available,Not Available,Not Available,Not Available,4,07/01/2024,06/30/2025,Not Applicable,Not Applicable,Not Applicable,Not Applicable
NE,OP_32,"Rate of unplanned hospital visits after colonoscopy (per 1,000 colonoscopies)",0,59,0,15,,01/01/2022,12/31/2024,Not Applicable,Not Applicable,Not Applicable,Not Applicable
NE,OP_35_ADM,Rate of inpatient admissions for patients receiving outpatient chemotherapy,0,13,0,59,,01/01/2024,12/31/2024,Not Applicable,Not Applicable,Not Applicable,Not Applicable
NE,OP_35_ED,Rate of emergency department (ED) visits for patients receiving outpatient chemotherapy,0,13,0,59,,01/01/2024,12/31/2024,Not Applicable,Not Applicable,Not Applicable,Not Applicable
NE,OP_36,Ratio of unplanned hospital visits after hospital outpatient surgery,1,26,1,41,,01/01/2024,12/31/2024,Not Applicable,Not Applicable,Not Applicable,Not Applicable
NE,READM_30_AMI,Acute Myocardial Infarction (AMI) 30-Day Readmission Rate,0,18,0,36,,07/01/2023,06/30/2025,Not Applicable,Not Applicable,Not Applicable,Not Applicable
NE,READM_30_CABG,Rate of readmission for CABG,0,8,0,1,,07/01/2023,06/30/2025,Not Applicable,Not Applicable,Not Applicable,Not Applicable
NE,READM_30_COPD,Rate of readmission for chronic obstructive pulmonary disease (COPD) patients,0,21,0,59,,07/01/2023,06/30/2025,Not Applicable,Not Applicable,Not Applicable,Not Applicable
NE,READM_30_HF,Heart failure (HF) 30-Day Readmission Rate,0,30,0,53,,07/01/2023,06/30/2025,Not Applicable,Not Applicable,Not Applicable,Not Applicable
NE,READM_30_HIP_KNEE,Rate of readmission after hip/knee replacement,0,14,0,26,,07/01/2023,06/30/2025,Not Applicable,Not Applicable,Not Applicable,Not Applicable
NE,READM_30_PN,Pneumonia (PN) 30-Day Readmission Rate,0,47,0,37,,07/01/2023,06/30/2025,Not Applicable,Not Applicable,Not Applicable,Not Applicable
NH,EDAC_30_AMI,Hospital return days for heart attack patients,Not Applicable,Not Applicable,Not Applicable,Not Applicable,,07/01/2022,06/30/2025,0,10,0,14
NH,EDAC_30_HF,Hospital return days for heart failure patients,Not Applicable,Not Applicable,Not Applicable,Not Applicable,,07/01/2022,06/30/2025,1,19,3,3
NH,EDAC_30_PN,Hospital return days for pneumonia patients,Not Applicable,Not Applicable,Not Applicable,Not Applicable,,07/01/2022,06/30/2025,2,16,8,0
NH,Hybrid_HWR,Hybrid Hospital-Wide All-Cause Readmission Measure (HWR),Not Available,Not Available,Not Available,Not Available,4,07/01/2024,06/30/2025,Not Applicable,Not Applicable,Not Applicable,Not Applicable
NH,OP_32,"Rate of unplanned hospital visits after colonoscopy (per 1,000 colonoscopies)",1,14,0,4,,01/01/2022,12/31/2024,Not Applicable,Not Applicable,Not Applicable,Not Applicable
NH,OP_35_ADM,Rate of inpatient admissions for patients receiving outpatient chemotherapy,0,16,0,8,,01/01/2024,12/31/2024,Not Applicable,Not Applicable,Not Applicable,Not Applicable
NH,OP_35_ED,Rate of emergency department (ED) visits for patients receiving outpatient chemotherapy,1,15,0,8,,01/01/2024,12/31/2024,Not Applicable,Not Applicable,Not Applicable,Not Applicable
NH,OP_36,Ratio of unplanned hospital visits after hospital outpatient surgery,0,16,0,5,,01/01/2024,12/31/2024,Not Applicable,Not Applicable,Not Applicable,Not Applicable
NH,READM_30_AMI,Acute Myocardial Infarction (AMI) 30-Day Readmission Rate,0,11,0,12,,07/01/2023,06/30/2025,Not Applicable,Not Applicable,Not Applicable,Not Applicable
NH,READM_30_CABG,Rate of readmission for CABG,0,4,0,0,,07/01/2023,06/30/2025,Not Applicable,Not Applicable,Not Applicable,Not Applicable
NH,READM_30_COPD,Rate of readmission for chronic obstructive pulmonary disease (COPD) patients,0,22,0,4,,07/01/2023,06/30/2025,Not Applicable,Not Applicable,Not Applicable,Not Applicable
NH,READM_30_HF,Heart failure (HF) 30-Day Readmission Rate,0,23,0,3,,07/01/2023,06/30/2025,Not Applicable,Not Applicable,Not Applicable,Not Applicable
NH,READM_30_HIP_KNEE,Rate of readmission after hip/knee replacement,0,10,0,9,,07/01/2023,06/30/2025,Not Applicable,Not Applicable,Not Applicable,Not Applicable
NH,READM_30_PN,Pneumonia (PN) 30-Day Readmission Rate,0,26,0,0,,07/01/2023,06/30/2025,Not Applicable,Not Applicable,Not Applicable,Not Applicable
NJ,EDAC_30_AMI,Hospital return days for heart attack patients,Not Applicable,Not Applicable,Not Applicable,Not Applicable,,07/01/2022,06/30/2025,2,40,1,21
NJ,EDAC_30_HF,Hospital return days for heart failure patients,Not Applicable,Not Applicable,Not Applicable,Not Applicable,,07/01/2022,06/30/2025,1,49,12,3
NJ,EDAC_30_PN,Hospital return days for pneumonia patients,Not Applicable,Not Applicable,Not Applicable,Not Applicable,,07/01/2022,06/30/2025,2,34,27,2
NJ,Hybrid_HWR,Hybrid Hospital-Wide All-Cause Readmission Measure (HWR),Not Available,Not Available,Not Available,Not Available,4,07/01/2024,06/30/2025,Not Applicable,Not Applicable,Not Applicable,Not Applicable
NJ,OP_32,"Rate of unplanned hospital visits after colonoscopy (per 1,000 colonoscopies)",1,58,0,1,,01/01/2022,12/31/2024,Not Applicable,Not Applicable,Not Applicable,Not Applicable
NJ,OP_35_ADM,Rate of inpatient admissions for patients receiving outpatient chemotherapy,7,31,0,15,,01/01/2024,12/31/2024,Not Applicable,Not Applicable,Not Applicable,Not Applicable
NJ,OP_35_ED,Rate of emergency department (ED) visits for patients receiving outpatient chemotherapy,0,37,1,15,,01/01/2024,12/31/2024,Not Applicable,Not Applicable,Not Applicable,Not Applicable
NJ,OP_36,Ratio of unplanned hospital visits after hospital outpatient surgery,0,51,6,4,,01/01/2024,12/31/2024,Not Applicable,Not Applicable,Not Applicable,Not Applicable
NJ,READM_30_AMI,Acute Myocardial Infarction (AMI) 30-Day Readmission Rate,0,54,0,8,,07/01/2023,06/30/2025,Not Applicable,Not Applicable,Not Applicable,Not Applicable
NJ,READM_30_CABG,Rate of readmission for CABG,0,17,0,3,,07/01/2023,06/30/2025,Not Applicable,Not Applicable,Not Applicable,Not Applicable
NJ,READM_30_COPD,Rate of readmission for chronic obstructive pulmonary disease (COPD) patients,0,61,0,3,,07/01/2023,06/30/2025,Not Applicable,Not Applicable,Not Applicable,Not Applicable
NJ,READM_30_HF,Heart failure (HF) 30-Day Readmission Rate,2,59,0,2,,07/01/2023,06/30/2025,Not Applicable,Not Applicable,Not Applicable,Not Applicable
NJ,READM_30_HIP_KNEE,Rate of readmission after hip/knee replacement,0,31,0,26,,07/01/2023,06/30/2025,Not Applicable,Not Applicable,Not Applicable,Not Applicable
NJ,READM_30_PN,Pneumonia (PN) 30-Day Readmission Rate,1,61,0,2,,07/01/2023,06/30/2025,Not Applicable,Not Applicable,Not Applicable,Not Applicable
NM,EDAC_30_AMI,Hospital return days for heart attack patients,Not Applicable,Not Applicable,Not Applicable,Not Applicable,,07/01/2022,06/30/2025,0,11,0,21
NM,EDAC_30_HF,Hospital return days for heart failure patients,Not Applicable,Not Applicable,Not Applicable,Not Applicable,,07/01/2022,06/30/2025,7,17,3,16
NM,EDAC_30_PN,Hospital return days for pneumonia patients,Not Applicable,Not Applicable,Not Applicable,Not Applicable,,07/01/2022,06/30/2025,12,19,4,8
NM,Hybrid_HWR,Hybrid Hospital-Wide All-Cause Readmission Measure (HWR),Not Available,Not Available,Not Available,Not Available,4,07/01/2024,06/30/2025,Not Applicable,Not Applicable,Not Applicable,Not Applicable
NM,OP_32,"Rate of unplanned hospital visits after colonoscopy (per 1,000 colonoscopies)",0,25,0,3,,01/01/2022,12/31/2024,Not Applicable,Not Applicable,Not Applicable,Not Applicable
NM,OP_35_ADM,Rate of inpatient admissions for patients receiving outpatient chemotherapy,0,9,0,17,,01/01/2024,12/31/2024,Not Applicable,Not Applicable,Not Applicable,Not Applicable
NM,OP_35_ED,Rate of emergency department (ED) visits for patients receiving outpatient chemotherapy,0,9,0,17,,01/01/2024,12/31/2024,Not Applicable,Not Applicable,Not Applicable,Not Applicable
NM,OP_36,Ratio of unplanned hospital visits after hospital outpatient surgery,1,19,1,7,,01/01/2024,12/31/2024,Not Applicable,Not Applicable,Not Applicable,Not Applicable
NM,READM_30_AMI,Acute Myocardial Infarction (AMI) 30-Day Readmission Rate,0,12,0,23,,07/01/2023,06/30/2025,Not Applicable,Not Applicable,Not Applicable,Not Applicable
NM,READM_30_CABG,Rate of readmission for CABG,0,5,0,0,,07/01/2023,06/30/2025,Not Applicable,Not Applicable,Not Applicable,Not Applicable
NM,READM_30_COPD,Rate of readmission for chronic obstructive pulmonary disease (COPD) patients,0,20,0,21,,07/01/2023,06/30/2025,Not Applicable,Not Applicable,Not Applicable,Not Applicable
NM,READM_30_HF,Heart failure (HF) 30-Day Readmission Rate,0,27,0,14,,07/01/2023,06/30/2025,Not Applicable,Not Applicable,Not Applicable,Not Applicable
NM,READM_30_HIP_KNEE,Rate of readmission after hip/knee replacement,0,9,0,16,,07/01/2023,06/30/2025,Not Applicable,Not Applicable,Not Applicable,Not Applicable
NM,READM_30_PN,Pneumonia (PN) 30-Day Readmission Rate,0,36,0,6,,07/01/2023,06/30/2025,Not Applicable,Not Applicable,Not Applicable,Not Applicable
NV,EDAC_30_AMI,Hospital return days for heart attack patients,Not Applicable,Not Applicable,Not Applicable,Not Applicable,,07/01/2022,06/30/2025,0,15,1,17
NV,EDAC_30_HF,Hospital return days for heart failure patients,Not Applicable,Not Applicable,Not Applicable,Not Applicable,,07/01/2022,06/30/2025,3,22,3,7
NV,EDAC_30_PN,Hospital return days for pneumonia patients,Not Applicable,Not Applicable,Not Applicable,Not Applicable,,07/01/2022,06/30/2025,5,17,7,8
NV,Hybrid_HWR,Hybrid Hospital-Wide All-Cause Readmission Measure (HWR),Not Available,Not Available,Not Available,Not Available,4,07/01/2024,06/30/2025,Not Applicable,Not Applicable,Not Applicable,Not Applicable
NV,OP_32,"Rate of unplanned hospital visits after colonoscopy (per 1,000 colonoscopies)",0,20,0,4,,01/01/2022,12/31/2024,Not Applicable,Not Applicable,Not Applicable,Not Applicable
NV,OP_35_ADM,Rate of inpatient admissions for patients receiving outpatient chemotherapy,0,6,1,20,,01/01/2024,12/31/2024,Not Applicable,Not Applicable,Not Applicable,Not Applicable
NV,OP_35_ED,Rate of emergency department (ED) visits for patients receiving outpatient chemotherapy,0,7,0,20,,01/01/2024,12/31/2024,Not Applicable,Not Applicable,Not Applicable,Not Applicable
NV,OP_36,Ratio of unplanned hospital visits after hospital outpatient surgery,1,19,0,3,,01/01/2024,12/31/2024,Not Applicable,Not Applicable,Not Applicable,Not Applicable
NV,READM_30_AMI,Acute Myocardial Infarction (AMI) 30-Day Readmission Rate,0,19,0,11,,07/01/2023,06/30/2025,Not Applicable,Not Applicable,Not Applicable,Not Applicable
NV,READM_30_CABG,Rate of readmission for CABG,1,10,0,2,,07/01/2023,06/30/2025,Not Applicable,Not Applicable,Not Applicable,Not Applicable
NV,READM_30_COPD,Rate of readmission for chronic obstructive pulmonary disease (COPD) patients,0,28,0,7,,07/01/2023,06/30/2025,Not Applicable,Not Applicable,Not Applicable,Not Applicable
NV,READM_30_HF,Heart failure (HF) 30-Day Readmission Rate,0,26,0,9,,07/01/2023,06/30/2025,Not Applicable,Not Applicable,Not Applicable,Not Applicable
NV,READM_30_HIP_KNEE,Rate of readmission after hip/knee replacement,0,13,0,11,,07/01/2023,06/30/2025,Not Applicable,Not Applicable,Not Applicable,Not Applicable
NV,READM_30_PN,Pneumonia (PN) 30-Day Readmission Rate,0,28,0,8,,07/01/2023,06/30/2025,Not Applicable,Not Applicable,Not Applicable,Not Applicable
NY,EDAC_30_AMI,Hospital return days for heart attack patients,Not Applicable,Not Applicable,Not Applicable,Not Applicable,,07/01/2022,06/30/2025,2,57,7,87
NY,EDAC_30_HF,Hospital return days for heart failure patients,Not Applicable,Not Applicable,Not Applicable,Not Applicable,,07/01/2022,06/30/2025,4,91,48,19
NY,EDAC_30_PN,Hospital return days for pneumonia patients,Not Applicable,Not Applicable,Not Applicable,Not Applicable,,07/01/2022,06/30/2025,10,76,70,7
NY,Hybrid_HWR,Hybrid Hospital-Wide All-Cause Readmission Measure (HWR),Not Available,Not Available,Not Available,Not Available,4,07/01/2024,06/30/2025,Not Applicable,Not Applicable,Not Applicable,Not Applicable
NY,OP_32,"Rate of unplanned hospital visits after colonoscopy (per 1,000 colonoscopies)",0,126,2,6,,01/01/2022,12/31/2024,Not Applicable,Not Applicable,Not Applicable,Not Applicable
NY,OP_35_ADM,Rate of inpatient admissions for patients receiving outpatient chemotherapy,8,65,0,54,,01/01/2024,12/31/2024,Not Applicable,Not Applicable,Not Applicable,Not Applicable
NY,OP_35_ED,Rate of emergency department (ED) visits for patients receiving outpatient chemotherapy,0,68,5,54,,01/01/2024,12/31/2024,Not Applicable,Not Applicable,Not Applicable,Not Applicable
NY,OP_36,Ratio of unplanned hospital visits after hospital outpatient surgery,0,102,9,21,,01/01/2024,12/31/2024,Not Applicable,Not Applicable,Not Applicable,Not Applicable
NY,READM_30_AMI,Acute Myocardial Infarction (AMI) 30-Day Readmission Rate,1,90,0,60,,07/01/2023,06/30/2025,Not Applicable,Not Applicable,Not Applicable,Not Applicable
NY,READM_30_CABG,Rate of readmission for CABG,0,30,2,4,,07/01/2023,06/30/2025,Not Applicable,Not Applicable,Not Applicable,Not Applicable
NY,READM_30_COPD,Rate of readmission for chronic obstructive pulmonary disease (COPD) patients,1,140,1,19,,07/01/2023,06/30/2025,Not Applicable,Not Applicable,Not Applicable,Not Applicable
NY,READM_30_HF,Heart failure (HF) 30-Day Readmission Rate,6,137,0,17,,07/01/2023,06/30/2025,Not Applicable,Not Applicable,Not Applicable,Not Applicable
NY,READM_30_HIP_KNEE,Rate of readmission after hip/knee replacement,0,92,2,40,,07/01/2023,06/30/2025,Not Applicable,Not Applicable,Not Applicable,Not Applicable
NY,READM_30_PN,Pneumonia (PN) 30-Day Readmission Rate,2,151,0,8,,07/01/2023,06/30/2025,Not Applicable,Not Applicable,Not Applicable,Not Applicable
OH,EDAC_30_AMI,Hospital return days for heart attack patients,Not Applicable,Not Applicable,Not Applicable,Not Applicable,,07/01/2022,06/30/2025,2,59,6,66
OH,EDAC_30_HF,Hospital return days for heart failure patients,Not Applicable,Not Applicable,Not Applicable,Not Applicable,,07/01/2022,06/30/2025,17,94,17,21
OH,EDAC_30_PN,Hospital return days for pneumonia patients,Not Applicable,Not Applicable,Not Applicable,Not Applicable,,07/01/2022,06/30/2025,27,91,22,11
OH,Hybrid_HWR,Hybrid Hospital-Wide All-Cause Readmission Measure (HWR),Not Available,Not Available,Not Available,Not Available,4,07/01/2024,06/30/2025,Not Applicable,Not Applicable,Not Applicable,Not Applicable
OH,OP_32,"Rate of unplanned hospital visits after colonoscopy (per 1,000 colonoscopies)",0,133,0,7,,01/01/2022,12/31/2024,Not Applicable,Not Applicable,Not Applicable,Not Applicable
OH,OP_35_ADM,Rate of inpatient admissions for patients receiving outpatient chemotherapy,5,69,0,67,,01/01/2024,12/31/2024,Not Applicable,Not Applicable,Not Applicable,Not Applicable
OH,OP_35_ED,Rate of emergency department (ED) visits for patients receiving outpatient chemotherapy,0,72,2,67,,01/01/2024,12/31/2024,Not Applicable,Not Applicable,Not Applicable,Not Applicable
OH,OP_36,Ratio of unplanned hospital visits after hospital outpatient surgery,2,121,3,18,,01/01/2024,12/31/2024,Not Applicable,Not Applicable,Not Applicable,Not Applicable
OH,READM_30_AMI,Acute Myocardial Infarction (AMI) 30-Day Readmission Rate,0,80,0,50,,07/01/2023,06/30/2025,Not Applicable,Not Applicable,Not Applicable,Not Applicable
OH,READM_30_CABG,Rate of readmission for CABG,0,40,0,4,,07/01/2023,06/30/2025,Not Applicable,Not Applicable,Not Applicable,Not Applicable
OH,READM_30_COPD,Rate of readmission for chronic obstructive pulmonary disease (COPD) patients,0,134,0,14,,07/01/2023,06/30/2025,Not Applicable,Not Applicable,Not Applicable,Not Applicable
OH,READM_30_HF,Heart failure (HF) 30-Day Readmission Rate,3,127,0,15,,07/01/2023,06/30/2025,Not Applicable,Not Applicable,Not Applicable,Not Applicable
OH,READM_30_HIP_KNEE,Rate of readmission after hip/knee replacement,0,66,0,63,,07/01/2023,06/30/2025,Not Applicable,Not Applicable,Not Applicable,Not Applicable
OH,READM_30_PN,Pneumonia (PN) 30-Day Readmission Rate,0,140,0,9,,07/01/2023,06/30/2025,Not Applicable,Not Applicable,Not Applicable,Not Applicable
OK,EDAC_30_AMI,Hospital return days for heart attack patients,Not Applicable,Not Applicable,Not Applicable,Not Applicable,,07/01/2022,06/30/2025,1,22,1,29
OK,EDAC_30_HF,Hospital return days for heart failure patients,Not Applicable,Not Applicable,Not Applicable,Not Applicable,,07/01/2022,06/30/2025,19,30,9,52
OK,EDAC_30_PN,Hospital return days for pneumonia patients,Not Applicable,Not Applicable,Not Applicable,Not Applicable,,07/01/2022,06/30/2025,25,46,10,33
OK,Hybrid_HWR,Hybrid Hospital-Wide All-Cause Readmission Measure (HWR),Not Available,Not Available,Not Available,Not Available,4,07/01/2024,06/30/2025,Not Applicable,Not Applicable,Not Applicable,Not Applicable
OK,OP_32,"Rate of unplanned hospital visits after colonoscopy (per 1,000 colonoscopies)",0,59,0,7,,01/01/2022,12/31/2024,Not Applicable,Not Applicable,Not Applicable,Not Applicable
OK,OP_35_ADM,Rate of inpatient admissions for patients receiving outpatient chemotherapy,0,19,0,40,,01/01/2024,12/31/2024,Not Applicable,Not Applicable,Not Applicable,Not Applicable
OK,OP_35_ED,Rate of emergency department (ED) visits for patients receiving outpatient chemotherapy,2,17,0,40,,01/01/2024,12/31/2024,Not Applicable,Not Applicable,Not Applicable,Not Applicable
OK,OP_36,Ratio of unplanned hospital visits after hospital outpatient surgery,1,52,0,12,,01/01/2024,12/31/2024,Not Applicable,Not Applicable,Not Applicable,Not Applicable
OK,READM_30_AMI,Acute Myocardial Infarction (AMI) 30-Day Readmission Rate,0,28,0,26,,07/01/2023,06/30/2025,Not Applicable,Not Applicable,Not Applicable,Not Applicable
OK,READM_30_CABG,Rate of readmission for CABG,0,11,0,2,,07/01/2023,06/30/2025,Not Applicable,Not Applicable,Not Applicable,Not Applicable
OK,READM_30_COPD,Rate of readmission for chronic obstructive pulmonary disease (COPD) patients,0,52,0,55,,07/01/2023,06/30/2025,Not Applicable,Not Applicable,Not Applicable,Not Applicable
OK,READM_30_HF,Heart failure (HF) 30-Day Readmission Rate,0,57,0,45,,07/01/2023,06/30/2025,Not Applicable,Not Applicable,Not Applicable,Not Applicable
OK,READM_30_HIP_KNEE,Rate of readmission after hip/knee replacement,0,35,0,24,,07/01/2023,06/30/2025,Not Applicable,Not Applicable,Not Applicable,Not Applicable
OK,READM_30_PN,Pneumonia (PN) 30-Day Readmission Rate,1,76,0,33,,07/01/2023,06/30/2025,Not Applicable,Not Applicable,Not Applicable,Not Applicable
OR,EDAC_30_AMI,Hospital return days for heart attack patients,Not Applicable,Not Applicable,Not Applicable,Not Applicable,,07/01/2022,06/30/2025,2,16,1,33
OR,EDAC_30_HF,Hospital return days for heart failure patients,Not Applicable,Not Applicable,Not Applicable,Not Applicable,,07/01/2022,06/30/2025,7,31,9,12
OR,EDAC_30_PN,Hospital return days for pneumonia patients,Not Applicable,Not Applicable,Not Applicable,Not Applicable,,07/01/2022,06/30/2025,16,31,7,5
OR,Hybrid_HWR,Hybrid Hospital-Wide All-Cause Readmission Measure (HWR),Not Available,Not Available,Not Available,Not Available,4,07/01/2024,06/30/2025,Not Applicable,Not Applicable,Not Applicable,Not Applicable
OR,OP_32,"Rate of unplanned hospital visits after colonoscopy (per 1,000 colonoscopies)",0,44,0,7,,01/01/2022,12/31/2024,Not Applicable,Not Applicable,Not Applicable,Not Applicable
OR,OP_35_ADM,Rate of inpatient admissions for patients receiving outpatient chemotherapy,0,26,0,27,,01/01/2024,12/31/2024,Not Applicable,Not Applicable,Not Applicable,Not Applicable
OR,OP_35_ED,Rate of emergency department (ED) visits for patients receiving outpatient chemotherapy,0,25,1,27,,01/01/2024,12/31/2024,Not Applicable,Not Applicable,Not Applicable,Not Applicable
OR,OP_36,Ratio of unplanned hospital visits after hospital outpatient surgery,1,31,0,14,,01/01/2024,12/31/2024,Not Applicable,Not Applicable,Not Applicable,Not Applicable
OR,READM_30_AMI,Acute Myocardial Infarction (AMI) 30-Day Readmission Rate,0,23,0,33,,07/01/2023,06/30/2025,Not Applicable,Not Applicable,Not Applicable,Not Applicable
OR,READM_30_CABG,Rate of readmission for CABG,0,10,1,0,,07/01/2023,06/30/2025,Not Applicable,Not Applicable,Not Applicable,Not Applicable
OR,READM_30_COPD,Rate of readmission for chronic obstructive pulmonary disease (COPD) patients,0,42,0,17,,07/01/2023,06/30/2025,Not Applicable,Not Applicable,Not Applicable,Not Applicable
OR,READM_30_HF,Heart failure (HF) 30-Day Readmission Rate,0,49,2,8,,07/01/2023,06/30/2025,Not Applicable,Not Applicable,Not Applicable,Not Applicable
OR,READM_30_HIP_KNEE,Rate of readmission after hip/knee replacement,1,17,0,26,,07/01/2023,06/30/2025,Not Applicable,Not Applicable,Not Applicable,Not Applicable
OR,READM_30_PN,Pneumonia (PN) 30-Day Readmission Rate,0,55,0,4,,07/01/2023,06/30/2025,Not Applicable,Not Applicable,Not Applicable,Not Applicable
PA,EDAC_30_AMI,Hospital return days for heart attack patients,Not Applicable,Not Applicable,Not Applicable,Not Applicable,,07/01/2022,06/30/2025,4,67,1,63
PA,EDAC_30_HF,Hospital return days for heart failure patients,Not Applicable,Not Applicable,Not Applicable,Not Applicable,,07/01/2022,06/30/2025,16,108,10,17
PA,EDAC_30_PN,Hospital return days for pneumonia patients,Not Applicable,Not Applicable,Not Applicable,Not Applicable,,07/01/2022,06/30/2025,21,97,20,14
PA,Hybrid_HWR,Hybrid Hospital-Wide All-Cause Readmission Measure (HWR),Not Available,Not Available,Not Available,Not Available,4,07/01/2024,06/30/2025,Not Applicable,Not Applicable,Not Applicable,Not Applicable
PA,OP_32,"Rate of unplanned hospital visits after colonoscopy (per 1,000 colonoscopies)",0,128,1,4,,01/01/2022,12/31/2024,Not Applicable,Not Applicable,Not Applicable,Not Applicable
PA,OP_35_ADM,Rate of inpatient admissions for patients receiving outpatient chemotherapy,7,81,0,46,,01/01/2024,12/31/2024,Not Applicable,Not Applicable,Not Applicable,Not Applicable
PA,OP_35_ED,Rate of emergency department (ED) visits for patients receiving outpatient chemotherapy,0,86,2,46,,01/01/2024,12/31/2024,Not Applicable,Not Applicable,Not Applicable,Not Applicable
PA,OP_36,Ratio of unplanned hospital visits after hospital outpatient surgery,0,115,7,17,,01/01/2024,12/31/2024,Not Applicable,Not Applicable,Not Applicable,Not Applicable
PA,READM_30_AMI,Acute Myocardial Infarction (AMI) 30-Day Readmission Rate,0,92,0,43,,07/01/2023,06/30/2025,Not Applicable,Not Applicable,Not Applicable,Not Applicable
PA,READM_30_CABG,Rate of readmission for CABG,0,45,0,4,,07/01/2023,06/30/2025,Not Applicable,Not Applicable,Not Applicable,Not Applicable
PA,READM_30_COPD,Rate of readmission for chronic obstructive pulmonary disease (COPD) patients,0,133,0,15,,07/01/2023,06/30/2025,Not Applicable,Not Applicable,Not Applicable,Not Applicable
PA,READM_30_HF,Heart failure (HF) 30-Day Readmission Rate,0,138,0,10,,07/01/2023,06/30/2025,Not Applicable,Not Applicable,Not Applicable,Not Applicable
PA,READM_30_HIP_KNEE,Rate of readmission after hip/knee replacement,1,81,0,46,,07/01/2023,06/30/2025,Not Applicable,Not Applicable,Not Applicable,Not Applicable
PA,READM_30_PN,Pneumonia (PN) 30-Day Readmission Rate,0,143,0,6,,07/01/2023,06/30/2025,Not Applicable,Not Applicable,Not Applicable,Not Applicable
PR,EDAC_30_AMI,Hospital return days for heart attack patients,Not Applicable,Not Applicable,Not Applicable,Not Applicable,,07/01/2022,06/30/2025,0,0,2,37
PR,EDAC_30_HF,Hospital return days for heart failure patients,Not Applicable,Not Applicable,Not Applicable,Not Applicable,,07/01/2022,06/30/2025,0,3,2,38
PR,EDAC_30_PN,Hospital return days for pneumonia patients,Not Applicable,Not Applicable,Not Applicable,Not Applicable,,07/01/2022,06/30/2025,0,1,7,41
PR,Hybrid_HWR,Hybrid Hospital-Wide All-Cause Readmission Measure (HWR),Not Available,Not Available,Not Available,Not Available,4,07/01/2024,06/30/2025,Not Applicable,Not Applicable,Not Applicable,Not Applicable
PR,OP_32,"Rate of unplanned hospital visits after colonoscopy (per 1,000 colonoscopies)",0,6,0,24,,01/01/2022,12/31/2024,Not Applicable,Not Applicable,Not Applicable,Not Applicable
PR,OP_35_ADM,Rate of inpatient admissions for patients receiving outpatient chemotherapy,0,1,0,8,,01/01/2024,12/31/2024,Not Applicable,Not Applicable,Not Applicable,Not Applicable
PR,OP_35_ED,Rate of emergency department (ED) visits for patients receiving outpatient chemotherapy,0,1,0,8,,01/01/2024,12/31/2024,Not Applicable,Not Applicable,Not Applicable,Not Applicable
PR,OP_36,Ratio of unplanned hospital visits after hospital outpatient surgery,0,4,0,33,,01/01/2024,12/31/2024,Not Applicable,Not Applicable,Not Applicable,Not Applicable
PR,READM_30_AMI,Acute Myocardial Infarction (AMI) 30-Day Readmission Rate,1,36,0,10,,07/01/2023,06/30/2025,Not Applicable,Not Applicable,Not Applicable,Not Applicable
PR,READM_30_CABG,Rate of readmission for CABG,0,8,0,1,,07/01/2023,06/30/2025,Not Applicable,Not Applicable,Not Applicable,Not Applicable
PR,READM_30_COPD,Rate of readmission for chronic obstructive pulmonary disease (COPD) patients,1,36,0,10,,07/01/2023,06/30/2025,Not Applicable,Not Applicable,Not Applicable,Not Applicable
PR,READM_30_HF,Heart failure (HF) 30-Day Readmission Rate,8,35,0,6,,07/01/2023,06/30/2025,Not Applicable,Not Applicable,Not Applicable,Not Applicable
PR,READM_30_HIP_KNEE,Rate of readmission after hip/knee replacement,0,29,1,10,,07/01/2023,06/30/2025,Not Applicable,Not Applicable,Not Applicable,Not Applicable
PR,READM_30_PN,Pneumonia (PN) 30-Day Readmission Rate,3,43,0,4,,07/01/2023,06/30/2025,Not Applicable,Not Applicable,Not Applicable,Not Applicable
RI,EDAC_30_AMI,Hospital return days for heart attack patients,Not Applicable,Not Applicable,Not Applicable,Not Applicable,,07/01/2022,06/30/2025,0,3,1,6
RI,EDAC_30_HF,Hospital return days for heart failure patients,Not Applicable,Not Applicable,Not Applicable,Not Applicable,,07/01/2022,06/30/2025,1,9,0,1
RI,EDAC_30_PN,Hospital return days for pneumonia patients,Not Applicable,Not Applicable,Not Applicable,Not Applicable,,07/01/2022,06/30/2025,3,6,1,1
RI,Hybrid_HWR,Hybrid Hospital-Wide All-Cause Readmission Measure (HWR),Not Available,Not Available,Not Available,Not Available,4,07/01/2024,06/30/2025,Not Applicable,Not Applicable,Not Applicable,Not Applicable
RI,OP_32,"Rate of unplanned hospital visits after colonoscopy (per 1,000 colonoscopies)",0,10,0,0,,01/01/2022,12/31/2024,Not Applicable,Not Applicable,Not Applicable,Not Applicable
RI,OP_35_ADM,Rate of inpatient admissions for patients receiving outpatient chemotherapy,0,7,1,2,,01/01/2024,12/31/2024,Not Applicable,Not Applicable,Not Applicable,Not Applicable
RI,OP_35_ED,Rate of emergency department (ED) visits for patients receiving outpatient chemotherapy,0,8,0,2,,01/01/2024,12/31/2024,Not Applicable,Not Applicable,Not Applicable,Not Applicable
RI,OP_36,Ratio of unplanned hospital visits after hospital outpatient surgery,0,10,0,0,,01/01/2024,12/31/2024,Not Applicable,Not Applicable,Not Applicable,Not Applicable
RI,READM_30_AMI,Acute Myocardial Infarction (AMI) 30-Day Readmission Rate,0,6,0,4,,07/01/2023,06/30/2025,Not Applicable,Not Applicable,Not Applicable,Not Applicable
RI,READM_30_CABG,Rate of readmission for CABG,0,1,0,0,,07/01/2023,06/30/2025,Not Applicable,Not Applicable,Not Applicable,Not Applicable
RI,READM_30_COPD,Rate of readmission for chronic obstructive pulmonary disease (COPD) patients,0,10,0,0,,07/01/2023,06/30/2025,Not Applicable,Not Applicable,Not Applicable,Not Applicable
RI,READM_30_HF,Heart failure (HF) 30-Day Readmission Rate,1,9,0,1,,07/01/2023,06/30/2025,Not Applicable,Not Applicable,Not Applicable,Not Applicable
RI,READM_30_HIP_KNEE,Rate of readmission after hip/knee replacement,0,6,0,3,,07/01/2023,06/30/2025,Not Applicable,Not Applicable,Not Applicable,Not Applicable
RI,READM_30_PN,Pneumonia (PN) 30-Day Readmission Rate,1,9,0,1,,07/01/2023,06/30/2025,Not Applicable,Not Applicable,Not Applicable,Not Applicable
SC,EDAC_30_AMI,Hospital return days for heart attack patients,Not Applicable,Not Applicable,Not Applicable,Not Applicable,,07/01/2022,06/30/2025,1,21,0,31
SC,EDAC_30_HF,Hospital return days for heart failure patients,Not Applicable,Not Applicable,Not Applicable,Not Applicable,,07/01/2022,06/30/2025,7,38,5,8
SC,EDAC_30_PN,Hospital return days for pneumonia patients,Not Applicable,Not Applicable,Not Applicable,Not Applicable,,07/01/2022,06/30/2025,14,26,15,4
SC,Hybrid_HWR,Hybrid Hospital-Wide All-Cause Readmission Measure (HWR),Not Available,Not Available,Not Available,Not Available,4,07/01/2024,06/30/2025,Not Applicable,Not Applicable,Not Applicable,Not Applicable
SC,OP_32,"Rate of unplanned hospital visits after colonoscopy (per 1,000 colonoscopies)",0,52,0,0,,01/01/2022,12/31/2024,Not Applicable,Not Applicable,Not Applicable,Not Applicable
SC,OP_35_ADM,Rate of inpatient admissions for patients receiving outpatient chemotherapy,0,17,1,26,,01/01/2024,12/31/2024,Not Applicable,Not Applicable,Not Applicable,Not Applicable
SC,OP_35_ED,Rate of emergency department (ED) visits for patients receiving outpatient chemotherapy,0,18,0,26,,01/01/2024,12/31/2024,Not Applicable,Not Applicable,Not Applicable,Not Applicable
SC,OP_36,Ratio of unplanned hospital visits after hospital outpatient surgery,0,47,0,6,,01/01/2024,12/31/2024,Not Applicable,Not Applicable,Not Applicable,Not Applicable
SC,READM_30_AMI,Acute Myocardial Infarction (AMI) 30-Day Readmission Rate,0,26,0,25,,07/01/2023,06/30/2025,Not Applicable,Not Applicable,Not Applicable,Not Applicable
SC,READM_30_CABG,Rate of readmission for CABG,1,15,0,2,,07/01/2023,06/30/2025,Not Applicable,Not Applicable,Not Applicable,Not Applicable
SC,READM_30_COPD,Rate of readmission for chronic obstructive pulmonary disease (COPD) patients,0,52,0,4,,07/01/2023,06/30/2025,Not Applicable,Not Applicable,Not Applicable,Not Applicable
SC,READM_30_HF,Heart failure (HF) 30-Day Readmission Rate,1,52,0,3,,07/01/2023,06/30/2025,Not Applicable,Not Applicable,Not Applicable,Not Applicable
SC,READM_30_HIP_KNEE,Rate of readmission after hip/knee replacement,1,25,0,21,,07/01/2023,06/30/2025,Not Applicable,Not Applicable,Not Applicable,Not Applicable
SC,READM_30_PN,Pneumonia (PN) 30-Day Readmission Rate,3,51,0,2,,07/01/2023,06/30/2025,Not Applicable,Not Applicable,Not Applicable,Not Applicable
SD,EDAC_30_AMI,Hospital return days for heart attack patients,Not Applicable,Not Applicable,Not Applicable,Not Applicable,,07/01/2022,06/30/2025,0,4,0,30
SD,EDAC_30_HF,Hospital return days for heart failure patients,Not Applicable,Not Applicable,Not Applicable,Not Applicable,,07/01/2022,06/30/2025,2,12,3,37
SD,EDAC_30_PN,Hospital return days for pneumonia patients,Not Applicable,Not Applicable,Not Applicable,Not Applicable,,07/01/2022,06/30/2025,19,16,2,18
SD,Hybrid_HWR,Hybrid Hospital-Wide All-Cause Readmission Measure (HWR),Not Available,Not Available,Not Available,Not Available,4,07/01/2024,06/30/2025,Not Applicable,Not Applicable,Not Applicable,Not Applicable
SD,OP_32,"Rate of unplanned hospital visits after colonoscopy (per 1,000 colonoscopies)",0,24,1,11,,01/01/2022,12/31/2024,Not Applicable,Not Applicable,Not Applicable,Not Applicable
SD,OP_35_ADM,Rate of inpatient admissions for patients receiving outpatient chemotherapy,0,8,0,31,,01/01/2024,12/31/2024,Not Applicable,Not Applicable,Not Applicable,Not Applicable
SD,OP_35_ED,Rate of emergency department (ED) visits for patients receiving outpatient chemotherapy,0,8,0,31,,01/01/2024,12/31/2024,Not Applicable,Not Applicable,Not Applicable,Not Applicable
SD,OP_36,Ratio of unplanned hospital visits after hospital outpatient surgery,0,13,2,12,,01/01/2024,12/31/2024,Not Applicable,Not Applicable,Not Applicable,Not Applicable
SD,READM_30_AMI,Acute Myocardial Infarction (AMI) 30-Day Readmission Rate,0,5,0,29,,07/01/2023,06/30/2025,Not Applicable,Not Applicable,Not Applicable,Not Applicable
SD,READM_30_CABG,Rate of readmission for CABG,0,3,0,0,,07/01/2023,06/30/2025,Not Applicable,Not Applicable,Not Applicable,Not Applicable
SD,READM_30_COPD,Rate of readmission for chronic obstructive pulmonary disease (COPD) patients,0,14,0,40,,07/01/2023,06/30/2025,Not Applicable,Not Applicable,Not Applicable,Not Applicable
SD,READM_30_HF,Heart failure (HF) 30-Day Readmission Rate,0,18,0,37,,07/01/2023,06/30/2025,Not Applicable,Not Applicable,Not Applicable,Not Applicable
SD,READM_30_HIP_KNEE,Rate of readmission after hip/knee replacement,0,11,0,6,,07/01/2023,06/30/2025,Not Applicable,Not Applicable,Not Applicable,Not Applicable
SD,READM_30_PN,Pneumonia (PN) 30-Day Readmission Rate,0,35,0,20,,07/01/2023,06/30/2025,Not Applicable,Not Applicable,Not Applicable,Not Applicable
TN,EDAC_30_AMI,Hospital return days for heart attack patients,Not Applicable,Not Applicable,Not Applicable,Not Applicable,,07/01/2022,06/30/2025,2,34,2,37
TN,EDAC_30_HF,Hospital return days for heart failure patients,Not Applicable,Not Applicable,Not Applicable,Not Applicable,,07/01/2022,06/30/2025,4,58,11,21
TN,EDAC_30_PN,Hospital return days for pneumonia patients,Not Applicable,Not Applicable,Not Applicable,Not Applicable,,07/01/2022,06/30/2025,11,57,17,11
TN,Hybrid_HWR,Hybrid Hospital-Wide All-Cause Readmission Measure (HWR),Not Available,Not Available,Not Available,Not Available,4,07/01/2024,06/30/2025,Not Applicable,Not Applicable,Not Applicable,Not Applicable
TN,OP_32,"Rate of unplanned hospital visits after colonoscopy (per 1,000 colonoscopies)",0,72,0,6,,01/01/2022,12/31/2024,Not Applicable,Not Applicable,Not Applicable,Not Applicable
TN,OP_35_ADM,Rate of inpatient admissions for patients receiving outpatient chemotherapy,1,21,0,37,,01/01/2024,12/31/2024,Not Applicable,Not Applicable,Not Applicable,Not Applicable
TN,OP_35_ED,Rate of emergency department (ED) visits for patients receiving outpatient chemotherapy,0,22,0,37,,01/01/2024,12/31/2024,Not Applicable,Not Applicable,Not Applicable,Not Applicable
TN,OP_36,Ratio of unplanned hospital visits after hospital outpatient surgery,2,55,2,17,,01/01/2024,12/31/2024,Not Applicable,Not Applicable,Not Applicable,Not Applicable
TN,READM_30_AMI,Acute Myocardial Infarction (AMI) 30-Day Readmission Rate,0,45,0,31,,07/01/2023,06/30/2025,Not Applicable,Not Applicable,Not Applicable,Not Applicable
TN,READM_30_CABG,Rate of readmission for CABG,0,20,0,6,,07/01/2023,06/30/2025,Not Applicable,Not Applicable,Not Applicable,Not Applicable
TN,READM_30_COPD,Rate of readmission for chronic obstructive pulmonary disease (COPD) patients,0,74,0,20,,07/01/2023,06/30/2025,Not Applicable,Not Applicable,Not Applicable,Not Applicable
TN,READM_30_HF,Heart failure (HF) 30-Day Readmission Rate,0,76,1,18,,07/01/2023,06/30/2025,Not Applicable,Not Applicable,Not Applicable,Not Applicable
TN,READM_30_HIP_KNEE,Rate of readmission after hip/knee replacement,0,36,0,23,,07/01/2023,06/30/2025,Not Applicable,Not Applicable,Not Applicable,Not Applicable
TN,READM_30_PN,Pneumonia (PN) 30-Day Readmission Rate,2,84,1,9,,07/01/2023,06/30/2025,Not Applicable,Not Applicable,Not Applicable,Not Applicable
TX,EDAC_30_AMI,Hospital return days for heart attack patients,Not Applicable,Not Applicable,Not Applicable,Not Applicable,,07/01/2022,06/30/2025,0,106,11,138
TX,EDAC_30_HF,Hospital return days for heart failure patients,Not Applicable,Not Applicable,Not Applicable,Not Applicable,,07/01/2022,06/30/2025,17,193,8,132
TX,EDAC_30_PN,Hospital return days for pneumonia patients,Not Applicable,Not Applicable,Not Applicable,Not Applicable,,07/01/2022,06/30/2025,41,194,31,90
TX,Hybrid_HWR,Hybrid Hospital-Wide All-Cause Readmission Measure (HWR),Not Available,Not Available,Not Available,Not Available,4,07/01/2024,06/30/2025,Not Applicable,Not Applicable,Not Applicable,Not Applicable
TX,OP_32,"Rate of unplanned hospital visits after colonoscopy (per 1,000 colonoscopies)",0,237,1,50,,01/01/2022,12/31/2024,Not Applicable,Not Applicable,Not Applicable,Not Applicable
TX,OP_35_ADM,Rate of inpatient admissions for patients receiving outpatient chemotherapy,1,54,0,148,,01/01/2024,12/31/2024,Not Applicable,Not Applicable,Not Applicable,Not Applicable
TX,OP_35_ED,Rate of emergency department (ED) visits for patients receiving outpatient chemotherapy,0,55,0,148,,01/01/2024,12/31/2024,Not Applicable,Not Applicable,Not Applicable,Not Applicable
TX,OP_36,Ratio of unplanned hospital visits after hospital outpatient surgery,6,210,6,73,,01/01/2024,12/31/2024,Not Applicable,Not Applicable,Not Applicable,Not Applicable
TX,READM_30_AMI,Acute Myocardial Infarction (AMI) 30-Day Readmission Rate,0,170,0,76,,07/01/2023,06/30/2025,Not Applicable,Not Applicable,Not Applicable,Not Applicable
TX,READM_30_CABG,Rate of readmission for CABG,0,93,0,16,,07/01/2023,06/30/2025,Not Applicable,Not Applicable,Not Applicable,Not Applicable
TX,READM_30_COPD,Rate of readmission for chronic obstructive pulmonary disease (COPD) patients,0,203,0,138,,07/01/2023,06/30/2025,Not Applicable,Not Applicable,Not Applicable,Not Applicable
TX,READM_30_HF,Heart failure (HF) 30-Day Readmission Rate,0,229,0,110,,07/01/2023,06/30/2025,Not Applicable,Not Applicable,Not Applicable,Not Applicable
TX,READM_30_HIP_KNEE,Rate of readmission after hip/knee replacement,0,114,0,122,,07/01/2023,06/30/2025,Not Applicable,Not Applicable,Not Applicable,Not Applicable
TX,READM_30_PN,Pneumonia (PN) 30-Day Readmission Rate,3,268,1,79,,07/01/2023,06/30/2025,Not Applicable,Not Applicable,Not Applicable,Not Applicable
UT,EDAC_30_AMI,Hospital return days for heart attack patients,Not Applicable,Not Applicable,Not Applicable,Not Applicable,,07/01/2022,06/30/2025,1,9,0,12
UT,EDAC_30_HF,Hospital return days for heart failure patients,Not Applicable,Not Applicable,Not Applicable,Not Applicable,,07/01/2022,06/30/2025,17,9,0,19
UT,EDAC_30_PN,Hospital return days for pneumonia patients,Not Applicable,Not Applicable,Not Applicable,Not Applicable,,07/01/2022,06/30/2025,30,7,0,8
UT,Hybrid_HWR,Hybrid Hospital-Wide All-Cause Readmission Measure (HWR),Not Available,Not Available,Not Available,Not Available,4,07/01/2024,06/30/2025,Not Applicable,Not Applicable,Not Applicable,Not Applicable
UT,OP_32,"Rate of unplanned hospital visits after colonoscopy (per 1,000 colonoscopies)",0,36,0,4,,01/01/2022,12/31/2024,Not Applicable,Not Applicable,Not Applicable,Not Applicable
UT,OP_35_ADM,Rate of inpatient admissions for patients receiving outpatient chemotherapy,0,12,1,21,,01/01/2024,12/31/2024,Not Applicable,Not Applicable,Not Applicable,Not Applicable
UT,OP_35_ED,Rate of emergency department (ED) visits for patients receiving outpatient chemotherapy,1,12,0,21,,01/01/2024,12/31/2024,Not Applicable,Not Applicable,Not Applicable,Not Applicable
UT,OP_36,Ratio of unplanned hospital visits after hospital outpatient surgery,0,33,0,9,,01/01/2024,12/31/2024,Not Applicable,Not Applicable,Not Applicable,Not Applicable
UT,READM_30_AMI,Acute Myocardial Infarction (AMI) 30-Day Readmission Rate,0,13,1,12,,07/01/2023,06/30/2025,Not Applicable,Not Applicable,Not Applicable,Not Applicable
UT,READM_30_CABG,Rate of readmission for CABG,0,8,0,1,,07/01/2023,06/30/2025,Not Applicable,Not Applicable,Not Applicable,Not Applicable
UT,READM_30_COPD,Rate of readmission for chronic obstructive pulmonary disease (COPD) patients,0,18,0,24,,07/01/2023,06/30/2025,Not Applicable,Not Applicable,Not Applicable,Not Applicable
UT,READM_30_HF,Heart failure (HF) 30-Day Readmission Rate,0,26,1,18,,07/01/2023,06/30/2025,Not Applicable,Not Applicable,Not Applicable,Not Applicable
UT,READM_30_HIP_KNEE,Rate of readmission after hip/knee replacement,0,20,0,18,,07/01/2023,06/30/2025,Not Applicable,Not Applicable,Not Applicable,Not Applicable
UT,READM_30_PN,Pneumonia (PN) 30-Day Readmission Rate,0,35,2,8,,07/01/2023,06/30/2025,Not Applicable,Not Applicable,Not Applicable,Not Applicable
VA,EDAC_30_AMI,Hospital return days for heart attack patients,Not Applicable,Not Applicable,Not Applicable,Not Applicable,,07/01/2022,06/30/2025,3,37,0,36
VA,EDAC_30_HF,Hospital return days for heart failure patients,Not Applicable,Not Applicable,Not Applicable,Not Applicable,,07/01/2022,06/30/2025,5,69,2,4
VA,EDAC_30_PN,Hospital return days for pneumonia patients,Not Applicable,Not Applicable,Not Applicable,Not Applicable,,07/01/2022,06/30/2025,8,62,9,4
VA,Hybrid_HWR,Hybrid Hospital-Wide All-Cause Readmission Measure (HWR),Not Available,Not Available,Not Available,Not Available,4,07/01/2024,06/30/2025,Not Applicable,Not Applicable,Not Applicable,Not Applicable
VA,OP_32,"Rate of unplanned hospital visits after colonoscopy (per 1,000 colonoscopies)",0,70,2,2,,01/01/2022,12/31/2024,Not Applicable,Not Applicable,Not Applicable,Not Applicable
VA,OP_35_ADM,Rate of inpatient admissions for patients receiving outpatient chemotherapy,1,31,0,34,,01/01/2024,12/31/2024,Not Applicable,Not Applicable,Not Applicable,Not Applicable
VA,OP_35_ED,Rate of emergency department (ED) visits for patients receiving outpatient chemotherapy,0,31,1,34,,01/01/2024,12/31/2024,Not Applicable,Not Applicable,Not Applicable,Not Applicable
VA,OP_36,Ratio of unplanned hospital visits after hospital outpatient surgery,2,62,1,6,,01/01/2024,12/31/2024,Not Applicable,Not Applicable,Not Applicable,Not Applicable
VA,READM_30_AMI,Acute Myocardial Infarction (AMI) 30-Day Readmission Rate,0,46,0,30,,07/01/2023,06/30/2025,Not Applicable,Not Applicable,Not Applicable,Not Applicable
VA,READM_30_CABG,Rate of readmission for CABG,0,18,0,2,,07/01/2023,06/30/2025,Not Applicable,Not Applicable,Not Applicable,Not Applicable
VA,READM_30_COPD,Rate of readmission for chronic obstructive pulmonary disease (COPD) patients,0,76,0,5,,07/01/2023,06/30/2025,Not Applicable,Not Applicable,Not Applicable,Not Applicable
VA,READM_30_HF,Heart failure (HF) 30-Day Readmission Rate,1,74,3,2,,07/01/2023,06/30/2025,Not Applicable,Not Applicable,Not Applicable,Not Applicable
VA,READM_30_HIP_KNEE,Rate of readmission after hip/knee replacement,0,38,0,25,,07/01/2023,06/30/2025,Not Applicable,Not Applicable,Not Applicable,Not Applicable
VA,READM_30_PN,Pneumonia (PN) 30-Day Readmission Rate,0,78,0,6,,07/01/2023,06/30/2025,Not Applicable,Not Applicable,Not Applicable,Not Applicable
VI,EDAC_30_AMI,Hospital return days for heart attack patients,Not Applicable,Not Applicable,Not Applicable,Not Applicable,5,07/01/2022,06/30/2025,Not Available,Not Available,Not Available,Not Available
VI,EDAC_30_HF,Hospital return days for heart failure patients,Not Applicable,Not Applicable,Not Applicable,Not Applicable,5,07/01/2022,06/30/2025,Not Available,Not Available,Not Available,Not Available
VI,EDAC_30_PN,Hospital return days for pneumonia patients,Not Applicable,Not Applicable,Not Applicable,Not Applicable,5,07/01/2022,06/30/2025,Not Available,Not Available,Not Available,Not Available
VI,Hybrid_HWR,Hybrid Hospital-Wide All-Cause Readmission Measure (HWR),Not Available,Not Available,Not Available,Not Available,5,07/01/2024,06/30/2025,Not Applicable,Not Applicable,Not Applicable,Not Applicable
VI,OP_32,"Rate of unplanned hospital visits after colonoscopy (per 1,000 colonoscopies)",Not Available,Not Available,Not Available,Not Available,5,01/01/2022,12/31/2024,Not Applicable,Not Applicable,Not Applicable,Not Applicable
VI,OP_35_ADM,Rate of inpatient admissions for patients receiving outpatient chemotherapy,Not Available,Not Available,Not Available,Not Available,5,01/01/2024,12/31/2024,Not Applicable,Not Applicable,Not Applicable,Not Applicable
VI,OP_35_ED,Rate of emergency department (ED) visits for patients receiving outpatient chemotherapy,Not Available,Not Available,Not Available,Not Available,5,01/01/2024,12/31/2024,Not Applicable,Not Applicable,Not Applicable,Not Applicable
VI,OP_36,Ratio of unplanned hospital visits after hospital outpatient surgery,Not Available,Not Available,Not Available,Not Available,5,01/01/2024,12/31/2024,Not Applicable,Not Applicable,Not Applicable,Not Applicable
VI,READM_30_AMI,Acute Myocardial Infarction (AMI) 30-Day Readmission Rate,Not Available,Not Available,Not Available,Not Available,5,07/01/2023,06/30/2025,Not Applicable,Not Applicable,Not Applicable,Not Applicable
VI,READM_30_CABG,Rate of readmission for CABG,Not Available,Not Available,Not Available,Not Available,5,07/01/2023,06/30/2025,Not Applicable,Not Applicable,Not Applicable,Not Applicable
VI,READM_30_COPD,Rate of readmission for chronic obstructive pulmonary disease (COPD) patients,Not Available,Not Available,Not Available,Not Available,5,07/01/2023,06/30/2025,Not Applicable,Not Applicable,Not Applicable,Not Applicable
VI,READM_30_HF,Heart failure (HF) 30-Day Readmission Rate,Not Available,Not Available,Not Available,Not Available,5,07/01/2023,06/30/2025,Not Applicable,Not Applicable,Not Applicable,Not Applicable
VI,READM_30_HIP_KNEE,Rate of readmission after hip/knee replacement,Not Available,Not Available,Not Available,Not Available,5,07/01/2023,06/30/2025,Not Applicable,Not Applicable,Not Applicable,Not Applicable
VI,READM_30_PN,Pneumonia (PN) 30-Day Readmission Rate,Not Available,Not Available,Not Available,Not Available,5,07/01/2023,06/30/2025,Not Applicable,Not Applicable,Not Applicable,Not Applicable
VT,EDAC_30_AMI,Hospital return days for heart attack patients,Not Applicable,Not Applicable,Not Applicable,Not Applicable,,07/01/2022,06/30/2025,0,1,0,13
VT,EDAC_30_HF,Hospital return days for heart failure patients,Not Applicable,Not Applicable,Not Applicable,Not Applicable,,07/01/2022,06/30/2025,1,11,1,2
VT,EDAC_30_PN,Hospital return days for pneumonia patients,Not Applicable,Not Applicable,Not Applicable,Not Applicable,,07/01/2022,06/30/2025,1,11,3,0
VT,Hybrid_HWR,Hybrid Hospital-Wide All-Cause Readmission Measure (HWR),Not Available,Not Available,Not Available,Not Available,4,07/01/2024,06/30/2025,Not Applicable,Not Applicable,Not Applicable,Not Applicable
VT,OP_32,"Rate of unplanned hospital visits after colonoscopy (per 1,000 colonoscopies)",0,8,0,3,,01/01/2022,12/31/2024,Not Applicable,Not Applicable,Not Applicable,Not Applicable
VT,OP_35_ADM,Rate of inpatient admissions for patients receiving outpatient chemotherapy,0,8,0,5,,01/01/2024,12/31/2024,Not Applicable,Not Applicable,Not Applicable,Not Applicable
VT,OP_35_ED,Rate of emergency department (ED) visits for patients receiving outpatient chemotherapy,0,8,0,5,,01/01/2024,12/31/2024,Not Applicable,Not Applicable,Not Applicable,Not Applicable
VT,OP_36,Ratio of unplanned hospital visits after hospital outpatient surgery,0,8,0,1,,01/01/2024,12/31/2024,Not Applicable,Not Applicable,Not Applicable,Not Applicable
VT,READM_30_AMI,Acute Myocardial Infarction (AMI) 30-Day Readmission Rate,0,1,0,12,,07/01/2023,06/30/2025,Not Applicable,Not Applicable,Not Applicable,Not Applicable
VT,READM_30_CABG,Rate of readmission for CABG,0,1,0,0,,07/01/2023,06/30/2025,Not Applicable,Not Applicable,Not Applicable,Not Applicable
VT,READM_30_COPD,Rate of readmission for chronic obstructive pulmonary disease (COPD) patients,0,11,0,4,,07/01/2023,06/30/2025,Not Applicable,Not Applicable,Not Applicable,Not Applicable
VT,READM_30_HF,Heart failure (HF) 30-Day Readmission Rate,0,14,0,1,,07/01/2023,06/30/2025,Not Applicable,Not Applicable,Not Applicable,Not Applicable
VT,READM_30_HIP_KNEE,Rate of readmission after hip/knee replacement,0,5,0,6,,07/01/2023,06/30/2025,Not Applicable,Not Applicable,Not Applicable,Not Applicable
VT,READM_30_PN,Pneumonia (PN) 30-Day Readmission Rate,0,14,0,1,,07/01/2023,06/30/2025,Not Applicable,Not Applicable,Not Applicable,Not Applicable
WA,EDAC_30_AMI,Hospital return days for heart attack patients,Not Applicable,Not Applicable,Not Applicable,Not Applicable,,07/01/2022,06/30/2025,1,29,1,44
WA,EDAC_30_HF,Hospital return days for heart failure patients,Not Applicable,Not Applicable,Not Applicable,Not Applicable,,07/01/2022,06/30/2025,3,52,4,27
WA,EDAC_30_PN,Hospital return days for pneumonia patients,Not Applicable,Not Applicable,Not Applicable,Not Applicable,,07/01/2022,06/30/2025,18,41,10,19
WA,Hybrid_HWR,Hybrid Hospital-Wide All-Cause Readmission Measure (HWR),Not Available,Not Available,Not Available,Not Available,4,07/01/2024,06/30/2025,Not Applicable,Not Applicable,Not Applicable,Not Applicable
WA,OP_32,"Rate of unplanned hospital visits after colonoscopy (per 1,000 colonoscopies)",0,54,0,7,,01/01/2022,12/31/2024,Not Applicable,Not Applicable,Not Applicable,Not Applicable
WA,OP_35_ADM,Rate of inpatient admissions for patients receiving outpatient chemotherapy,1,32,1,35,,01/01/2024,12/31/2024,Not Applicable,Not Applicable,Not Applicable,Not Applicable
WA,OP_35_ED,Rate of emergency department (ED) visits for patients receiving outpatient chemotherapy,2,32,0,35,,01/01/2024,12/31/2024,Not Applicable,Not Applicable,Not Applicable,Not Applicable
WA,OP_36,Ratio of unplanned hospital visits after hospital outpatient surgery,2,49,2,7,,01/01/2024,12/31/2024,Not Applicable,Not Applicable,Not Applicable,Not Applicable
WA,READM_30_AMI,Acute Myocardial Infarction (AMI) 30-Day Readmission Rate,0,35,0,40,,07/01/2023,06/30/2025,Not Applicable,Not Applicable,Not Applicable,Not Applicable
WA,READM_30_CABG,Rate of readmission for CABG,0,15,0,2,,07/01/2023,06/30/2025,Not Applicable,Not Applicable,Not Applicable,Not Applicable
WA,READM_30_COPD,Rate of readmission for chronic obstructive pulmonary disease (COPD) patients,0,55,0,31,,07/01/2023,06/30/2025,Not Applicable,Not Applicable,Not Applicable,Not Applicable
WA,READM_30_HF,Heart failure (HF) 30-Day Readmission Rate,1,55,3,27,,07/01/2023,06/30/2025,Not Applicable,Not Applicable,Not Applicable,Not Applicable
WA,READM_30_HIP_KNEE,Rate of readmission after hip/knee replacement,0,37,0,17,,07/01/2023,06/30/2025,Not Applicable,Not Applicable,Not Applicable,Not Applicable
WA,READM_30_PN,Pneumonia (PN) 30-Day Readmission Rate,0,68,1,18,,07/01/2023,06/30/2025,Not Applicable,Not Applicable,Not Applicable,Not Applicable
WI,EDAC_30_AMI,Hospital return days for heart attack patients,Not Applicable,Not Applicable,Not Applicable,Not Applicable,,07/01/2022,06/30/2025,2,28,3,72
WI,EDAC_30_HF,Hospital return days for heart failure patients,Not Applicable,Not Applicable,Not Applicable,Not Applicable,,07/01/2022,06/30/2025,11,76,5,33
WI,EDAC_30_PN,Hospital return days for pneumonia patients,Not Applicable,Not Applicable,Not Applicable,Not Applicable,,07/01/2022,06/30/2025,23,68,9,25
WI,Hybrid_HWR,Hybrid Hospital-Wide All-Cause Readmission Measure (HWR),Not Available,Not Available,Not Available,Not Available,4,07/01/2024,06/30/2025,Not Applicable,Not Applicable,Not Applicable,Not Applicable
WI,OP_32,"Rate of unplanned hospital visits after colonoscopy (per 1,000 colonoscopies)",0,83,0,11,,01/01/2022,12/31/2024,Not Applicable,Not Applicable,Not Applicable,Not Applicable
WI,OP_35_ADM,Rate of inpatient admissions for patients receiving outpatient chemotherapy,2,54,0,53,,01/01/2024,12/31/2024,Not Applicable,Not Applicable,Not Applicable,Not Applicable
WI,OP_35_ED,Rate of emergency department (ED) visits for patients receiving outpatient chemotherapy,2,54,0,53,,01/01/2024,12/31/2024,Not Applicable,Not Applicable,Not Applicable,Not Applicable
WI,OP_36,Ratio of unplanned hospital visits after hospital outpatient surgery,2,65,0,32,,01/01/2024,12/31/2024,Not Applicable,Not Applicable,Not Applicable,Not Applicable
WI,READM_30_AMI,Acute Myocardial Infarction (AMI) 30-Day Readmission Rate,0,40,0,70,,07/01/2023,06/30/2025,Not Applicable,Not Applicable,Not Applicable,Not Applicable
WI,READM_30_CABG,Rate of readmission for CABG,0,21,0,1,,07/01/2023,06/30/2025,Not Applicable,Not Applicable,Not Applicable,Not Applicable
WI,READM_30_COPD,Rate of readmission for chronic obstructive pulmonary disease (COPD) patients,0,90,0,35,,07/01/2023,06/30/2025,Not Applicable,Not Applicable,Not Applicable,Not Applicable
WI,READM_30_HF,Heart failure (HF) 30-Day Readmission Rate,1,100,0,24,,07/01/2023,06/30/2025,Not Applicable,Not Applicable,Not Applicable,Not Applicable
WI,READM_30_HIP_KNEE,Rate of readmission after hip/knee replacement,0,27,0,62,,07/01/2023,06/30/2025,Not Applicable,Not Applicable,Not Applicable,Not Applicable
WI,READM_30_PN,Pneumonia (PN) 30-Day Readmission Rate,0,107,1,17,,07/01/2023,06/30/2025,Not Applicable,Not Applicable,Not Applicable,Not Applicable
WV,EDAC_30_AMI,Hospital return days for heart attack patients,Not Applicable,Not Applicable,Not Applicable,Not Applicable,,07/01/2022,06/30/2025,0,13,0,31
WV,EDAC_30_HF,Hospital return days for heart failure patients,Not Applicable,Not Applicable,Not Applicable,Not Applicable,,07/01/2022,06/30/2025,1,28,4,15
WV,EDAC_30_PN,Hospital return days for pneumonia patients,Not Applicable,Not Applicable,Not Applicable,Not Applicable,,07/01/2022,06/30/2025,7,18,14,8
WV,Hybrid_HWR,Hybrid Hospital-Wide All-Cause Readmission Measure (HWR),Not Available,Not Available,Not Available,Not Available,4,07/01/2024,06/30/2025,Not Applicable,Not Applicable,Not Applicable,Not Applicable
WV,OP_32,"Rate of unplanned hospital visits after colonoscopy (per 1,000 colonoscopies)",0,24,0,11,,01/01/2022,12/31/2024,Not Applicable,Not Applicable,Not Applicable,Not Applicable
WV,OP_35_ADM,Rate of inpatient admissions for patients receiving outpatient chemotherapy,0,17,1,17,,01/01/2024,12/31/2024,Not Applicable,Not Applicable,Not Applicable,Not Applicable
WV,OP_35_ED,Rate of emergency department (ED) visits for patients receiving outpatient chemotherapy,0,18,0,17,,01/01/2024,12/31/2024,Not Applicable,Not Applicable,Not Applicable,Not Applicable
WV,OP_36,Ratio of unplanned hospital visits after hospital outpatient surgery,1,22,0,6,,01/01/2024,12/31/2024,Not Applicable,Not Applicable,Not Applicable,Not Applicable
WV,READM_30_AMI,Acute Myocardial Infarction (AMI) 30-Day Readmission Rate,0,15,0,29,,07/01/2023,06/30/2025,Not Applicable,Not Applicable,Not Applicable,Not Applicable
WV,READM_30_CABG,Rate of readmission for CABG,0,7,0,0,,07/01/2023,06/30/2025,Not Applicable,Not Applicable,Not Applicable,Not Applicable
WV,READM_30_COPD,Rate of readmission for chronic obstructive pulmonary disease (COPD) patients,0,39,0,8,,07/01/2023,06/30/2025,Not Applicable,Not Applicable,Not Applicable,Not Applicable
WV,READM_30_HF,Heart failure (HF) 30-Day Readmission Rate,2,35,0,11,,07/01/2023,06/30/2025,Not Applicable,Not Applicable,Not Applicable,Not Applicable
WV,READM_30_HIP_KNEE,Rate of readmission after hip/knee replacement,0,15,0,18,,07/01/2023,06/30/2025,Not Applicable,Not Applicable,Not Applicable,Not Applicable
WV,READM_30_PN,Pneumonia (PN) 30-Day Readmission Rate,2,41,0,6,,07/01/2023,06/30/2025,Not Applicable,Not Applicable,Not Applicable,Not Applicable
WY,EDAC_30_AMI,Hospital return days for heart attack patients,Not Applicable,Not Applicable,Not Applicable,Not Applicable,,07/01/2022,06/30/2025,0,3,0,20
WY,EDAC_30_HF,Hospital return days for heart failure patients,Not Applicable,Not Applicable,Not Applicable,Not Applicable,,07/01/2022,06/30/2025,4,11,0,15
WY,EDAC_30_PN,Hospital return days for pneumonia patients,Not Applicable,Not Applicable,Not Applicable,Not Applicable,,07/01/2022,06/30/2025,4,17,2,7
WY,Hybrid_HWR,Hybrid Hospital-Wide All-Cause Readmission Measure (HWR),Not Available,Not Available,Not Available,Not Available,4,07/01/2024,06/30/2025,Not Applicable,Not Applicable,Not Applicable,Not Applicable
WY,OP_32,"Rate of unplanned hospital visits after colonoscopy (per 1,000 colonoscopies)",0,15,0,2,,01/01/2022,12/31/2024,Not Applicable,Not Applicable,Not Applicable,Not Applicable
WY,OP_35_ADM,Rate of inpatient admissions for patients receiving outpatient chemotherapy,0,8,0,11,,01/01/2024,12/31/2024,Not Applicable,Not Applicable,Not Applicable,Not Applicable
WY,OP_35_ED,Rate of emergency department (ED) visits for patients receiving outpatient chemotherapy,0,8,0,11,,01/01/2024,12/31/2024,Not Applicable,Not Applicable,Not Applicable,Not Applicable
WY,OP_36,Ratio of unplanned hospital visits after hospital outpatient surgery,0,14,0,5,,01/01/2024,12/31/2024,Not Applicable,Not Applicable,Not Applicable,Not Applicable
WY,READM_30_AMI,Acute Myocardial Infarction (AMI) 30-Day Readmission Rate,0,3,0,15,,07/01/2023,06/30/2025,Not Applicable,Not Applicable,Not Applicable,Not Applicable
WY,READM_30_CABG,Rate of readmission for CABG,0,2,0,0,,07/01/2023,06/30/2025,Not Applicable,Not Applicable,Not Applicable,Not Applicable
WY,READM_30_COPD,Rate of readmission for chronic obstructive pulmonary disease (COPD) patients,0,10,0,19,,07/01/2023,06/30/2025,Not Applicable,Not Applicable,Not Applicable,Not Applicable
WY,READM_30_HF,Heart failure (HF) 30-Day Readmission Rate,0,12,0,18,,07/01/2023,06/30/2025,Not Applicable,Not Applicable,Not Applicable,Not Applicable
WY,READM_30_HIP_KNEE,Rate of readmission after hip/knee replacement,0,6,0,13,,07/01/2023,06/30/2025,Not Applicable,Not Applicable,Not Applicable,Not Applicable
WY,READM_30_PN,Pneumonia (PN) 30-Day Readmission Rate,0,19,0,11,,07/01/2023,06/30/2025,Not Applicable,Not Applicable,Not Applicable,Not Applicable
